Time_ms,Speed_kmh,RPM,Gear,Throttle,Brake,Steering,Lat_G,Long_G,Vert_G,FL_Comp,FR_Comp,RL_Comp,RR_Comp,Front_Slip,Rear_Slip,Session_Id,Session_Timestamp_UTC,Physics_Hz,Test_Id,Track_Scene,Vehicle_Node_Path,Vehicle_Scene,Vehicle_Script,Setup_Schema_Version,Setup_JSON
0,2.46,4500.8,1,1.0,0.0,0.0,-0.000,-0.001,0.070,66.6,66.6,30.6,30.6,0.0016,0.0000,godot_parity_session,2026-08-15T00:00:00Z,60,PHY-010,res://scenes/tracks/test_field/la_chutana_generated.tscn,VehicleRigidBody,res://scenes/vehicles/f1_94/f1_94.tscn,res://addons/formula90s/scripts/f1_94_rust_vehicle.gd,1,{}
16,2.18,4512.9,1,1.0,0.0,0.0,-0.000,-0.001,0.072,61.9,61.9,25.2,25.2,0.0017,0.0000,godot_parity_session,2026-08-15T00:00:00Z,60,PHY-010,res://scenes/tracks/test_field/la_chutana_generated.tscn,VehicleRigidBody,res://scenes/vehicles/f1_94/f1_94.tscn,res://addons/formula90s/scripts/f1_94_rust_vehicle.gd,1,{}
33,1.91,4536.3,1,1.0,0.0,0.0,-0.000,-0.001,0.077,57.9,57.9,20.5,20.5,0.0019,0.0000,godot_parity_session,2026-08-15T00:00:00Z,60,PHY-010,res://scenes/tracks/test_field/la_chutana_generated.tscn,VehicleRigidBody,res://scenes/vehicles/f1_94/f1_94.tscn,res://addons/formula90s/scripts/f1_94_rust_vehicle.gd,1,{}
50,1.63,4563.2,1,1.0,0.0,0.0,-0.000,-0.002,0.085,54.3,54.3,16.5,16.5,0.0021,0.0000,godot_parity_session,2026-08-15T00:00:00Z,60,PHY-010,res://scenes/tracks/test_field/la_chutana_generated.tscn,VehicleRigidBody,res://scenes/vehicles/f1_94/f1_94.tscn,res://addons/formula90s/scripts/f1_94_rust_vehicle.gd,1,{}
66,1.36,4587.3,1,1.0,0.0,0.0,-0.000,-0.002,0.096,51.3,51.3,13.2,13.2,0.0024,0.0000,godot_parity_session,2026-08-15T00:00:00Z,60,PHY-010,res://scenes/tracks/test_field/la_chutana_generated.tscn,VehicleRigidBody,res://scenes/vehicles/f1_94/f1_94.tscn,res://addons/formula90s/scripts/f1_94_rust_vehicle.gd,1,{}
83,1.10,4609.7,1,1.0,0.0,0.0,-0.000,-0.002,0.108,48.8,48.8,10.7,10.7,0.0027,0.0000,godot_parity_session,2026-08-15T00:00:00Z,60,PHY-010,res://scenes/tracks/test_field/la_chutana_generated.tscn,VehicleRigidBody,res://scenes/vehicles/f1_94/f1_94.tscn,res://addons/formula90s/scripts/f1_94_rust_vehicle.gd,1,{}
100,0.83,4623.9,1,1.0,0.0,0.0,-0.000,-0.002,0.123,46.7,46.7,8.8,8.8,0.0030,0.0000,godot_parity_session,2026-08-15T00:00:00Z,60,PHY-010,res://scenes/tracks/test_field/la_chutana_generated.tscn,VehicleRigidBody,res://scenes/vehicles/f1_94/f1_94.tscn,res://addons/formula90s/scripts/f1_94_rust_vehicle.gd,1,{}
116,0.58,4632.8,1,1.0,0.0,0.0,-0.000,-0.002,0.138,45.1,45.2,7.7,7.7,0.0033,0.0000,godot_parity_session,2026-08-15T00:00:00Z,60,PHY-010,res://scenes/tracks/test_field/la_chutana_generated.tscn,VehicleRigidBody,res://scenes/vehicles/f1_94/f1_94.tscn,res://addons/formula90s/scripts/f1_94_rust_vehicle.gd,1,{}
133,0.32,4638.5,1,1.0,0.0,0.0,-0.000,0.006,0.161,44.0,44.0,7.3,7.3,0.0036,1.0935,godot_parity_session,2026-08-15T00:00:00Z,60,PHY-010,res://scenes/tracks/test_field/la_chutana_generated.tscn,VehicleRigidBody,res://scenes/vehicles/f1_94/f1_94.tscn,res://addons/formula90s/scripts/f1_94_rust_vehicle.gd,1,{}
150,0.08,4642.1,1,1.0,0.0,0.0,-0.000,0.173,0.312,43.2,43.2,7.6,7.6,0.0045,1.3730,godot_parity_session,2026-08-15T00:00:00Z,60,PHY-010,res://scenes/tracks/test_field/la_chutana_generated.tscn,VehicleRigidBody,res://scenes/vehicles/f1_94/f1_94.tscn,res://addons/formula90s/scripts/f1_94_rust_vehicle.gd,1,{}
166,0.14,4644.4,1,1.0,0.0,0.0,-0.000,0.332,0.458,42.7,42.7,8.6,8.6,0.0175,1.5670,godot_parity_session,2026-08-15T00:00:00Z,60,PHY-010,res://scenes/tracks/test_field/la_chutana_generated.tscn,VehicleRigidBody,res://scenes/vehicles/f1_94/f1_94.tscn,res://addons/formula90s/scripts/f1_94_rust_vehicle.gd,1,{}
183,0.33,4645.9,1,1.0,0.0,0.0,-0.000,0.417,0.546,42.4,42.4,10.1,10.1,0.0291,1.6736,godot_parity_session,2026-08-15T00:00:00Z,60,PHY-010,res://scenes/tracks/test_field/la_chutana_generated.tscn,VehicleRigidBody,res://scenes/vehicles/f1_94/f1_94.tscn,res://addons/formula90s/scripts/f1_94_rust_vehicle.gd,1,{}
200,0.51,4646.8,1,1.0,0.0,0.0,-0.000,0.496,0.617,42.2,42.2,12.0,12.0,0.0268,1.7365,godot_parity_session,2026-08-15T00:00:00Z,60,PHY-010,res://scenes/tracks/test_field/la_chutana_generated.tscn,VehicleRigidBody,res://scenes/vehicles/f1_94/f1_94.tscn,res://addons/formula90s/scripts/f1_94_rust_vehicle.gd,1,{}
216,0.69,4647.4,1,1.0,0.0,0.0,-0.000,0.572,0.682,42.1,42.1,14.3,14.3,0.0308,1.7870,godot_parity_session,2026-08-15T00:00:00Z,60,PHY-010,res://scenes/tracks/test_field/la_chutana_generated.tscn,VehicleRigidBody,res://scenes/vehicles/f1_94/f1_94.tscn,res://addons/formula90s/scripts/f1_94_rust_vehicle.gd,1,{}
233,0.87,4647.7,1,1.0,0.0,0.0,-0.000,0.645,0.743,42.1,42.1,16.9,16.9,0.0341,1.9735,godot_parity_session,2026-08-15T00:00:00Z,60,PHY-010,res://scenes/tracks/test_field/la_chutana_generated.tscn,VehicleRigidBody,res://scenes/vehicles/f1_94/f1_94.tscn,res://addons/formula90s/scripts/f1_94_rust_vehicle.gd,1,{}
250,1.06,4648.0,1,1.0,0.0,0.0,0.000,0.716,0.799,42.2,42.2,19.9,19.9,0.0369,1.7263,godot_parity_session,2026-08-15T00:00:00Z,60,PHY-010,res://scenes/tracks/test_field/la_chutana_generated.tscn,VehicleRigidBody,res://scenes/vehicles/f1_94/f1_94.tscn,res://addons/formula90s/scripts/f1_94_rust_vehicle.gd,1,{}
266,1.26,4648.1,1,1.0,0.0,0.0,-0.000,0.730,0.849,42.2,42.2,23.1,23.1,0.0392,1.8293,godot_parity_session,2026-08-15T00:00:00Z,60,PHY-010,res://scenes/tracks/test_field/la_chutana_generated.tscn,VehicleRigidBody,res://scenes/vehicles/f1_94/f1_94.tscn,res://addons/formula90s/scripts/f1_94_rust_vehicle.gd,1,{}
283,1.46,4648.2,1,1.0,0.0,0.0,-0.015,0.803,0.897,42.3,42.3,26.4,26.5,0.0387,1.5945,godot_parity_session,2026-08-15T00:00:00Z,60,PHY-010,res://scenes/tracks/test_field/la_chutana_generated.tscn,VehicleRigidBody,res://scenes/vehicles/f1_94/f1_94.tscn,res://addons/formula90s/scripts/f1_94_rust_vehicle.gd,1,{}
300,1.68,4648.3,1,1.0,0.0,0.0,0.022,0.784,0.938,42.3,42.3,29.9,30.0,0.0417,1.6475,godot_parity_session,2026-08-15T00:00:00Z,60,PHY-010,res://scenes/tracks/test_field/la_chutana_generated.tscn,VehicleRigidBody,res://scenes/vehicles/f1_94/f1_94.tscn,res://addons/formula90s/scripts/f1_94_rust_vehicle.gd,1,{}
316,1.89,4648.3,1,1.0,0.0,0.0,-0.041,0.842,0.978,42.4,42.4,33.5,33.5,0.0397,1.4442,godot_parity_session,2026-08-15T00:00:00Z,60,PHY-010,res://scenes/tracks/test_field/la_chutana_generated.tscn,VehicleRigidBody,res://scenes/vehicles/f1_94/f1_94.tscn,res://addons/formula90s/scripts/f1_94_rust_vehicle.gd,1,{}
333,2.12,4648.3,1,1.0,0.0,0.0,0.053,0.820,1.012,42.5,42.5,37.0,37.1,0.0423,1.4703,godot_parity_session,2026-08-15T00:00:00Z,60,PHY-010,res://scenes/tracks/test_field/la_chutana_generated.tscn,VehicleRigidBody,res://scenes/vehicles/f1_94/f1_94.tscn,res://addons/formula90s/scripts/f1_94_rust_vehicle.gd,1,{}
350,2.33,4648.3,1,1.0,0.0,0.0,-0.068,0.865,1.043,42.6,42.6,40.6,40.6,0.0403,1.2952,godot_parity_session,2026-08-15T00:00:00Z,60,PHY-010,res://scenes/tracks/test_field/la_chutana_generated.tscn,VehicleRigidBody,res://scenes/vehicles/f1_94/f1_94.tscn,res://addons/formula90s/scripts/f1_94_rust_vehicle.gd,1,{}
366,2.57,4648.4,1,1.0,0.0,0.0,0.081,0.841,1.069,42.7,42.7,44.0,44.1,0.0420,1.3058,godot_parity_session,2026-08-15T00:00:00Z,60,PHY-010,res://scenes/tracks/test_field/la_chutana_generated.tscn,VehicleRigidBody,res://scenes/vehicles/f1_94/f1_94.tscn,res://addons/formula90s/scripts/f1_94_rust_vehicle.gd,1,{}
383,2.79,4648.4,1,1.0,0.0,0.0,-0.092,0.875,1.093,42.8,42.8,47.4,47.4,0.0400,1.1569,godot_parity_session,2026-08-15T00:00:00Z,60,PHY-010,res://scenes/tracks/test_field/la_chutana_generated.tscn,VehicleRigidBody,res://scenes/vehicles/f1_94/f1_94.tscn,res://addons/formula90s/scripts/f1_94_rust_vehicle.gd,1,{}
400,3.03,4648.4,1,1.0,0.0,0.0,0.104,0.849,1.112,42.9,43.0,50.6,50.7,0.0410,1.1589,godot_parity_session,2026-08-15T00:00:00Z,60,PHY-010,res://scenes/tracks/test_field/la_chutana_generated.tscn,VehicleRigidBody,res://scenes/vehicles/f1_94/f1_94.tscn,res://addons/formula90s/scripts/f1_94_rust_vehicle.gd,1,{}
416,3.26,4648.4,1,1.0,0.0,0.0,-0.111,0.874,1.128,43.2,43.1,53.7,53.7,0.0390,1.0336,godot_parity_session,2026-08-15T00:00:00Z,60,PHY-010,res://scenes/tracks/test_field/la_chutana_generated.tscn,VehicleRigidBody,res://scenes/vehicles/f1_94/f1_94.tscn,res://addons/formula90s/scripts/f1_94_rust_vehicle.gd,1,{}
433,3.49,4648.4,1,1.0,0.0,0.0,0.120,0.847,1.140,43.3,43.4,56.5,56.6,0.0395,1.0315,godot_parity_session,2026-08-15T00:00:00Z,60,PHY-010,res://scenes/tracks/test_field/la_chutana_generated.tscn,VehicleRigidBody,res://scenes/vehicles/f1_94/f1_94.tscn,res://addons/formula90s/scripts/f1_94_rust_vehicle.gd,1,{}
450,3.73,4648.4,1,1.0,0.0,0.0,-0.127,0.865,1.150,43.6,43.5,59.2,59.2,0.0376,0.9270,godot_parity_session,2026-08-15T00:00:00Z,60,PHY-010,res://scenes/tracks/test_field/la_chutana_generated.tscn,VehicleRigidBody,res://scenes/vehicles/f1_94/f1_94.tscn,res://addons/formula90s/scripts/f1_94_rust_vehicle.gd,1,{}
466,3.96,4648.4,1,1.0,0.0,0.0,0.135,0.839,1.157,43.7,43.8,61.7,61.7,0.0377,0.9233,godot_parity_session,2026-08-15T00:00:00Z,60,PHY-010,res://scenes/tracks/test_field/la_chutana_generated.tscn,VehicleRigidBody,res://scenes/vehicles/f1_94/f1_94.tscn,res://addons/formula90s/scripts/f1_94_rust_vehicle.gd,1,{}
483,4.19,4648.4,1,1.0,0.0,0.0,-0.140,0.851,1.161,44.0,44.0,64.0,63.9,0.0358,0.8370,godot_parity_session,2026-08-15T00:00:00Z,60,PHY-010,res://scenes/tracks/test_field/la_chutana_generated.tscn,VehicleRigidBody,res://scenes/vehicles/f1_94/f1_94.tscn,res://addons/formula90s/scripts/f1_94_rust_vehicle.gd,1,{}
500,4.43,4648.4,1,1.0,0.0,0.0,0.145,0.825,1.162,44.2,44.3,65.9,66.0,0.0356,0.8333,godot_parity_session,2026-08-15T00:00:00Z,60,PHY-010,res://scenes/tracks/test_field/la_chutana_generated.tscn,VehicleRigidBody,res://scenes/vehicles/f1_94/f1_94.tscn,res://addons/formula90s/scripts/f1_94_rust_vehicle.gd,1,{}
516,4.66,4648.4,1,1.0,0.0,0.0,-0.148,0.833,1.162,44.5,44.4,67.8,67.7,0.0338,0.7625,godot_parity_session,2026-08-15T00:00:00Z,60,PHY-010,res://scenes/tracks/test_field/la_chutana_generated.tscn,VehicleRigidBody,res://scenes/vehicles/f1_94/f1_94.tscn,res://addons/formula90s/scripts/f1_94_rust_vehicle.gd,1,{}
533,4.89,4648.4,1,1.0,0.0,0.0,0.152,0.808,1.159,44.7,44.8,69.3,69.4,0.0334,0.7597,godot_parity_session,2026-08-15T00:00:00Z,60,PHY-010,res://scenes/tracks/test_field/la_chutana_generated.tscn,VehicleRigidBody,res://scenes/vehicles/f1_94/f1_94.tscn,res://addons/formula90s/scripts/f1_94_rust_vehicle.gd,1,{}
550,5.11,4648.4,1,1.0,0.0,0.0,-0.153,0.813,1.155,45.0,45.0,70.8,70.7,0.0318,0.7021,godot_parity_session,2026-08-15T00:00:00Z,60,PHY-010,res://scenes/tracks/test_field/la_chutana_generated.tscn,VehicleRigidBody,res://scenes/vehicles/f1_94/f1_94.tscn,res://addons/formula90s/scripts/f1_94_rust_vehicle.gd,1,{}
566,5.34,4648.4,1,1.0,0.0,0.0,0.155,0.791,1.149,45.2,45.3,71.9,71.9,0.0312,0.7004,godot_parity_session,2026-08-15T00:00:00Z,60,PHY-010,res://scenes/tracks/test_field/la_chutana_generated.tscn,VehicleRigidBody,res://scenes/vehicles/f1_94/f1_94.tscn,res://addons/formula90s/scripts/f1_94_rust_vehicle.gd,1,{}
583,5.56,4648.4,1,1.0,0.0,0.0,-0.155,0.784,1.134,45.6,45.5,72.9,72.8,0.0297,0.6539,godot_parity_session,2026-08-15T00:00:00Z,60,PHY-010,res://scenes/tracks/test_field/la_chutana_generated.tscn,VehicleRigidBody,res://scenes/vehicles/f1_94/f1_94.tscn,res://addons/formula90s/scripts/f1_94_rust_vehicle.gd,1,{}
600,5.78,4648.4,1,1.0,0.0,0.0,0.158,0.753,1.111,45.7,45.8,73.6,73.7,0.0287,0.6537,godot_parity_session,2026-08-15T00:00:00Z,60,PHY-010,res://scenes/tracks/test_field/la_chutana_generated.tscn,VehicleRigidBody,res://scenes/vehicles/f1_94/f1_94.tscn,res://addons/formula90s/scripts/f1_94_rust_vehicle.gd,1,{}
616,5.99,4648.4,1,1.0,0.0,0.0,-0.156,0.751,1.092,46.1,46.0,74.3,74.3,0.0268,0.6191,godot_parity_session,2026-08-15T00:00:00Z,60,PHY-010,res://scenes/tracks/test_field/la_chutana_generated.tscn,VehicleRigidBody,res://scenes/vehicles/f1_94/f1_94.tscn,res://addons/formula90s/scripts/f1_94_rust_vehicle.gd,1,{}
633,6.20,4648.4,1,1.0,0.0,0.0,0.151,0.731,1.076,46.3,46.4,74.8,74.9,0.0259,0.6230,godot_parity_session,2026-08-15T00:00:00Z,60,PHY-010,res://scenes/tracks/test_field/la_chutana_generated.tscn,VehicleRigidBody,res://scenes/vehicles/f1_94/f1_94.tscn,res://addons/formula90s/scripts/f1_94_rust_vehicle.gd,1,{}
650,6.41,4648.4,1,1.0,0.0,0.0,-0.146,0.733,1.063,46.6,46.5,75.3,75.2,0.0245,0.5968,godot_parity_session,2026-08-15T00:00:00Z,60,PHY-010,res://scenes/tracks/test_field/la_chutana_generated.tscn,VehicleRigidBody,res://scenes/vehicles/f1_94/f1_94.tscn,res://addons/formula90s/scripts/f1_94_rust_vehicle.gd,1,{}
666,6.62,4648.4,1,1.0,0.0,0.0,0.141,0.719,1.052,46.8,46.9,75.5,75.6,0.0238,0.6018,godot_parity_session,2026-08-15T00:00:00Z,60,PHY-010,res://scenes/tracks/test_field/la_chutana_generated.tscn,VehicleRigidBody,res://scenes/vehicles/f1_94/f1_94.tscn,res://addons/formula90s/scripts/f1_94_rust_vehicle.gd,1,{}
683,6.82,4648.4,1,1.0,0.0,0.0,-0.137,0.724,1.043,47.1,47.0,75.9,75.8,0.0226,0.5811,godot_parity_session,2026-08-15T00:00:00Z,60,PHY-010,res://scenes/tracks/test_field/la_chutana_generated.tscn,VehicleRigidBody,res://scenes/vehicles/f1_94/f1_94.tscn,res://addons/formula90s/scripts/f1_94_rust_vehicle.gd,1,{}
700,7.02,4648.4,1,1.0,0.0,0.0,0.133,0.715,1.035,47.2,47.3,76.0,76.1,0.0221,0.5858,godot_parity_session,2026-08-15T00:00:00Z,60,PHY-010,res://scenes/tracks/test_field/la_chutana_generated.tscn,VehicleRigidBody,res://scenes/vehicles/f1_94/f1_94.tscn,res://addons/formula90s/scripts/f1_94_rust_vehicle.gd,1,{}
716,7.22,4648.4,1,1.0,0.0,0.0,-0.128,0.721,1.028,47.5,47.4,76.3,76.2,0.0212,0.5687,godot_parity_session,2026-08-15T00:00:00Z,60,PHY-010,res://scenes/tracks/test_field/la_chutana_generated.tscn,VehicleRigidBody,res://scenes/vehicles/f1_94/f1_94.tscn,res://addons/formula90s/scripts/f1_94_rust_vehicle.gd,1,{}
733,7.42,4648.4,1,1.0,0.0,0.0,0.125,0.715,1.022,47.6,47.7,76.3,76.4,0.0208,0.5724,godot_parity_session,2026-08-15T00:00:00Z,60,PHY-010,res://scenes/tracks/test_field/la_chutana_generated.tscn,VehicleRigidBody,res://scenes/vehicles/f1_94/f1_94.tscn,res://addons/formula90s/scripts/f1_94_rust_vehicle.gd,1,{}
750,7.62,4648.4,1,1.0,0.0,0.0,-0.122,0.721,1.018,47.8,47.8,76.5,76.5,0.0201,0.5578,godot_parity_session,2026-08-15T00:00:00Z,60,PHY-010,res://scenes/tracks/test_field/la_chutana_generated.tscn,VehicleRigidBody,res://scenes/vehicles/f1_94/f1_94.tscn,res://addons/formula90s/scripts/f1_94_rust_vehicle.gd,1,{}
766,7.83,4648.4,1,1.0,0.0,0.0,0.119,0.717,1.014,47.9,48.0,76.6,76.6,0.0198,0.5602,godot_parity_session,2026-08-15T00:00:00Z,60,PHY-010,res://scenes/tracks/test_field/la_chutana_generated.tscn,VehicleRigidBody,res://scenes/vehicles/f1_94/f1_94.tscn,res://addons/formula90s/scripts/f1_94_rust_vehicle.gd,1,{}
783,8.03,4648.4,1,1.0,0.0,0.0,-0.116,0.723,1.010,48.1,48.1,76.7,76.6,0.0192,0.5473,godot_parity_session,2026-08-15T00:00:00Z,60,PHY-010,res://scenes/tracks/test_field/la_chutana_generated.tscn,VehicleRigidBody,res://scenes/vehicles/f1_94/f1_94.tscn,res://addons/formula90s/scripts/f1_94_rust_vehicle.gd,1,{}
800,8.23,4648.4,1,1.0,0.0,0.0,0.114,0.720,1.007,48.2,48.2,76.7,76.8,0.0189,0.5485,godot_parity_session,2026-08-15T00:00:00Z,60,PHY-010,res://scenes/tracks/test_field/la_chutana_generated.tscn,VehicleRigidBody,res://scenes/vehicles/f1_94/f1_94.tscn,res://addons/formula90s/scripts/f1_94_rust_vehicle.gd,1,{}
816,8.43,4648.4,1,1.0,0.0,0.0,-0.112,0.727,1.005,48.3,48.3,76.8,76.8,0.0184,0.5368,godot_parity_session,2026-08-15T00:00:00Z,60,PHY-010,res://scenes/tracks/test_field/la_chutana_generated.tscn,VehicleRigidBody,res://scenes/vehicles/f1_94/f1_94.tscn,res://addons/formula90s/scripts/f1_94_rust_vehicle.gd,1,{}
833,8.63,4648.4,1,1.0,0.0,0.0,0.111,0.724,1.003,48.4,48.5,76.8,76.9,0.0181,0.5369,godot_parity_session,2026-08-15T00:00:00Z,60,PHY-010,res://scenes/tracks/test_field/la_chutana_generated.tscn,VehicleRigidBody,res://scenes/vehicles/f1_94/f1_94.tscn,res://addons/formula90s/scripts/f1_94_rust_vehicle.gd,1,{}
850,8.84,4648.4,1,1.0,0.0,0.0,-0.109,0.730,1.002,48.5,48.5,76.9,76.8,0.0177,0.5261,godot_parity_session,2026-08-15T00:00:00Z,60,PHY-010,res://scenes/tracks/test_field/la_chutana_generated.tscn,VehicleRigidBody,res://scenes/vehicles/f1_94/f1_94.tscn,res://addons/formula90s/scripts/f1_94_rust_vehicle.gd,1,{}
866,9.04,4648.4,1,1.0,0.0,0.0,0.108,0.728,1.000,48.6,48.6,76.9,76.9,0.0175,0.5252,godot_parity_session,2026-08-15T00:00:00Z,60,PHY-010,res://scenes/tracks/test_field/la_chutana_generated.tscn,VehicleRigidBody,res://scenes/vehicles/f1_94/f1_94.tscn,res://addons/formula90s/scripts/f1_94_rust_vehicle.gd,1,{}
883,9.24,4648.4,1,1.0,0.0,0.0,-0.106,0.733,0.999,48.7,48.6,76.9,76.9,0.0171,0.5151,godot_parity_session,2026-08-15T00:00:00Z,60,PHY-010,res://scenes/tracks/test_field/la_chutana_generated.tscn,VehicleRigidBody,res://scenes/vehicles/f1_94/f1_94.tscn,res://addons/formula90s/scripts/f1_94_rust_vehicle.gd,1,{}
900,9.45,4648.4,1,1.0,0.0,0.0,0.105,0.732,0.998,48.7,48.8,76.9,77.0,0.0169,0.5134,godot_parity_session,2026-08-15T00:00:00Z,60,PHY-010,res://scenes/tracks/test_field/la_chutana_generated.tscn,VehicleRigidBody,res://scenes/vehicles/f1_94/f1_94.tscn,res://addons/formula90s/scripts/f1_94_rust_vehicle.gd,1,{}
916,9.65,4648.4,1,1.0,0.0,0.0,-0.104,0.737,0.997,48.8,48.8,77.0,76.9,0.0165,0.5040,godot_parity_session,2026-08-15T00:00:00Z,60,PHY-010,res://scenes/tracks/test_field/la_chutana_generated.tscn,VehicleRigidBody,res://scenes/vehicles/f1_94/f1_94.tscn,res://addons/formula90s/scripts/f1_94_rust_vehicle.gd,1,{}
933,9.86,4648.4,1,1.0,0.0,0.0,0.103,0.735,0.996,48.8,48.9,76.9,77.0,0.0163,0.5016,godot_parity_session,2026-08-15T00:00:00Z,60,PHY-010,res://scenes/tracks/test_field/la_chutana_generated.tscn,VehicleRigidBody,res://scenes/vehicles/f1_94/f1_94.tscn,res://addons/formula90s/scripts/f1_94_rust_vehicle.gd,1,{}
950,10.06,4648.4,1,1.0,0.0,0.0,-0.102,0.739,0.995,48.9,48.8,77.0,77.0,0.0160,0.4929,godot_parity_session,2026-08-15T00:00:00Z,60,PHY-010,res://scenes/tracks/test_field/la_chutana_generated.tscn,VehicleRigidBody,res://scenes/vehicles/f1_94/f1_94.tscn,res://addons/formula90s/scripts/f1_94_rust_vehicle.gd,1,{}
966,10.27,4648.4,1,1.0,0.0,0.0,0.101,0.738,0.995,48.9,48.9,77.0,77.0,0.0158,0.4900,godot_parity_session,2026-08-15T00:00:00Z,60,PHY-010,res://scenes/tracks/test_field/la_chutana_generated.tscn,VehicleRigidBody,res://scenes/vehicles/f1_94/f1_94.tscn,res://addons/formula90s/scripts/f1_94_rust_vehicle.gd,1,{}
983,10.47,4648.4,1,1.0,0.0,0.0,-0.100,0.742,0.994,48.9,48.9,77.1,77.0,0.0155,0.4817,godot_parity_session,2026-08-15T00:00:00Z,60,PHY-010,res://scenes/tracks/test_field/la_chutana_generated.tscn,VehicleRigidBody,res://scenes/vehicles/f1_94/f1_94.tscn,res://addons/formula90s/scripts/f1_94_rust_vehicle.gd,1,{}
1000,10.68,4648.4,1,1.0,0.0,0.0,0.100,0.741,0.994,48.9,49.0,77.0,77.1,0.0153,0.4785,godot_parity_session,2026-08-15T00:00:00Z,60,PHY-010,res://scenes/tracks/test_field/la_chutana_generated.tscn,VehicleRigidBody,res://scenes/vehicles/f1_94/f1_94.tscn,res://addons/formula90s/scripts/f1_94_rust_vehicle.gd,1,{}
1016,10.88,4648.4,1,1.0,0.0,0.0,-0.099,0.744,0.993,49.0,48.9,77.1,77.0,0.0151,0.4707,godot_parity_session,2026-08-15T00:00:00Z,60,PHY-010,res://scenes/tracks/test_field/la_chutana_generated.tscn,VehicleRigidBody,res://scenes/vehicles/f1_94/f1_94.tscn,res://addons/formula90s/scripts/f1_94_rust_vehicle.gd,1,{}
1033,11.09,4648.4,1,1.0,0.0,0.0,0.099,0.743,0.993,48.9,49.0,77.0,77.1,0.0149,0.4672,godot_parity_session,2026-08-15T00:00:00Z,60,PHY-010,res://scenes/tracks/test_field/la_chutana_generated.tscn,VehicleRigidBody,res://scenes/vehicles/f1_94/f1_94.tscn,res://addons/formula90s/scripts/f1_94_rust_vehicle.gd,1,{}
1050,11.30,4648.4,1,1.0,0.0,0.0,-0.098,0.746,0.993,49.0,49.0,77.1,77.1,0.0146,0.4599,godot_parity_session,2026-08-15T00:00:00Z,60,PHY-010,res://scenes/tracks/test_field/la_chutana_generated.tscn,VehicleRigidBody,res://scenes/vehicles/f1_94/f1_94.tscn,res://addons/formula90s/scripts/f1_94_rust_vehicle.gd,1,{}
1066,11.50,4648.4,1,1.0,0.0,0.0,0.098,0.745,0.992,49.0,49.0,77.1,77.1,0.0145,0.4562,godot_parity_session,2026-08-15T00:00:00Z,60,PHY-010,res://scenes/tracks/test_field/la_chutana_generated.tscn,VehicleRigidBody,res://scenes/vehicles/f1_94/f1_94.tscn,res://addons/formula90s/scripts/f1_94_rust_vehicle.gd,1,{}
1083,11.71,4648.4,1,1.0,0.0,0.0,-0.097,0.747,0.992,49.0,49.0,77.1,77.1,0.0142,0.4493,godot_parity_session,2026-08-15T00:00:00Z,60,PHY-010,res://scenes/tracks/test_field/la_chutana_generated.tscn,VehicleRigidBody,res://scenes/vehicles/f1_94/f1_94.tscn,res://addons/formula90s/scripts/f1_94_rust_vehicle.gd,1,{}
1100,11.91,4648.4,1,1.0,0.0,0.0,0.097,0.747,0.992,49.0,49.0,77.1,77.2,0.0141,0.4455,godot_parity_session,2026-08-15T00:00:00Z,60,PHY-010,res://scenes/tracks/test_field/la_chutana_generated.tscn,VehicleRigidBody,res://scenes/vehicles/f1_94/f1_94.tscn,res://addons/formula90s/scripts/f1_94_rust_vehicle.gd,1,{}
1116,12.12,4648.4,1,1.0,0.0,0.0,-0.097,0.748,0.992,49.0,49.0,77.2,77.1,0.0138,0.4390,godot_parity_session,2026-08-15T00:00:00Z,60,PHY-010,res://scenes/tracks/test_field/la_chutana_generated.tscn,VehicleRigidBody,res://scenes/vehicles/f1_94/f1_94.tscn,res://addons/formula90s/scripts/f1_94_rust_vehicle.gd,1,{}
1133,12.33,4648.4,1,1.0,0.0,0.0,0.096,0.748,0.992,49.0,49.0,77.1,77.2,0.0137,0.4351,godot_parity_session,2026-08-15T00:00:00Z,60,PHY-010,res://scenes/tracks/test_field/la_chutana_generated.tscn,VehicleRigidBody,res://scenes/vehicles/f1_94/f1_94.tscn,res://addons/formula90s/scripts/f1_94_rust_vehicle.gd,1,{}
1150,12.53,4648.4,1,1.0,0.0,0.0,-0.096,0.749,0.991,49.0,49.0,77.2,77.2,0.0135,0.4290,godot_parity_session,2026-08-15T00:00:00Z,60,PHY-010,res://scenes/tracks/test_field/la_chutana_generated.tscn,VehicleRigidBody,res://scenes/vehicles/f1_94/f1_94.tscn,res://addons/formula90s/scripts/f1_94_rust_vehicle.gd,1,{}
1166,12.74,4648.4,1,1.0,0.0,0.0,0.096,0.749,0.991,49.0,49.0,77.2,77.2,0.0133,0.4251,godot_parity_session,2026-08-15T00:00:00Z,60,PHY-010,res://scenes/tracks/test_field/la_chutana_generated.tscn,VehicleRigidBody,res://scenes/vehicles/f1_94/f1_94.tscn,res://addons/formula90s/scripts/f1_94_rust_vehicle.gd,1,{}
1183,12.95,4648.4,1,1.0,0.0,0.0,-0.095,0.750,0.991,49.0,49.0,77.2,77.2,0.0131,0.4193,godot_parity_session,2026-08-15T00:00:00Z,60,PHY-010,res://scenes/tracks/test_field/la_chutana_generated.tscn,VehicleRigidBody,res://scenes/vehicles/f1_94/f1_94.tscn,res://addons/formula90s/scripts/f1_94_rust_vehicle.gd,1,{}
1200,13.15,4648.4,1,1.0,0.0,0.0,0.095,0.750,0.991,48.9,49.0,77.2,77.2,0.0130,0.4154,godot_parity_session,2026-08-15T00:00:00Z,60,PHY-010,res://scenes/tracks/test_field/la_chutana_generated.tscn,VehicleRigidBody,res://scenes/vehicles/f1_94/f1_94.tscn,res://addons/formula90s/scripts/f1_94_rust_vehicle.gd,1,{}
1216,13.36,4648.4,1,1.0,0.0,0.0,-0.095,0.751,0.991,49.0,48.9,77.3,77.2,0.0128,0.4100,godot_parity_session,2026-08-15T00:00:00Z,60,PHY-010,res://scenes/tracks/test_field/la_chutana_generated.tscn,VehicleRigidBody,res://scenes/vehicles/f1_94/f1_94.tscn,res://addons/formula90s/scripts/f1_94_rust_vehicle.gd,1,{}
1233,13.57,4648.4,1,1.0,0.0,0.0,0.095,0.751,0.991,48.9,49.0,77.2,77.3,0.0126,0.4061,godot_parity_session,2026-08-15T00:00:00Z,60,PHY-010,res://scenes/tracks/test_field/la_chutana_generated.tscn,VehicleRigidBody,res://scenes/vehicles/f1_94/f1_94.tscn,res://addons/formula90s/scripts/f1_94_rust_vehicle.gd,1,{}
1250,13.77,4648.4,1,1.0,0.0,0.0,-0.095,0.752,0.991,49.0,48.9,77.3,77.2,0.0125,0.4010,godot_parity_session,2026-08-15T00:00:00Z,60,PHY-010,res://scenes/tracks/test_field/la_chutana_generated.tscn,VehicleRigidBody,res://scenes/vehicles/f1_94/f1_94.tscn,res://addons/formula90s/scripts/f1_94_rust_vehicle.gd,1,{}
1266,13.98,4648.4,1,1.0,0.0,0.0,0.095,0.752,0.991,48.9,49.0,77.2,77.3,0.0123,0.3972,godot_parity_session,2026-08-15T00:00:00Z,60,PHY-010,res://scenes/tracks/test_field/la_chutana_generated.tscn,VehicleRigidBody,res://scenes/vehicles/f1_94/f1_94.tscn,res://addons/formula90s/scripts/f1_94_rust_vehicle.gd,1,{}
1283,14.18,4648.4,1,1.0,0.0,0.0,-0.094,0.752,0.991,48.9,48.9,77.3,77.3,0.0122,0.3923,godot_parity_session,2026-08-15T00:00:00Z,60,PHY-010,res://scenes/tracks/test_field/la_chutana_generated.tscn,VehicleRigidBody,res://scenes/vehicles/f1_94/f1_94.tscn,res://addons/formula90s/scripts/f1_94_rust_vehicle.gd,1,{}
1300,14.39,4648.4,1,1.0,0.0,0.0,0.094,0.752,0.991,48.9,48.9,77.3,77.3,0.0120,0.3886,godot_parity_session,2026-08-15T00:00:00Z,60,PHY-010,res://scenes/tracks/test_field/la_chutana_generated.tscn,VehicleRigidBody,res://scenes/vehicles/f1_94/f1_94.tscn,res://addons/formula90s/scripts/f1_94_rust_vehicle.gd,1,{}
1316,14.60,4648.4,1,1.0,0.0,0.0,-0.094,0.753,0.991,48.9,48.9,77.3,77.3,0.0119,0.3840,godot_parity_session,2026-08-15T00:00:00Z,60,PHY-010,res://scenes/tracks/test_field/la_chutana_generated.tscn,VehicleRigidBody,res://scenes/vehicles/f1_94/f1_94.tscn,res://addons/formula90s/scripts/f1_94_rust_vehicle.gd,1,{}
1333,14.80,4648.4,1,1.0,0.0,0.0,0.094,0.753,0.991,48.9,48.9,77.3,77.3,0.0117,0.3803,godot_parity_session,2026-08-15T00:00:00Z,60,PHY-010,res://scenes/tracks/test_field/la_chutana_generated.tscn,VehicleRigidBody,res://scenes/vehicles/f1_94/f1_94.tscn,res://addons/formula90s/scripts/f1_94_rust_vehicle.gd,1,{}
1350,15.01,4648.4,1,1.0,0.0,0.0,-0.094,0.753,0.991,48.9,48.8,77.3,77.3,0.0116,0.3760,godot_parity_session,2026-08-15T00:00:00Z,60,PHY-010,res://scenes/tracks/test_field/la_chutana_generated.tscn,VehicleRigidBody,res://scenes/vehicles/f1_94/f1_94.tscn,res://addons/formula90s/scripts/f1_94_rust_vehicle.gd,1,{}
1366,15.21,4648.4,1,1.0,0.0,0.0,0.094,0.753,0.990,48.8,48.9,77.3,77.4,0.0115,0.3724,godot_parity_session,2026-08-15T00:00:00Z,60,PHY-010,res://scenes/tracks/test_field/la_chutana_generated.tscn,VehicleRigidBody,res://scenes/vehicles/f1_94/f1_94.tscn,res://addons/formula90s/scripts/f1_94_rust_vehicle.gd,1,{}
1383,15.42,4648.4,1,1.0,0.0,0.0,-0.094,0.754,0.990,48.9,48.8,77.4,77.3,0.0113,0.3682,godot_parity_session,2026-08-15T00:00:00Z,60,PHY-010,res://scenes/tracks/test_field/la_chutana_generated.tscn,VehicleRigidBody,res://scenes/vehicles/f1_94/f1_94.tscn,res://addons/formula90s/scripts/f1_94_rust_vehicle.gd,1,{}
1400,15.62,4648.4,1,1.0,0.0,0.0,0.094,0.754,0.990,48.8,48.9,77.3,77.4,0.0112,0.3648,godot_parity_session,2026-08-15T00:00:00Z,60,PHY-010,res://scenes/tracks/test_field/la_chutana_generated.tscn,VehicleRigidBody,res://scenes/vehicles/f1_94/f1_94.tscn,res://addons/formula90s/scripts/f1_94_rust_vehicle.gd,1,{}
1416,15.83,4648.4,1,1.0,0.0,0.0,-0.093,0.754,0.990,48.9,48.8,77.4,77.3,0.0111,0.3608,godot_parity_session,2026-08-15T00:00:00Z,60,PHY-010,res://scenes/tracks/test_field/la_chutana_generated.tscn,VehicleRigidBody,res://scenes/vehicles/f1_94/f1_94.tscn,res://addons/formula90s/scripts/f1_94_rust_vehicle.gd,1,{}
1433,16.03,4648.4,1,1.0,0.0,0.0,0.093,0.754,0.990,48.8,48.8,77.3,77.4,0.0109,0.3575,godot_parity_session,2026-08-15T00:00:00Z,60,PHY-010,res://scenes/tracks/test_field/la_chutana_generated.tscn,VehicleRigidBody,res://scenes/vehicles/f1_94/f1_94.tscn,res://addons/formula90s/scripts/f1_94_rust_vehicle.gd,1,{}
1450,16.24,4648.4,1,1.0,0.0,0.0,-0.093,0.754,0.990,48.8,48.8,77.4,77.4,0.0108,0.3537,godot_parity_session,2026-08-15T00:00:00Z,60,PHY-010,res://scenes/tracks/test_field/la_chutana_generated.tscn,VehicleRigidBody,res://scenes/vehicles/f1_94/f1_94.tscn,res://addons/formula90s/scripts/f1_94_rust_vehicle.gd,1,{}
1466,16.44,4649.0,1,1.0,0.0,0.0,0.093,0.754,0.990,48.8,48.8,77.4,77.4,0.0107,0.3493,godot_parity_session,2026-08-15T00:00:00Z,60,PHY-010,res://scenes/tracks/test_field/la_chutana_generated.tscn,VehicleRigidBody,res://scenes/vehicles/f1_94/f1_94.tscn,res://addons/formula90s/scripts/f1_94_rust_vehicle.gd,1,{}
1483,16.65,4650.2,1,1.0,0.0,0.0,-0.093,0.753,0.990,48.8,48.8,77.4,77.4,0.0106,0.3447,godot_parity_session,2026-08-15T00:00:00Z,60,PHY-010,res://scenes/tracks/test_field/la_chutana_generated.tscn,VehicleRigidBody,res://scenes/vehicles/f1_94/f1_94.tscn,res://addons/formula90s/scripts/f1_94_rust_vehicle.gd,1,{}
1500,16.85,4651.7,1,1.0,0.0,0.0,0.093,0.752,0.990,48.8,48.8,77.4,77.4,0.0104,0.3401,godot_parity_session,2026-08-15T00:00:00Z,60,PHY-010,res://scenes/tracks/test_field/la_chutana_generated.tscn,VehicleRigidBody,res://scenes/vehicles/f1_94/f1_94.tscn,res://addons/formula90s/scripts/f1_94_rust_vehicle.gd,1,{}
1516,17.06,4653.3,1,1.0,0.0,0.0,-0.094,0.751,0.990,48.8,48.7,77.4,77.4,0.0103,0.3355,godot_parity_session,2026-08-15T00:00:00Z,60,PHY-010,res://scenes/tracks/test_field/la_chutana_generated.tscn,VehicleRigidBody,res://scenes/vehicles/f1_94/f1_94.tscn,res://addons/formula90s/scripts/f1_94_rust_vehicle.gd,1,{}
1533,17.26,4655.2,1,1.0,0.0,0.0,0.094,0.749,0.990,48.7,48.8,77.4,77.4,0.0102,0.3312,godot_parity_session,2026-08-15T00:00:00Z,60,PHY-010,res://scenes/tracks/test_field/la_chutana_generated.tscn,VehicleRigidBody,res://scenes/vehicles/f1_94/f1_94.tscn,res://addons/formula90s/scripts/f1_94_rust_vehicle.gd,1,{}
1550,17.46,4657.1,1,1.0,0.0,0.0,-0.095,0.748,0.990,48.8,48.7,77.4,77.4,0.0101,0.3269,godot_parity_session,2026-08-15T00:00:00Z,60,PHY-010,res://scenes/tracks/test_field/la_chutana_generated.tscn,VehicleRigidBody,res://scenes/vehicles/f1_94/f1_94.tscn,res://addons/formula90s/scripts/f1_94_rust_vehicle.gd,1,{}
1566,17.66,4659.1,1,1.0,0.0,0.0,0.095,0.747,0.990,48.7,48.8,77.4,77.4,0.0100,0.3229,godot_parity_session,2026-08-15T00:00:00Z,60,PHY-010,res://scenes/tracks/test_field/la_chutana_generated.tscn,VehicleRigidBody,res://scenes/vehicles/f1_94/f1_94.tscn,res://addons/formula90s/scripts/f1_94_rust_vehicle.gd,1,{}
1583,17.86,4661.1,1,1.0,0.0,0.0,-0.095,0.745,0.990,48.8,48.7,77.4,77.4,0.0099,0.3190,godot_parity_session,2026-08-15T00:00:00Z,60,PHY-010,res://scenes/tracks/test_field/la_chutana_generated.tscn,VehicleRigidBody,res://scenes/vehicles/f1_94/f1_94.tscn,res://addons/formula90s/scripts/f1_94_rust_vehicle.gd,1,{}
1600,18.07,4663.2,1,1.0,0.0,0.0,0.096,0.744,0.990,48.7,48.8,77.4,77.4,0.0098,0.3153,godot_parity_session,2026-08-15T00:00:00Z,60,PHY-010,res://scenes/tracks/test_field/la_chutana_generated.tscn,VehicleRigidBody,res://scenes/vehicles/f1_94/f1_94.tscn,res://addons/formula90s/scripts/f1_94_rust_vehicle.gd,1,{}
1616,18.27,4665.4,1,1.0,0.0,0.0,-0.096,0.743,0.990,48.8,48.7,77.4,77.4,0.0097,0.3117,godot_parity_session,2026-08-15T00:00:00Z,60,PHY-010,res://scenes/tracks/test_field/la_chutana_generated.tscn,VehicleRigidBody,res://scenes/vehicles/f1_94/f1_94.tscn,res://addons/formula90s/scripts/f1_94_rust_vehicle.gd,1,{}
1633,18.47,4667.7,1,1.0,0.0,0.0,0.097,0.742,0.990,48.7,48.8,77.4,77.4,0.0096,0.3082,godot_parity_session,2026-08-15T00:00:00Z,60,PHY-010,res://scenes/tracks/test_field/la_chutana_generated.tscn,VehicleRigidBody,res://scenes/vehicles/f1_94/f1_94.tscn,res://addons/formula90s/scripts/f1_94_rust_vehicle.gd,1,{}
1650,18.66,4670.0,1,1.0,0.0,0.0,-0.097,0.741,0.990,48.8,48.7,77.4,77.4,0.0095,0.3049,godot_parity_session,2026-08-15T00:00:00Z,60,PHY-010,res://scenes/tracks/test_field/la_chutana_generated.tscn,VehicleRigidBody,res://scenes/vehicles/f1_94/f1_94.tscn,res://addons/formula90s/scripts/f1_94_rust_vehicle.gd,1,{}
1666,18.86,4672.4,1,1.0,0.0,0.0,0.097,0.740,0.990,48.7,48.8,77.4,77.4,0.0094,0.3017,godot_parity_session,2026-08-15T00:00:00Z,60,PHY-010,res://scenes/tracks/test_field/la_chutana_generated.tscn,VehicleRigidBody,res://scenes/vehicles/f1_94/f1_94.tscn,res://addons/formula90s/scripts/f1_94_rust_vehicle.gd,1,{}
1683,19.06,4674.8,1,1.0,0.0,0.0,-0.097,0.740,0.990,48.8,48.7,77.4,77.4,0.0093,0.2986,godot_parity_session,2026-08-15T00:00:00Z,60,PHY-010,res://scenes/tracks/test_field/la_chutana_generated.tscn,VehicleRigidBody,res://scenes/vehicles/f1_94/f1_94.tscn,res://addons/formula90s/scripts/f1_94_rust_vehicle.gd,1,{}
1700,19.26,4677.4,1,1.0,0.0,0.0,0.098,0.739,0.990,48.8,48.8,77.4,77.4,0.0092,0.2955,godot_parity_session,2026-08-15T00:00:00Z,60,PHY-010,res://scenes/tracks/test_field/la_chutana_generated.tscn,VehicleRigidBody,res://scenes/vehicles/f1_94/f1_94.tscn,res://addons/formula90s/scripts/f1_94_rust_vehicle.gd,1,{}
1716,19.46,4680.0,1,1.0,0.0,0.0,-0.098,0.738,0.990,48.8,48.8,77.4,77.4,0.0091,0.2926,godot_parity_session,2026-08-15T00:00:00Z,60,PHY-010,res://scenes/tracks/test_field/la_chutana_generated.tscn,VehicleRigidBody,res://scenes/vehicles/f1_94/f1_94.tscn,res://addons/formula90s/scripts/f1_94_rust_vehicle.gd,1,{}
1733,19.66,4682.6,1,1.0,0.0,0.0,0.098,0.738,0.990,48.8,48.8,77.3,77.4,0.0090,0.2898,godot_parity_session,2026-08-15T00:00:00Z,60,PHY-010,res://scenes/tracks/test_field/la_chutana_generated.tscn,VehicleRigidBody,res://scenes/vehicles/f1_94/f1_94.tscn,res://addons/formula90s/scripts/f1_94_rust_vehicle.gd,1,{}
1750,19.85,4685.4,1,1.0,0.0,0.0,-0.098,0.737,0.990,48.8,48.8,77.4,77.3,0.0089,0.2871,godot_parity_session,2026-08-15T00:00:00Z,60,PHY-010,res://scenes/tracks/test_field/la_chutana_generated.tscn,VehicleRigidBody,res://scenes/vehicles/f1_94/f1_94.tscn,res://addons/formula90s/scripts/f1_94_rust_vehicle.gd,1,{}
1766,20.05,4688.2,1,1.0,0.0,0.0,0.098,0.737,0.990,48.8,48.9,77.3,77.4,0.0088,0.2844,godot_parity_session,2026-08-15T00:00:00Z,60,PHY-010,res://scenes/tracks/test_field/la_chutana_generated.tscn,VehicleRigidBody,res://scenes/vehicles/f1_94/f1_94.tscn,res://addons/formula90s/scripts/f1_94_rust_vehicle.gd,1,{}
1783,20.25,4691.1,1,1.0,0.0,0.0,-0.098,0.736,0.990,48.9,48.8,77.4,77.3,0.0087,0.2818,godot_parity_session,2026-08-15T00:00:00Z,60,PHY-010,res://scenes/tracks/test_field/la_chutana_generated.tscn,VehicleRigidBody,res://scenes/vehicles/f1_94/f1_94.tscn,res://addons/formula90s/scripts/f1_94_rust_vehicle.gd,1,{}
1800,20.44,4694.0,1,1.0,0.0,0.0,0.098,0.736,0.990,48.8,48.9,77.3,77.4,0.0087,0.2792,godot_parity_session,2026-08-15T00:00:00Z,60,PHY-010,res://scenes/tracks/test_field/la_chutana_generated.tscn,VehicleRigidBody,res://scenes/vehicles/f1_94/f1_94.tscn,res://addons/formula90s/scripts/f1_94_rust_vehicle.gd,1,{}
1816,20.64,4697.1,1,1.0,0.0,0.0,-0.099,0.735,0.990,48.9,48.8,77.4,77.3,0.0086,0.2768,godot_parity_session,2026-08-15T00:00:00Z,60,PHY-010,res://scenes/tracks/test_field/la_chutana_generated.tscn,VehicleRigidBody,res://scenes/vehicles/f1_94/f1_94.tscn,res://addons/formula90s/scripts/f1_94_rust_vehicle.gd,1,{}
1833,20.83,4700.2,1,1.0,0.0,0.0,0.099,0.735,0.990,48.8,48.9,77.3,77.3,0.0085,0.2744,godot_parity_session,2026-08-15T00:00:00Z,60,PHY-010,res://scenes/tracks/test_field/la_chutana_generated.tscn,VehicleRigidBody,res://scenes/vehicles/f1_94/f1_94.tscn,res://addons/formula90s/scripts/f1_94_rust_vehicle.gd,1,{}
1850,21.03,4703.4,1,1.0,0.0,0.0,-0.099,0.734,0.990,48.9,48.9,77.3,77.3,0.0084,0.2720,godot_parity_session,2026-08-15T00:00:00Z,60,PHY-010,res://scenes/tracks/test_field/la_chutana_generated.tscn,VehicleRigidBody,res://scenes/vehicles/f1_94/f1_94.tscn,res://addons/formula90s/scripts/f1_94_rust_vehicle.gd,1,{}
1866,21.22,4706.7,1,1.0,0.0,0.0,0.099,0.734,0.990,48.9,48.9,77.3,77.3,0.0084,0.2697,godot_parity_session,2026-08-15T00:00:00Z,60,PHY-010,res://scenes/tracks/test_field/la_chutana_generated.tscn,VehicleRigidBody,res://scenes/vehicles/f1_94/f1_94.tscn,res://addons/formula90s/scripts/f1_94_rust_vehicle.gd,1,{}
1883,21.42,4710.1,1,1.0,0.0,0.0,-0.099,0.734,0.990,48.9,48.9,77.3,77.3,0.0083,0.2674,godot_parity_session,2026-08-15T00:00:00Z,60,PHY-010,res://scenes/tracks/test_field/la_chutana_generated.tscn,VehicleRigidBody,res://scenes/vehicles/f1_94/f1_94.tscn,res://addons/formula90s/scripts/f1_94_rust_vehicle.gd,1,{}
1900,21.61,4713.6,1,1.0,0.0,0.0,0.099,0.733,0.990,48.9,48.9,77.3,77.3,0.0082,0.2652,godot_parity_session,2026-08-15T00:00:00Z,60,PHY-010,res://scenes/tracks/test_field/la_chutana_generated.tscn,VehicleRigidBody,res://scenes/vehicles/f1_94/f1_94.tscn,res://addons/formula90s/scripts/f1_94_rust_vehicle.gd,1,{}
1916,21.81,4717.2,1,1.0,0.0,0.0,-0.099,0.733,0.990,49.0,48.9,77.3,77.3,0.0081,0.2630,godot_parity_session,2026-08-15T00:00:00Z,60,PHY-010,res://scenes/tracks/test_field/la_chutana_generated.tscn,VehicleRigidBody,res://scenes/vehicles/f1_94/f1_94.tscn,res://addons/formula90s/scripts/f1_94_rust_vehicle.gd,1,{}
1933,22.00,4720.9,1,1.0,0.0,0.0,0.099,0.733,0.990,48.9,49.0,77.2,77.3,0.0081,0.2609,godot_parity_session,2026-08-15T00:00:00Z,60,PHY-010,res://scenes/tracks/test_field/la_chutana_generated.tscn,VehicleRigidBody,res://scenes/vehicles/f1_94/f1_94.tscn,res://addons/formula90s/scripts/f1_94_rust_vehicle.gd,1,{}
1950,22.19,4724.6,1,1.0,0.0,0.0,-0.099,0.733,0.990,49.0,48.9,77.3,77.2,0.0080,0.2588,godot_parity_session,2026-08-15T00:00:00Z,60,PHY-010,res://scenes/tracks/test_field/la_chutana_generated.tscn,VehicleRigidBody,res://scenes/vehicles/f1_94/f1_94.tscn,res://addons/formula90s/scripts/f1_94_rust_vehicle.gd,1,{}
1966,22.39,4728.5,1,1.0,0.0,0.0,0.099,0.732,0.991,48.9,49.0,77.2,77.3,0.0079,0.2567,godot_parity_session,2026-08-15T00:00:00Z,60,PHY-010,res://scenes/tracks/test_field/la_chutana_generated.tscn,VehicleRigidBody,res://scenes/vehicles/f1_94/f1_94.tscn,res://addons/formula90s/scripts/f1_94_rust_vehicle.gd,1,{}
1983,22.58,4732.5,1,1.0,0.0,0.0,-0.099,0.732,0.991,49.0,49.0,77.3,77.2,0.0079,0.2547,godot_parity_session,2026-08-15T00:00:00Z,60,PHY-010,res://scenes/tracks/test_field/la_chutana_generated.tscn,VehicleRigidBody,res://scenes/vehicles/f1_94/f1_94.tscn,res://addons/formula90s/scripts/f1_94_rust_vehicle.gd,1,{}
2000,22.77,4736.6,1,1.0,0.0,0.0,0.099,0.732,0.991,49.0,49.0,77.2,77.3,0.0078,0.2527,godot_parity_session,2026-08-15T00:00:00Z,60,PHY-010,res://scenes/tracks/test_field/la_chutana_generated.tscn,VehicleRigidBody,res://scenes/vehicles/f1_94/f1_94.tscn,res://addons/formula90s/scripts/f1_94_rust_vehicle.gd,1,{}
2016,22.97,4740.8,1,1.0,0.0,0.0,-0.099,0.732,0.991,49.0,49.0,77.3,77.2,0.0077,0.2508,godot_parity_session,2026-08-15T00:00:00Z,60,PHY-010,res://scenes/tracks/test_field/la_chutana_generated.tscn,VehicleRigidBody,res://scenes/vehicles/f1_94/f1_94.tscn,res://addons/formula90s/scripts/f1_94_rust_vehicle.gd,1,{}
2033,23.16,4745.1,1,1.0,0.0,0.0,0.099,0.731,0.991,49.0,49.0,77.2,77.3,0.0077,0.2488,godot_parity_session,2026-08-15T00:00:00Z,60,PHY-010,res://scenes/tracks/test_field/la_chutana_generated.tscn,VehicleRigidBody,res://scenes/vehicles/f1_94/f1_94.tscn,res://addons/formula90s/scripts/f1_94_rust_vehicle.gd,1,{}
2050,23.35,4749.6,1,1.0,0.0,0.0,-0.099,0.731,0.991,49.0,49.0,77.2,77.2,0.0076,0.2469,godot_parity_session,2026-08-15T00:00:00Z,60,PHY-010,res://scenes/tracks/test_field/la_chutana_generated.tscn,VehicleRigidBody,res://scenes/vehicles/f1_94/f1_94.tscn,res://addons/formula90s/scripts/f1_94_rust_vehicle.gd,1,{}
2066,23.54,4754.1,1,1.0,0.0,0.0,0.099,0.731,0.991,49.0,49.1,77.2,77.2,0.0075,0.2451,godot_parity_session,2026-08-15T00:00:00Z,60,PHY-010,res://scenes/tracks/test_field/la_chutana_generated.tscn,VehicleRigidBody,res://scenes/vehicles/f1_94/f1_94.tscn,res://addons/formula90s/scripts/f1_94_rust_vehicle.gd,1,{}
2083,23.74,4758.8,1,1.0,0.0,0.0,-0.099,0.731,0.991,49.1,49.0,77.2,77.2,0.0075,0.2432,godot_parity_session,2026-08-15T00:00:00Z,60,PHY-010,res://scenes/tracks/test_field/la_chutana_generated.tscn,VehicleRigidBody,res://scenes/vehicles/f1_94/f1_94.tscn,res://addons/formula90s/scripts/f1_94_rust_vehicle.gd,1,{}
2100,23.93,4763.6,1,1.0,0.0,0.0,0.099,0.730,0.991,49.0,49.1,77.2,77.2,0.0074,0.2414,godot_parity_session,2026-08-15T00:00:00Z,60,PHY-010,res://scenes/tracks/test_field/la_chutana_generated.tscn,VehicleRigidBody,res://scenes/vehicles/f1_94/f1_94.tscn,res://addons/formula90s/scripts/f1_94_rust_vehicle.gd,1,{}
2116,24.12,4768.6,1,1.0,0.0,0.0,-0.099,0.730,0.991,49.1,49.0,77.2,77.2,0.0074,0.2396,godot_parity_session,2026-08-15T00:00:00Z,60,PHY-010,res://scenes/tracks/test_field/la_chutana_generated.tscn,VehicleRigidBody,res://scenes/vehicles/f1_94/f1_94.tscn,res://addons/formula90s/scripts/f1_94_rust_vehicle.gd,1,{}
2133,24.31,4773.7,1,1.0,0.0,0.0,0.099,0.730,0.991,49.0,49.1,77.2,77.2,0.0073,0.2378,godot_parity_session,2026-08-15T00:00:00Z,60,PHY-010,res://scenes/tracks/test_field/la_chutana_generated.tscn,VehicleRigidBody,res://scenes/vehicles/f1_94/f1_94.tscn,res://addons/formula90s/scripts/f1_94_rust_vehicle.gd,1,{}
2150,24.50,4778.9,1,1.0,0.0,0.0,-0.099,0.729,0.991,49.1,49.1,77.2,77.2,0.0072,0.2361,godot_parity_session,2026-08-15T00:00:00Z,60,PHY-010,res://scenes/tracks/test_field/la_chutana_generated.tscn,VehicleRigidBody,res://scenes/vehicles/f1_94/f1_94.tscn,res://addons/formula90s/scripts/f1_94_rust_vehicle.gd,1,{}
2166,24.69,4784.3,1,1.0,0.0,0.0,0.099,0.729,0.991,49.1,49.1,77.2,77.2,0.0072,0.2343,godot_parity_session,2026-08-15T00:00:00Z,60,PHY-010,res://scenes/tracks/test_field/la_chutana_generated.tscn,VehicleRigidBody,res://scenes/vehicles/f1_94/f1_94.tscn,res://addons/formula90s/scripts/f1_94_rust_vehicle.gd,1,{}
2183,24.88,4789.8,1,1.0,0.0,0.0,-0.099,0.729,0.991,49.1,49.1,77.2,77.2,0.0071,0.2326,godot_parity_session,2026-08-15T00:00:00Z,60,PHY-010,res://scenes/tracks/test_field/la_chutana_generated.tscn,VehicleRigidBody,res://scenes/vehicles/f1_94/f1_94.tscn,res://addons/formula90s/scripts/f1_94_rust_vehicle.gd,1,{}
2200,25.07,4795.4,1,1.0,0.0,0.0,0.099,0.729,0.991,49.1,49.1,77.2,77.2,0.0071,0.2309,godot_parity_session,2026-08-15T00:00:00Z,60,PHY-010,res://scenes/tracks/test_field/la_chutana_generated.tscn,VehicleRigidBody,res://scenes/vehicles/f1_94/f1_94.tscn,res://addons/formula90s/scripts/f1_94_rust_vehicle.gd,1,{}
2216,25.26,4801.3,1,1.0,0.0,0.0,-0.099,0.728,0.991,49.1,49.1,77.2,77.1,0.0070,0.2293,godot_parity_session,2026-08-15T00:00:00Z,60,PHY-010,res://scenes/tracks/test_field/la_chutana_generated.tscn,VehicleRigidBody,res://scenes/vehicles/f1_94/f1_94.tscn,res://addons/formula90s/scripts/f1_94_rust_vehicle.gd,1,{}
2233,25.45,4807.3,1,1.0,0.0,0.0,0.100,0.728,0.991,49.1,49.1,77.1,77.2,0.0070,0.2276,godot_parity_session,2026-08-15T00:00:00Z,60,PHY-010,res://scenes/tracks/test_field/la_chutana_generated.tscn,VehicleRigidBody,res://scenes/vehicles/f1_94/f1_94.tscn,res://addons/formula90s/scripts/f1_94_rust_vehicle.gd,1,{}
2250,25.64,4813.4,1,1.0,0.0,0.0,-0.100,0.728,0.991,49.2,49.1,77.2,77.1,0.0069,0.2260,godot_parity_session,2026-08-15T00:00:00Z,60,PHY-010,res://scenes/tracks/test_field/la_chutana_generated.tscn,VehicleRigidBody,res://scenes/vehicles/f1_94/f1_94.tscn,res://addons/formula90s/scripts/f1_94_rust_vehicle.gd,1,{}
2266,25.83,4819.7,1,1.0,0.0,0.0,0.100,0.727,0.991,49.1,49.2,77.1,77.2,0.0069,0.2244,godot_parity_session,2026-08-15T00:00:00Z,60,PHY-010,res://scenes/tracks/test_field/la_chutana_generated.tscn,VehicleRigidBody,res://scenes/vehicles/f1_94/f1_94.tscn,res://addons/formula90s/scripts/f1_94_rust_vehicle.gd,1,{}
2283,26.02,4826.2,1,1.0,0.0,0.0,-0.100,0.727,0.991,49.2,49.1,77.2,77.1,0.0068,0.2228,godot_parity_session,2026-08-15T00:00:00Z,60,PHY-010,res://scenes/tracks/test_field/la_chutana_generated.tscn,VehicleRigidBody,res://scenes/vehicles/f1_94/f1_94.tscn,res://addons/formula90s/scripts/f1_94_rust_vehicle.gd,1,{}
2300,26.21,4832.9,1,1.0,0.0,0.0,0.100,0.727,0.991,49.1,49.2,77.1,77.2,0.0068,0.2212,godot_parity_session,2026-08-15T00:00:00Z,60,PHY-010,res://scenes/tracks/test_field/la_chutana_generated.tscn,VehicleRigidBody,res://scenes/vehicles/f1_94/f1_94.tscn,res://addons/formula90s/scripts/f1_94_rust_vehicle.gd,1,{}
2316,26.40,4839.7,1,1.0,0.0,0.0,-0.100,0.726,0.991,49.2,49.1,77.2,77.1,0.0067,0.2196,godot_parity_session,2026-08-15T00:00:00Z,60,PHY-010,res://scenes/tracks/test_field/la_chutana_generated.tscn,VehicleRigidBody,res://scenes/vehicles/f1_94/f1_94.tscn,res://addons/formula90s/scripts/f1_94_rust_vehicle.gd,1,{}
2333,26.58,4846.8,1,1.0,0.0,0.0,0.100,0.726,0.991,49.1,49.2,77.1,77.2,0.0067,0.2181,godot_parity_session,2026-08-15T00:00:00Z,60,PHY-010,res://scenes/tracks/test_field/la_chutana_generated.tscn,VehicleRigidBody,res://scenes/vehicles/f1_94/f1_94.tscn,res://addons/formula90s/scripts/f1_94_rust_vehicle.gd,1,{}
2350,26.77,4854.0,1,1.0,0.0,0.0,-0.100,0.725,0.991,49.2,49.2,77.2,77.1,0.0066,0.2166,godot_parity_session,2026-08-15T00:00:00Z,60,PHY-010,res://scenes/tracks/test_field/la_chutana_generated.tscn,VehicleRigidBody,res://scenes/vehicles/f1_94/f1_94.tscn,res://addons/formula90s/scripts/f1_94_rust_vehicle.gd,1,{}
2366,26.96,4861.4,1,1.0,0.0,0.0,0.100,0.725,0.991,49.2,49.2,77.1,77.2,0.0066,0.2151,godot_parity_session,2026-08-15T00:00:00Z,60,PHY-010,res://scenes/tracks/test_field/la_chutana_generated.tscn,VehicleRigidBody,res://scenes/vehicles/f1_94/f1_94.tscn,res://addons/formula90s/scripts/f1_94_rust_vehicle.gd,1,{}
2383,27.15,4869.0,1,1.0,0.0,0.0,-0.100,0.725,0.991,49.2,49.2,77.2,77.1,0.0065,0.2136,godot_parity_session,2026-08-15T00:00:00Z,60,PHY-010,res://scenes/tracks/test_field/la_chutana_generated.tscn,VehicleRigidBody,res://scenes/vehicles/f1_94/f1_94.tscn,res://addons/formula90s/scripts/f1_94_rust_vehicle.gd,1,{}
2400,27.33,4876.9,1,1.0,0.0,0.0,0.100,0.724,0.991,49.2,49.2,77.1,77.2,0.0065,0.2121,godot_parity_session,2026-08-15T00:00:00Z,60,PHY-010,res://scenes/tracks/test_field/la_chutana_generated.tscn,VehicleRigidBody,res://scenes/vehicles/f1_94/f1_94.tscn,res://addons/formula90s/scripts/f1_94_rust_vehicle.gd,1,{}
2416,27.52,4884.9,1,1.0,0.0,0.0,-0.100,0.724,0.991,49.2,49.2,77.2,77.1,0.0064,0.2106,godot_parity_session,2026-08-15T00:00:00Z,60,PHY-010,res://scenes/tracks/test_field/la_chutana_generated.tscn,VehicleRigidBody,res://scenes/vehicles/f1_94/f1_94.tscn,res://addons/formula90s/scripts/f1_94_rust_vehicle.gd,1,{}
2433,27.71,4893.1,1,1.0,0.0,0.0,0.100,0.723,0.991,49.2,49.2,77.1,77.2,0.0064,0.2092,godot_parity_session,2026-08-15T00:00:00Z,60,PHY-010,res://scenes/tracks/test_field/la_chutana_generated.tscn,VehicleRigidBody,res://scenes/vehicles/f1_94/f1_94.tscn,res://addons/formula90s/scripts/f1_94_rust_vehicle.gd,1,{}
2450,27.89,4901.6,1,1.0,0.0,0.0,-0.100,0.723,0.991,49.3,49.2,77.2,77.1,0.0063,0.2078,godot_parity_session,2026-08-15T00:00:00Z,60,PHY-010,res://scenes/tracks/test_field/la_chutana_generated.tscn,VehicleRigidBody,res://scenes/vehicles/f1_94/f1_94.tscn,res://addons/formula90s/scripts/f1_94_rust_vehicle.gd,1,{}
2466,28.08,4910.2,1,1.0,0.0,0.0,0.100,0.723,0.991,49.2,49.3,77.1,77.1,0.0063,0.2064,godot_parity_session,2026-08-15T00:00:00Z,60,PHY-010,res://scenes/tracks/test_field/la_chutana_generated.tscn,VehicleRigidBody,res://scenes/vehicles/f1_94/f1_94.tscn,res://addons/formula90s/scripts/f1_94_rust_vehicle.gd,1,{}
2483,28.27,4919.1,1,1.0,0.0,0.0,-0.100,0.722,0.991,49.3,49.2,77.1,77.1,0.0062,0.2050,godot_parity_session,2026-08-15T00:00:00Z,60,PHY-010,res://scenes/tracks/test_field/la_chutana_generated.tscn,VehicleRigidBody,res://scenes/vehicles/f1_94/f1_94.tscn,res://addons/formula90s/scripts/f1_94_rust_vehicle.gd,1,{}
2500,28.45,4928.3,1,1.0,0.0,0.0,0.101,0.722,0.991,49.2,49.3,77.1,77.1,0.0062,0.2036,godot_parity_session,2026-08-15T00:00:00Z,60,PHY-010,res://scenes/tracks/test_field/la_chutana_generated.tscn,VehicleRigidBody,res://scenes/vehicles/f1_94/f1_94.tscn,res://addons/formula90s/scripts/f1_94_rust_vehicle.gd,1,{}
2516,28.64,4937.6,1,1.0,0.0,0.0,-0.101,0.721,0.991,49.3,49.2,77.1,77.1,0.0062,0.2022,godot_parity_session,2026-08-15T00:00:00Z,60,PHY-010,res://scenes/tracks/test_field/la_chutana_generated.tscn,VehicleRigidBody,res://scenes/vehicles/f1_94/f1_94.tscn,res://addons/formula90s/scripts/f1_94_rust_vehicle.gd,1,{}
2533,28.82,4947.2,1,1.0,0.0,0.0,0.101,0.721,0.991,49.3,49.3,77.1,77.1,0.0061,0.2009,godot_parity_session,2026-08-15T00:00:00Z,60,PHY-010,res://scenes/tracks/test_field/la_chutana_generated.tscn,VehicleRigidBody,res://scenes/vehicles/f1_94/f1_94.tscn,res://addons/formula90s/scripts/f1_94_rust_vehicle.gd,1,{}
2550,29.01,4957.1,1,1.0,0.0,0.0,-0.101,0.721,0.991,49.3,49.3,77.1,77.1,0.0061,0.1996,godot_parity_session,2026-08-15T00:00:00Z,60,PHY-010,res://scenes/tracks/test_field/la_chutana_generated.tscn,VehicleRigidBody,res://scenes/vehicles/f1_94/f1_94.tscn,res://addons/formula90s/scripts/f1_94_rust_vehicle.gd,1,{}
2566,29.19,4967.1,1,1.0,0.0,0.0,0.101,0.720,0.991,49.3,49.3,77.1,77.1,0.0060,0.1983,godot_parity_session,2026-08-15T00:00:00Z,60,PHY-010,res://scenes/tracks/test_field/la_chutana_generated.tscn,VehicleRigidBody,res://scenes/vehicles/f1_94/f1_94.tscn,res://addons/formula90s/scripts/f1_94_rust_vehicle.gd,1,{}
2583,29.37,4977.5,1,1.0,0.0,0.0,-0.101,0.720,0.991,49.3,49.3,77.1,77.1,0.0060,0.1970,godot_parity_session,2026-08-15T00:00:00Z,60,PHY-010,res://scenes/tracks/test_field/la_chutana_generated.tscn,VehicleRigidBody,res://scenes/vehicles/f1_94/f1_94.tscn,res://addons/formula90s/scripts/f1_94_rust_vehicle.gd,1,{}
2600,29.56,4988.0,1,1.0,0.0,0.0,0.101,0.719,0.991,49.3,49.3,77.1,77.1,0.0060,0.1958,godot_parity_session,2026-08-15T00:00:00Z,60,PHY-010,res://scenes/tracks/test_field/la_chutana_generated.tscn,VehicleRigidBody,res://scenes/vehicles/f1_94/f1_94.tscn,res://addons/formula90s/scripts/f1_94_rust_vehicle.gd,1,{}
2616,29.74,4998.8,1,1.0,0.0,0.0,-0.101,0.719,0.991,49.4,49.3,77.1,77.1,0.0059,0.1945,godot_parity_session,2026-08-15T00:00:00Z,60,PHY-010,res://scenes/tracks/test_field/la_chutana_generated.tscn,VehicleRigidBody,res://scenes/vehicles/f1_94/f1_94.tscn,res://addons/formula90s/scripts/f1_94_rust_vehicle.gd,1,{}
2633,29.92,5009.9,1,1.0,0.0,0.0,0.101,0.719,0.991,49.3,49.4,77.1,77.1,0.0059,0.1933,godot_parity_session,2026-08-15T00:00:00Z,60,PHY-010,res://scenes/tracks/test_field/la_chutana_generated.tscn,VehicleRigidBody,res://scenes/vehicles/f1_94/f1_94.tscn,res://addons/formula90s/scripts/f1_94_rust_vehicle.gd,1,{}
2650,30.11,5021.3,1,1.0,0.0,0.0,-0.101,0.718,0.991,49.4,49.3,77.1,77.1,0.0058,0.1921,godot_parity_session,2026-08-15T00:00:00Z,60,PHY-010,res://scenes/tracks/test_field/la_chutana_generated.tscn,VehicleRigidBody,res://scenes/vehicles/f1_94/f1_94.tscn,res://addons/formula90s/scripts/f1_94_rust_vehicle.gd,1,{}
2666,30.29,5032.9,1,1.0,0.0,0.0,0.101,0.718,0.991,49.3,49.4,77.1,77.1,0.0058,0.1909,godot_parity_session,2026-08-15T00:00:00Z,60,PHY-010,res://scenes/tracks/test_field/la_chutana_generated.tscn,VehicleRigidBody,res://scenes/vehicles/f1_94/f1_94.tscn,res://addons/formula90s/scripts/f1_94_rust_vehicle.gd,1,{}
2683,30.47,5044.7,1,1.0,0.0,0.0,-0.101,0.717,0.991,49.4,49.3,77.1,77.1,0.0058,0.1898,godot_parity_session,2026-08-15T00:00:00Z,60,PHY-010,res://scenes/tracks/test_field/la_chutana_generated.tscn,VehicleRigidBody,res://scenes/vehicles/f1_94/f1_94.tscn,res://addons/formula90s/scripts/f1_94_rust_vehicle.gd,1,{}
2700,30.66,5056.9,1,1.0,0.0,0.0,0.101,0.717,0.991,49.4,49.4,77.1,77.1,0.0057,0.1887,godot_parity_session,2026-08-15T00:00:00Z,60,PHY-010,res://scenes/tracks/test_field/la_chutana_generated.tscn,VehicleRigidBody,res://scenes/vehicles/f1_94/f1_94.tscn,res://addons/formula90s/scripts/f1_94_rust_vehicle.gd,1,{}
2716,30.84,5069.3,1,1.0,0.0,0.0,-0.101,0.717,0.991,49.4,49.4,77.1,77.0,0.0057,0.1876,godot_parity_session,2026-08-15T00:00:00Z,60,PHY-010,res://scenes/tracks/test_field/la_chutana_generated.tscn,VehicleRigidBody,res://scenes/vehicles/f1_94/f1_94.tscn,res://addons/formula90s/scripts/f1_94_rust_vehicle.gd,1,{}
2733,31.02,5082.0,1,1.0,0.0,0.0,0.102,0.717,0.991,49.4,49.4,77.0,77.1,0.0056,0.1865,godot_parity_session,2026-08-15T00:00:00Z,60,PHY-010,res://scenes/tracks/test_field/la_chutana_generated.tscn,VehicleRigidBody,res://scenes/vehicles/f1_94/f1_94.tscn,res://addons/formula90s/scripts/f1_94_rust_vehicle.gd,1,{}
2750,31.20,5094.9,1,1.0,0.0,0.0,-0.102,0.716,0.991,49.4,49.4,77.1,77.0,0.0056,0.1854,godot_parity_session,2026-08-15T00:00:00Z,60,PHY-010,res://scenes/tracks/test_field/la_chutana_generated.tscn,VehicleRigidBody,res://scenes/vehicles/f1_94/f1_94.tscn,res://addons/formula90s/scripts/f1_94_rust_vehicle.gd,1,{}
2766,31.38,5108.2,1,1.0,0.0,0.0,0.102,0.716,0.991,49.4,49.5,77.0,77.1,0.0056,0.1844,godot_parity_session,2026-08-15T00:00:00Z,60,PHY-010,res://scenes/tracks/test_field/la_chutana_generated.tscn,VehicleRigidBody,res://scenes/vehicles/f1_94/f1_94.tscn,res://addons/formula90s/scripts/f1_94_rust_vehicle.gd,1,{}
2783,31.56,5121.7,1,1.0,0.0,0.0,-0.102,0.716,0.991,49.5,49.4,77.1,77.0,0.0055,0.1834,godot_parity_session,2026-08-15T00:00:00Z,60,PHY-010,res://scenes/tracks/test_field/la_chutana_generated.tscn,VehicleRigidBody,res://scenes/vehicles/f1_94/f1_94.tscn,res://addons/formula90s/scripts/f1_94_rust_vehicle.gd,1,{}
2800,31.74,5135.5,1,1.0,0.0,0.0,0.102,0.716,0.991,49.4,49.5,77.0,77.1,0.0055,0.1824,godot_parity_session,2026-08-15T00:00:00Z,60,PHY-010,res://scenes/tracks/test_field/la_chutana_generated.tscn,VehicleRigidBody,res://scenes/vehicles/f1_94/f1_94.tscn,res://addons/formula90s/scripts/f1_94_rust_vehicle.gd,1,{}
2816,31.92,5149.5,1,1.0,0.0,0.0,-0.102,0.715,0.991,49.5,49.4,77.1,77.0,0.0055,0.1815,godot_parity_session,2026-08-15T00:00:00Z,60,PHY-010,res://scenes/tracks/test_field/la_chutana_generated.tscn,VehicleRigidBody,res://scenes/vehicles/f1_94/f1_94.tscn,res://addons/formula90s/scripts/f1_94_rust_vehicle.gd,1,{}
2833,32.10,5163.9,1,1.0,0.0,0.0,0.102,0.715,0.991,49.4,49.5,77.0,77.1,0.0054,0.1806,godot_parity_session,2026-08-15T00:00:00Z,60,PHY-010,res://scenes/tracks/test_field/la_chutana_generated.tscn,VehicleRigidBody,res://scenes/vehicles/f1_94/f1_94.tscn,res://addons/formula90s/scripts/f1_94_rust_vehicle.gd,1,{}
2850,32.28,5178.6,1,1.0,0.0,0.0,-0.102,0.715,0.991,49.5,49.4,77.1,77.0,0.0054,0.1797,godot_parity_session,2026-08-15T00:00:00Z,60,PHY-010,res://scenes/tracks/test_field/la_chutana_generated.tscn,VehicleRigidBody,res://scenes/vehicles/f1_94/f1_94.tscn,res://addons/formula90s/scripts/f1_94_rust_vehicle.gd,1,{}
2866,32.46,5193.5,1,1.0,0.0,0.0,0.102,0.715,0.991,49.5,49.5,77.0,77.1,0.0054,0.1788,godot_parity_session,2026-08-15T00:00:00Z,60,PHY-010,res://scenes/tracks/test_field/la_chutana_generated.tscn,VehicleRigidBody,res://scenes/vehicles/f1_94/f1_94.tscn,res://addons/formula90s/scripts/f1_94_rust_vehicle.gd,1,{}
2883,32.64,5208.7,1,1.0,0.0,0.0,-0.102,0.715,0.991,49.5,49.5,77.1,77.0,0.0053,0.1780,godot_parity_session,2026-08-15T00:00:00Z,60,PHY-010,res://scenes/tracks/test_field/la_chutana_generated.tscn,VehicleRigidBody,res://scenes/vehicles/f1_94/f1_94.tscn,res://addons/formula90s/scripts/f1_94_rust_vehicle.gd,1,{}
2900,32.82,5224.2,1,1.0,0.0,0.0,0.101,0.715,0.991,49.5,49.5,77.0,77.1,0.0053,0.1772,godot_parity_session,2026-08-15T00:00:00Z,60,PHY-010,res://scenes/tracks/test_field/la_chutana_generated.tscn,VehicleRigidBody,res://scenes/vehicles/f1_94/f1_94.tscn,res://addons/formula90s/scripts/f1_94_rust_vehicle.gd,1,{}
2916,33.00,5240.0,1,1.0,0.0,0.0,-0.101,0.715,0.991,49.5,49.5,77.1,77.0,0.0053,0.1764,godot_parity_session,2026-08-15T00:00:00Z,60,PHY-010,res://scenes/tracks/test_field/la_chutana_generated.tscn,VehicleRigidBody,res://scenes/vehicles/f1_94/f1_94.tscn,res://addons/formula90s/scripts/f1_94_rust_vehicle.gd,1,{}
2933,33.18,5256.1,1,1.0,0.0,0.0,0.101,0.715,0.991,49.5,49.5,77.0,77.1,0.0052,0.1757,godot_parity_session,2026-08-15T00:00:00Z,60,PHY-010,res://scenes/tracks/test_field/la_chutana_generated.tscn,VehicleRigidBody,res://scenes/vehicles/f1_94/f1_94.tscn,res://addons/formula90s/scripts/f1_94_rust_vehicle.gd,1,{}
2950,33.36,5272.5,1,1.0,0.0,0.0,-0.101,0.716,0.991,49.6,49.5,77.1,77.0,0.0052,0.1749,godot_parity_session,2026-08-15T00:00:00Z,60,PHY-010,res://scenes/tracks/test_field/la_chutana_generated.tscn,VehicleRigidBody,res://scenes/vehicles/f1_94/f1_94.tscn,res://addons/formula90s/scripts/f1_94_rust_vehicle.gd,1,{}
2966,33.54,5289.2,1,1.0,0.0,0.0,0.101,0.716,0.991,49.5,49.6,77.0,77.1,0.0052,0.1743,godot_parity_session,2026-08-15T00:00:00Z,60,PHY-010,res://scenes/tracks/test_field/la_chutana_generated.tscn,VehicleRigidBody,res://scenes/vehicles/f1_94/f1_94.tscn,res://addons/formula90s/scripts/f1_94_rust_vehicle.gd,1,{}
2983,33.72,5306.1,1,1.0,0.0,0.0,-0.101,0.716,0.991,49.6,49.5,77.1,77.0,0.0052,0.1736,godot_parity_session,2026-08-15T00:00:00Z,60,PHY-010,res://scenes/tracks/test_field/la_chutana_generated.tscn,VehicleRigidBody,res://scenes/vehicles/f1_94/f1_94.tscn,res://addons/formula90s/scripts/f1_94_rust_vehicle.gd,1,{}
3000,33.90,5323.4,1,1.0,0.0,0.0,0.101,0.717,0.991,49.5,49.6,77.0,77.1,0.0051,0.1730,godot_parity_session,2026-08-15T00:00:00Z,60,PHY-010,res://scenes/tracks/test_field/la_chutana_generated.tscn,VehicleRigidBody,res://scenes/vehicles/f1_94/f1_94.tscn,res://addons/formula90s/scripts/f1_94_rust_vehicle.gd,1,{}
3016,34.08,5340.9,1,1.0,0.0,0.0,-0.101,0.717,0.991,49.6,49.5,77.1,77.0,0.0051,0.1724,godot_parity_session,2026-08-15T00:00:00Z,60,PHY-010,res://scenes/tracks/test_field/la_chutana_generated.tscn,VehicleRigidBody,res://scenes/vehicles/f1_94/f1_94.tscn,res://addons/formula90s/scripts/f1_94_rust_vehicle.gd,1,{}
3033,34.26,5358.8,1,1.0,0.0,0.0,0.100,0.717,0.991,49.5,49.6,77.0,77.1,0.0051,0.1719,godot_parity_session,2026-08-15T00:00:00Z,60,PHY-010,res://scenes/tracks/test_field/la_chutana_generated.tscn,VehicleRigidBody,res://scenes/vehicles/f1_94/f1_94.tscn,res://addons/formula90s/scripts/f1_94_rust_vehicle.gd,1,{}
3050,34.44,5376.9,1,1.0,0.0,0.0,-0.100,0.718,0.991,49.6,49.5,77.1,77.0,0.0050,0.1713,godot_parity_session,2026-08-15T00:00:00Z,60,PHY-010,res://scenes/tracks/test_field/la_chutana_generated.tscn,VehicleRigidBody,res://scenes/vehicles/f1_94/f1_94.tscn,res://addons/formula90s/scripts/f1_94_rust_vehicle.gd,1,{}
3066,34.62,5395.4,1,1.0,0.0,0.0,0.100,0.718,0.991,49.5,49.6,77.1,77.1,0.0050,0.1709,godot_parity_session,2026-08-15T00:00:00Z,60,PHY-010,res://scenes/tracks/test_field/la_chutana_generated.tscn,VehicleRigidBody,res://scenes/vehicles/f1_94/f1_94.tscn,res://addons/formula90s/scripts/f1_94_rust_vehicle.gd,1,{}
3083,34.80,5414.1,1,1.0,0.0,0.0,-0.100,0.719,0.991,49.6,49.6,77.1,77.1,0.0050,0.1704,godot_parity_session,2026-08-15T00:00:00Z,60,PHY-010,res://scenes/tracks/test_field/la_chutana_generated.tscn,VehicleRigidBody,res://scenes/vehicles/f1_94/f1_94.tscn,res://addons/formula90s/scripts/f1_94_rust_vehicle.gd,1,{}
3100,34.97,5433.1,1,1.0,0.0,0.0,0.100,0.720,0.991,49.6,49.6,77.1,77.1,0.0050,0.1700,godot_parity_session,2026-08-15T00:00:00Z,60,PHY-010,res://scenes/tracks/test_field/la_chutana_generated.tscn,VehicleRigidBody,res://scenes/vehicles/f1_94/f1_94.tscn,res://addons/formula90s/scripts/f1_94_rust_vehicle.gd,1,{}
3116,35.15,5453.1,1,1.0,0.0,0.0,-0.099,0.721,0.991,49.6,49.6,77.1,77.1,0.0049,0.1690,godot_parity_session,2026-08-15T00:00:00Z,60,PHY-010,res://scenes/tracks/test_field/la_chutana_generated.tscn,VehicleRigidBody,res://scenes/vehicles/f1_94/f1_94.tscn,res://addons/formula90s/scripts/f1_94_rust_vehicle.gd,1,{}
3133,35.33,5474.0,1,1.0,0.0,0.0,0.099,0.720,0.991,49.6,49.6,77.1,77.1,0.0049,0.1679,godot_parity_session,2026-08-15T00:00:00Z,60,PHY-010,res://scenes/tracks/test_field/la_chutana_generated.tscn,VehicleRigidBody,res://scenes/vehicles/f1_94/f1_94.tscn,res://addons/formula90s/scripts/f1_94_rust_vehicle.gd,1,{}
3150,35.51,5495.7,1,1.0,0.0,0.0,-0.099,0.719,0.991,49.6,49.6,77.1,77.1,0.0049,0.1668,godot_parity_session,2026-08-15T00:00:00Z,60,PHY-010,res://scenes/tracks/test_field/la_chutana_generated.tscn,VehicleRigidBody,res://scenes/vehicles/f1_94/f1_94.tscn,res://addons/formula90s/scripts/f1_94_rust_vehicle.gd,1,{}
3166,35.69,5517.7,1,1.0,0.0,0.0,0.099,0.719,0.991,49.6,49.6,77.1,77.1,0.0049,0.1658,godot_parity_session,2026-08-15T00:00:00Z,60,PHY-010,res://scenes/tracks/test_field/la_chutana_generated.tscn,VehicleRigidBody,res://scenes/vehicles/f1_94/f1_94.tscn,res://addons/formula90s/scripts/f1_94_rust_vehicle.gd,1,{}
3183,35.87,5540.2,1,1.0,0.0,0.0,-0.099,0.718,0.991,49.6,49.6,77.2,77.1,0.0048,0.1648,godot_parity_session,2026-08-15T00:00:00Z,60,PHY-010,res://scenes/tracks/test_field/la_chutana_generated.tscn,VehicleRigidBody,res://scenes/vehicles/f1_94/f1_94.tscn,res://addons/formula90s/scripts/f1_94_rust_vehicle.gd,1,{}
3200,36.05,5563.1,1,1.0,0.0,0.0,0.100,0.718,0.991,49.6,49.6,77.1,77.2,0.0048,0.1640,godot_parity_session,2026-08-15T00:00:00Z,60,PHY-010,res://scenes/tracks/test_field/la_chutana_generated.tscn,VehicleRigidBody,res://scenes/vehicles/f1_94/f1_94.tscn,res://addons/formula90s/scripts/f1_94_rust_vehicle.gd,1,{}
3216,36.22,5586.3,1,1.0,0.0,0.0,-0.100,0.717,0.991,49.6,49.6,77.2,77.1,0.0048,0.1632,godot_parity_session,2026-08-15T00:00:00Z,60,PHY-010,res://scenes/tracks/test_field/la_chutana_generated.tscn,VehicleRigidBody,res://scenes/vehicles/f1_94/f1_94.tscn,res://addons/formula90s/scripts/f1_94_rust_vehicle.gd,1,{}
3233,36.40,5609.9,1,1.0,0.0,0.0,0.100,0.717,0.991,49.6,49.6,77.1,77.2,0.0047,0.1625,godot_parity_session,2026-08-15T00:00:00Z,60,PHY-010,res://scenes/tracks/test_field/la_chutana_generated.tscn,VehicleRigidBody,res://scenes/vehicles/f1_94/f1_94.tscn,res://addons/formula90s/scripts/f1_94_rust_vehicle.gd,1,{}
3250,36.58,5633.9,1,1.0,0.0,0.0,-0.100,0.717,0.991,49.6,49.6,77.2,77.1,0.0047,0.1618,godot_parity_session,2026-08-15T00:00:00Z,60,PHY-010,res://scenes/tracks/test_field/la_chutana_generated.tscn,VehicleRigidBody,res://scenes/vehicles/f1_94/f1_94.tscn,res://addons/formula90s/scripts/f1_94_rust_vehicle.gd,1,{}
3266,36.76,5658.3,1,1.0,0.0,0.0,0.100,0.717,0.991,49.6,49.6,77.1,77.2,0.0047,0.1613,godot_parity_session,2026-08-15T00:00:00Z,60,PHY-010,res://scenes/tracks/test_field/la_chutana_generated.tscn,VehicleRigidBody,res://scenes/vehicles/f1_94/f1_94.tscn,res://addons/formula90s/scripts/f1_94_rust_vehicle.gd,1,{}
3283,36.93,5683.0,1,1.0,0.0,0.0,-0.100,0.717,0.991,49.6,49.6,77.2,77.1,0.0047,0.1608,godot_parity_session,2026-08-15T00:00:00Z,60,PHY-010,res://scenes/tracks/test_field/la_chutana_generated.tscn,VehicleRigidBody,res://scenes/vehicles/f1_94/f1_94.tscn,res://addons/formula90s/scripts/f1_94_rust_vehicle.gd,1,{}
3300,37.11,5708.0,1,1.0,0.0,0.0,0.100,0.718,0.991,49.6,49.6,77.2,77.2,0.0047,0.1605,godot_parity_session,2026-08-15T00:00:00Z,60,PHY-010,res://scenes/tracks/test_field/la_chutana_generated.tscn,VehicleRigidBody,res://scenes/vehicles/f1_94/f1_94.tscn,res://addons/formula90s/scripts/f1_94_rust_vehicle.gd,1,{}
3316,37.29,5733.4,1,1.0,0.0,0.0,-0.099,0.718,0.991,49.6,49.6,77.2,77.2,0.0046,0.1601,godot_parity_session,2026-08-15T00:00:00Z,60,PHY-010,res://scenes/tracks/test_field/la_chutana_generated.tscn,VehicleRigidBody,res://scenes/vehicles/f1_94/f1_94.tscn,res://addons/formula90s/scripts/f1_94_rust_vehicle.gd,1,{}
3333,37.46,5759.2,1,1.0,0.0,0.0,0.099,0.719,0.991,49.6,49.6,77.2,77.2,0.0046,0.1599,godot_parity_session,2026-08-15T00:00:00Z,60,PHY-010,res://scenes/tracks/test_field/la_chutana_generated.tscn,VehicleRigidBody,res://scenes/vehicles/f1_94/f1_94.tscn,res://addons/formula90s/scripts/f1_94_rust_vehicle.gd,1,{}
3350,37.64,5785.3,1,1.0,0.0,0.0,-0.099,0.720,0.991,49.6,49.6,77.2,77.2,0.0046,0.1597,godot_parity_session,2026-08-15T00:00:00Z,60,PHY-010,res://scenes/tracks/test_field/la_chutana_generated.tscn,VehicleRigidBody,res://scenes/vehicles/f1_94/f1_94.tscn,res://addons/formula90s/scripts/f1_94_rust_vehicle.gd,1,{}
3366,37.82,5811.8,1,1.0,0.0,0.0,0.099,0.721,0.991,49.6,49.7,77.2,77.2,0.0046,0.1596,godot_parity_session,2026-08-15T00:00:00Z,60,PHY-010,res://scenes/tracks/test_field/la_chutana_generated.tscn,VehicleRigidBody,res://scenes/vehicles/f1_94/f1_94.tscn,res://addons/formula90s/scripts/f1_94_rust_vehicle.gd,1,{}
3383,37.99,5838.6,1,1.0,0.0,0.0,-0.098,0.723,0.991,49.7,49.6,77.2,77.2,0.0045,0.1595,godot_parity_session,2026-08-15T00:00:00Z,60,PHY-010,res://scenes/tracks/test_field/la_chutana_generated.tscn,VehicleRigidBody,res://scenes/vehicles/f1_94/f1_94.tscn,res://addons/formula90s/scripts/f1_94_rust_vehicle.gd,1,{}
3400,38.17,5865.8,1,1.0,0.0,0.0,0.098,0.724,0.991,49.6,49.7,77.2,77.3,0.0045,0.1595,godot_parity_session,2026-08-15T00:00:00Z,60,PHY-010,res://scenes/tracks/test_field/la_chutana_generated.tscn,VehicleRigidBody,res://scenes/vehicles/f1_94/f1_94.tscn,res://addons/formula90s/scripts/f1_94_rust_vehicle.gd,1,{}
3416,38.35,5893.3,1,1.0,0.0,0.0,-0.097,0.726,0.991,49.7,49.6,77.3,77.2,0.0045,0.1595,godot_parity_session,2026-08-15T00:00:00Z,60,PHY-010,res://scenes/tracks/test_field/la_chutana_generated.tscn,VehicleRigidBody,res://scenes/vehicles/f1_94/f1_94.tscn,res://addons/formula90s/scripts/f1_94_rust_vehicle.gd,1,{}
3433,38.53,5921.1,1,1.0,0.0,0.0,0.097,0.727,0.991,49.6,49.6,77.2,77.3,0.0045,0.1597,godot_parity_session,2026-08-15T00:00:00Z,60,PHY-010,res://scenes/tracks/test_field/la_chutana_generated.tscn,VehicleRigidBody,res://scenes/vehicles/f1_94/f1_94.tscn,res://addons/formula90s/scripts/f1_94_rust_vehicle.gd,1,{}
3450,38.71,5949.3,1,1.0,0.0,0.0,-0.096,0.729,0.991,49.6,49.6,77.3,77.2,0.0045,0.1598,godot_parity_session,2026-08-15T00:00:00Z,60,PHY-010,res://scenes/tracks/test_field/la_chutana_generated.tscn,VehicleRigidBody,res://scenes/vehicles/f1_94/f1_94.tscn,res://addons/formula90s/scripts/f1_94_rust_vehicle.gd,1,{}
3466,38.88,5977.9,1,1.0,0.0,0.0,0.095,0.731,0.991,49.6,49.6,77.3,77.3,0.0044,0.1600,godot_parity_session,2026-08-15T00:00:00Z,60,PHY-010,res://scenes/tracks/test_field/la_chutana_generated.tscn,VehicleRigidBody,res://scenes/vehicles/f1_94/f1_94.tscn,res://addons/formula90s/scripts/f1_94_rust_vehicle.gd,1,{}
3483,39.06,6006.7,1,1.0,0.0,0.0,-0.095,0.733,0.991,49.6,49.6,77.3,77.3,0.0044,0.1602,godot_parity_session,2026-08-15T00:00:00Z,60,PHY-010,res://scenes/tracks/test_field/la_chutana_generated.tscn,VehicleRigidBody,res://scenes/vehicles/f1_94/f1_94.tscn,res://addons/formula90s/scripts/f1_94_rust_vehicle.gd,1,{}
3500,39.24,6035.9,1,1.0,0.0,0.0,0.094,0.735,0.991,49.6,49.6,77.3,77.3,0.0044,0.1605,godot_parity_session,2026-08-15T00:00:00Z,60,PHY-010,res://scenes/tracks/test_field/la_chutana_generated.tscn,VehicleRigidBody,res://scenes/vehicles/f1_94/f1_94.tscn,res://addons/formula90s/scripts/f1_94_rust_vehicle.gd,1,{}
3516,39.42,6065.5,1,1.0,0.0,0.0,-0.093,0.738,0.991,49.6,49.6,77.4,77.3,0.0044,0.1609,godot_parity_session,2026-08-15T00:00:00Z,60,PHY-010,res://scenes/tracks/test_field/la_chutana_generated.tscn,VehicleRigidBody,res://scenes/vehicles/f1_94/f1_94.tscn,res://addons/formula90s/scripts/f1_94_rust_vehicle.gd,1,{}
3533,39.60,6095.3,1,1.0,0.0,0.0,0.092,0.740,0.991,49.5,49.6,77.3,77.4,0.0044,0.1613,godot_parity_session,2026-08-15T00:00:00Z,60,PHY-010,res://scenes/tracks/test_field/la_chutana_generated.tscn,VehicleRigidBody,res://scenes/vehicles/f1_94/f1_94.tscn,res://addons/formula90s/scripts/f1_94_rust_vehicle.gd,1,{}
3550,39.79,6125.5,1,1.0,0.0,0.0,-0.091,0.743,0.991,49.6,49.5,77.4,77.4,0.0044,0.1617,godot_parity_session,2026-08-15T00:00:00Z,60,PHY-010,res://scenes/tracks/test_field/la_chutana_generated.tscn,VehicleRigidBody,res://scenes/vehicles/f1_94/f1_94.tscn,res://addons/formula90s/scripts/f1_94_rust_vehicle.gd,1,{}
3566,39.97,6156.1,1,1.0,0.0,0.0,0.090,0.746,0.990,49.5,49.6,77.4,77.4,0.0043,0.1621,godot_parity_session,2026-08-15T00:00:00Z,60,PHY-010,res://scenes/tracks/test_field/la_chutana_generated.tscn,VehicleRigidBody,res://scenes/vehicles/f1_94/f1_94.tscn,res://addons/formula90s/scripts/f1_94_rust_vehicle.gd,1,{}
3583,40.15,6186.9,1,1.0,0.0,0.0,-0.090,0.748,0.990,49.5,49.5,77.5,77.4,0.0043,0.1626,godot_parity_session,2026-08-15T00:00:00Z,60,PHY-010,res://scenes/tracks/test_field/la_chutana_generated.tscn,VehicleRigidBody,res://scenes/vehicles/f1_94/f1_94.tscn,res://addons/formula90s/scripts/f1_94_rust_vehicle.gd,1,{}
3600,40.33,6218.1,1,1.0,0.0,0.0,0.089,0.751,0.990,49.5,49.5,77.5,77.5,0.0043,0.1631,godot_parity_session,2026-08-15T00:00:00Z,60,PHY-010,res://scenes/tracks/test_field/la_chutana_generated.tscn,VehicleRigidBody,res://scenes/vehicles/f1_94/f1_94.tscn,res://addons/formula90s/scripts/f1_94_rust_vehicle.gd,1,{}
3616,40.52,6249.7,1,1.0,0.0,0.0,-0.087,0.754,0.990,49.5,49.4,77.5,77.5,0.0043,0.1637,godot_parity_session,2026-08-15T00:00:00Z,60,PHY-010,res://scenes/tracks/test_field/la_chutana_generated.tscn,VehicleRigidBody,res://scenes/vehicles/f1_94/f1_94.tscn,res://addons/formula90s/scripts/f1_94_rust_vehicle.gd,1,{}
3633,40.70,6281.6,1,1.0,0.0,0.0,0.086,0.758,0.990,49.4,49.5,77.5,77.6,0.0043,0.1643,godot_parity_session,2026-08-15T00:00:00Z,60,PHY-010,res://scenes/tracks/test_field/la_chutana_generated.tscn,VehicleRigidBody,res://scenes/vehicles/f1_94/f1_94.tscn,res://addons/formula90s/scripts/f1_94_rust_vehicle.gd,1,{}
3650,40.89,6313.8,1,1.0,0.0,0.0,-0.085,0.761,0.990,49.4,49.4,77.6,77.6,0.0043,0.1649,godot_parity_session,2026-08-15T00:00:00Z,60,PHY-010,res://scenes/tracks/test_field/la_chutana_generated.tscn,VehicleRigidBody,res://scenes/vehicles/f1_94/f1_94.tscn,res://addons/formula90s/scripts/f1_94_rust_vehicle.gd,1,{}
3666,41.07,6346.3,1,1.0,0.0,0.0,0.084,0.764,0.990,49.4,49.4,77.6,77.6,0.0043,0.1656,godot_parity_session,2026-08-15T00:00:00Z,60,PHY-010,res://scenes/tracks/test_field/la_chutana_generated.tscn,VehicleRigidBody,res://scenes/vehicles/f1_94/f1_94.tscn,res://addons/formula90s/scripts/f1_94_rust_vehicle.gd,1,{}
3683,41.26,6379.1,1,1.0,0.0,0.0,-0.083,0.768,0.990,49.4,49.3,77.7,77.6,0.0042,0.1663,godot_parity_session,2026-08-15T00:00:00Z,60,PHY-010,res://scenes/tracks/test_field/la_chutana_generated.tscn,VehicleRigidBody,res://scenes/vehicles/f1_94/f1_94.tscn,res://addons/formula90s/scripts/f1_94_rust_vehicle.gd,1,{}
3700,41.45,6412.3,1,1.0,0.0,0.0,0.082,0.771,0.990,49.3,49.3,77.7,77.7,0.0042,0.1670,godot_parity_session,2026-08-15T00:00:00Z,60,PHY-010,res://scenes/tracks/test_field/la_chutana_generated.tscn,VehicleRigidBody,res://scenes/vehicles/f1_94/f1_94.tscn,res://addons/formula90s/scripts/f1_94_rust_vehicle.gd,1,{}
3716,41.64,6445.9,1,1.0,0.0,0.0,-0.080,0.775,0.990,49.3,49.2,77.8,77.7,0.0042,0.1677,godot_parity_session,2026-08-15T00:00:00Z,60,PHY-010,res://scenes/tracks/test_field/la_chutana_generated.tscn,VehicleRigidBody,res://scenes/vehicles/f1_94/f1_94.tscn,res://addons/formula90s/scripts/f1_94_rust_vehicle.gd,1,{}
3733,41.83,6479.7,1,1.0,0.0,0.0,0.079,0.779,0.990,49.2,49.2,77.8,77.8,0.0042,0.1685,godot_parity_session,2026-08-15T00:00:00Z,60,PHY-010,res://scenes/tracks/test_field/la_chutana_generated.tscn,VehicleRigidBody,res://scenes/vehicles/f1_94/f1_94.tscn,res://addons/formula90s/scripts/f1_94_rust_vehicle.gd,1,{}
3750,42.02,6513.9,1,1.0,0.0,0.0,-0.078,0.783,0.990,49.2,49.1,77.9,77.8,0.0042,0.1693,godot_parity_session,2026-08-15T00:00:00Z,60,PHY-010,res://scenes/tracks/test_field/la_chutana_generated.tscn,VehicleRigidBody,res://scenes/vehicles/f1_94/f1_94.tscn,res://addons/formula90s/scripts/f1_94_rust_vehicle.gd,1,{}
3766,42.21,6548.4,1,1.0,0.0,0.0,0.076,0.787,0.990,49.1,49.1,77.9,77.9,0.0042,0.1701,godot_parity_session,2026-08-15T00:00:00Z,60,PHY-010,res://scenes/tracks/test_field/la_chutana_generated.tscn,VehicleRigidBody,res://scenes/vehicles/f1_94/f1_94.tscn,res://addons/formula90s/scripts/f1_94_rust_vehicle.gd,1,{}
3783,42.40,6583.3,1,1.0,0.0,0.0,-0.075,0.791,0.990,49.1,49.0,78.0,77.9,0.0042,0.1709,godot_parity_session,2026-08-15T00:00:00Z,60,PHY-010,res://scenes/tracks/test_field/la_chutana_generated.tscn,VehicleRigidBody,res://scenes/vehicles/f1_94/f1_94.tscn,res://addons/formula90s/scripts/f1_94_rust_vehicle.gd,1,{}
3800,42.60,6618.5,1,1.0,0.0,0.0,0.074,0.795,0.990,49.0,49.0,78.0,78.0,0.0042,0.1718,godot_parity_session,2026-08-15T00:00:00Z,60,PHY-010,res://scenes/tracks/test_field/la_chutana_generated.tscn,VehicleRigidBody,res://scenes/vehicles/f1_94/f1_94.tscn,res://addons/formula90s/scripts/f1_94_rust_vehicle.gd,1,{}
3816,42.79,6654.0,1,1.0,0.0,0.0,-0.072,0.800,0.990,49.0,48.9,78.1,78.0,0.0041,0.1727,godot_parity_session,2026-08-15T00:00:00Z,60,PHY-010,res://scenes/tracks/test_field/la_chutana_generated.tscn,VehicleRigidBody,res://scenes/vehicles/f1_94/f1_94.tscn,res://addons/formula90s/scripts/f1_94_rust_vehicle.gd,1,{}
3833,42.99,6689.9,1,1.0,0.0,0.0,0.071,0.804,0.990,48.9,48.9,78.1,78.1,0.0041,0.1736,godot_parity_session,2026-08-15T00:00:00Z,60,PHY-010,res://scenes/tracks/test_field/la_chutana_generated.tscn,VehicleRigidBody,res://scenes/vehicles/f1_94/f1_94.tscn,res://addons/formula90s/scripts/f1_94_rust_vehicle.gd,1,{}
3850,43.18,6726.1,1,1.0,0.0,0.0,-0.069,0.809,0.990,48.8,48.8,78.2,78.2,0.0041,0.1745,godot_parity_session,2026-08-15T00:00:00Z,60,PHY-010,res://scenes/tracks/test_field/la_chutana_generated.tscn,VehicleRigidBody,res://scenes/vehicles/f1_94/f1_94.tscn,res://addons/formula90s/scripts/f1_94_rust_vehicle.gd,1,{}
3866,43.38,6762.6,1,1.0,0.0,0.0,0.067,0.813,0.990,48.7,48.8,78.2,78.3,0.0041,0.1754,godot_parity_session,2026-08-15T00:00:00Z,60,PHY-010,res://scenes/tracks/test_field/la_chutana_generated.tscn,VehicleRigidBody,res://scenes/vehicles/f1_94/f1_94.tscn,res://addons/formula90s/scripts/f1_94_rust_vehicle.gd,1,{}
3883,43.58,6799.5,1,1.0,0.0,0.0,-0.066,0.818,0.989,48.7,48.7,78.3,78.3,0.0041,0.1764,godot_parity_session,2026-08-15T00:00:00Z,60,PHY-010,res://scenes/tracks/test_field/la_chutana_generated.tscn,VehicleRigidBody,res://scenes/vehicles/f1_94/f1_94.tscn,res://addons/formula90s/scripts/f1_94_rust_vehicle.gd,1,{}
3900,43.78,6836.7,1,1.0,0.0,0.0,0.064,0.822,0.989,48.6,48.6,78.4,78.4,0.0041,0.1773,godot_parity_session,2026-08-15T00:00:00Z,60,PHY-010,res://scenes/tracks/test_field/la_chutana_generated.tscn,VehicleRigidBody,res://scenes/vehicles/f1_94/f1_94.tscn,res://addons/formula90s/scripts/f1_94_rust_vehicle.gd,1,{}
3916,43.98,6874.2,1,1.0,0.0,0.0,-0.063,0.827,0.989,48.6,48.5,78.5,78.4,0.0041,0.1783,godot_parity_session,2026-08-15T00:00:00Z,60,PHY-010,res://scenes/tracks/test_field/la_chutana_generated.tscn,VehicleRigidBody,res://scenes/vehicles/f1_94/f1_94.tscn,res://addons/formula90s/scripts/f1_94_rust_vehicle.gd,1,{}
3933,44.19,6912.1,1,1.0,0.0,0.0,0.061,0.832,0.989,48.4,48.5,78.5,78.5,0.0041,0.1793,godot_parity_session,2026-08-15T00:00:00Z,60,PHY-010,res://scenes/tracks/test_field/la_chutana_generated.tscn,VehicleRigidBody,res://scenes/vehicles/f1_94/f1_94.tscn,res://addons/formula90s/scripts/f1_94_rust_vehicle.gd,1,{}
3950,44.39,6950.4,1,1.0,0.0,0.0,-0.059,0.837,0.989,48.4,48.4,78.6,78.6,0.0041,0.1803,godot_parity_session,2026-08-15T00:00:00Z,60,PHY-010,res://scenes/tracks/test_field/la_chutana_generated.tscn,VehicleRigidBody,res://scenes/vehicles/f1_94/f1_94.tscn,res://addons/formula90s/scripts/f1_94_rust_vehicle.gd,1,{}
3966,44.60,6988.9,1,1.0,0.0,0.0,0.057,0.842,0.989,48.3,48.3,78.6,78.7,0.0041,0.1814,godot_parity_session,2026-08-15T00:00:00Z,60,PHY-010,res://scenes/tracks/test_field/la_chutana_generated.tscn,VehicleRigidBody,res://scenes/vehicles/f1_94/f1_94.tscn,res://addons/formula90s/scripts/f1_94_rust_vehicle.gd,1,{}
3983,44.80,7027.9,1,1.0,0.0,0.0,-0.055,0.847,0.989,48.2,48.2,78.8,78.7,0.0041,0.1824,godot_parity_session,2026-08-15T00:00:00Z,60,PHY-010,res://scenes/tracks/test_field/la_chutana_generated.tscn,VehicleRigidBody,res://scenes/vehicles/f1_94/f1_94.tscn,res://addons/formula90s/scripts/f1_94_rust_vehicle.gd,1,{}
4000,45.01,7067.1,1,1.0,0.0,0.0,0.054,0.853,0.989,48.1,48.1,78.8,78.8,0.0040,0.1835,godot_parity_session,2026-08-15T00:00:00Z,60,PHY-010,res://scenes/tracks/test_field/la_chutana_generated.tscn,VehicleRigidBody,res://scenes/vehicles/f1_94/f1_94.tscn,res://addons/formula90s/scripts/f1_94_rust_vehicle.gd,1,{}
4016,45.22,7106.8,1,1.0,0.0,0.0,-0.052,0.858,0.989,48.0,48.0,78.9,78.9,0.0040,0.1845,godot_parity_session,2026-08-15T00:00:00Z,60,PHY-010,res://scenes/tracks/test_field/la_chutana_generated.tscn,VehicleRigidBody,res://scenes/vehicles/f1_94/f1_94.tscn,res://addons/formula90s/scripts/f1_94_rust_vehicle.gd,1,{}
4033,45.43,7146.7,1,1.0,0.0,0.0,0.050,0.863,0.988,47.9,48.0,79.0,79.0,0.0040,0.1856,godot_parity_session,2026-08-15T00:00:00Z,60,PHY-010,res://scenes/tracks/test_field/la_chutana_generated.tscn,VehicleRigidBody,res://scenes/vehicles/f1_94/f1_94.tscn,res://addons/formula90s/scripts/f1_94_rust_vehicle.gd,1,{}
4050,45.65,7187.1,1,1.0,0.0,0.0,-0.048,0.869,0.988,47.9,47.8,79.1,79.1,0.0040,0.1867,godot_parity_session,2026-08-15T00:00:00Z,60,PHY-010,res://scenes/tracks/test_field/la_chutana_generated.tscn,VehicleRigidBody,res://scenes/vehicles/f1_94/f1_94.tscn,res://addons/formula90s/scripts/f1_94_rust_vehicle.gd,1,{}
4066,45.86,7227.8,1,1.0,0.0,0.0,0.046,0.874,0.988,47.7,47.8,79.1,79.2,0.0040,0.1878,godot_parity_session,2026-08-15T00:00:00Z,60,PHY-010,res://scenes/tracks/test_field/la_chutana_generated.tscn,VehicleRigidBody,res://scenes/vehicles/f1_94/f1_94.tscn,res://addons/formula90s/scripts/f1_94_rust_vehicle.gd,1,{}
4083,46.07,7268.8,1,1.0,0.0,0.0,-0.044,0.880,0.988,47.7,47.6,79.2,79.2,0.0040,0.1889,godot_parity_session,2026-08-15T00:00:00Z,60,PHY-010,res://scenes/tracks/test_field/la_chutana_generated.tscn,VehicleRigidBody,res://scenes/vehicles/f1_94/f1_94.tscn,res://addons/formula90s/scripts/f1_94_rust_vehicle.gd,1,{}
4100,46.29,7310.2,1,1.0,0.0,0.0,0.042,0.886,0.988,47.5,47.5,79.3,79.3,0.0040,0.1901,godot_parity_session,2026-08-15T00:00:00Z,60,PHY-010,res://scenes/tracks/test_field/la_chutana_generated.tscn,VehicleRigidBody,res://scenes/vehicles/f1_94/f1_94.tscn,res://addons/formula90s/scripts/f1_94_rust_vehicle.gd,1,{}
4116,46.51,7352.0,1,1.0,0.0,0.0,-0.040,0.891,0.988,47.4,47.4,79.4,79.4,0.0040,0.1912,godot_parity_session,2026-08-15T00:00:00Z,60,PHY-010,res://scenes/tracks/test_field/la_chutana_generated.tscn,VehicleRigidBody,res://scenes/vehicles/f1_94/f1_94.tscn,res://addons/formula90s/scripts/f1_94_rust_vehicle.gd,1,{}
4133,46.73,7394.1,1,1.0,0.0,0.0,0.038,0.897,0.987,47.3,47.3,79.5,79.5,0.0040,0.1924,godot_parity_session,2026-08-15T00:00:00Z,60,PHY-010,res://scenes/tracks/test_field/la_chutana_generated.tscn,VehicleRigidBody,res://scenes/vehicles/f1_94/f1_94.tscn,res://addons/formula90s/scripts/f1_94_rust_vehicle.gd,1,{}
4150,46.95,7436.6,1,1.0,0.0,0.0,-0.035,0.903,0.987,47.2,47.2,79.6,79.6,0.0040,0.1935,godot_parity_session,2026-08-15T00:00:00Z,60,PHY-010,res://scenes/tracks/test_field/la_chutana_generated.tscn,VehicleRigidBody,res://scenes/vehicles/f1_94/f1_94.tscn,res://addons/formula90s/scripts/f1_94_rust_vehicle.gd,1,{}
4166,47.17,7479.4,1,1.0,0.0,0.0,0.033,0.909,0.987,47.1,47.1,79.7,79.7,0.0040,0.1947,godot_parity_session,2026-08-15T00:00:00Z,60,PHY-010,res://scenes/tracks/test_field/la_chutana_generated.tscn,VehicleRigidBody,res://scenes/vehicles/f1_94/f1_94.tscn,res://addons/formula90s/scripts/f1_94_rust_vehicle.gd,1,{}
4183,47.40,7522.6,1,1.0,0.0,0.0,-0.031,0.915,0.987,47.0,47.0,79.8,79.8,0.0040,0.1959,godot_parity_session,2026-08-15T00:00:00Z,60,PHY-010,res://scenes/tracks/test_field/la_chutana_generated.tscn,VehicleRigidBody,res://scenes/vehicles/f1_94/f1_94.tscn,res://addons/formula90s/scripts/f1_94_rust_vehicle.gd,1,{}
4200,47.62,7566.2,1,1.0,0.0,0.0,0.029,0.921,0.987,46.9,46.9,79.9,79.9,0.0039,0.1970,godot_parity_session,2026-08-15T00:00:00Z,60,PHY-010,res://scenes/tracks/test_field/la_chutana_generated.tscn,VehicleRigidBody,res://scenes/vehicles/f1_94/f1_94.tscn,res://addons/formula90s/scripts/f1_94_rust_vehicle.gd,1,{}
4216,47.85,7610.0,1,1.0,0.0,0.0,-0.027,0.927,0.987,46.7,46.7,80.0,80.0,0.0039,0.1982,godot_parity_session,2026-08-15T00:00:00Z,60,PHY-010,res://scenes/tracks/test_field/la_chutana_generated.tscn,VehicleRigidBody,res://scenes/vehicles/f1_94/f1_94.tscn,res://addons/formula90s/scripts/f1_94_rust_vehicle.gd,1,{}
4233,48.08,7654.0,1,1.0,0.0,0.0,0.024,0.934,0.986,46.6,46.6,80.1,80.1,0.0039,0.1993,godot_parity_session,2026-08-15T00:00:00Z,60,PHY-010,res://scenes/tracks/test_field/la_chutana_generated.tscn,VehicleRigidBody,res://scenes/vehicles/f1_94/f1_94.tscn,res://addons/formula90s/scripts/f1_94_rust_vehicle.gd,1,{}
4250,48.31,7698.4,1,1.0,0.0,0.0,-0.022,0.940,0.986,46.5,46.5,80.2,80.2,0.0039,0.2005,godot_parity_session,2026-08-15T00:00:00Z,60,PHY-010,res://scenes/tracks/test_field/la_chutana_generated.tscn,VehicleRigidBody,res://scenes/vehicles/f1_94/f1_94.tscn,res://addons/formula90s/scripts/f1_94_rust_vehicle.gd,1,{}
4266,48.54,7743.1,1,1.0,0.0,0.0,0.020,0.946,0.986,46.4,46.4,80.3,80.3,0.0039,0.2016,godot_parity_session,2026-08-15T00:00:00Z,60,PHY-010,res://scenes/tracks/test_field/la_chutana_generated.tscn,VehicleRigidBody,res://scenes/vehicles/f1_94/f1_94.tscn,res://addons/formula90s/scripts/f1_94_rust_vehicle.gd,1,{}
4283,48.77,7788.0,1,1.0,0.0,0.0,-0.017,0.952,0.986,46.2,46.2,80.4,80.4,0.0039,0.2027,godot_parity_session,2026-08-15T00:00:00Z,60,PHY-010,res://scenes/tracks/test_field/la_chutana_generated.tscn,VehicleRigidBody,res://scenes/vehicles/f1_94/f1_94.tscn,res://addons/formula90s/scripts/f1_94_rust_vehicle.gd,1,{}
4300,49.01,7833.3,1,1.0,0.0,0.0,0.015,0.959,0.986,46.1,46.1,80.5,80.5,0.0039,0.2038,godot_parity_session,2026-08-15T00:00:00Z,60,PHY-010,res://scenes/tracks/test_field/la_chutana_generated.tscn,VehicleRigidBody,res://scenes/vehicles/f1_94/f1_94.tscn,res://addons/formula90s/scripts/f1_94_rust_vehicle.gd,1,{}
4316,49.25,7878.8,1,1.0,0.0,0.0,-0.013,0.965,0.986,46.0,46.0,80.6,80.6,0.0039,0.2050,godot_parity_session,2026-08-15T00:00:00Z,60,PHY-010,res://scenes/tracks/test_field/la_chutana_generated.tscn,VehicleRigidBody,res://scenes/vehicles/f1_94/f1_94.tscn,res://addons/formula90s/scripts/f1_94_rust_vehicle.gd,1,{}
4333,49.49,7924.7,1,1.0,0.0,0.0,0.010,0.971,0.985,45.8,45.8,80.7,80.7,0.0039,0.2061,godot_parity_session,2026-08-15T00:00:00Z,60,PHY-010,res://scenes/tracks/test_field/la_chutana_generated.tscn,VehicleRigidBody,res://scenes/vehicles/f1_94/f1_94.tscn,res://addons/formula90s/scripts/f1_94_rust_vehicle.gd,1,{}
4350,49.73,7970.8,1,1.0,0.0,0.0,-0.008,0.978,0.985,45.7,45.7,80.9,80.9,0.0039,0.2072,godot_parity_session,2026-08-15T00:00:00Z,60,PHY-010,res://scenes/tracks/test_field/la_chutana_generated.tscn,VehicleRigidBody,res://scenes/vehicles/f1_94/f1_94.tscn,res://addons/formula90s/scripts/f1_94_rust_vehicle.gd,1,{}
4366,49.97,8017.3,1,1.0,0.0,0.0,0.005,0.984,0.985,45.6,45.6,81.0,81.0,0.0039,0.2083,godot_parity_session,2026-08-15T00:00:00Z,60,PHY-010,res://scenes/tracks/test_field/la_chutana_generated.tscn,VehicleRigidBody,res://scenes/vehicles/f1_94/f1_94.tscn,res://addons/formula90s/scripts/f1_94_rust_vehicle.gd,1,{}
4383,50.21,8064.1,1,1.0,0.0,0.0,-0.003,0.991,0.985,45.4,45.4,81.1,81.1,0.0039,0.2094,godot_parity_session,2026-08-15T00:00:00Z,60,PHY-010,res://scenes/tracks/test_field/la_chutana_generated.tscn,VehicleRigidBody,res://scenes/vehicles/f1_94/f1_94.tscn,res://addons/formula90s/scripts/f1_94_rust_vehicle.gd,1,{}
4400,50.46,8111.1,1,1.0,0.0,0.0,0.000,0.993,0.985,45.3,45.3,81.2,81.2,0.0039,0.2105,godot_parity_session,2026-08-15T00:00:00Z,60,PHY-010,res://scenes/tracks/test_field/la_chutana_generated.tscn,VehicleRigidBody,res://scenes/vehicles/f1_94/f1_94.tscn,res://addons/formula90s/scripts/f1_94_rust_vehicle.gd,1,{}
4416,50.70,8158.7,1,1.0,0.0,0.0,0.001,0.994,0.984,45.2,45.2,81.3,81.3,0.0038,0.2117,godot_parity_session,2026-08-15T00:00:00Z,60,PHY-010,res://scenes/tracks/test_field/la_chutana_generated.tscn,VehicleRigidBody,res://scenes/vehicles/f1_94/f1_94.tscn,res://addons/formula90s/scripts/f1_94_rust_vehicle.gd,1,{}
4433,50.95,8206.9,1,1.0,0.0,0.0,-0.001,0.995,0.984,45.0,45.0,81.4,81.4,0.0038,0.2129,godot_parity_session,2026-08-15T00:00:00Z,60,PHY-010,res://scenes/tracks/test_field/la_chutana_generated.tscn,VehicleRigidBody,res://scenes/vehicles/f1_94/f1_94.tscn,res://addons/formula90s/scripts/f1_94_rust_vehicle.gd,1,{}
4450,51.20,8255.7,1,1.0,0.0,0.0,0.001,0.996,0.984,44.9,44.9,81.6,81.6,0.0038,0.2142,godot_parity_session,2026-08-15T00:00:00Z,60,PHY-010,res://scenes/tracks/test_field/la_chutana_generated.tscn,VehicleRigidBody,res://scenes/vehicles/f1_94/f1_94.tscn,res://addons/formula90s/scripts/f1_94_rust_vehicle.gd,1,{}
4466,51.44,8305.1,1,1.0,0.0,0.0,-0.001,0.996,0.984,44.8,44.8,81.7,81.7,0.0038,0.2155,godot_parity_session,2026-08-15T00:00:00Z,60,PHY-010,res://scenes/tracks/test_field/la_chutana_generated.tscn,VehicleRigidBody,res://scenes/vehicles/f1_94/f1_94.tscn,res://addons/formula90s/scripts/f1_94_rust_vehicle.gd,1,{}
4483,51.69,8355.2,1,1.0,0.0,0.0,0.001,0.997,0.983,44.6,44.6,81.8,81.8,0.0038,0.2170,godot_parity_session,2026-08-15T00:00:00Z,60,PHY-010,res://scenes/tracks/test_field/la_chutana_generated.tscn,VehicleRigidBody,res://scenes/vehicles/f1_94/f1_94.tscn,res://addons/formula90s/scripts/f1_94_rust_vehicle.gd,1,{}
4500,51.93,8405.8,1,1.0,0.0,0.0,-0.001,0.997,0.983,44.5,44.5,81.9,81.9,0.0037,0.2185,godot_parity_session,2026-08-15T00:00:00Z,60,PHY-010,res://scenes/tracks/test_field/la_chutana_generated.tscn,VehicleRigidBody,res://scenes/vehicles/f1_94/f1_94.tscn,res://addons/formula90s/scripts/f1_94_rust_vehicle.gd,1,{}
4516,52.18,8457.2,1,1.0,0.0,0.0,0.001,0.997,0.983,44.4,44.4,82.0,82.0,0.0037,0.2201,godot_parity_session,2026-08-15T00:00:00Z,60,PHY-010,res://scenes/tracks/test_field/la_chutana_generated.tscn,VehicleRigidBody,res://scenes/vehicles/f1_94/f1_94.tscn,res://addons/formula90s/scripts/f1_94_rust_vehicle.gd,1,{}
4533,52.42,8509.2,1,1.0,0.0,0.0,-0.001,0.998,0.983,44.3,44.3,82.1,82.1,0.0037,0.2217,godot_parity_session,2026-08-15T00:00:00Z,60,PHY-010,res://scenes/tracks/test_field/la_chutana_generated.tscn,VehicleRigidBody,res://scenes/vehicles/f1_94/f1_94.tscn,res://addons/formula90s/scripts/f1_94_rust_vehicle.gd,1,{}
4550,52.67,8561.8,1,1.0,0.0,0.0,0.001,0.998,0.982,44.2,44.2,82.2,82.2,0.0037,0.2235,godot_parity_session,2026-08-15T00:00:00Z,60,PHY-010,res://scenes/tracks/test_field/la_chutana_generated.tscn,VehicleRigidBody,res://scenes/vehicles/f1_94/f1_94.tscn,res://addons/formula90s/scripts/f1_94_rust_vehicle.gd,1,{}
4566,52.91,8615.2,1,1.0,0.0,0.0,-0.001,0.998,0.982,44.1,44.1,82.3,82.3,0.0037,0.2253,godot_parity_session,2026-08-15T00:00:00Z,60,PHY-010,res://scenes/tracks/test_field/la_chutana_generated.tscn,VehicleRigidBody,res://scenes/vehicles/f1_94/f1_94.tscn,res://addons/formula90s/scripts/f1_94_rust_vehicle.gd,1,{}
4583,53.16,8669.2,1,1.0,0.0,0.0,0.001,0.998,0.982,44.0,44.0,82.4,82.4,0.0036,0.2272,godot_parity_session,2026-08-15T00:00:00Z,60,PHY-010,res://scenes/tracks/test_field/la_chutana_generated.tscn,VehicleRigidBody,res://scenes/vehicles/f1_94/f1_94.tscn,res://addons/formula90s/scripts/f1_94_rust_vehicle.gd,1,{}
4600,53.40,8724.0,1,1.0,0.0,0.0,-0.001,0.998,0.982,43.9,43.9,82.4,82.4,0.0036,0.2292,godot_parity_session,2026-08-15T00:00:00Z,60,PHY-010,res://scenes/tracks/test_field/la_chutana_generated.tscn,VehicleRigidBody,res://scenes/vehicles/f1_94/f1_94.tscn,res://addons/formula90s/scripts/f1_94_rust_vehicle.gd,1,{}
4616,53.65,8779.5,1,1.0,0.0,0.0,0.001,0.998,0.982,43.9,43.9,82.5,82.5,0.0036,0.2313,godot_parity_session,2026-08-15T00:00:00Z,60,PHY-010,res://scenes/tracks/test_field/la_chutana_generated.tscn,VehicleRigidBody,res://scenes/vehicles/f1_94/f1_94.tscn,res://addons/formula90s/scripts/f1_94_rust_vehicle.gd,1,{}
4633,53.89,8835.7,1,1.0,0.0,0.0,-0.001,0.998,0.982,43.8,43.8,82.6,82.6,0.0036,0.2334,godot_parity_session,2026-08-15T00:00:00Z,60,PHY-010,res://scenes/tracks/test_field/la_chutana_generated.tscn,VehicleRigidBody,res://scenes/vehicles/f1_94/f1_94.tscn,res://addons/formula90s/scripts/f1_94_rust_vehicle.gd,1,{}
4650,54.14,8892.6,1,1.0,0.0,0.0,0.001,0.999,0.982,43.8,43.8,82.7,82.7,0.0036,0.2356,godot_parity_session,2026-08-15T00:00:00Z,60,PHY-010,res://scenes/tracks/test_field/la_chutana_generated.tscn,VehicleRigidBody,res://scenes/vehicles/f1_94/f1_94.tscn,res://addons/formula90s/scripts/f1_94_rust_vehicle.gd,1,{}
4666,54.38,8950.3,1,1.0,0.0,0.0,-0.001,0.999,0.982,43.7,43.7,82.7,82.7,0.0035,0.2379,godot_parity_session,2026-08-15T00:00:00Z,60,PHY-010,res://scenes/tracks/test_field/la_chutana_generated.tscn,VehicleRigidBody,res://scenes/vehicles/f1_94/f1_94.tscn,res://addons/formula90s/scripts/f1_94_rust_vehicle.gd,1,{}
4683,54.63,9008.7,1,1.0,0.0,0.0,0.001,0.999,0.982,43.6,43.6,82.8,82.8,0.0035,0.2403,godot_parity_session,2026-08-15T00:00:00Z,60,PHY-010,res://scenes/tracks/test_field/la_chutana_generated.tscn,VehicleRigidBody,res://scenes/vehicles/f1_94/f1_94.tscn,res://addons/formula90s/scripts/f1_94_rust_vehicle.gd,1,{}
4700,54.87,9067.9,1,1.0,0.0,0.0,-0.001,0.999,0.982,43.6,43.6,82.9,82.9,0.0035,0.2428,godot_parity_session,2026-08-15T00:00:00Z,60,PHY-010,res://scenes/tracks/test_field/la_chutana_generated.tscn,VehicleRigidBody,res://scenes/vehicles/f1_94/f1_94.tscn,res://addons/formula90s/scripts/f1_94_rust_vehicle.gd,1,{}
4716,55.11,9127.9,1,1.0,0.0,0.0,0.001,0.999,0.982,43.6,43.6,83.0,83.0,0.0035,0.2454,godot_parity_session,2026-08-15T00:00:00Z,60,PHY-010,res://scenes/tracks/test_field/la_chutana_generated.tscn,VehicleRigidBody,res://scenes/vehicles/f1_94/f1_94.tscn,res://addons/formula90s/scripts/f1_94_rust_vehicle.gd,1,{}
4733,55.36,9188.7,1,1.0,0.0,0.0,-0.001,0.999,0.982,43.5,43.5,83.0,83.0,0.0035,0.2480,godot_parity_session,2026-08-15T00:00:00Z,60,PHY-010,res://scenes/tracks/test_field/la_chutana_generated.tscn,VehicleRigidBody,res://scenes/vehicles/f1_94/f1_94.tscn,res://addons/formula90s/scripts/f1_94_rust_vehicle.gd,1,{}
4750,55.60,9250.2,1,1.0,0.0,0.0,0.001,1.000,0.982,43.5,43.5,83.1,83.1,0.0034,0.2507,godot_parity_session,2026-08-15T00:00:00Z,60,PHY-010,res://scenes/tracks/test_field/la_chutana_generated.tscn,VehicleRigidBody,res://scenes/vehicles/f1_94/f1_94.tscn,res://addons/formula90s/scripts/f1_94_rust_vehicle.gd,1,{}
4766,55.84,9312.5,1,1.0,0.0,0.0,-0.001,1.000,0.982,43.5,43.5,83.1,83.1,0.0034,0.2535,godot_parity_session,2026-08-15T00:00:00Z,60,PHY-010,res://scenes/tracks/test_field/la_chutana_generated.tscn,VehicleRigidBody,res://scenes/vehicles/f1_94/f1_94.tscn,res://addons/formula90s/scripts/f1_94_rust_vehicle.gd,1,{}
4783,56.09,9375.7,1,1.0,0.0,0.0,0.001,1.000,0.982,43.5,43.5,83.2,83.2,0.0034,0.2564,godot_parity_session,2026-08-15T00:00:00Z,60,PHY-010,res://scenes/tracks/test_field/la_chutana_generated.tscn,VehicleRigidBody,res://scenes/vehicles/f1_94/f1_94.tscn,res://addons/formula90s/scripts/f1_94_rust_vehicle.gd,1,{}
4800,56.33,9439.6,1,1.0,0.0,0.0,-0.001,1.000,0.982,43.4,43.4,83.3,83.3,0.0034,0.2593,godot_parity_session,2026-08-15T00:00:00Z,60,PHY-010,res://scenes/tracks/test_field/la_chutana_generated.tscn,VehicleRigidBody,res://scenes/vehicles/f1_94/f1_94.tscn,res://addons/formula90s/scripts/f1_94_rust_vehicle.gd,1,{}
4816,56.57,9504.4,1,1.0,0.0,0.0,0.001,1.001,0.982,43.4,43.4,83.3,83.3,0.0034,0.2624,godot_parity_session,2026-08-15T00:00:00Z,60,PHY-010,res://scenes/tracks/test_field/la_chutana_generated.tscn,VehicleRigidBody,res://scenes/vehicles/f1_94/f1_94.tscn,res://addons/formula90s/scripts/f1_94_rust_vehicle.gd,1,{}
4833,56.81,9570.1,1,1.0,0.0,0.0,-0.001,1.001,0.982,43.4,43.4,83.4,83.4,0.0034,0.2655,godot_parity_session,2026-08-15T00:00:00Z,60,PHY-010,res://scenes/tracks/test_field/la_chutana_generated.tscn,VehicleRigidBody,res://scenes/vehicles/f1_94/f1_94.tscn,res://addons/formula90s/scripts/f1_94_rust_vehicle.gd,1,{}
4850,57.06,9636.6,1,1.0,0.0,0.0,0.001,1.001,0.982,43.4,43.4,83.4,83.4,0.0033,0.2688,godot_parity_session,2026-08-15T00:00:00Z,60,PHY-010,res://scenes/tracks/test_field/la_chutana_generated.tscn,VehicleRigidBody,res://scenes/vehicles/f1_94/f1_94.tscn,res://addons/formula90s/scripts/f1_94_rust_vehicle.gd,1,{}
4866,57.30,9703.9,1,1.0,0.0,0.0,-0.001,1.002,0.982,43.4,43.4,83.5,83.5,0.0033,0.2720,godot_parity_session,2026-08-15T00:00:00Z,60,PHY-010,res://scenes/tracks/test_field/la_chutana_generated.tscn,VehicleRigidBody,res://scenes/vehicles/f1_94/f1_94.tscn,res://addons/formula90s/scripts/f1_94_rust_vehicle.gd,1,{}
4883,57.54,9772.1,1,1.0,0.0,0.0,0.001,1.002,0.982,43.4,43.4,83.5,83.5,0.0033,0.2754,godot_parity_session,2026-08-15T00:00:00Z,60,PHY-010,res://scenes/tracks/test_field/la_chutana_generated.tscn,VehicleRigidBody,res://scenes/vehicles/f1_94/f1_94.tscn,res://addons/formula90s/scripts/f1_94_rust_vehicle.gd,1,{}
4900,57.78,9841.2,1,1.0,0.0,0.0,-0.001,1.002,0.982,43.4,43.4,83.6,83.6,0.0033,0.2789,godot_parity_session,2026-08-15T00:00:00Z,60,PHY-010,res://scenes/tracks/test_field/la_chutana_generated.tscn,VehicleRigidBody,res://scenes/vehicles/f1_94/f1_94.tscn,res://addons/formula90s/scripts/f1_94_rust_vehicle.gd,1,{}
4916,58.02,9911.2,1,1.0,0.0,0.0,0.001,1.003,0.982,43.4,43.4,83.7,83.7,0.0033,0.2825,godot_parity_session,2026-08-15T00:00:00Z,60,PHY-010,res://scenes/tracks/test_field/la_chutana_generated.tscn,VehicleRigidBody,res://scenes/vehicles/f1_94/f1_94.tscn,res://addons/formula90s/scripts/f1_94_rust_vehicle.gd,1,{}
4933,58.27,9982.1,1,1.0,0.0,0.0,-0.001,1.003,0.982,43.4,43.4,83.7,83.7,0.0033,0.2861,godot_parity_session,2026-08-15T00:00:00Z,60,PHY-010,res://scenes/tracks/test_field/la_chutana_generated.tscn,VehicleRigidBody,res://scenes/vehicles/f1_94/f1_94.tscn,res://addons/formula90s/scripts/f1_94_rust_vehicle.gd,1,{}
4950,58.51,10053.9,1,1.0,0.0,0.0,0.001,1.003,0.982,43.4,43.4,83.8,83.8,0.0032,0.2898,godot_parity_session,2026-08-15T00:00:00Z,60,PHY-010,res://scenes/tracks/test_field/la_chutana_generated.tscn,VehicleRigidBody,res://scenes/vehicles/f1_94/f1_94.tscn,res://addons/formula90s/scripts/f1_94_rust_vehicle.gd,1,{}
4966,58.75,10126.6,1,1.0,0.0,0.0,-0.001,1.004,0.982,43.4,43.4,83.8,83.8,0.0032,0.2936,godot_parity_session,2026-08-15T00:00:00Z,60,PHY-010,res://scenes/tracks/test_field/la_chutana_generated.tscn,VehicleRigidBody,res://scenes/vehicles/f1_94/f1_94.tscn,res://addons/formula90s/scripts/f1_94_rust_vehicle.gd,1,{}
4983,58.99,10200.3,1,1.0,0.0,0.0,0.001,1.004,0.982,43.4,43.4,83.9,83.9,0.0032,0.2975,godot_parity_session,2026-08-15T00:00:00Z,60,PHY-010,res://scenes/tracks/test_field/la_chutana_generated.tscn,VehicleRigidBody,res://scenes/vehicles/f1_94/f1_94.tscn,res://addons/formula90s/scripts/f1_94_rust_vehicle.gd,1,{}
5000,59.23,10275.0,1,1.0,0.0,0.0,-0.001,1.005,0.982,43.4,43.4,83.9,83.9,0.0032,0.3015,godot_parity_session,2026-08-15T00:00:00Z,60,PHY-010,res://scenes/tracks/test_field/la_chutana_generated.tscn,VehicleRigidBody,res://scenes/vehicles/f1_94/f1_94.tscn,res://addons/formula90s/scripts/f1_94_rust_vehicle.gd,1,{}
5016,59.47,10350.5,1,1.0,0.0,0.0,0.001,1.005,0.982,43.4,43.4,84.0,84.0,0.0032,0.3055,godot_parity_session,2026-08-15T00:00:00Z,60,PHY-010,res://scenes/tracks/test_field/la_chutana_generated.tscn,VehicleRigidBody,res://scenes/vehicles/f1_94/f1_94.tscn,res://addons/formula90s/scripts/f1_94_rust_vehicle.gd,1,{}
5033,59.72,10427.1,1,1.0,0.0,0.0,-0.001,1.005,0.982,43.4,43.4,84.0,84.0,0.0032,0.3097,godot_parity_session,2026-08-15T00:00:00Z,60,PHY-010,res://scenes/tracks/test_field/la_chutana_generated.tscn,VehicleRigidBody,res://scenes/vehicles/f1_94/f1_94.tscn,res://addons/formula90s/scripts/f1_94_rust_vehicle.gd,1,{}
5050,59.96,10504.7,1,1.0,0.0,0.0,0.001,1.006,0.982,43.5,43.5,84.1,84.1,0.0032,0.3139,godot_parity_session,2026-08-15T00:00:00Z,60,PHY-010,res://scenes/tracks/test_field/la_chutana_generated.tscn,VehicleRigidBody,res://scenes/vehicles/f1_94/f1_94.tscn,res://addons/formula90s/scripts/f1_94_rust_vehicle.gd,1,{}
5066,60.20,10583.2,1,1.0,0.0,0.0,-0.001,1.006,0.982,43.5,43.5,84.1,84.1,0.0031,0.3182,godot_parity_session,2026-08-15T00:00:00Z,60,PHY-010,res://scenes/tracks/test_field/la_chutana_generated.tscn,VehicleRigidBody,res://scenes/vehicles/f1_94/f1_94.tscn,res://addons/formula90s/scripts/f1_94_rust_vehicle.gd,1,{}
5083,60.44,10662.5,1,1.0,0.0,0.0,0.001,1.007,0.982,43.5,43.5,84.2,84.2,0.0031,0.3226,godot_parity_session,2026-08-15T00:00:00Z,60,PHY-010,res://scenes/tracks/test_field/la_chutana_generated.tscn,VehicleRigidBody,res://scenes/vehicles/f1_94/f1_94.tscn,res://addons/formula90s/scripts/f1_94_rust_vehicle.gd,1,{}
5100,60.68,10742.4,1,1.0,0.0,0.0,-0.001,1.007,0.982,43.5,43.5,84.2,84.2,0.0031,0.3269,godot_parity_session,2026-08-15T00:00:00Z,60,PHY-010,res://scenes/tracks/test_field/la_chutana_generated.tscn,VehicleRigidBody,res://scenes/vehicles/f1_94/f1_94.tscn,res://addons/formula90s/scripts/f1_94_rust_vehicle.gd,1,{}
5116,60.92,10822.7,1,1.0,0.0,0.0,0.001,1.007,0.982,43.5,43.5,84.3,84.3,0.0031,0.3313,godot_parity_session,2026-08-15T00:00:00Z,60,PHY-010,res://scenes/tracks/test_field/la_chutana_generated.tscn,VehicleRigidBody,res://scenes/vehicles/f1_94/f1_94.tscn,res://addons/formula90s/scripts/f1_94_rust_vehicle.gd,1,{}
5133,61.16,10903.4,1,1.0,0.0,0.0,-0.000,1.008,0.982,43.5,43.5,84.3,84.3,0.0031,0.3357,godot_parity_session,2026-08-15T00:00:00Z,60,PHY-010,res://scenes/tracks/test_field/la_chutana_generated.tscn,VehicleRigidBody,res://scenes/vehicles/f1_94/f1_94.tscn,res://addons/formula90s/scripts/f1_94_rust_vehicle.gd,1,{}
5150,61.40,10984.7,1,1.0,0.0,0.0,0.000,1.008,0.982,43.6,43.6,84.4,84.4,0.0031,0.3401,godot_parity_session,2026-08-15T00:00:00Z,60,PHY-010,res://scenes/tracks/test_field/la_chutana_generated.tscn,VehicleRigidBody,res://scenes/vehicles/f1_94/f1_94.tscn,res://addons/formula90s/scripts/f1_94_rust_vehicle.gd,1,{}
5166,61.64,11066.4,1,1.0,0.0,0.0,-0.000,1.009,0.982,43.6,43.6,84.4,84.4,0.0031,0.3445,godot_parity_session,2026-08-15T00:00:00Z,60,PHY-010,res://scenes/tracks/test_field/la_chutana_generated.tscn,VehicleRigidBody,res://scenes/vehicles/f1_94/f1_94.tscn,res://addons/formula90s/scripts/f1_94_rust_vehicle.gd,1,{}
5183,61.88,11148.7,1,1.0,0.0,0.0,0.000,1.009,0.982,43.6,43.6,84.5,84.5,0.0030,0.3490,godot_parity_session,2026-08-15T00:00:00Z,60,PHY-010,res://scenes/tracks/test_field/la_chutana_generated.tscn,VehicleRigidBody,res://scenes/vehicles/f1_94/f1_94.tscn,res://addons/formula90s/scripts/f1_94_rust_vehicle.gd,1,{}
5200,62.13,11231.4,1,1.0,0.0,0.0,-0.000,1.010,0.982,43.6,43.6,84.6,84.6,0.0030,0.3535,godot_parity_session,2026-08-15T00:00:00Z,60,PHY-010,res://scenes/tracks/test_field/la_chutana_generated.tscn,VehicleRigidBody,res://scenes/vehicles/f1_94/f1_94.tscn,res://addons/formula90s/scripts/f1_94_rust_vehicle.gd,1,{}
5216,62.37,11314.6,1,1.0,0.0,0.0,0.000,1.010,0.982,43.6,43.6,84.6,84.6,0.0030,0.3580,godot_parity_session,2026-08-15T00:00:00Z,60,PHY-010,res://scenes/tracks/test_field/la_chutana_generated.tscn,VehicleRigidBody,res://scenes/vehicles/f1_94/f1_94.tscn,res://addons/formula90s/scripts/f1_94_rust_vehicle.gd,1,{}
5233,62.61,11398.3,1,1.0,0.0,0.0,-0.000,1.011,0.982,43.7,43.7,84.7,84.7,0.0030,0.3625,godot_parity_session,2026-08-15T00:00:00Z,60,PHY-010,res://scenes/tracks/test_field/la_chutana_generated.tscn,VehicleRigidBody,res://scenes/vehicles/f1_94/f1_94.tscn,res://addons/formula90s/scripts/f1_94_rust_vehicle.gd,1,{}
5250,62.85,11482.5,1,1.0,0.0,0.0,0.000,1.011,0.982,43.7,43.7,84.7,84.7,0.0030,0.3671,godot_parity_session,2026-08-15T00:00:00Z,60,PHY-010,res://scenes/tracks/test_field/la_chutana_generated.tscn,VehicleRigidBody,res://scenes/vehicles/f1_94/f1_94.tscn,res://addons/formula90s/scripts/f1_94_rust_vehicle.gd,1,{}
5266,63.09,11567.2,1,1.0,0.0,0.0,-0.000,1.012,0.982,43.7,43.7,84.8,84.8,0.0030,0.3717,godot_parity_session,2026-08-15T00:00:00Z,60,PHY-010,res://scenes/tracks/test_field/la_chutana_generated.tscn,VehicleRigidBody,res://scenes/vehicles/f1_94/f1_94.tscn,res://addons/formula90s/scripts/f1_94_rust_vehicle.gd,1,{}
5283,63.33,11652.4,1,1.0,0.0,0.0,0.000,1.012,0.982,43.7,43.7,84.8,84.8,0.0030,0.3763,godot_parity_session,2026-08-15T00:00:00Z,60,PHY-010,res://scenes/tracks/test_field/la_chutana_generated.tscn,VehicleRigidBody,res://scenes/vehicles/f1_94/f1_94.tscn,res://addons/formula90s/scripts/f1_94_rust_vehicle.gd,1,{}
5300,63.57,11738.1,1,1.0,0.0,0.0,-0.000,1.013,0.982,43.7,43.7,84.9,84.9,0.0030,0.3809,godot_parity_session,2026-08-15T00:00:00Z,60,PHY-010,res://scenes/tracks/test_field/la_chutana_generated.tscn,VehicleRigidBody,res://scenes/vehicles/f1_94/f1_94.tscn,res://addons/formula90s/scripts/f1_94_rust_vehicle.gd,1,{}
5316,63.81,11824.3,1,1.0,0.0,0.0,0.000,1.013,0.982,43.8,43.8,84.9,84.9,0.0029,0.3856,godot_parity_session,2026-08-15T00:00:00Z,60,PHY-010,res://scenes/tracks/test_field/la_chutana_generated.tscn,VehicleRigidBody,res://scenes/vehicles/f1_94/f1_94.tscn,res://addons/formula90s/scripts/f1_94_rust_vehicle.gd,1,{}
5333,64.05,11911.0,1,1.0,0.0,0.0,-0.000,1.014,0.982,43.8,43.8,85.0,85.0,0.0029,0.3903,godot_parity_session,2026-08-15T00:00:00Z,60,PHY-010,res://scenes/tracks/test_field/la_chutana_generated.tscn,VehicleRigidBody,res://scenes/vehicles/f1_94/f1_94.tscn,res://addons/formula90s/scripts/f1_94_rust_vehicle.gd,1,{}
5350,64.29,11998.2,1,1.0,0.0,0.0,0.000,1.014,0.982,43.8,43.8,85.0,85.0,0.0029,0.3950,godot_parity_session,2026-08-15T00:00:00Z,60,PHY-010,res://scenes/tracks/test_field/la_chutana_generated.tscn,VehicleRigidBody,res://scenes/vehicles/f1_94/f1_94.tscn,res://addons/formula90s/scripts/f1_94_rust_vehicle.gd,1,{}
5366,64.53,12086.0,1,1.0,0.0,0.0,-0.000,1.015,0.982,43.8,43.8,85.1,85.1,0.0029,0.3997,godot_parity_session,2026-08-15T00:00:00Z,60,PHY-010,res://scenes/tracks/test_field/la_chutana_generated.tscn,VehicleRigidBody,res://scenes/vehicles/f1_94/f1_94.tscn,res://addons/formula90s/scripts/f1_94_rust_vehicle.gd,1,{}
5383,64.77,12174.3,1,1.0,0.0,0.0,0.000,1.015,0.982,43.9,43.9,85.2,85.2,0.0029,0.4045,godot_parity_session,2026-08-15T00:00:00Z,60,PHY-010,res://scenes/tracks/test_field/la_chutana_generated.tscn,VehicleRigidBody,res://scenes/vehicles/f1_94/f1_94.tscn,res://addons/formula90s/scripts/f1_94_rust_vehicle.gd,1,{}
5400,65.01,12263.0,1,1.0,0.0,0.0,-0.000,1.016,0.982,43.9,43.9,85.2,85.2,0.0029,0.4092,godot_parity_session,2026-08-15T00:00:00Z,60,PHY-010,res://scenes/tracks/test_field/la_chutana_generated.tscn,VehicleRigidBody,res://scenes/vehicles/f1_94/f1_94.tscn,res://addons/formula90s/scripts/f1_94_rust_vehicle.gd,1,{}
5416,65.25,12352.4,1,1.0,0.0,0.0,0.000,1.016,0.982,43.9,43.9,85.3,85.3,0.0029,0.4141,godot_parity_session,2026-08-15T00:00:00Z,60,PHY-010,res://scenes/tracks/test_field/la_chutana_generated.tscn,VehicleRigidBody,res://scenes/vehicles/f1_94/f1_94.tscn,res://addons/formula90s/scripts/f1_94_rust_vehicle.gd,1,{}
5433,65.49,12442.2,1,1.0,0.0,0.0,-0.000,1.017,0.982,44.0,44.0,85.3,85.3,0.0029,0.4189,godot_parity_session,2026-08-15T00:00:00Z,60,PHY-010,res://scenes/tracks/test_field/la_chutana_generated.tscn,VehicleRigidBody,res://scenes/vehicles/f1_94/f1_94.tscn,res://addons/formula90s/scripts/f1_94_rust_vehicle.gd,1,{}
5450,65.73,12532.6,1,1.0,0.0,0.0,0.000,1.017,0.982,44.0,44.0,85.4,85.4,0.0028,0.4237,godot_parity_session,2026-08-15T00:00:00Z,60,PHY-010,res://scenes/tracks/test_field/la_chutana_generated.tscn,VehicleRigidBody,res://scenes/vehicles/f1_94/f1_94.tscn,res://addons/formula90s/scripts/f1_94_rust_vehicle.gd,1,{}
5466,65.97,12623.5,1,1.0,0.0,0.0,-0.000,1.018,0.982,44.0,44.0,85.4,85.4,0.0028,0.4286,godot_parity_session,2026-08-15T00:00:00Z,60,PHY-010,res://scenes/tracks/test_field/la_chutana_generated.tscn,VehicleRigidBody,res://scenes/vehicles/f1_94/f1_94.tscn,res://addons/formula90s/scripts/f1_94_rust_vehicle.gd,1,{}
5483,66.21,12714.9,1,1.0,0.0,0.0,0.000,1.019,0.982,44.0,44.0,85.5,85.5,0.0028,0.4335,godot_parity_session,2026-08-15T00:00:00Z,60,PHY-010,res://scenes/tracks/test_field/la_chutana_generated.tscn,VehicleRigidBody,res://scenes/vehicles/f1_94/f1_94.tscn,res://addons/formula90s/scripts/f1_94_rust_vehicle.gd,1,{}
5500,66.45,12806.9,1,1.0,0.0,0.0,-0.000,1.019,0.982,44.1,44.1,85.6,85.6,0.0028,0.4385,godot_parity_session,2026-08-15T00:00:00Z,60,PHY-010,res://scenes/tracks/test_field/la_chutana_generated.tscn,VehicleRigidBody,res://scenes/vehicles/f1_94/f1_94.tscn,res://addons/formula90s/scripts/f1_94_rust_vehicle.gd,1,{}
5516,66.69,12899.4,1,1.0,0.0,0.0,0.000,1.020,0.982,44.1,44.1,85.6,85.6,0.0028,0.4434,godot_parity_session,2026-08-15T00:00:00Z,60,PHY-010,res://scenes/tracks/test_field/la_chutana_generated.tscn,VehicleRigidBody,res://scenes/vehicles/f1_94/f1_94.tscn,res://addons/formula90s/scripts/f1_94_rust_vehicle.gd,1,{}
5533,66.93,12992.5,1,1.0,0.0,0.0,-0.000,1.020,0.982,44.1,44.1,85.7,85.7,0.0028,0.4484,godot_parity_session,2026-08-15T00:00:00Z,60,PHY-010,res://scenes/tracks/test_field/la_chutana_generated.tscn,VehicleRigidBody,res://scenes/vehicles/f1_94/f1_94.tscn,res://addons/formula90s/scripts/f1_94_rust_vehicle.gd,1,{}
5550,67.17,13086.1,1,1.0,0.0,0.0,0.000,1.021,0.982,44.2,44.2,85.7,85.7,0.0028,0.4534,godot_parity_session,2026-08-15T00:00:00Z,60,PHY-010,res://scenes/tracks/test_field/la_chutana_generated.tscn,VehicleRigidBody,res://scenes/vehicles/f1_94/f1_94.tscn,res://addons/formula90s/scripts/f1_94_rust_vehicle.gd,1,{}
5566,67.40,13180.3,1,1.0,0.0,0.0,-0.000,1.021,0.982,44.2,44.2,85.8,85.8,0.0028,0.4584,godot_parity_session,2026-08-15T00:00:00Z,60,PHY-010,res://scenes/tracks/test_field/la_chutana_generated.tscn,VehicleRigidBody,res://scenes/vehicles/f1_94/f1_94.tscn,res://addons/formula90s/scripts/f1_94_rust_vehicle.gd,1,{}
5583,67.64,13275.0,1,1.0,0.0,0.0,0.000,1.022,0.982,44.2,44.2,85.9,85.9,0.0028,0.4635,godot_parity_session,2026-08-15T00:00:00Z,60,PHY-010,res://scenes/tracks/test_field/la_chutana_generated.tscn,VehicleRigidBody,res://scenes/vehicles/f1_94/f1_94.tscn,res://addons/formula90s/scripts/f1_94_rust_vehicle.gd,1,{}
5600,67.88,13370.3,1,1.0,0.0,0.0,-0.000,1.023,0.982,44.3,44.3,85.9,85.9,0.0027,0.4686,godot_parity_session,2026-08-15T00:00:00Z,60,PHY-010,res://scenes/tracks/test_field/la_chutana_generated.tscn,VehicleRigidBody,res://scenes/vehicles/f1_94/f1_94.tscn,res://addons/formula90s/scripts/f1_94_rust_vehicle.gd,1,{}
5616,68.12,13466.2,1,1.0,0.0,0.0,0.000,1.023,0.982,44.3,44.3,86.0,86.0,0.0027,0.4737,godot_parity_session,2026-08-15T00:00:00Z,60,PHY-010,res://scenes/tracks/test_field/la_chutana_generated.tscn,VehicleRigidBody,res://scenes/vehicles/f1_94/f1_94.tscn,res://addons/formula90s/scripts/f1_94_rust_vehicle.gd,1,{}
5633,68.36,13562.4,1,1.0,0.0,0.0,-0.000,1.024,0.982,44.3,44.3,86.0,86.0,0.0027,0.4788,godot_parity_session,2026-08-15T00:00:00Z,60,PHY-010,res://scenes/tracks/test_field/la_chutana_generated.tscn,VehicleRigidBody,res://scenes/vehicles/f1_94/f1_94.tscn,res://addons/formula90s/scripts/f1_94_rust_vehicle.gd,1,{}
5650,68.60,13658.8,1,1.0,0.0,0.0,0.000,1.024,0.982,44.4,44.4,86.1,86.1,0.0027,0.4838,godot_parity_session,2026-08-15T00:00:00Z,60,PHY-010,res://scenes/tracks/test_field/la_chutana_generated.tscn,VehicleRigidBody,res://scenes/vehicles/f1_94/f1_94.tscn,res://addons/formula90s/scripts/f1_94_rust_vehicle.gd,1,{}
5666,68.84,13755.2,1,1.0,0.0,0.0,-0.000,1.025,0.982,44.4,44.4,86.2,86.2,0.0027,0.4888,godot_parity_session,2026-08-15T00:00:00Z,60,PHY-010,res://scenes/tracks/test_field/la_chutana_generated.tscn,VehicleRigidBody,res://scenes/vehicles/f1_94/f1_94.tscn,res://addons/formula90s/scripts/f1_94_rust_vehicle.gd,1,{}
5683,69.08,13851.8,1,1.0,0.0,0.0,0.000,1.026,0.982,44.4,44.4,86.2,86.2,0.0027,0.4938,godot_parity_session,2026-08-15T00:00:00Z,60,PHY-010,res://scenes/tracks/test_field/la_chutana_generated.tscn,VehicleRigidBody,res://scenes/vehicles/f1_94/f1_94.tscn,res://addons/formula90s/scripts/f1_94_rust_vehicle.gd,1,{}
5700,69.32,13948.4,1,1.0,0.0,0.0,-0.000,1.026,0.982,44.5,44.5,86.3,86.3,0.0027,0.4988,godot_parity_session,2026-08-15T00:00:00Z,60,PHY-010,res://scenes/tracks/test_field/la_chutana_generated.tscn,VehicleRigidBody,res://scenes/vehicles/f1_94/f1_94.tscn,res://addons/formula90s/scripts/f1_94_rust_vehicle.gd,1,{}
5716,69.56,14045.0,1,1.0,0.0,0.0,0.000,1.027,0.982,44.5,44.5,86.4,86.4,0.0027,0.5037,godot_parity_session,2026-08-15T00:00:00Z,60,PHY-010,res://scenes/tracks/test_field/la_chutana_generated.tscn,VehicleRigidBody,res://scenes/vehicles/f1_94/f1_94.tscn,res://addons/formula90s/scripts/f1_94_rust_vehicle.gd,1,{}
5733,69.80,14141.8,1,1.0,0.0,0.0,-0.000,1.028,0.982,44.5,44.5,86.4,86.4,0.0027,0.5086,godot_parity_session,2026-08-15T00:00:00Z,60,PHY-010,res://scenes/tracks/test_field/la_chutana_generated.tscn,VehicleRigidBody,res://scenes/vehicles/f1_94/f1_94.tscn,res://addons/formula90s/scripts/f1_94_rust_vehicle.gd,1,{}
5750,70.04,14238.6,1,1.0,0.0,0.0,0.000,1.028,0.982,44.6,44.6,86.5,86.5,0.0026,0.5135,godot_parity_session,2026-08-15T00:00:00Z,60,PHY-010,res://scenes/tracks/test_field/la_chutana_generated.tscn,VehicleRigidBody,res://scenes/vehicles/f1_94/f1_94.tscn,res://addons/formula90s/scripts/f1_94_rust_vehicle.gd,1,{}
5766,70.28,14335.5,1,1.0,0.0,0.0,-0.000,1.029,0.982,44.6,44.6,86.6,86.6,0.0026,0.5184,godot_parity_session,2026-08-15T00:00:00Z,60,PHY-010,res://scenes/tracks/test_field/la_chutana_generated.tscn,VehicleRigidBody,res://scenes/vehicles/f1_94/f1_94.tscn,res://addons/formula90s/scripts/f1_94_rust_vehicle.gd,1,{}
5783,70.52,14432.4,1,1.0,0.0,0.0,0.000,1.029,0.982,44.7,44.7,86.6,86.6,0.0026,0.5232,godot_parity_session,2026-08-15T00:00:00Z,60,PHY-010,res://scenes/tracks/test_field/la_chutana_generated.tscn,VehicleRigidBody,res://scenes/vehicles/f1_94/f1_94.tscn,res://addons/formula90s/scripts/f1_94_rust_vehicle.gd,1,{}
5800,70.76,14529.4,1,1.0,0.0,0.0,-0.000,1.030,0.982,44.7,44.7,86.7,86.7,0.0026,0.5280,godot_parity_session,2026-08-15T00:00:00Z,60,PHY-010,res://scenes/tracks/test_field/la_chutana_generated.tscn,VehicleRigidBody,res://scenes/vehicles/f1_94/f1_94.tscn,res://addons/formula90s/scripts/f1_94_rust_vehicle.gd,1,{}
5816,70.99,14626.5,1,1.0,0.0,0.0,0.000,1.031,0.982,44.7,44.7,86.8,86.8,0.0026,0.5328,godot_parity_session,2026-08-15T00:00:00Z,60,PHY-010,res://scenes/tracks/test_field/la_chutana_generated.tscn,VehicleRigidBody,res://scenes/vehicles/f1_94/f1_94.tscn,res://addons/formula90s/scripts/f1_94_rust_vehicle.gd,1,{}
5833,71.23,14723.7,1,1.0,0.0,0.0,-0.000,1.031,0.981,44.8,44.8,86.8,86.8,0.0026,0.5376,godot_parity_session,2026-08-15T00:00:00Z,60,PHY-010,res://scenes/tracks/test_field/la_chutana_generated.tscn,VehicleRigidBody,res://scenes/vehicles/f1_94/f1_94.tscn,res://addons/formula90s/scripts/f1_94_rust_vehicle.gd,1,{}
5850,71.47,14820.9,1,1.0,0.0,0.0,0.000,1.032,0.981,44.8,44.8,86.9,86.9,0.0026,0.5423,godot_parity_session,2026-08-15T00:00:00Z,60,PHY-010,res://scenes/tracks/test_field/la_chutana_generated.tscn,VehicleRigidBody,res://scenes/vehicles/f1_94/f1_94.tscn,res://addons/formula90s/scripts/f1_94_rust_vehicle.gd,1,{}
5866,71.71,14918.2,1,1.0,0.0,0.0,-0.000,1.033,0.981,44.8,44.8,87.0,87.0,0.0026,0.5471,godot_parity_session,2026-08-15T00:00:00Z,60,PHY-010,res://scenes/tracks/test_field/la_chutana_generated.tscn,VehicleRigidBody,res://scenes/vehicles/f1_94/f1_94.tscn,res://addons/formula90s/scripts/f1_94_rust_vehicle.gd,1,{}
5883,71.95,15015.6,1,1.0,0.0,0.0,0.000,1.033,0.981,44.9,44.9,87.0,87.0,0.0026,0.5518,godot_parity_session,2026-08-15T00:00:00Z,60,PHY-010,res://scenes/tracks/test_field/la_chutana_generated.tscn,VehicleRigidBody,res://scenes/vehicles/f1_94/f1_94.tscn,res://addons/formula90s/scripts/f1_94_rust_vehicle.gd,1,{}
5900,72.19,15112.7,1,1.0,0.0,0.0,-0.000,1.034,0.981,44.9,44.9,87.1,87.1,0.0026,0.5563,godot_parity_session,2026-08-15T00:00:00Z,60,PHY-010,res://scenes/tracks/test_field/la_chutana_generated.tscn,VehicleRigidBody,res://scenes/vehicles/f1_94/f1_94.tscn,res://addons/formula90s/scripts/f1_94_rust_vehicle.gd,1,{}
5916,72.43,15209.2,1,1.0,0.0,0.0,0.000,1.035,0.981,45.0,45.0,87.2,87.2,0.0025,0.5608,godot_parity_session,2026-08-15T00:00:00Z,60,PHY-010,res://scenes/tracks/test_field/la_chutana_generated.tscn,VehicleRigidBody,res://scenes/vehicles/f1_94/f1_94.tscn,res://addons/formula90s/scripts/f1_94_rust_vehicle.gd,1,{}
5933,72.67,15305.0,1,1.0,0.0,0.0,-0.000,1.035,0.981,45.0,45.0,87.2,87.2,0.0025,0.5652,godot_parity_session,2026-08-15T00:00:00Z,60,PHY-010,res://scenes/tracks/test_field/la_chutana_generated.tscn,VehicleRigidBody,res://scenes/vehicles/f1_94/f1_94.tscn,res://addons/formula90s/scripts/f1_94_rust_vehicle.gd,1,{}
5950,72.91,15400.2,1,1.0,0.0,0.0,0.000,1.036,0.981,45.0,45.0,87.3,87.3,0.0025,0.5695,godot_parity_session,2026-08-15T00:00:00Z,60,PHY-010,res://scenes/tracks/test_field/la_chutana_generated.tscn,VehicleRigidBody,res://scenes/vehicles/f1_94/f1_94.tscn,res://addons/formula90s/scripts/f1_94_rust_vehicle.gd,1,{}
5966,73.15,15494.8,1,1.0,0.0,0.0,-0.000,1.037,0.981,45.1,45.1,87.4,87.4,0.0025,0.5737,godot_parity_session,2026-08-15T00:00:00Z,60,PHY-010,res://scenes/tracks/test_field/la_chutana_generated.tscn,VehicleRigidBody,res://scenes/vehicles/f1_94/f1_94.tscn,res://addons/formula90s/scripts/f1_94_rust_vehicle.gd,1,{}
5983,73.39,15588.7,1,1.0,0.0,0.0,0.000,1.037,0.981,45.1,45.1,87.4,87.4,0.0025,0.5778,godot_parity_session,2026-08-15T00:00:00Z,60,PHY-010,res://scenes/tracks/test_field/la_chutana_generated.tscn,VehicleRigidBody,res://scenes/vehicles/f1_94/f1_94.tscn,res://addons/formula90s/scripts/f1_94_rust_vehicle.gd,1,{}
6000,73.63,15682.0,1,1.0,0.0,0.0,-0.000,1.038,0.981,45.2,45.2,87.5,87.5,0.0025,0.5819,godot_parity_session,2026-08-15T00:00:00Z,60,PHY-010,res://scenes/tracks/test_field/la_chutana_generated.tscn,VehicleRigidBody,res://scenes/vehicles/f1_94/f1_94.tscn,res://addons/formula90s/scripts/f1_94_rust_vehicle.gd,1,{}
6016,73.86,15682.0,1,1.0,0.0,0.0,-0.000,1.039,0.981,45.2,45.2,87.6,87.6,0.0025,0.5580,godot_parity_session,2026-08-15T00:00:00Z,60,PHY-010,res://scenes/tracks/test_field/la_chutana_generated.tscn,VehicleRigidBody,res://scenes/vehicles/f1_94/f1_94.tscn,res://addons/formula90s/scripts/f1_94_rust_vehicle.gd,1,{}
6033,74.10,15682.0,1,1.0,0.0,0.0,-0.000,1.039,0.981,45.2,45.2,87.7,87.7,0.0025,0.5343,godot_parity_session,2026-08-15T00:00:00Z,60,PHY-010,res://scenes/tracks/test_field/la_chutana_generated.tscn,VehicleRigidBody,res://scenes/vehicles/f1_94/f1_94.tscn,res://addons/formula90s/scripts/f1_94_rust_vehicle.gd,1,{}
6050,74.34,15682.0,1,1.0,0.0,0.0,-0.000,1.040,0.981,45.3,45.3,87.7,87.7,0.0025,0.5107,godot_parity_session,2026-08-15T00:00:00Z,60,PHY-010,res://scenes/tracks/test_field/la_chutana_generated.tscn,VehicleRigidBody,res://scenes/vehicles/f1_94/f1_94.tscn,res://addons/formula90s/scripts/f1_94_rust_vehicle.gd,1,{}
6066,74.58,15682.0,1,1.0,0.0,0.0,-0.000,1.041,0.981,45.3,45.3,87.8,87.8,0.0025,0.4872,godot_parity_session,2026-08-15T00:00:00Z,60,PHY-010,res://scenes/tracks/test_field/la_chutana_generated.tscn,VehicleRigidBody,res://scenes/vehicles/f1_94/f1_94.tscn,res://addons/formula90s/scripts/f1_94_rust_vehicle.gd,1,{}
6083,74.82,15682.0,1,1.0,0.0,0.0,-0.000,1.041,0.981,45.4,45.4,87.9,87.9,0.0025,0.4639,godot_parity_session,2026-08-15T00:00:00Z,60,PHY-010,res://scenes/tracks/test_field/la_chutana_generated.tscn,VehicleRigidBody,res://scenes/vehicles/f1_94/f1_94.tscn,res://addons/formula90s/scripts/f1_94_rust_vehicle.gd,1,{}
6100,75.06,15682.0,1,1.0,0.0,0.0,-0.000,1.042,0.981,45.4,45.4,88.0,88.0,0.0024,0.4407,godot_parity_session,2026-08-15T00:00:00Z,60,PHY-010,res://scenes/tracks/test_field/la_chutana_generated.tscn,VehicleRigidBody,res://scenes/vehicles/f1_94/f1_94.tscn,res://addons/formula90s/scripts/f1_94_rust_vehicle.gd,1,{}
6116,75.30,15682.0,1,1.0,0.0,0.0,0.000,1.042,0.981,45.5,45.5,88.0,88.0,0.0024,0.4178,godot_parity_session,2026-08-15T00:00:00Z,60,PHY-010,res://scenes/tracks/test_field/la_chutana_generated.tscn,VehicleRigidBody,res://scenes/vehicles/f1_94/f1_94.tscn,res://addons/formula90s/scripts/f1_94_rust_vehicle.gd,1,{}
6133,75.54,15682.0,1,1.0,0.0,0.0,0.000,1.043,0.981,45.5,45.5,88.1,88.1,0.0024,0.3957,godot_parity_session,2026-08-15T00:00:00Z,60,PHY-010,res://scenes/tracks/test_field/la_chutana_generated.tscn,VehicleRigidBody,res://scenes/vehicles/f1_94/f1_94.tscn,res://addons/formula90s/scripts/f1_94_rust_vehicle.gd,1,{}
6150,75.78,15682.0,1,1.0,0.0,0.0,0.000,1.043,0.981,45.6,45.6,88.2,88.2,0.0024,0.3741,godot_parity_session,2026-08-15T00:00:00Z,60,PHY-010,res://scenes/tracks/test_field/la_chutana_generated.tscn,VehicleRigidBody,res://scenes/vehicles/f1_94/f1_94.tscn,res://addons/formula90s/scripts/f1_94_rust_vehicle.gd,1,{}
6166,76.02,15682.0,1,1.0,0.0,0.0,0.000,1.044,0.981,45.6,45.6,88.3,88.3,0.0024,0.3529,godot_parity_session,2026-08-15T00:00:00Z,60,PHY-010,res://scenes/tracks/test_field/la_chutana_generated.tscn,VehicleRigidBody,res://scenes/vehicles/f1_94/f1_94.tscn,res://addons/formula90s/scripts/f1_94_rust_vehicle.gd,1,{}
6183,76.25,15682.0,1,1.0,0.0,0.0,0.000,1.044,0.981,45.6,45.6,88.3,88.3,0.0024,0.3319,godot_parity_session,2026-08-15T00:00:00Z,60,PHY-010,res://scenes/tracks/test_field/la_chutana_generated.tscn,VehicleRigidBody,res://scenes/vehicles/f1_94/f1_94.tscn,res://addons/formula90s/scripts/f1_94_rust_vehicle.gd,1,{}
6200,76.49,15682.0,1,1.0,0.0,0.0,0.000,1.045,0.981,45.7,45.7,88.4,88.4,0.0024,0.3110,godot_parity_session,2026-08-15T00:00:00Z,60,PHY-010,res://scenes/tracks/test_field/la_chutana_generated.tscn,VehicleRigidBody,res://scenes/vehicles/f1_94/f1_94.tscn,res://addons/formula90s/scripts/f1_94_rust_vehicle.gd,1,{}
6216,76.73,15682.0,1,1.0,0.0,0.0,0.000,1.045,0.981,45.7,45.7,88.5,88.5,0.0024,0.2903,godot_parity_session,2026-08-15T00:00:00Z,60,PHY-010,res://scenes/tracks/test_field/la_chutana_generated.tscn,VehicleRigidBody,res://scenes/vehicles/f1_94/f1_94.tscn,res://addons/formula90s/scripts/f1_94_rust_vehicle.gd,1,{}
6233,76.97,15682.0,1,1.0,0.0,0.0,0.000,1.046,0.981,45.8,45.8,88.6,88.6,0.0024,0.2697,godot_parity_session,2026-08-15T00:00:00Z,60,PHY-010,res://scenes/tracks/test_field/la_chutana_generated.tscn,VehicleRigidBody,res://scenes/vehicles/f1_94/f1_94.tscn,res://addons/formula90s/scripts/f1_94_rust_vehicle.gd,1,{}
6250,77.21,15682.0,1,1.0,0.0,0.0,0.000,1.046,0.981,45.8,45.8,88.6,88.6,0.0024,0.2493,godot_parity_session,2026-08-15T00:00:00Z,60,PHY-010,res://scenes/tracks/test_field/la_chutana_generated.tscn,VehicleRigidBody,res://scenes/vehicles/f1_94/f1_94.tscn,res://addons/formula90s/scripts/f1_94_rust_vehicle.gd,1,{}
6266,77.45,9071.8,2,1.0,0.0,0.0,0.000,1.047,0.981,45.9,45.9,88.7,88.7,0.0024,0.2430,godot_parity_session,2026-08-15T00:00:00Z,60,PHY-010,res://scenes/tracks/test_field/la_chutana_generated.tscn,VehicleRigidBody,res://scenes/vehicles/f1_94/f1_94.tscn,res://addons/formula90s/scripts/f1_94_rust_vehicle.gd,1,{}
6283,77.69,9141.1,2,1.0,0.0,0.0,0.000,1.047,0.981,45.9,45.9,88.8,88.8,0.0023,0.2382,godot_parity_session,2026-08-15T00:00:00Z,60,PHY-010,res://scenes/tracks/test_field/la_chutana_generated.tscn,VehicleRigidBody,res://scenes/vehicles/f1_94/f1_94.tscn,res://addons/formula90s/scripts/f1_94_rust_vehicle.gd,1,{}
6300,77.92,9210.5,2,1.0,0.0,0.0,0.001,1.048,0.981,46.0,46.0,88.9,88.9,0.0023,0.2455,godot_parity_session,2026-08-15T00:00:00Z,60,PHY-010,res://scenes/tracks/test_field/la_chutana_generated.tscn,VehicleRigidBody,res://scenes/vehicles/f1_94/f1_94.tscn,res://addons/formula90s/scripts/f1_94_rust_vehicle.gd,1,{}
6316,78.16,9280.0,2,1.0,0.0,0.0,-0.001,1.048,0.981,46.0,46.0,89.0,89.0,0.0023,0.2363,godot_parity_session,2026-08-15T00:00:00Z,60,PHY-010,res://scenes/tracks/test_field/la_chutana_generated.tscn,VehicleRigidBody,res://scenes/vehicles/f1_94/f1_94.tscn,res://addons/formula90s/scripts/f1_94_rust_vehicle.gd,1,{}
6333,78.40,9349.6,2,1.0,0.0,0.0,0.001,1.049,0.981,46.1,46.1,89.0,89.0,0.0023,0.2353,godot_parity_session,2026-08-15T00:00:00Z,60,PHY-010,res://scenes/tracks/test_field/la_chutana_generated.tscn,VehicleRigidBody,res://scenes/vehicles/f1_94/f1_94.tscn,res://addons/formula90s/scripts/f1_94_rust_vehicle.gd,1,{}
6350,78.64,9419.2,2,1.0,0.0,0.0,-0.001,1.050,0.981,46.1,46.1,89.1,89.1,0.0023,0.2268,godot_parity_session,2026-08-15T00:00:00Z,60,PHY-010,res://scenes/tracks/test_field/la_chutana_generated.tscn,VehicleRigidBody,res://scenes/vehicles/f1_94/f1_94.tscn,res://addons/formula90s/scripts/f1_94_rust_vehicle.gd,1,{}
6366,78.88,9488.9,2,1.0,0.0,0.0,0.001,1.050,0.981,46.2,46.2,89.2,89.2,0.0023,0.2265,godot_parity_session,2026-08-15T00:00:00Z,60,PHY-010,res://scenes/tracks/test_field/la_chutana_generated.tscn,VehicleRigidBody,res://scenes/vehicles/f1_94/f1_94.tscn,res://addons/formula90s/scripts/f1_94_rust_vehicle.gd,1,{}
6383,79.12,9558.5,2,1.0,0.0,0.0,-0.001,1.051,0.981,46.2,46.2,89.3,89.3,0.0023,0.2187,godot_parity_session,2026-08-15T00:00:00Z,60,PHY-010,res://scenes/tracks/test_field/la_chutana_generated.tscn,VehicleRigidBody,res://scenes/vehicles/f1_94/f1_94.tscn,res://addons/formula90s/scripts/f1_94_rust_vehicle.gd,1,{}
6400,79.35,9628.2,2,1.0,0.0,0.0,0.001,1.052,0.981,46.3,46.3,89.4,89.3,0.0023,0.2191,godot_parity_session,2026-08-15T00:00:00Z,60,PHY-010,res://scenes/tracks/test_field/la_chutana_generated.tscn,VehicleRigidBody,res://scenes/vehicles/f1_94/f1_94.tscn,res://addons/formula90s/scripts/f1_94_rust_vehicle.gd,1,{}
6416,79.59,9697.8,2,1.0,0.0,0.0,-0.001,1.052,0.981,46.4,46.3,89.4,89.4,0.0023,0.2121,godot_parity_session,2026-08-15T00:00:00Z,60,PHY-010,res://scenes/tracks/test_field/la_chutana_generated.tscn,VehicleRigidBody,res://scenes/vehicles/f1_94/f1_94.tscn,res://addons/formula90s/scripts/f1_94_rust_vehicle.gd,1,{}
6433,79.83,9767.4,2,1.0,0.0,0.0,0.001,1.053,0.981,46.4,46.4,89.5,89.5,0.0023,0.2131,godot_parity_session,2026-08-15T00:00:00Z,60,PHY-010,res://scenes/tracks/test_field/la_chutana_generated.tscn,VehicleRigidBody,res://scenes/vehicles/f1_94/f1_94.tscn,res://addons/formula90s/scripts/f1_94_rust_vehicle.gd,1,{}
6450,80.07,9836.8,2,1.0,0.0,0.0,-0.001,1.054,0.981,46.5,46.5,89.6,89.6,0.0023,0.2068,godot_parity_session,2026-08-15T00:00:00Z,60,PHY-010,res://scenes/tracks/test_field/la_chutana_generated.tscn,VehicleRigidBody,res://scenes/vehicles/f1_94/f1_94.tscn,res://addons/formula90s/scripts/f1_94_rust_vehicle.gd,1,{}
6466,80.31,9906.1,2,1.0,0.0,0.0,0.001,1.054,0.981,46.5,46.5,89.7,89.7,0.0023,0.2086,godot_parity_session,2026-08-15T00:00:00Z,60,PHY-010,res://scenes/tracks/test_field/la_chutana_generated.tscn,VehicleRigidBody,res://scenes/vehicles/f1_94/f1_94.tscn,res://addons/formula90s/scripts/f1_94_rust_vehicle.gd,1,{}
6483,80.55,9975.1,2,1.0,0.0,0.0,-0.001,1.055,0.981,46.6,46.6,89.8,89.8,0.0022,0.2031,godot_parity_session,2026-08-15T00:00:00Z,60,PHY-010,res://scenes/tracks/test_field/la_chutana_generated.tscn,VehicleRigidBody,res://scenes/vehicles/f1_94/f1_94.tscn,res://addons/formula90s/scripts/f1_94_rust_vehicle.gd,1,{}
6500,80.78,10043.8,2,1.0,0.0,0.0,0.001,1.056,0.981,46.6,46.6,89.8,89.8,0.0022,0.2057,godot_parity_session,2026-08-15T00:00:00Z,60,PHY-010,res://scenes/tracks/test_field/la_chutana_generated.tscn,VehicleRigidBody,res://scenes/vehicles/f1_94/f1_94.tscn,res://addons/formula90s/scripts/f1_94_rust_vehicle.gd,1,{}
6516,81.02,10112.1,2,1.0,0.0,0.0,-0.001,1.056,0.981,46.7,46.7,89.9,89.9,0.0022,0.2011,godot_parity_session,2026-08-15T00:00:00Z,60,PHY-010,res://scenes/tracks/test_field/la_chutana_generated.tscn,VehicleRigidBody,res://scenes/vehicles/f1_94/f1_94.tscn,res://addons/formula90s/scripts/f1_94_rust_vehicle.gd,1,{}
6533,81.26,10179.6,2,1.0,0.0,0.0,0.001,1.057,0.981,46.7,46.7,90.0,90.0,0.0022,0.2046,godot_parity_session,2026-08-15T00:00:00Z,60,PHY-010,res://scenes/tracks/test_field/la_chutana_generated.tscn,VehicleRigidBody,res://scenes/vehicles/f1_94/f1_94.tscn,res://addons/formula90s/scripts/f1_94_rust_vehicle.gd,1,{}
6550,81.50,10245.9,2,1.0,0.0,0.0,-0.002,1.058,0.981,46.8,46.8,90.1,90.1,0.0022,0.2013,godot_parity_session,2026-08-15T00:00:00Z,60,PHY-010,res://scenes/tracks/test_field/la_chutana_generated.tscn,VehicleRigidBody,res://scenes/vehicles/f1_94/f1_94.tscn,res://addons/formula90s/scripts/f1_94_rust_vehicle.gd,1,{}
6566,81.74,10306.8,2,1.0,0.0,0.0,0.002,1.059,0.981,46.8,46.8,90.2,90.2,0.0022,0.2081,godot_parity_session,2026-08-15T00:00:00Z,60,PHY-010,res://scenes/tracks/test_field/la_chutana_generated.tscn,VehicleRigidBody,res://scenes/vehicles/f1_94/f1_94.tscn,res://addons/formula90s/scripts/f1_94_rust_vehicle.gd,1,{}
6583,81.98,10365.5,2,1.0,0.0,0.0,-0.002,1.060,0.981,46.9,46.9,90.3,90.3,0.0022,0.2066,godot_parity_session,2026-08-15T00:00:00Z,60,PHY-010,res://scenes/tracks/test_field/la_chutana_generated.tscn,VehicleRigidBody,res://scenes/vehicles/f1_94/f1_94.tscn,res://addons/formula90s/scripts/f1_94_rust_vehicle.gd,1,{}
6600,82.21,10423.8,2,1.0,0.0,0.0,0.001,1.060,0.981,46.9,46.9,90.3,90.3,0.0022,0.2140,godot_parity_session,2026-08-15T00:00:00Z,60,PHY-010,res://scenes/tracks/test_field/la_chutana_generated.tscn,VehicleRigidBody,res://scenes/vehicles/f1_94/f1_94.tscn,res://addons/formula90s/scripts/f1_94_rust_vehicle.gd,1,{}
6616,82.45,10482.6,2,1.0,0.0,0.0,-0.002,1.061,0.981,47.0,47.0,90.4,90.4,0.0022,0.2128,godot_parity_session,2026-08-15T00:00:00Z,60,PHY-010,res://scenes/tracks/test_field/la_chutana_generated.tscn,VehicleRigidBody,res://scenes/vehicles/f1_94/f1_94.tscn,res://addons/formula90s/scripts/f1_94_rust_vehicle.gd,1,{}
6633,82.69,10541.9,2,1.0,0.0,0.0,0.001,1.062,0.981,47.1,47.1,90.5,90.5,0.0022,0.2203,godot_parity_session,2026-08-15T00:00:00Z,60,PHY-010,res://scenes/tracks/test_field/la_chutana_generated.tscn,VehicleRigidBody,res://scenes/vehicles/f1_94/f1_94.tscn,res://addons/formula90s/scripts/f1_94_rust_vehicle.gd,1,{}
6650,82.93,10601.9,2,1.0,0.0,0.0,-0.002,1.063,0.981,47.1,47.1,90.6,90.6,0.0022,0.2192,godot_parity_session,2026-08-15T00:00:00Z,60,PHY-010,res://scenes/tracks/test_field/la_chutana_generated.tscn,VehicleRigidBody,res://scenes/vehicles/f1_94/f1_94.tscn,res://addons/formula90s/scripts/f1_94_rust_vehicle.gd,1,{}
6666,83.17,10662.2,2,1.0,0.0,0.0,0.001,1.064,0.981,47.2,47.2,90.7,90.7,0.0022,0.2267,godot_parity_session,2026-08-15T00:00:00Z,60,PHY-010,res://scenes/tracks/test_field/la_chutana_generated.tscn,VehicleRigidBody,res://scenes/vehicles/f1_94/f1_94.tscn,res://addons/formula90s/scripts/f1_94_rust_vehicle.gd,1,{}
6683,83.41,10722.8,2,1.0,0.0,0.0,-0.002,1.065,0.981,47.2,47.2,90.8,90.8,0.0022,0.2257,godot_parity_session,2026-08-15T00:00:00Z,60,PHY-010,res://scenes/tracks/test_field/la_chutana_generated.tscn,VehicleRigidBody,res://scenes/vehicles/f1_94/f1_94.tscn,res://addons/formula90s/scripts/f1_94_rust_vehicle.gd,1,{}
6700,83.65,10783.8,2,1.0,0.0,0.0,0.001,1.066,0.981,47.3,47.3,90.9,90.9,0.0022,0.2332,godot_parity_session,2026-08-15T00:00:00Z,60,PHY-010,res://scenes/tracks/test_field/la_chutana_generated.tscn,VehicleRigidBody,res://scenes/vehicles/f1_94/f1_94.tscn,res://addons/formula90s/scripts/f1_94_rust_vehicle.gd,1,{}
6716,83.88,10845.1,2,1.0,0.0,0.0,-0.002,1.067,0.981,47.3,47.3,90.9,90.9,0.0021,0.2323,godot_parity_session,2026-08-15T00:00:00Z,60,PHY-010,res://scenes/tracks/test_field/la_chutana_generated.tscn,VehicleRigidBody,res://scenes/vehicles/f1_94/f1_94.tscn,res://addons/formula90s/scripts/f1_94_rust_vehicle.gd,1,{}
6733,84.12,10906.6,2,1.0,0.0,0.0,0.001,1.068,0.981,47.4,47.4,91.0,91.0,0.0021,0.2397,godot_parity_session,2026-08-15T00:00:00Z,60,PHY-010,res://scenes/tracks/test_field/la_chutana_generated.tscn,VehicleRigidBody,res://scenes/vehicles/f1_94/f1_94.tscn,res://addons/formula90s/scripts/f1_94_rust_vehicle.gd,1,{}
6750,84.36,10968.5,2,1.0,0.0,0.0,-0.002,1.069,0.980,47.4,47.4,91.1,91.1,0.0021,0.2389,godot_parity_session,2026-08-15T00:00:00Z,60,PHY-010,res://scenes/tracks/test_field/la_chutana_generated.tscn,VehicleRigidBody,res://scenes/vehicles/f1_94/f1_94.tscn,res://addons/formula90s/scripts/f1_94_rust_vehicle.gd,1,{}
6766,84.60,11030.7,2,1.0,0.0,0.0,0.001,1.069,0.980,47.5,47.5,91.2,91.2,0.0021,0.2463,godot_parity_session,2026-08-15T00:00:00Z,60,PHY-010,res://scenes/tracks/test_field/la_chutana_generated.tscn,VehicleRigidBody,res://scenes/vehicles/f1_94/f1_94.tscn,res://addons/formula90s/scripts/f1_94_rust_vehicle.gd,1,{}
6783,84.84,11093.2,2,1.0,0.0,0.0,-0.001,1.070,0.980,47.6,47.6,91.3,91.3,0.0021,0.2455,godot_parity_session,2026-08-15T00:00:00Z,60,PHY-010,res://scenes/tracks/test_field/la_chutana_generated.tscn,VehicleRigidBody,res://scenes/vehicles/f1_94/f1_94.tscn,res://addons/formula90s/scripts/f1_94_rust_vehicle.gd,1,{}
6800,85.08,11156.0,2,1.0,0.0,0.0,0.001,1.071,0.980,47.6,47.6,91.4,91.4,0.0021,0.2530,godot_parity_session,2026-08-15T00:00:00Z,60,PHY-010,res://scenes/tracks/test_field/la_chutana_generated.tscn,VehicleRigidBody,res://scenes/vehicles/f1_94/f1_94.tscn,res://addons/formula90s/scripts/f1_94_rust_vehicle.gd,1,{}
6816,85.32,11219.1,2,1.0,0.0,0.0,-0.001,1.072,0.980,47.7,47.7,91.5,91.5,0.0021,0.2522,godot_parity_session,2026-08-15T00:00:00Z,60,PHY-010,res://scenes/tracks/test_field/la_chutana_generated.tscn,VehicleRigidBody,res://scenes/vehicles/f1_94/f1_94.tscn,res://addons/formula90s/scripts/f1_94_rust_vehicle.gd,1,{}
6833,85.56,11282.6,2,1.0,0.0,0.0,0.000,1.073,0.980,47.7,47.7,91.6,91.6,0.0021,0.2597,godot_parity_session,2026-08-15T00:00:00Z,60,PHY-010,res://scenes/tracks/test_field/la_chutana_generated.tscn,VehicleRigidBody,res://scenes/vehicles/f1_94/f1_94.tscn,res://addons/formula90s/scripts/f1_94_rust_vehicle.gd,1,{}
6850,85.80,11346.4,2,1.0,0.0,0.0,-0.001,1.074,0.980,47.8,47.8,91.7,91.7,0.0021,0.2590,godot_parity_session,2026-08-15T00:00:00Z,60,PHY-010,res://scenes/tracks/test_field/la_chutana_generated.tscn,VehicleRigidBody,res://scenes/vehicles/f1_94/f1_94.tscn,res://addons/formula90s/scripts/f1_94_rust_vehicle.gd,1,{}
6866,86.04,11410.4,2,1.0,0.0,0.0,0.000,1.075,0.980,47.8,47.8,91.8,91.8,0.0021,0.2665,godot_parity_session,2026-08-15T00:00:00Z,60,PHY-010,res://scenes/tracks/test_field/la_chutana_generated.tscn,VehicleRigidBody,res://scenes/vehicles/f1_94/f1_94.tscn,res://addons/formula90s/scripts/f1_94_rust_vehicle.gd,1,{}
6883,86.28,11474.9,2,1.0,0.0,0.0,-0.001,1.076,0.980,47.9,47.9,91.8,91.9,0.0021,0.2658,godot_parity_session,2026-08-15T00:00:00Z,60,PHY-010,res://scenes/tracks/test_field/la_chutana_generated.tscn,VehicleRigidBody,res://scenes/vehicles/f1_94/f1_94.tscn,res://addons/formula90s/scripts/f1_94_rust_vehicle.gd,1,{}
6900,86.52,11539.6,2,1.0,0.0,0.0,0.000,1.077,0.980,47.9,48.0,91.9,91.9,0.0021,0.2733,godot_parity_session,2026-08-15T00:00:00Z,60,PHY-010,res://scenes/tracks/test_field/la_chutana_generated.tscn,VehicleRigidBody,res://scenes/vehicles/f1_94/f1_94.tscn,res://addons/formula90s/scripts/f1_94_rust_vehicle.gd,1,{}
6916,86.75,11604.7,2,1.0,0.0,0.0,-0.001,1.077,0.980,48.0,48.0,92.0,92.0,0.0021,0.2727,godot_parity_session,2026-08-15T00:00:00Z,60,PHY-010,res://scenes/tracks/test_field/la_chutana_generated.tscn,VehicleRigidBody,res://scenes/vehicles/f1_94/f1_94.tscn,res://addons/formula90s/scripts/f1_94_rust_vehicle.gd,1,{}
6933,86.99,11670.1,2,1.0,0.0,0.0,0.000,1.078,0.980,48.1,48.1,92.1,92.1,0.0021,0.2802,godot_parity_session,2026-08-15T00:00:00Z,60,PHY-010,res://scenes/tracks/test_field/la_chutana_generated.tscn,VehicleRigidBody,res://scenes/vehicles/f1_94/f1_94.tscn,res://addons/formula90s/scripts/f1_94_rust_vehicle.gd,1,{}
6950,87.23,11735.8,2,1.0,0.0,0.0,-0.001,1.079,0.980,48.1,48.1,92.2,92.2,0.0021,0.2797,godot_parity_session,2026-08-15T00:00:00Z,60,PHY-010,res://scenes/tracks/test_field/la_chutana_generated.tscn,VehicleRigidBody,res://scenes/vehicles/f1_94/f1_94.tscn,res://addons/formula90s/scripts/f1_94_rust_vehicle.gd,1,{}
6966,87.47,11801.9,2,1.0,0.0,0.0,0.000,1.080,0.980,48.2,48.2,92.3,92.3,0.0020,0.2872,godot_parity_session,2026-08-15T00:00:00Z,60,PHY-010,res://scenes/tracks/test_field/la_chutana_generated.tscn,VehicleRigidBody,res://scenes/vehicles/f1_94/f1_94.tscn,res://addons/formula90s/scripts/f1_94_rust_vehicle.gd,1,{}
6983,87.71,11868.3,2,1.0,0.0,0.0,-0.001,1.081,0.980,48.2,48.2,92.4,92.4,0.0020,0.2867,godot_parity_session,2026-08-15T00:00:00Z,60,PHY-010,res://scenes/tracks/test_field/la_chutana_generated.tscn,VehicleRigidBody,res://scenes/vehicles/f1_94/f1_94.tscn,res://addons/formula90s/scripts/f1_94_rust_vehicle.gd,1,{}
7000,87.95,11935.0,2,1.0,0.0,0.0,-0.000,1.082,0.980,48.3,48.3,92.5,92.5,0.0020,0.2942,godot_parity_session,2026-08-15T00:00:00Z,60,PHY-010,res://scenes/tracks/test_field/la_chutana_generated.tscn,VehicleRigidBody,res://scenes/vehicles/f1_94/f1_94.tscn,res://addons/formula90s/scripts/f1_94_rust_vehicle.gd,1,{}
7016,88.19,12002.1,2,1.0,0.0,0.0,-0.002,1.083,0.980,48.3,48.4,92.6,92.6,0.0020,0.2938,godot_parity_session,2026-08-15T00:00:00Z,60,PHY-010,res://scenes/tracks/test_field/la_chutana_generated.tscn,VehicleRigidBody,res://scenes/vehicles/f1_94/f1_94.tscn,res://addons/formula90s/scripts/f1_94_rust_vehicle.gd,1,{}
7033,88.43,12069.6,2,1.0,0.0,0.0,-0.000,1.084,0.980,48.4,48.4,92.7,92.7,0.0020,0.3013,godot_parity_session,2026-08-15T00:00:00Z,60,PHY-010,res://scenes/tracks/test_field/la_chutana_generated.tscn,VehicleRigidBody,res://scenes/vehicles/f1_94/f1_94.tscn,res://addons/formula90s/scripts/f1_94_rust_vehicle.gd,1,{}
7050,88.67,12137.3,2,1.0,0.0,0.0,-0.002,1.085,0.980,48.5,48.5,92.8,92.8,0.0020,0.3010,godot_parity_session,2026-08-15T00:00:00Z,60,PHY-010,res://scenes/tracks/test_field/la_chutana_generated.tscn,VehicleRigidBody,res://scenes/vehicles/f1_94/f1_94.tscn,res://addons/formula90s/scripts/f1_94_rust_vehicle.gd,1,{}
7066,88.91,12205.5,2,1.0,0.0,0.0,-0.000,1.085,0.980,48.5,48.5,92.9,92.9,0.0020,0.3084,godot_parity_session,2026-08-15T00:00:00Z,60,PHY-010,res://scenes/tracks/test_field/la_chutana_generated.tscn,VehicleRigidBody,res://scenes/vehicles/f1_94/f1_94.tscn,res://addons/formula90s/scripts/f1_94_rust_vehicle.gd,1,{}
7083,89.15,12273.9,2,1.0,0.0,0.0,-0.002,1.086,0.980,48.6,48.6,93.0,93.0,0.0020,0.3082,godot_parity_session,2026-08-15T00:00:00Z,60,PHY-010,res://scenes/tracks/test_field/la_chutana_generated.tscn,VehicleRigidBody,res://scenes/vehicles/f1_94/f1_94.tscn,res://addons/formula90s/scripts/f1_94_rust_vehicle.gd,1,{}
7100,89.39,12342.8,2,1.0,0.0,0.0,-0.000,1.087,0.980,48.6,48.6,93.1,93.1,0.0020,0.3156,godot_parity_session,2026-08-15T00:00:00Z,60,PHY-010,res://scenes/tracks/test_field/la_chutana_generated.tscn,VehicleRigidBody,res://scenes/vehicles/f1_94/f1_94.tscn,res://addons/formula90s/scripts/f1_94_rust_vehicle.gd,1,{}
7116,89.63,12411.9,2,1.0,0.0,0.0,-0.002,1.088,0.980,48.7,48.7,93.2,93.2,0.0020,0.3155,godot_parity_session,2026-08-15T00:00:00Z,60,PHY-010,res://scenes/tracks/test_field/la_chutana_generated.tscn,VehicleRigidBody,res://scenes/vehicles/f1_94/f1_94.tscn,res://addons/formula90s/scripts/f1_94_rust_vehicle.gd,1,{}
7133,89.87,12481.5,2,1.0,0.0,0.0,-0.000,1.089,0.980,48.7,48.8,93.3,93.3,0.0020,0.3229,godot_parity_session,2026-08-15T00:00:00Z,60,PHY-010,res://scenes/tracks/test_field/la_chutana_generated.tscn,VehicleRigidBody,res://scenes/vehicles/f1_94/f1_94.tscn,res://addons/formula90s/scripts/f1_94_rust_vehicle.gd,1,{}
7150,90.11,12551.4,2,1.0,0.0,0.0,-0.002,1.090,0.980,48.8,48.8,93.3,93.4,0.0020,0.3228,godot_parity_session,2026-08-15T00:00:00Z,60,PHY-010,res://scenes/tracks/test_field/la_chutana_generated.tscn,VehicleRigidBody,res://scenes/vehicles/f1_94/f1_94.tscn,res://addons/formula90s/scripts/f1_94_rust_vehicle.gd,1,{}
7166,90.35,12621.6,2,1.0,0.0,0.0,-0.001,1.091,0.980,48.9,48.9,93.4,93.5,0.0020,0.3302,godot_parity_session,2026-08-15T00:00:00Z,60,PHY-010,res://scenes/tracks/test_field/la_chutana_generated.tscn,VehicleRigidBody,res://scenes/vehicles/f1_94/f1_94.tscn,res://addons/formula90s/scripts/f1_94_rust_vehicle.gd,1,{}
7183,90.60,12692.2,2,1.0,0.0,0.0,-0.002,1.091,0.980,48.9,48.9,93.5,93.6,0.0020,0.3302,godot_parity_session,2026-08-15T00:00:00Z,60,PHY-010,res://scenes/tracks/test_field/la_chutana_generated.tscn,VehicleRigidBody,res://scenes/vehicles/f1_94/f1_94.tscn,res://addons/formula90s/scripts/f1_94_rust_vehicle.gd,1,{}
7200,90.84,12763.2,2,1.0,0.0,0.0,-0.001,1.092,0.980,49.0,49.0,93.6,93.7,0.0020,0.3376,godot_parity_session,2026-08-15T00:00:00Z,60,PHY-010,res://scenes/tracks/test_field/la_chutana_generated.tscn,VehicleRigidBody,res://scenes/vehicles/f1_94/f1_94.tscn,res://addons/formula90s/scripts/f1_94_rust_vehicle.gd,1,{}
7216,91.08,12834.6,2,1.0,0.0,0.0,-0.002,1.093,0.980,49.0,49.0,93.7,93.7,0.0020,0.3377,godot_parity_session,2026-08-15T00:00:00Z,60,PHY-010,res://scenes/tracks/test_field/la_chutana_generated.tscn,VehicleRigidBody,res://scenes/vehicles/f1_94/f1_94.tscn,res://addons/formula90s/scripts/f1_94_rust_vehicle.gd,1,{}
7233,91.32,12906.3,2,1.0,0.0,0.0,-0.001,1.094,0.980,49.1,49.1,93.8,93.8,0.0019,0.3451,godot_parity_session,2026-08-15T00:00:00Z,60,PHY-010,res://scenes/tracks/test_field/la_chutana_generated.tscn,VehicleRigidBody,res://scenes/vehicles/f1_94/f1_94.tscn,res://addons/formula90s/scripts/f1_94_rust_vehicle.gd,1,{}
7250,91.56,12978.4,2,1.0,0.0,0.0,-0.002,1.095,0.980,49.1,49.2,93.9,93.9,0.0019,0.3453,godot_parity_session,2026-08-15T00:00:00Z,60,PHY-010,res://scenes/tracks/test_field/la_chutana_generated.tscn,VehicleRigidBody,res://scenes/vehicles/f1_94/f1_94.tscn,res://addons/formula90s/scripts/f1_94_rust_vehicle.gd,1,{}
7266,91.80,13050.9,2,1.0,0.0,0.0,-0.001,1.096,0.980,49.2,49.2,94.0,94.0,0.0019,0.3527,godot_parity_session,2026-08-15T00:00:00Z,60,PHY-010,res://scenes/tracks/test_field/la_chutana_generated.tscn,VehicleRigidBody,res://scenes/vehicles/f1_94/f1_94.tscn,res://addons/formula90s/scripts/f1_94_rust_vehicle.gd,1,{}
7283,92.04,13123.7,2,1.0,0.0,0.0,-0.002,1.097,0.980,49.3,49.3,94.1,94.1,0.0019,0.3529,godot_parity_session,2026-08-15T00:00:00Z,60,PHY-010,res://scenes/tracks/test_field/la_chutana_generated.tscn,VehicleRigidBody,res://scenes/vehicles/f1_94/f1_94.tscn,res://addons/formula90s/scripts/f1_94_rust_vehicle.gd,1,{}
7300,92.28,13196.9,2,1.0,0.0,0.0,-0.001,1.097,0.980,49.3,49.3,94.2,94.2,0.0019,0.3603,godot_parity_session,2026-08-15T00:00:00Z,60,PHY-010,res://scenes/tracks/test_field/la_chutana_generated.tscn,VehicleRigidBody,res://scenes/vehicles/f1_94/f1_94.tscn,res://addons/formula90s/scripts/f1_94_rust_vehicle.gd,1,{}
7316,92.52,13270.6,2,1.0,0.0,0.0,-0.002,1.098,0.980,49.4,49.4,94.3,94.3,0.0019,0.3606,godot_parity_session,2026-08-15T00:00:00Z,60,PHY-010,res://scenes/tracks/test_field/la_chutana_generated.tscn,VehicleRigidBody,res://scenes/vehicles/f1_94/f1_94.tscn,res://addons/formula90s/scripts/f1_94_rust_vehicle.gd,1,{}
7333,92.76,13344.5,2,1.0,0.0,0.0,-0.001,1.099,0.980,49.4,49.5,94.4,94.4,0.0019,0.3680,godot_parity_session,2026-08-15T00:00:00Z,60,PHY-010,res://scenes/tracks/test_field/la_chutana_generated.tscn,VehicleRigidBody,res://scenes/vehicles/f1_94/f1_94.tscn,res://addons/formula90s/scripts/f1_94_rust_vehicle.gd,1,{}
7350,93.00,13418.9,2,1.0,0.0,0.0,-0.002,1.100,0.980,49.5,49.5,94.5,94.5,0.0019,0.3683,godot_parity_session,2026-08-15T00:00:00Z,60,PHY-010,res://scenes/tracks/test_field/la_chutana_generated.tscn,VehicleRigidBody,res://scenes/vehicles/f1_94/f1_94.tscn,res://addons/formula90s/scripts/f1_94_rust_vehicle.gd,1,{}
7366,93.24,13493.7,2,1.0,0.0,0.0,-0.001,1.101,0.980,49.5,49.6,94.6,94.6,0.0019,0.3757,godot_parity_session,2026-08-15T00:00:00Z,60,PHY-010,res://scenes/tracks/test_field/la_chutana_generated.tscn,VehicleRigidBody,res://scenes/vehicles/f1_94/f1_94.tscn,res://addons/formula90s/scripts/f1_94_rust_vehicle.gd,1,{}
7383,93.48,13568.6,2,1.0,0.0,0.0,-0.002,1.102,0.980,49.6,49.6,94.7,94.7,0.0019,0.3761,godot_parity_session,2026-08-15T00:00:00Z,60,PHY-010,res://scenes/tracks/test_field/la_chutana_generated.tscn,VehicleRigidBody,res://scenes/vehicles/f1_94/f1_94.tscn,res://addons/formula90s/scripts/f1_94_rust_vehicle.gd,1,{}
7400,93.72,13643.5,2,1.0,0.0,0.0,-0.001,1.102,0.980,49.7,49.7,94.8,94.8,0.0019,0.3834,godot_parity_session,2026-08-15T00:00:00Z,60,PHY-010,res://scenes/tracks/test_field/la_chutana_generated.tscn,VehicleRigidBody,res://scenes/vehicles/f1_94/f1_94.tscn,res://addons/formula90s/scripts/f1_94_rust_vehicle.gd,1,{}
7416,93.97,13718.5,2,1.0,0.0,0.0,-0.002,1.103,0.980,49.7,49.8,94.9,94.9,0.0019,0.3838,godot_parity_session,2026-08-15T00:00:00Z,60,PHY-010,res://scenes/tracks/test_field/la_chutana_generated.tscn,VehicleRigidBody,res://scenes/vehicles/f1_94/f1_94.tscn,res://addons/formula90s/scripts/f1_94_rust_vehicle.gd,1,{}
7433,94.21,13793.5,2,1.0,0.0,0.0,-0.002,1.104,0.980,49.8,49.8,95.0,95.0,0.0019,0.3910,godot_parity_session,2026-08-15T00:00:00Z,60,PHY-010,res://scenes/tracks/test_field/la_chutana_generated.tscn,VehicleRigidBody,res://scenes/vehicles/f1_94/f1_94.tscn,res://addons/formula90s/scripts/f1_94_rust_vehicle.gd,1,{}
7450,94.45,13868.5,2,1.0,0.0,0.0,-0.003,1.105,0.980,49.8,49.9,95.1,95.1,0.0019,0.3914,godot_parity_session,2026-08-15T00:00:00Z,60,PHY-010,res://scenes/tracks/test_field/la_chutana_generated.tscn,VehicleRigidBody,res://scenes/vehicles/f1_94/f1_94.tscn,res://addons/formula90s/scripts/f1_94_rust_vehicle.gd,1,{}
7466,94.69,13943.5,2,1.0,0.0,0.0,-0.002,1.106,0.980,49.9,49.9,95.2,95.2,0.0019,0.3985,godot_parity_session,2026-08-15T00:00:00Z,60,PHY-010,res://scenes/tracks/test_field/la_chutana_generated.tscn,VehicleRigidBody,res://scenes/vehicles/f1_94/f1_94.tscn,res://addons/formula90s/scripts/f1_94_rust_vehicle.gd,1,{}
7483,94.93,14018.5,2,1.0,0.0,0.0,-0.003,1.106,0.980,50.0,50.0,95.3,95.3,0.0019,0.3989,godot_parity_session,2026-08-15T00:00:00Z,60,PHY-010,res://scenes/tracks/test_field/la_chutana_generated.tscn,VehicleRigidBody,res://scenes/vehicles/f1_94/f1_94.tscn,res://addons/formula90s/scripts/f1_94_rust_vehicle.gd,1,{}
7500,95.17,14093.6,2,1.0,0.0,0.0,-0.002,1.107,0.980,50.0,50.1,95.4,95.4,0.0019,0.4059,godot_parity_session,2026-08-15T00:00:00Z,60,PHY-010,res://scenes/tracks/test_field/la_chutana_generated.tscn,VehicleRigidBody,res://scenes/vehicles/f1_94/f1_94.tscn,res://addons/formula90s/scripts/f1_94_rust_vehicle.gd,1,{}
7516,95.41,14168.6,2,1.0,0.0,0.0,-0.003,1.108,0.980,50.1,50.1,95.5,95.5,0.0018,0.4064,godot_parity_session,2026-08-15T00:00:00Z,60,PHY-010,res://scenes/tracks/test_field/la_chutana_generated.tscn,VehicleRigidBody,res://scenes/vehicles/f1_94/f1_94.tscn,res://addons/formula90s/scripts/f1_94_rust_vehicle.gd,1,{}
7533,95.65,14243.7,2,1.0,0.0,0.0,-0.002,1.109,0.980,50.1,50.2,95.6,95.6,0.0018,0.4133,godot_parity_session,2026-08-15T00:00:00Z,60,PHY-010,res://scenes/tracks/test_field/la_chutana_generated.tscn,VehicleRigidBody,res://scenes/vehicles/f1_94/f1_94.tscn,res://addons/formula90s/scripts/f1_94_rust_vehicle.gd,1,{}
7550,95.89,14318.8,2,1.0,0.0,0.0,-0.003,1.109,0.980,50.2,50.2,95.7,95.7,0.0018,0.4138,godot_parity_session,2026-08-15T00:00:00Z,60,PHY-010,res://scenes/tracks/test_field/la_chutana_generated.tscn,VehicleRigidBody,res://scenes/vehicles/f1_94/f1_94.tscn,res://addons/formula90s/scripts/f1_94_rust_vehicle.gd,1,{}
7566,96.14,14393.9,2,1.0,0.0,0.0,-0.003,1.110,0.980,50.2,50.3,95.7,95.8,0.0018,0.4206,godot_parity_session,2026-08-15T00:00:00Z,60,PHY-010,res://scenes/tracks/test_field/la_chutana_generated.tscn,VehicleRigidBody,res://scenes/vehicles/f1_94/f1_94.tscn,res://addons/formula90s/scripts/f1_94_rust_vehicle.gd,1,{}
7583,96.38,14469.1,2,1.0,0.0,0.0,-0.003,1.111,0.980,50.3,50.4,95.8,95.9,0.0018,0.4211,godot_parity_session,2026-08-15T00:00:00Z,60,PHY-010,res://scenes/tracks/test_field/la_chutana_generated.tscn,VehicleRigidBody,res://scenes/vehicles/f1_94/f1_94.tscn,res://addons/formula90s/scripts/f1_94_rust_vehicle.gd,1,{}
7600,96.62,14544.2,2,1.0,0.0,0.0,-0.003,1.112,0.980,50.4,50.4,95.9,96.0,0.0018,0.4278,godot_parity_session,2026-08-15T00:00:00Z,60,PHY-010,res://scenes/tracks/test_field/la_chutana_generated.tscn,VehicleRigidBody,res://scenes/vehicles/f1_94/f1_94.tscn,res://addons/formula90s/scripts/f1_94_rust_vehicle.gd,1,{}
7616,96.86,14619.4,2,1.0,0.0,0.0,-0.004,1.112,0.979,50.4,50.5,96.0,96.1,0.0018,0.4284,godot_parity_session,2026-08-15T00:00:00Z,60,PHY-010,res://scenes/tracks/test_field/la_chutana_generated.tscn,VehicleRigidBody,res://scenes/vehicles/f1_94/f1_94.tscn,res://addons/formula90s/scripts/f1_94_rust_vehicle.gd,1,{}
7633,97.10,14694.6,2,1.0,0.0,0.0,-0.003,1.113,0.979,50.5,50.5,96.1,96.2,0.0018,0.4350,godot_parity_session,2026-08-15T00:00:00Z,60,PHY-010,res://scenes/tracks/test_field/la_chutana_generated.tscn,VehicleRigidBody,res://scenes/vehicles/f1_94/f1_94.tscn,res://addons/formula90s/scripts/f1_94_rust_vehicle.gd,1,{}
7650,97.34,14769.8,2,1.0,0.0,0.0,-0.004,1.114,0.979,50.5,50.6,96.2,96.3,0.0018,0.4356,godot_parity_session,2026-08-15T00:00:00Z,60,PHY-010,res://scenes/tracks/test_field/la_chutana_generated.tscn,VehicleRigidBody,res://scenes/vehicles/f1_94/f1_94.tscn,res://addons/formula90s/scripts/f1_94_rust_vehicle.gd,1,{}
7666,97.58,14845.1,2,1.0,0.0,0.0,-0.004,1.115,0.979,50.6,50.7,96.3,96.4,0.0018,0.4421,godot_parity_session,2026-08-15T00:00:00Z,60,PHY-010,res://scenes/tracks/test_field/la_chutana_generated.tscn,VehicleRigidBody,res://scenes/vehicles/f1_94/f1_94.tscn,res://addons/formula90s/scripts/f1_94_rust_vehicle.gd,1,{}
7683,97.83,14920.3,2,1.0,0.0,0.0,-0.004,1.115,0.979,50.7,50.7,96.4,96.5,0.0018,0.4428,godot_parity_session,2026-08-15T00:00:00Z,60,PHY-010,res://scenes/tracks/test_field/la_chutana_generated.tscn,VehicleRigidBody,res://scenes/vehicles/f1_94/f1_94.tscn,res://addons/formula90s/scripts/f1_94_rust_vehicle.gd,1,{}
7700,98.07,14995.6,2,1.0,0.0,0.0,-0.004,1.116,0.979,50.7,50.8,96.5,96.6,0.0018,0.4492,godot_parity_session,2026-08-15T00:00:00Z,60,PHY-010,res://scenes/tracks/test_field/la_chutana_generated.tscn,VehicleRigidBody,res://scenes/vehicles/f1_94/f1_94.tscn,res://addons/formula90s/scripts/f1_94_rust_vehicle.gd,1,{}
7716,98.31,15070.7,2,1.0,0.0,0.0,-0.005,1.117,0.979,50.8,50.8,96.6,96.7,0.0018,0.4498,godot_parity_session,2026-08-15T00:00:00Z,60,PHY-010,res://scenes/tracks/test_field/la_chutana_generated.tscn,VehicleRigidBody,res://scenes/vehicles/f1_94/f1_94.tscn,res://addons/formula90s/scripts/f1_94_rust_vehicle.gd,1,{}
7733,98.55,15145.3,2,1.0,0.0,0.0,-0.005,1.118,0.979,50.8,50.9,96.7,96.8,0.0018,0.4560,godot_parity_session,2026-08-15T00:00:00Z,60,PHY-010,res://scenes/tracks/test_field/la_chutana_generated.tscn,VehicleRigidBody,res://scenes/vehicles/f1_94/f1_94.tscn,res://addons/formula90s/scripts/f1_94_rust_vehicle.gd,1,{}
7750,98.79,15219.5,2,1.0,0.0,0.0,-0.005,1.118,0.979,50.9,51.0,96.8,96.9,0.0018,0.4566,godot_parity_session,2026-08-15T00:00:00Z,60,PHY-010,res://scenes/tracks/test_field/la_chutana_generated.tscn,VehicleRigidBody,res://scenes/vehicles/f1_94/f1_94.tscn,res://addons/formula90s/scripts/f1_94_rust_vehicle.gd,1,{}
7766,99.03,15293.1,2,1.0,0.0,0.0,-0.005,1.119,0.979,50.9,51.0,96.9,97.0,0.0018,0.4625,godot_parity_session,2026-08-15T00:00:00Z,60,PHY-010,res://scenes/tracks/test_field/la_chutana_generated.tscn,VehicleRigidBody,res://scenes/vehicles/f1_94/f1_94.tscn,res://addons/formula90s/scripts/f1_94_rust_vehicle.gd,1,{}
7783,99.27,15366.2,2,1.0,0.0,0.0,-0.006,1.120,0.979,51.0,51.1,97.0,97.0,0.0018,0.4631,godot_parity_session,2026-08-15T00:00:00Z,60,PHY-010,res://scenes/tracks/test_field/la_chutana_generated.tscn,VehicleRigidBody,res://scenes/vehicles/f1_94/f1_94.tscn,res://addons/formula90s/scripts/f1_94_rust_vehicle.gd,1,{}
7800,99.52,15438.8,2,1.0,0.0,0.0,-0.006,1.120,0.979,51.1,51.1,97.1,97.1,0.0018,0.4688,godot_parity_session,2026-08-15T00:00:00Z,60,PHY-010,res://scenes/tracks/test_field/la_chutana_generated.tscn,VehicleRigidBody,res://scenes/vehicles/f1_94/f1_94.tscn,res://addons/formula90s/scripts/f1_94_rust_vehicle.gd,1,{}
7816,99.76,15510.9,2,1.0,0.0,0.0,-0.007,1.121,0.979,51.1,51.2,97.1,97.2,0.0017,0.4693,godot_parity_session,2026-08-15T00:00:00Z,60,PHY-010,res://scenes/tracks/test_field/la_chutana_generated.tscn,VehicleRigidBody,res://scenes/vehicles/f1_94/f1_94.tscn,res://addons/formula90s/scripts/f1_94_rust_vehicle.gd,1,{}
7833,100.00,15582.5,2,1.0,0.0,0.0,-0.006,1.122,0.979,51.2,51.3,97.2,97.3,0.0017,0.4748,godot_parity_session,2026-08-15T00:00:00Z,60,PHY-010,res://scenes/tracks/test_field/la_chutana_generated.tscn,VehicleRigidBody,res://scenes/vehicles/f1_94/f1_94.tscn,res://addons/formula90s/scripts/f1_94_rust_vehicle.gd,1,{}
7850,100.24,15653.6,2,1.0,0.0,0.0,-0.007,1.122,0.979,51.2,51.3,97.3,97.4,0.0017,0.4754,godot_parity_session,2026-08-15T00:00:00Z,60,PHY-010,res://scenes/tracks/test_field/la_chutana_generated.tscn,VehicleRigidBody,res://scenes/vehicles/f1_94/f1_94.tscn,res://addons/formula90s/scripts/f1_94_rust_vehicle.gd,1,{}
7866,100.48,15724.2,2,1.0,0.0,0.0,-0.007,1.123,0.979,51.3,51.4,97.4,97.5,0.0017,0.4806,godot_parity_session,2026-08-15T00:00:00Z,60,PHY-010,res://scenes/tracks/test_field/la_chutana_generated.tscn,VehicleRigidBody,res://scenes/vehicles/f1_94/f1_94.tscn,res://addons/formula90s/scripts/f1_94_rust_vehicle.gd,1,{}
7883,100.72,15794.3,2,1.0,0.0,0.0,-0.008,1.123,0.979,51.3,51.4,97.5,97.6,0.0017,0.4812,godot_parity_session,2026-08-15T00:00:00Z,60,PHY-010,res://scenes/tracks/test_field/la_chutana_generated.tscn,VehicleRigidBody,res://scenes/vehicles/f1_94/f1_94.tscn,res://addons/formula90s/scripts/f1_94_rust_vehicle.gd,1,{}
7900,100.96,15863.9,2,1.0,0.0,0.0,-0.008,1.124,0.979,51.4,51.5,97.6,97.7,0.0017,0.4861,godot_parity_session,2026-08-15T00:00:00Z,60,PHY-010,res://scenes/tracks/test_field/la_chutana_generated.tscn,VehicleRigidBody,res://scenes/vehicles/f1_94/f1_94.tscn,res://addons/formula90s/scripts/f1_94_rust_vehicle.gd,1,{}
7916,101.20,15933.1,2,1.0,0.0,0.0,-0.009,1.125,0.979,51.4,51.6,97.7,97.8,0.0017,0.4868,godot_parity_session,2026-08-15T00:00:00Z,60,PHY-010,res://scenes/tracks/test_field/la_chutana_generated.tscn,VehicleRigidBody,res://scenes/vehicles/f1_94/f1_94.tscn,res://addons/formula90s/scripts/f1_94_rust_vehicle.gd,1,{}
7933,101.45,16001.7,2,1.0,0.0,0.0,-0.009,1.125,0.979,51.5,51.6,97.8,97.9,0.0017,0.4915,godot_parity_session,2026-08-15T00:00:00Z,60,PHY-010,res://scenes/tracks/test_field/la_chutana_generated.tscn,VehicleRigidBody,res://scenes/vehicles/f1_94/f1_94.tscn,res://addons/formula90s/scripts/f1_94_rust_vehicle.gd,1,{}
7950,101.69,16069.9,2,1.0,0.0,0.0,-0.010,1.126,0.979,51.5,51.7,97.9,98.0,0.0017,0.4922,godot_parity_session,2026-08-15T00:00:00Z,60,PHY-010,res://scenes/tracks/test_field/la_chutana_generated.tscn,VehicleRigidBody,res://scenes/vehicles/f1_94/f1_94.tscn,res://addons/formula90s/scripts/f1_94_rust_vehicle.gd,1,{}
7966,101.93,16137.6,2,1.0,0.0,0.0,-0.010,1.126,0.979,51.6,51.7,97.9,98.1,0.0017,0.4966,godot_parity_session,2026-08-15T00:00:00Z,60,PHY-010,res://scenes/tracks/test_field/la_chutana_generated.tscn,VehicleRigidBody,res://scenes/vehicles/f1_94/f1_94.tscn,res://addons/formula90s/scripts/f1_94_rust_vehicle.gd,1,{}
7983,102.17,16204.9,2,1.0,0.0,0.0,-0.011,1.127,0.979,51.7,51.8,98.0,98.2,0.0017,0.4973,godot_parity_session,2026-08-15T00:00:00Z,60,PHY-010,res://scenes/tracks/test_field/la_chutana_generated.tscn,VehicleRigidBody,res://scenes/vehicles/f1_94/f1_94.tscn,res://addons/formula90s/scripts/f1_94_rust_vehicle.gd,1,{}
8000,102.41,16271.6,2,1.0,0.0,0.0,-0.011,1.128,0.979,51.7,51.9,98.1,98.3,0.0017,0.5014,godot_parity_session,2026-08-15T00:00:00Z,60,PHY-010,res://scenes/tracks/test_field/la_chutana_generated.tscn,VehicleRigidBody,res://scenes/vehicles/f1_94/f1_94.tscn,res://addons/formula90s/scripts/f1_94_rust_vehicle.gd,1,{}
8016,102.65,16337.9,2,1.0,0.0,0.0,-0.013,1.128,0.979,51.8,51.9,98.2,98.4,0.0017,0.5023,godot_parity_session,2026-08-15T00:00:00Z,60,PHY-010,res://scenes/tracks/test_field/la_chutana_generated.tscn,VehicleRigidBody,res://scenes/vehicles/f1_94/f1_94.tscn,res://addons/formula90s/scripts/f1_94_rust_vehicle.gd,1,{}
8033,102.89,16403.8,2,1.0,0.0,0.0,-0.013,1.129,0.979,51.8,52.0,98.3,98.5,0.0017,0.5061,godot_parity_session,2026-08-15T00:00:00Z,60,PHY-010,res://scenes/tracks/test_field/la_chutana_generated.tscn,VehicleRigidBody,res://scenes/vehicles/f1_94/f1_94.tscn,res://addons/formula90s/scripts/f1_94_rust_vehicle.gd,1,{}
8050,103.13,16469.2,2,1.0,0.0,0.0,-0.014,1.129,0.979,51.9,52.1,98.4,98.6,0.0017,0.5071,godot_parity_session,2026-08-15T00:00:00Z,60,PHY-010,res://scenes/tracks/test_field/la_chutana_generated.tscn,VehicleRigidBody,res://scenes/vehicles/f1_94/f1_94.tscn,res://addons/formula90s/scripts/f1_94_rust_vehicle.gd,1,{}
8066,103.37,16534.1,2,1.0,0.0,0.0,-0.015,1.130,0.979,51.9,52.1,98.5,98.7,0.0017,0.5105,godot_parity_session,2026-08-15T00:00:00Z,60,PHY-010,res://scenes/tracks/test_field/la_chutana_generated.tscn,VehicleRigidBody,res://scenes/vehicles/f1_94/f1_94.tscn,res://addons/formula90s/scripts/f1_94_rust_vehicle.gd,1,{}
8083,103.62,16534.1,2,1.0,0.0,0.0,-0.016,1.130,0.979,52.0,52.2,98.5,98.7,0.0017,0.4848,godot_parity_session,2026-08-15T00:00:00Z,60,PHY-010,res://scenes/tracks/test_field/la_chutana_generated.tscn,VehicleRigidBody,res://scenes/vehicles/f1_94/f1_94.tscn,res://addons/formula90s/scripts/f1_94_rust_vehicle.gd,1,{}
8100,103.86,16534.1,2,1.0,0.0,0.0,-0.017,1.131,0.979,52.0,52.2,98.6,98.8,0.0017,0.4591,godot_parity_session,2026-08-15T00:00:00Z,60,PHY-010,res://scenes/tracks/test_field/la_chutana_generated.tscn,VehicleRigidBody,res://scenes/vehicles/f1_94/f1_94.tscn,res://addons/formula90s/scripts/f1_94_rust_vehicle.gd,1,{}
8116,104.10,16534.1,2,1.0,0.0,0.0,-0.019,1.131,0.979,52.1,52.3,98.7,98.9,0.0017,0.4335,godot_parity_session,2026-08-15T00:00:00Z,60,PHY-010,res://scenes/tracks/test_field/la_chutana_generated.tscn,VehicleRigidBody,res://scenes/vehicles/f1_94/f1_94.tscn,res://addons/formula90s/scripts/f1_94_rust_vehicle.gd,1,{}
8133,104.34,16534.1,2,1.0,0.0,0.0,-0.020,1.131,0.979,52.1,52.4,98.8,99.0,0.0016,0.4080,godot_parity_session,2026-08-15T00:00:00Z,60,PHY-010,res://scenes/tracks/test_field/la_chutana_generated.tscn,VehicleRigidBody,res://scenes/vehicles/f1_94/f1_94.tscn,res://addons/formula90s/scripts/f1_94_rust_vehicle.gd,1,{}
8150,104.58,16534.1,2,1.0,0.0,0.0,-0.022,1.132,0.979,52.2,52.4,98.9,99.1,0.0016,0.3826,godot_parity_session,2026-08-15T00:00:00Z,60,PHY-010,res://scenes/tracks/test_field/la_chutana_generated.tscn,VehicleRigidBody,res://scenes/vehicles/f1_94/f1_94.tscn,res://addons/formula90s/scripts/f1_94_rust_vehicle.gd,1,{}
8166,104.82,16534.1,2,1.0,0.0,0.0,-0.024,1.132,0.979,52.2,52.5,98.9,99.2,0.0016,0.3574,godot_parity_session,2026-08-15T00:00:00Z,60,PHY-010,res://scenes/tracks/test_field/la_chutana_generated.tscn,VehicleRigidBody,res://scenes/vehicles/f1_94/f1_94.tscn,res://addons/formula90s/scripts/f1_94_rust_vehicle.gd,1,{}
8183,105.06,16534.1,2,1.0,0.0,0.0,-0.026,1.132,0.979,52.2,52.6,99.0,99.3,0.0016,0.3322,godot_parity_session,2026-08-15T00:00:00Z,60,PHY-010,res://scenes/tracks/test_field/la_chutana_generated.tscn,VehicleRigidBody,res://scenes/vehicles/f1_94/f1_94.tscn,res://addons/formula90s/scripts/f1_94_rust_vehicle.gd,1,{}
8200,105.30,16534.1,2,1.0,0.0,0.0,-0.028,1.133,0.979,52.3,52.6,99.1,99.4,0.0016,0.3079,godot_parity_session,2026-08-15T00:00:00Z,60,PHY-010,res://scenes/tracks/test_field/la_chutana_generated.tscn,VehicleRigidBody,res://scenes/vehicles/f1_94/f1_94.tscn,res://addons/formula90s/scripts/f1_94_rust_vehicle.gd,1,{}
8216,105.54,16534.1,2,1.0,0.0,0.0,-0.031,1.133,0.979,52.3,52.7,99.2,99.5,0.0016,0.2852,godot_parity_session,2026-08-15T00:00:00Z,60,PHY-010,res://scenes/tracks/test_field/la_chutana_generated.tscn,VehicleRigidBody,res://scenes/vehicles/f1_94/f1_94.tscn,res://addons/formula90s/scripts/f1_94_rust_vehicle.gd,1,{}
8233,105.78,16534.1,2,1.0,0.0,0.0,-0.033,1.133,0.979,52.4,52.8,99.2,99.6,0.0016,0.2623,godot_parity_session,2026-08-15T00:00:00Z,60,PHY-010,res://scenes/tracks/test_field/la_chutana_generated.tscn,VehicleRigidBody,res://scenes/vehicles/f1_94/f1_94.tscn,res://addons/formula90s/scripts/f1_94_rust_vehicle.gd,1,{}
8250,106.02,16534.1,2,1.0,0.0,0.0,-0.036,1.133,0.979,52.4,52.8,99.3,99.7,0.0016,0.2395,godot_parity_session,2026-08-15T00:00:00Z,60,PHY-010,res://scenes/tracks/test_field/la_chutana_generated.tscn,VehicleRigidBody,res://scenes/vehicles/f1_94/f1_94.tscn,res://addons/formula90s/scripts/f1_94_rust_vehicle.gd,1,{}
8266,106.26,16534.1,2,1.0,0.0,0.0,-0.040,1.133,0.978,52.5,52.9,99.4,99.8,0.0016,0.2167,godot_parity_session,2026-08-15T00:00:00Z,60,PHY-010,res://scenes/tracks/test_field/la_chutana_generated.tscn,VehicleRigidBody,res://scenes/vehicles/f1_94/f1_94.tscn,res://addons/formula90s/scripts/f1_94_rust_vehicle.gd,1,{}
8283,106.50,16534.1,2,1.0,0.0,0.0,-0.043,1.133,0.978,52.5,53.0,99.4,99.9,0.0016,0.1940,godot_parity_session,2026-08-15T00:00:00Z,60,PHY-010,res://scenes/tracks/test_field/la_chutana_generated.tscn,VehicleRigidBody,res://scenes/vehicles/f1_94/f1_94.tscn,res://addons/formula90s/scripts/f1_94_rust_vehicle.gd,1,{}
8300,106.74,16534.1,2,1.0,0.0,0.0,-0.048,1.132,0.978,52.5,53.1,99.5,100.0,0.0016,0.1714,godot_parity_session,2026-08-15T00:00:00Z,60,PHY-010,res://scenes/tracks/test_field/la_chutana_generated.tscn,VehicleRigidBody,res://scenes/vehicles/f1_94/f1_94.tscn,res://addons/formula90s/scripts/f1_94_rust_vehicle.gd,1,{}
8316,106.98,16534.1,2,1.0,0.0,0.0,-0.053,1.131,0.978,52.6,53.2,99.6,100.1,0.0016,0.1489,godot_parity_session,2026-08-15T00:00:00Z,60,PHY-010,res://scenes/tracks/test_field/la_chutana_generated.tscn,VehicleRigidBody,res://scenes/vehicles/f1_94/f1_94.tscn,res://addons/formula90s/scripts/f1_94_rust_vehicle.gd,1,{}
8333,107.21,10086.8,3,1.0,0.0,0.0,-0.053,1.131,0.978,52.6,53.2,99.6,100.2,0.0016,0.1461,godot_parity_session,2026-08-15T00:00:00Z,60,PHY-010,res://scenes/tracks/test_field/la_chutana_generated.tscn,VehicleRigidBody,res://scenes/vehicles/f1_94/f1_94.tscn,res://addons/formula90s/scripts/f1_94_rust_vehicle.gd,1,{}
8350,107.45,10142.6,3,1.0,0.0,0.0,-0.061,1.131,0.978,52.7,53.3,99.7,100.3,0.0016,0.1647,godot_parity_session,2026-08-15T00:00:00Z,60,PHY-010,res://scenes/tracks/test_field/la_chutana_generated.tscn,VehicleRigidBody,res://scenes/vehicles/f1_94/f1_94.tscn,res://addons/formula90s/scripts/f1_94_rust_vehicle.gd,1,{}
8366,107.69,10198.2,3,1.0,0.0,0.0,-0.054,1.132,0.978,52.7,53.4,99.7,100.4,0.0016,0.1382,godot_parity_session,2026-08-15T00:00:00Z,60,PHY-010,res://scenes/tracks/test_field/la_chutana_generated.tscn,VehicleRigidBody,res://scenes/vehicles/f1_94/f1_94.tscn,res://addons/formula90s/scripts/f1_94_rust_vehicle.gd,1,{}
8383,107.93,10253.5,3,1.0,0.0,0.0,-0.062,1.131,0.978,52.7,53.5,99.8,100.5,0.0015,0.1579,godot_parity_session,2026-08-15T00:00:00Z,60,PHY-010,res://scenes/tracks/test_field/la_chutana_generated.tscn,VehicleRigidBody,res://scenes/vehicles/f1_94/f1_94.tscn,res://addons/formula90s/scripts/f1_94_rust_vehicle.gd,1,{}
8400,108.17,10308.6,3,1.0,0.0,0.0,-0.054,1.132,0.978,52.8,53.6,99.9,100.6,0.0016,0.1315,godot_parity_session,2026-08-15T00:00:00Z,60,PHY-010,res://scenes/tracks/test_field/la_chutana_generated.tscn,VehicleRigidBody,res://scenes/vehicles/f1_94/f1_94.tscn,res://addons/formula90s/scripts/f1_94_rust_vehicle.gd,1,{}
8416,108.40,10363.4,3,1.0,0.0,0.0,-0.062,1.110,0.978,52.8,53.7,99.9,100.7,0.0015,0.1524,godot_parity_session,2026-08-15T00:00:00Z,60,PHY-010,res://scenes/tracks/test_field/la_chutana_generated.tscn,VehicleRigidBody,res://scenes/vehicles/f1_94/f1_94.tscn,res://addons/formula90s/scripts/f1_94_rust_vehicle.gd,1,{}
8433,108.63,10419.4,3,1.0,0.0,0.0,-0.058,1.131,0.978,52.9,53.8,100.0,100.8,0.0015,0.1261,godot_parity_session,2026-08-15T00:00:00Z,60,PHY-010,res://scenes/tracks/test_field/la_chutana_generated.tscn,VehicleRigidBody,res://scenes/vehicles/f1_94/f1_94.tscn,res://addons/formula90s/scripts/f1_94_rust_vehicle.gd,1,{}
8450,108.87,10473.5,3,1.0,0.0,0.0,-0.057,1.080,0.978,52.9,53.9,100.0,100.9,0.0015,0.1480,godot_parity_session,2026-08-15T00:00:00Z,60,PHY-010,res://scenes/tracks/test_field/la_chutana_generated.tscn,VehicleRigidBody,res://scenes/vehicles/f1_94/f1_94.tscn,res://addons/formula90s/scripts/f1_94_rust_vehicle.gd,1,{}
8466,109.09,10531.1,3,1.0,0.0,0.0,-0.062,1.130,0.978,53.0,54.0,100.1,101.0,0.0014,0.1225,godot_parity_session,2026-08-15T00:00:00Z,60,PHY-010,res://scenes/tracks/test_field/la_chutana_generated.tscn,VehicleRigidBody,res://scenes/vehicles/f1_94/f1_94.tscn,res://addons/formula90s/scripts/f1_94_rust_vehicle.gd,1,{}
8483,109.33,10584.5,3,1.0,0.0,0.0,-0.049,1.059,0.978,53.1,54.1,100.1,101.1,0.0015,0.1450,godot_parity_session,2026-08-15T00:00:00Z,60,PHY-010,res://scenes/tracks/test_field/la_chutana_generated.tscn,VehicleRigidBody,res://scenes/vehicles/f1_94/f1_94.tscn,res://addons/formula90s/scripts/f1_94_rust_vehicle.gd,1,{}
8500,109.54,10642.2,3,1.0,0.0,0.0,-0.063,1.128,0.979,53.2,54.2,100.2,101.1,0.0014,0.1203,godot_parity_session,2026-08-15T00:00:00Z,60,PHY-010,res://scenes/tracks/test_field/la_chutana_generated.tscn,VehicleRigidBody,res://scenes/vehicles/f1_94/f1_94.tscn,res://addons/formula90s/scripts/f1_94_rust_vehicle.gd,1,{}
8516,109.78,10693.9,3,1.0,0.0,0.0,-0.040,1.048,0.979,53.2,54.3,100.2,101.2,0.0015,0.1434,godot_parity_session,2026-08-15T00:00:00Z,60,PHY-010,res://scenes/tracks/test_field/la_chutana_generated.tscn,VehicleRigidBody,res://scenes/vehicles/f1_94/f1_94.tscn,res://addons/formula90s/scripts/f1_94_rust_vehicle.gd,1,{}
8533,109.99,10750.1,3,1.0,0.0,0.0,-0.059,1.126,0.979,53.4,54.4,100.2,101.3,0.0014,0.1197,godot_parity_session,2026-08-15T00:00:00Z,60,PHY-010,res://scenes/tracks/test_field/la_chutana_generated.tscn,VehicleRigidBody,res://scenes/vehicles/f1_94/f1_94.tscn,res://addons/formula90s/scripts/f1_94_rust_vehicle.gd,1,{}
8550,110.22,10798.9,3,1.0,0.0,0.0,-0.031,1.047,0.979,53.4,54.5,100.3,101.3,0.0015,0.1433,godot_parity_session,2026-08-15T00:00:00Z,60,PHY-010,res://scenes/tracks/test_field/la_chutana_generated.tscn,VehicleRigidBody,res://scenes/vehicles/f1_94/f1_94.tscn,res://addons/formula90s/scripts/f1_94_rust_vehicle.gd,1,{}
8566,110.44,10849.2,3,1.0,0.0,0.0,-0.051,1.126,0.979,53.6,54.7,100.3,101.4,0.0014,0.1221,godot_parity_session,2026-08-15T00:00:00Z,60,PHY-010,res://scenes/tracks/test_field/la_chutana_generated.tscn,VehicleRigidBody,res://scenes/vehicles/f1_94/f1_94.tscn,res://addons/formula90s/scripts/f1_94_rust_vehicle.gd,1,{}
8583,110.67,10890.5,3,1.0,0.0,0.0,-0.022,1.065,0.979,53.7,54.8,100.4,101.4,0.0015,0.1468,godot_parity_session,2026-08-15T00:00:00Z,60,PHY-010,res://scenes/tracks/test_field/la_chutana_generated.tscn,VehicleRigidBody,res://scenes/vehicles/f1_94/f1_94.tscn,res://addons/formula90s/scripts/f1_94_rust_vehicle.gd,1,{}
8600,110.88,10935.9,3,1.0,0.0,0.0,-0.040,1.128,0.979,53.8,54.9,100.4,101.5,0.0014,0.1261,godot_parity_session,2026-08-15T00:00:00Z,60,PHY-010,res://scenes/tracks/test_field/la_chutana_generated.tscn,VehicleRigidBody,res://scenes/vehicles/f1_94/f1_94.tscn,res://addons/formula90s/scripts/f1_94_rust_vehicle.gd,1,{}
8616,111.12,10976.4,3,1.0,0.0,0.0,-0.017,1.094,0.979,53.9,55.0,100.5,101.5,0.0015,0.1507,godot_parity_session,2026-08-15T00:00:00Z,60,PHY-010,res://scenes/tracks/test_field/la_chutana_generated.tscn,VehicleRigidBody,res://scenes/vehicles/f1_94/f1_94.tscn,res://addons/formula90s/scripts/f1_94_rust_vehicle.gd,1,{}
8633,111.34,11019.8,3,1.0,0.0,0.0,-0.026,1.131,0.979,54.0,55.0,100.6,101.6,0.0014,0.1299,godot_parity_session,2026-08-15T00:00:00Z,60,PHY-010,res://scenes/tracks/test_field/la_chutana_generated.tscn,VehicleRigidBody,res://scenes/vehicles/f1_94/f1_94.tscn,res://addons/formula90s/scripts/f1_94_rust_vehicle.gd,1,{}
8650,111.58,11060.6,3,1.0,0.0,0.0,-0.016,1.123,0.979,54.1,55.1,100.6,101.6,0.0015,0.1544,godot_parity_session,2026-08-15T00:00:00Z,60,PHY-010,res://scenes/tracks/test_field/la_chutana_generated.tscn,VehicleRigidBody,res://scenes/vehicles/f1_94/f1_94.tscn,res://addons/formula90s/scripts/f1_94_rust_vehicle.gd,1,{}
8666,111.81,11102.4,3,1.0,0.0,0.0,-0.015,1.135,0.979,54.2,55.2,100.7,101.7,0.0014,0.1335,godot_parity_session,2026-08-15T00:00:00Z,60,PHY-010,res://scenes/tracks/test_field/la_chutana_generated.tscn,VehicleRigidBody,res://scenes/vehicles/f1_94/f1_94.tscn,res://addons/formula90s/scripts/f1_94_rust_vehicle.gd,1,{}
8683,112.04,11143.4,3,1.0,0.0,0.0,-0.016,1.137,0.979,54.3,55.2,100.8,101.7,0.0014,0.1580,godot_parity_session,2026-08-15T00:00:00Z,60,PHY-010,res://scenes/tracks/test_field/la_chutana_generated.tscn,VehicleRigidBody,res://scenes/vehicles/f1_94/f1_94.tscn,res://addons/formula90s/scripts/f1_94_rust_vehicle.gd,1,{}
8700,112.28,11184.6,3,1.0,0.0,0.0,-0.009,1.139,0.979,54.4,55.3,100.9,101.8,0.0014,0.1370,godot_parity_session,2026-08-15T00:00:00Z,60,PHY-010,res://scenes/tracks/test_field/la_chutana_generated.tscn,VehicleRigidBody,res://scenes/vehicles/f1_94/f1_94.tscn,res://addons/formula90s/scripts/f1_94_rust_vehicle.gd,1,{}
8716,112.52,11225.9,3,1.0,0.0,0.0,-0.015,1.141,0.979,54.4,55.3,101.0,101.9,0.0014,0.1614,godot_parity_session,2026-08-15T00:00:00Z,60,PHY-010,res://scenes/tracks/test_field/la_chutana_generated.tscn,VehicleRigidBody,res://scenes/vehicles/f1_94/f1_94.tscn,res://addons/formula90s/scripts/f1_94_rust_vehicle.gd,1,{}
8733,112.75,11267.3,3,1.0,0.0,0.0,-0.007,1.142,0.979,54.5,55.3,101.2,102.0,0.0014,0.1404,godot_parity_session,2026-08-15T00:00:00Z,60,PHY-010,res://scenes/tracks/test_field/la_chutana_generated.tscn,VehicleRigidBody,res://scenes/vehicles/f1_94/f1_94.tscn,res://addons/formula90s/scripts/f1_94_rust_vehicle.gd,1,{}
8750,112.99,11308.8,3,1.0,0.0,0.0,-0.013,1.143,0.979,54.6,55.4,101.3,102.0,0.0014,0.1648,godot_parity_session,2026-08-15T00:00:00Z,60,PHY-010,res://scenes/tracks/test_field/la_chutana_generated.tscn,VehicleRigidBody,res://scenes/vehicles/f1_94/f1_94.tscn,res://addons/formula90s/scripts/f1_94_rust_vehicle.gd,1,{}
8766,113.23,11350.5,3,1.0,0.0,0.0,-0.005,1.145,0.979,54.6,55.4,101.4,102.1,0.0014,0.1439,godot_parity_session,2026-08-15T00:00:00Z,60,PHY-010,res://scenes/tracks/test_field/la_chutana_generated.tscn,VehicleRigidBody,res://scenes/vehicles/f1_94/f1_94.tscn,res://addons/formula90s/scripts/f1_94_rust_vehicle.gd,1,{}
8783,113.46,11392.3,3,1.0,0.0,0.0,-0.011,1.146,0.979,54.7,55.4,101.5,102.2,0.0014,0.1682,godot_parity_session,2026-08-15T00:00:00Z,60,PHY-010,res://scenes/tracks/test_field/la_chutana_generated.tscn,VehicleRigidBody,res://scenes/vehicles/f1_94/f1_94.tscn,res://addons/formula90s/scripts/f1_94_rust_vehicle.gd,1,{}
8800,113.70,11434.2,3,1.0,0.0,0.0,-0.004,1.147,0.978,54.7,55.4,101.6,102.3,0.0014,0.1474,godot_parity_session,2026-08-15T00:00:00Z,60,PHY-010,res://scenes/tracks/test_field/la_chutana_generated.tscn,VehicleRigidBody,res://scenes/vehicles/f1_94/f1_94.tscn,res://addons/formula90s/scripts/f1_94_rust_vehicle.gd,1,{}
8816,113.94,11476.3,3,1.0,0.0,0.0,-0.010,1.148,0.978,54.8,55.5,101.7,102.4,0.0014,0.1716,godot_parity_session,2026-08-15T00:00:00Z,60,PHY-010,res://scenes/tracks/test_field/la_chutana_generated.tscn,VehicleRigidBody,res://scenes/vehicles/f1_94/f1_94.tscn,res://addons/formula90s/scripts/f1_94_rust_vehicle.gd,1,{}
8833,114.18,11518.6,3,1.0,0.0,0.0,-0.003,1.149,0.978,54.8,55.5,101.8,102.5,0.0014,0.1510,godot_parity_session,2026-08-15T00:00:00Z,60,PHY-010,res://scenes/tracks/test_field/la_chutana_generated.tscn,VehicleRigidBody,res://scenes/vehicles/f1_94/f1_94.tscn,res://addons/formula90s/scripts/f1_94_rust_vehicle.gd,1,{}
8850,114.41,11561.0,3,1.0,0.0,0.0,-0.008,1.149,0.978,54.9,55.5,102.0,102.5,0.0014,0.1750,godot_parity_session,2026-08-15T00:00:00Z,60,PHY-010,res://scenes/tracks/test_field/la_chutana_generated.tscn,VehicleRigidBody,res://scenes/vehicles/f1_94/f1_94.tscn,res://addons/formula90s/scripts/f1_94_rust_vehicle.gd,1,{}
8866,114.65,11603.6,3,1.0,0.0,0.0,-0.002,1.150,0.978,55.0,55.5,102.1,102.6,0.0014,0.1546,godot_parity_session,2026-08-15T00:00:00Z,60,PHY-010,res://scenes/tracks/test_field/la_chutana_generated.tscn,VehicleRigidBody,res://scenes/vehicles/f1_94/f1_94.tscn,res://addons/formula90s/scripts/f1_94_rust_vehicle.gd,1,{}
8883,114.89,11646.4,3,1.0,0.0,0.0,-0.007,1.151,0.978,55.0,55.6,102.2,102.7,0.0014,0.1785,godot_parity_session,2026-08-15T00:00:00Z,60,PHY-010,res://scenes/tracks/test_field/la_chutana_generated.tscn,VehicleRigidBody,res://scenes/vehicles/f1_94/f1_94.tscn,res://addons/formula90s/scripts/f1_94_rust_vehicle.gd,1,{}
8900,115.13,11689.3,3,1.0,0.0,0.0,-0.001,1.152,0.978,55.1,55.6,102.3,102.8,0.0014,0.1582,godot_parity_session,2026-08-15T00:00:00Z,60,PHY-010,res://scenes/tracks/test_field/la_chutana_generated.tscn,VehicleRigidBody,res://scenes/vehicles/f1_94/f1_94.tscn,res://addons/formula90s/scripts/f1_94_rust_vehicle.gd,1,{}
8916,115.36,11732.5,3,1.0,0.0,0.0,-0.006,1.152,0.978,55.1,55.6,102.4,102.9,0.0014,0.1820,godot_parity_session,2026-08-15T00:00:00Z,60,PHY-010,res://scenes/tracks/test_field/la_chutana_generated.tscn,VehicleRigidBody,res://scenes/vehicles/f1_94/f1_94.tscn,res://addons/formula90s/scripts/f1_94_rust_vehicle.gd,1,{}
8933,115.60,11775.8,3,1.0,0.0,0.0,0.000,1.153,0.978,55.2,55.6,102.5,103.0,0.0014,0.1618,godot_parity_session,2026-08-15T00:00:00Z,60,PHY-010,res://scenes/tracks/test_field/la_chutana_generated.tscn,VehicleRigidBody,res://scenes/vehicles/f1_94/f1_94.tscn,res://addons/formula90s/scripts/f1_94_rust_vehicle.gd,1,{}
8950,115.84,11819.2,3,1.0,0.0,0.0,-0.005,1.154,0.978,55.2,55.7,102.6,103.1,0.0014,0.1856,godot_parity_session,2026-08-15T00:00:00Z,60,PHY-010,res://scenes/tracks/test_field/la_chutana_generated.tscn,VehicleRigidBody,res://scenes/vehicles/f1_94/f1_94.tscn,res://addons/formula90s/scripts/f1_94_rust_vehicle.gd,1,{}
8966,116.08,11862.9,3,1.0,0.0,0.0,0.001,1.155,0.978,55.3,55.7,102.7,103.1,0.0014,0.1655,godot_parity_session,2026-08-15T00:00:00Z,60,PHY-010,res://scenes/tracks/test_field/la_chutana_generated.tscn,VehicleRigidBody,res://scenes/vehicles/f1_94/f1_94.tscn,res://addons/formula90s/scripts/f1_94_rust_vehicle.gd,1,{}
8983,116.31,11906.8,3,1.0,0.0,0.0,-0.004,1.155,0.978,55.3,55.7,102.9,103.2,0.0014,0.1891,godot_parity_session,2026-08-15T00:00:00Z,60,PHY-010,res://scenes/tracks/test_field/la_chutana_generated.tscn,VehicleRigidBody,res://scenes/vehicles/f1_94/f1_94.tscn,res://addons/formula90s/scripts/f1_94_rust_vehicle.gd,1,{}
9000,116.55,11950.8,3,1.0,0.0,0.0,0.002,1.156,0.978,55.4,55.8,103.0,103.3,0.0014,0.1693,godot_parity_session,2026-08-15T00:00:00Z,60,PHY-010,res://scenes/tracks/test_field/la_chutana_generated.tscn,VehicleRigidBody,res://scenes/vehicles/f1_94/f1_94.tscn,res://addons/formula90s/scripts/f1_94_rust_vehicle.gd,1,{}
9016,116.79,11995.0,3,1.0,0.0,0.0,-0.002,1.157,0.978,55.5,55.8,103.1,103.4,0.0014,0.1927,godot_parity_session,2026-08-15T00:00:00Z,60,PHY-010,res://scenes/tracks/test_field/la_chutana_generated.tscn,VehicleRigidBody,res://scenes/vehicles/f1_94/f1_94.tscn,res://addons/formula90s/scripts/f1_94_rust_vehicle.gd,1,{}
9033,117.03,12039.4,3,1.0,0.0,0.0,0.003,1.158,0.978,55.5,55.8,103.2,103.5,0.0014,0.1731,godot_parity_session,2026-08-15T00:00:00Z,60,PHY-010,res://scenes/tracks/test_field/la_chutana_generated.tscn,VehicleRigidBody,res://scenes/vehicles/f1_94/f1_94.tscn,res://addons/formula90s/scripts/f1_94_rust_vehicle.gd,1,{}
9050,117.26,12084.0,3,1.0,0.0,0.0,-0.001,1.158,0.977,55.6,55.9,103.3,103.6,0.0014,0.1964,godot_parity_session,2026-08-15T00:00:00Z,60,PHY-010,res://scenes/tracks/test_field/la_chutana_generated.tscn,VehicleRigidBody,res://scenes/vehicles/f1_94/f1_94.tscn,res://addons/formula90s/scripts/f1_94_rust_vehicle.gd,1,{}
9066,117.50,12128.8,3,1.0,0.0,0.0,0.003,1.159,0.977,55.6,55.9,103.4,103.7,0.0014,0.1769,godot_parity_session,2026-08-15T00:00:00Z,60,PHY-010,res://scenes/tracks/test_field/la_chutana_generated.tscn,VehicleRigidBody,res://scenes/vehicles/f1_94/f1_94.tscn,res://addons/formula90s/scripts/f1_94_rust_vehicle.gd,1,{}
9083,117.74,12173.8,3,1.0,0.0,0.0,-0.000,1.160,0.977,55.7,55.9,103.5,103.7,0.0013,0.2001,godot_parity_session,2026-08-15T00:00:00Z,60,PHY-010,res://scenes/tracks/test_field/la_chutana_generated.tscn,VehicleRigidBody,res://scenes/vehicles/f1_94/f1_94.tscn,res://addons/formula90s/scripts/f1_94_rust_vehicle.gd,1,{}
9100,117.98,12218.9,3,1.0,0.0,0.0,0.004,1.160,0.977,55.7,56.0,103.6,103.8,0.0013,0.1808,godot_parity_session,2026-08-15T00:00:00Z,60,PHY-010,res://scenes/tracks/test_field/la_chutana_generated.tscn,VehicleRigidBody,res://scenes/vehicles/f1_94/f1_94.tscn,res://addons/formula90s/scripts/f1_94_rust_vehicle.gd,1,{}
9116,118.21,12264.3,3,1.0,0.0,0.0,0.001,1.161,0.977,55.8,56.0,103.7,103.9,0.0013,0.2038,godot_parity_session,2026-08-15T00:00:00Z,60,PHY-010,res://scenes/tracks/test_field/la_chutana_generated.tscn,VehicleRigidBody,res://scenes/vehicles/f1_94/f1_94.tscn,res://addons/formula90s/scripts/f1_94_rust_vehicle.gd,1,{}
9133,118.45,12309.8,3,1.0,0.0,0.0,0.005,1.162,0.977,55.9,56.1,103.8,104.0,0.0013,0.1847,godot_parity_session,2026-08-15T00:00:00Z,60,PHY-010,res://scenes/tracks/test_field/la_chutana_generated.tscn,VehicleRigidBody,res://scenes/vehicles/f1_94/f1_94.tscn,res://addons/formula90s/scripts/f1_94_rust_vehicle.gd,1,{}
9150,118.69,12355.6,3,1.0,0.0,0.0,0.002,1.162,0.977,55.9,56.1,103.9,104.1,0.0013,0.2076,godot_parity_session,2026-08-15T00:00:00Z,60,PHY-010,res://scenes/tracks/test_field/la_chutana_generated.tscn,VehicleRigidBody,res://scenes/vehicles/f1_94/f1_94.tscn,res://addons/formula90s/scripts/f1_94_rust_vehicle.gd,1,{}
9166,118.93,12401.5,3,1.0,0.0,0.0,0.006,1.163,0.977,56.0,56.1,104.0,104.2,0.0013,0.1887,godot_parity_session,2026-08-15T00:00:00Z,60,PHY-010,res://scenes/tracks/test_field/la_chutana_generated.tscn,VehicleRigidBody,res://scenes/vehicles/f1_94/f1_94.tscn,res://addons/formula90s/scripts/f1_94_rust_vehicle.gd,1,{}
9183,119.16,12447.7,3,1.0,0.0,0.0,0.003,1.164,0.977,56.0,56.2,104.1,104.3,0.0013,0.2114,godot_parity_session,2026-08-15T00:00:00Z,60,PHY-010,res://scenes/tracks/test_field/la_chutana_generated.tscn,VehicleRigidBody,res://scenes/vehicles/f1_94/f1_94.tscn,res://addons/formula90s/scripts/f1_94_rust_vehicle.gd,1,{}
9200,119.40,12494.0,3,1.0,0.0,0.0,0.007,1.165,0.977,56.1,56.2,104.2,104.4,0.0013,0.1927,godot_parity_session,2026-08-15T00:00:00Z,60,PHY-010,res://scenes/tracks/test_field/la_chutana_generated.tscn,VehicleRigidBody,res://scenes/vehicles/f1_94/f1_94.tscn,res://addons/formula90s/scripts/f1_94_rust_vehicle.gd,1,{}
9216,119.64,12540.5,3,1.0,0.0,0.0,0.004,1.165,0.977,56.2,56.3,104.3,104.4,0.0013,0.2152,godot_parity_session,2026-08-15T00:00:00Z,60,PHY-010,res://scenes/tracks/test_field/la_chutana_generated.tscn,VehicleRigidBody,res://scenes/vehicles/f1_94/f1_94.tscn,res://addons/formula90s/scripts/f1_94_rust_vehicle.gd,1,{}
9233,119.88,12587.3,3,1.0,0.0,0.0,0.007,1.166,0.977,56.2,56.3,104.4,104.5,0.0013,0.1968,godot_parity_session,2026-08-15T00:00:00Z,60,PHY-010,res://scenes/tracks/test_field/la_chutana_generated.tscn,VehicleRigidBody,res://scenes/vehicles/f1_94/f1_94.tscn,res://addons/formula90s/scripts/f1_94_rust_vehicle.gd,1,{}
9250,120.11,12634.2,3,1.0,0.0,0.0,0.005,1.167,0.977,56.3,56.4,104.5,104.6,0.0013,0.2191,godot_parity_session,2026-08-15T00:00:00Z,60,PHY-010,res://scenes/tracks/test_field/la_chutana_generated.tscn,VehicleRigidBody,res://scenes/vehicles/f1_94/f1_94.tscn,res://addons/formula90s/scripts/f1_94_rust_vehicle.gd,1,{}
9266,120.35,12681.3,3,1.0,0.0,0.0,0.008,1.167,0.977,56.3,56.4,104.6,104.7,0.0013,0.2009,godot_parity_session,2026-08-15T00:00:00Z,60,PHY-010,res://scenes/tracks/test_field/la_chutana_generated.tscn,VehicleRigidBody,res://scenes/vehicles/f1_94/f1_94.tscn,res://addons/formula90s/scripts/f1_94_rust_vehicle.gd,1,{}
9283,120.59,12728.7,3,1.0,0.0,0.0,0.006,1.168,0.977,56.4,56.5,104.7,104.8,0.0013,0.2230,godot_parity_session,2026-08-15T00:00:00Z,60,PHY-010,res://scenes/tracks/test_field/la_chutana_generated.tscn,VehicleRigidBody,res://scenes/vehicles/f1_94/f1_94.tscn,res://addons/formula90s/scripts/f1_94_rust_vehicle.gd,1,{}
9300,120.83,12776.2,3,1.0,0.0,0.0,0.009,1.169,0.977,56.5,56.5,104.8,104.9,0.0013,0.2051,godot_parity_session,2026-08-15T00:00:00Z,60,PHY-010,res://scenes/tracks/test_field/la_chutana_generated.tscn,VehicleRigidBody,res://scenes/vehicles/f1_94/f1_94.tscn,res://addons/formula90s/scripts/f1_94_rust_vehicle.gd,1,{}
9316,121.07,12823.9,3,1.0,0.0,0.0,0.007,1.170,0.977,56.5,56.5,104.9,105.0,0.0013,0.2270,godot_parity_session,2026-08-15T00:00:00Z,60,PHY-010,res://scenes/tracks/test_field/la_chutana_generated.tscn,VehicleRigidBody,res://scenes/vehicles/f1_94/f1_94.tscn,res://addons/formula90s/scripts/f1_94_rust_vehicle.gd,1,{}
9333,121.30,12871.9,3,1.0,0.0,0.0,0.010,1.170,0.977,56.6,56.6,105.0,105.1,0.0013,0.2093,godot_parity_session,2026-08-15T00:00:00Z,60,PHY-010,res://scenes/tracks/test_field/la_chutana_generated.tscn,VehicleRigidBody,res://scenes/vehicles/f1_94/f1_94.tscn,res://addons/formula90s/scripts/f1_94_rust_vehicle.gd,1,{}
9350,121.54,12920.0,3,1.0,0.0,0.0,0.008,1.171,0.977,56.6,56.6,105.1,105.1,0.0013,0.2309,godot_parity_session,2026-08-15T00:00:00Z,60,PHY-010,res://scenes/tracks/test_field/la_chutana_generated.tscn,VehicleRigidBody,res://scenes/vehicles/f1_94/f1_94.tscn,res://addons/formula90s/scripts/f1_94_rust_vehicle.gd,1,{}
9366,121.78,12968.4,3,1.0,0.0,0.0,0.012,1.172,0.977,56.7,56.7,105.3,105.2,0.0013,0.2135,godot_parity_session,2026-08-15T00:00:00Z,60,PHY-010,res://scenes/tracks/test_field/la_chutana_generated.tscn,VehicleRigidBody,res://scenes/vehicles/f1_94/f1_94.tscn,res://addons/formula90s/scripts/f1_94_rust_vehicle.gd,1,{}
9383,122.02,13017.0,3,1.0,0.0,0.0,0.010,1.172,0.977,56.8,56.7,105.4,105.3,0.0013,0.2350,godot_parity_session,2026-08-15T00:00:00Z,60,PHY-010,res://scenes/tracks/test_field/la_chutana_generated.tscn,VehicleRigidBody,res://scenes/vehicles/f1_94/f1_94.tscn,res://addons/formula90s/scripts/f1_94_rust_vehicle.gd,1,{}
9400,122.25,13065.8,3,1.0,0.0,0.0,0.013,1.173,0.977,56.8,56.8,105.5,105.4,0.0013,0.2179,godot_parity_session,2026-08-15T00:00:00Z,60,PHY-010,res://scenes/tracks/test_field/la_chutana_generated.tscn,VehicleRigidBody,res://scenes/vehicles/f1_94/f1_94.tscn,res://addons/formula90s/scripts/f1_94_rust_vehicle.gd,1,{}
9416,122.49,13114.8,3,1.0,0.0,0.0,0.011,1.174,0.977,56.9,56.8,105.6,105.5,0.0013,0.2390,godot_parity_session,2026-08-15T00:00:00Z,60,PHY-010,res://scenes/tracks/test_field/la_chutana_generated.tscn,VehicleRigidBody,res://scenes/vehicles/f1_94/f1_94.tscn,res://addons/formula90s/scripts/f1_94_rust_vehicle.gd,1,{}
9433,122.73,13164.0,3,1.0,0.0,0.0,0.014,1.175,0.977,57.0,56.9,105.7,105.6,0.0013,0.2222,godot_parity_session,2026-08-15T00:00:00Z,60,PHY-010,res://scenes/tracks/test_field/la_chutana_generated.tscn,VehicleRigidBody,res://scenes/vehicles/f1_94/f1_94.tscn,res://addons/formula90s/scripts/f1_94_rust_vehicle.gd,1,{}
9450,122.97,13213.4,3,1.0,0.0,0.0,0.013,1.175,0.977,57.0,56.9,105.8,105.7,0.0013,0.2431,godot_parity_session,2026-08-15T00:00:00Z,60,PHY-010,res://scenes/tracks/test_field/la_chutana_generated.tscn,VehicleRigidBody,res://scenes/vehicles/f1_94/f1_94.tscn,res://addons/formula90s/scripts/f1_94_rust_vehicle.gd,1,{}
9466,123.20,13263.0,3,1.0,0.0,0.0,0.016,1.176,0.977,57.1,57.0,105.9,105.8,0.0013,0.2266,godot_parity_session,2026-08-15T00:00:00Z,60,PHY-010,res://scenes/tracks/test_field/la_chutana_generated.tscn,VehicleRigidBody,res://scenes/vehicles/f1_94/f1_94.tscn,res://addons/formula90s/scripts/f1_94_rust_vehicle.gd,1,{}
9483,123.44,13312.9,3,1.0,0.0,0.0,0.014,1.177,0.977,57.2,57.0,106.0,105.9,0.0012,0.2473,godot_parity_session,2026-08-15T00:00:00Z,60,PHY-010,res://scenes/tracks/test_field/la_chutana_generated.tscn,VehicleRigidBody,res://scenes/vehicles/f1_94/f1_94.tscn,res://addons/formula90s/scripts/f1_94_rust_vehicle.gd,1,{}
9500,123.68,13362.9,3,1.0,0.0,0.0,0.018,1.177,0.977,57.2,57.1,106.1,105.9,0.0012,0.2311,godot_parity_session,2026-08-15T00:00:00Z,60,PHY-010,res://scenes/tracks/test_field/la_chutana_generated.tscn,VehicleRigidBody,res://scenes/vehicles/f1_94/f1_94.tscn,res://addons/formula90s/scripts/f1_94_rust_vehicle.gd,1,{}
9516,123.92,13413.2,3,1.0,0.0,0.0,0.016,1.178,0.977,57.3,57.1,106.2,106.0,0.0012,0.2514,godot_parity_session,2026-08-15T00:00:00Z,60,PHY-010,res://scenes/tracks/test_field/la_chutana_generated.tscn,VehicleRigidBody,res://scenes/vehicles/f1_94/f1_94.tscn,res://addons/formula90s/scripts/f1_94_rust_vehicle.gd,1,{}
9533,124.16,13463.7,3,1.0,0.0,0.0,0.020,1.179,0.977,57.4,57.2,106.3,106.1,0.0012,0.2357,godot_parity_session,2026-08-15T00:00:00Z,60,PHY-010,res://scenes/tracks/test_field/la_chutana_generated.tscn,VehicleRigidBody,res://scenes/vehicles/f1_94/f1_94.tscn,res://addons/formula90s/scripts/f1_94_rust_vehicle.gd,1,{}
9550,124.39,13514.3,3,1.0,0.0,0.0,0.019,1.180,0.977,57.4,57.2,106.4,106.2,0.0012,0.2556,godot_parity_session,2026-08-15T00:00:00Z,60,PHY-010,res://scenes/tracks/test_field/la_chutana_generated.tscn,VehicleRigidBody,res://scenes/vehicles/f1_94/f1_94.tscn,res://addons/formula90s/scripts/f1_94_rust_vehicle.gd,1,{}
9566,124.63,13564.9,3,1.0,0.0,0.0,0.022,1.180,0.977,57.5,57.3,106.5,106.3,0.0012,0.2402,godot_parity_session,2026-08-15T00:00:00Z,60,PHY-010,res://scenes/tracks/test_field/la_chutana_generated.tscn,VehicleRigidBody,res://scenes/vehicles/f1_94/f1_94.tscn,res://addons/formula90s/scripts/f1_94_rust_vehicle.gd,1,{}
9583,124.87,13615.5,3,1.0,0.0,0.0,0.021,1.181,0.976,57.6,57.3,106.6,106.4,0.0012,0.2597,godot_parity_session,2026-08-15T00:00:00Z,60,PHY-010,res://scenes/tracks/test_field/la_chutana_generated.tscn,VehicleRigidBody,res://scenes/vehicles/f1_94/f1_94.tscn,res://addons/formula90s/scripts/f1_94_rust_vehicle.gd,1,{}
9600,125.11,13666.1,3,1.0,0.0,0.0,0.024,1.182,0.976,57.6,57.4,106.7,106.5,0.0012,0.2446,godot_parity_session,2026-08-15T00:00:00Z,60,PHY-010,res://scenes/tracks/test_field/la_chutana_generated.tscn,VehicleRigidBody,res://scenes/vehicles/f1_94/f1_94.tscn,res://addons/formula90s/scripts/f1_94_rust_vehicle.gd,1,{}
9616,125.35,13716.6,3,1.0,0.0,0.0,0.024,1.182,0.976,57.7,57.4,106.8,106.5,0.0012,0.2637,godot_parity_session,2026-08-15T00:00:00Z,60,PHY-010,res://scenes/tracks/test_field/la_chutana_generated.tscn,VehicleRigidBody,res://scenes/vehicles/f1_94/f1_94.tscn,res://addons/formula90s/scripts/f1_94_rust_vehicle.gd,1,{}
9633,125.58,13767.1,3,1.0,0.0,0.0,0.027,1.183,0.976,57.8,57.5,106.9,106.6,0.0012,0.2491,godot_parity_session,2026-08-15T00:00:00Z,60,PHY-010,res://scenes/tracks/test_field/la_chutana_generated.tscn,VehicleRigidBody,res://scenes/vehicles/f1_94/f1_94.tscn,res://addons/formula90s/scripts/f1_94_rust_vehicle.gd,1,{}
9650,125.82,13817.6,3,1.0,0.0,0.0,0.027,1.184,0.976,57.8,57.5,107.0,106.7,0.0012,0.2677,godot_parity_session,2026-08-15T00:00:00Z,60,PHY-010,res://scenes/tracks/test_field/la_chutana_generated.tscn,VehicleRigidBody,res://scenes/vehicles/f1_94/f1_94.tscn,res://addons/formula90s/scripts/f1_94_rust_vehicle.gd,1,{}
9666,126.06,13868.0,3,1.0,0.0,0.0,0.030,1.185,0.976,57.9,57.6,107.1,106.8,0.0012,0.2535,godot_parity_session,2026-08-15T00:00:00Z,60,PHY-010,res://scenes/tracks/test_field/la_chutana_generated.tscn,VehicleRigidBody,res://scenes/vehicles/f1_94/f1_94.tscn,res://addons/formula90s/scripts/f1_94_rust_vehicle.gd,1,{}
9683,126.30,13918.4,3,1.0,0.0,0.0,0.030,1.185,0.976,58.0,57.6,107.3,106.9,0.0012,0.2716,godot_parity_session,2026-08-15T00:00:00Z,60,PHY-010,res://scenes/tracks/test_field/la_chutana_generated.tscn,VehicleRigidBody,res://scenes/vehicles/f1_94/f1_94.tscn,res://addons/formula90s/scripts/f1_94_rust_vehicle.gd,1,{}
9700,126.53,13968.8,3,1.0,0.0,0.0,0.034,1.186,0.976,58.1,57.7,107.4,107.0,0.0012,0.2579,godot_parity_session,2026-08-15T00:00:00Z,60,PHY-010,res://scenes/tracks/test_field/la_chutana_generated.tscn,VehicleRigidBody,res://scenes/vehicles/f1_94/f1_94.tscn,res://addons/formula90s/scripts/f1_94_rust_vehicle.gd,1,{}
9716,126.77,14019.2,3,1.0,0.0,0.0,0.034,1.187,0.976,58.1,57.7,107.5,107.1,0.0012,0.2754,godot_parity_session,2026-08-15T00:00:00Z,60,PHY-010,res://scenes/tracks/test_field/la_chutana_generated.tscn,VehicleRigidBody,res://scenes/vehicles/f1_94/f1_94.tscn,res://addons/formula90s/scripts/f1_94_rust_vehicle.gd,1,{}
9733,127.01,14069.6,3,1.0,0.0,0.0,0.038,1.188,0.976,58.2,57.8,107.6,107.1,0.0012,0.2623,godot_parity_session,2026-08-15T00:00:00Z,60,PHY-010,res://scenes/tracks/test_field/la_chutana_generated.tscn,VehicleRigidBody,res://scenes/vehicles/f1_94/f1_94.tscn,res://addons/formula90s/scripts/f1_94_rust_vehicle.gd,1,{}
9750,127.25,14119.9,3,1.0,0.0,0.0,0.038,1.188,0.976,58.3,57.8,107.7,107.2,0.0012,0.2792,godot_parity_session,2026-08-15T00:00:00Z,60,PHY-010,res://scenes/tracks/test_field/la_chutana_generated.tscn,VehicleRigidBody,res://scenes/vehicles/f1_94/f1_94.tscn,res://addons/formula90s/scripts/f1_94_rust_vehicle.gd,1,{}
9766,127.49,14170.2,3,1.0,0.0,0.0,0.042,1.189,0.976,58.4,57.8,107.8,107.3,0.0012,0.2667,godot_parity_session,2026-08-15T00:00:00Z,60,PHY-010,res://scenes/tracks/test_field/la_chutana_generated.tscn,VehicleRigidBody,res://scenes/vehicles/f1_94/f1_94.tscn,res://addons/formula90s/scripts/f1_94_rust_vehicle.gd,1,{}
9783,127.72,14220.4,3,1.0,0.0,0.0,0.043,1.190,0.976,58.4,57.9,107.9,107.4,0.0012,0.2829,godot_parity_session,2026-08-15T00:00:00Z,60,PHY-010,res://scenes/tracks/test_field/la_chutana_generated.tscn,VehicleRigidBody,res://scenes/vehicles/f1_94/f1_94.tscn,res://addons/formula90s/scripts/f1_94_rust_vehicle.gd,1,{}
9800,127.96,14270.7,3,1.0,0.0,0.0,0.048,1.190,0.976,58.5,57.9,108.0,107.5,0.0012,0.2711,godot_parity_session,2026-08-15T00:00:00Z,60,PHY-010,res://scenes/tracks/test_field/la_chutana_generated.tscn,VehicleRigidBody,res://scenes/vehicles/f1_94/f1_94.tscn,res://addons/formula90s/scripts/f1_94_rust_vehicle.gd,1,{}
9816,128.20,14320.9,3,1.0,0.0,0.0,0.049,1.191,0.976,58.6,58.0,108.2,107.6,0.0012,0.2866,godot_parity_session,2026-08-15T00:00:00Z,60,PHY-010,res://scenes/tracks/test_field/la_chutana_generated.tscn,VehicleRigidBody,res://scenes/vehicles/f1_94/f1_94.tscn,res://addons/formula90s/scripts/f1_94_rust_vehicle.gd,1,{}
9833,128.44,14371.1,3,1.0,0.0,0.0,0.054,1.192,0.976,58.7,58.0,108.3,107.6,0.0012,0.2754,godot_parity_session,2026-08-15T00:00:00Z,60,PHY-010,res://scenes/tracks/test_field/la_chutana_generated.tscn,VehicleRigidBody,res://scenes/vehicles/f1_94/f1_94.tscn,res://addons/formula90s/scripts/f1_94_rust_vehicle.gd,1,{}
9850,128.68,14421.2,3,1.0,0.0,0.0,0.055,1.193,0.976,58.8,58.1,108.4,107.7,0.0012,0.2901,godot_parity_session,2026-08-15T00:00:00Z,60,PHY-010,res://scenes/tracks/test_field/la_chutana_generated.tscn,VehicleRigidBody,res://scenes/vehicles/f1_94/f1_94.tscn,res://addons/formula90s/scripts/f1_94_rust_vehicle.gd,1,{}
9866,128.91,14471.4,3,1.0,0.0,0.0,0.060,1.193,0.976,58.9,58.1,108.5,107.8,0.0012,0.2798,godot_parity_session,2026-08-15T00:00:00Z,60,PHY-010,res://scenes/tracks/test_field/la_chutana_generated.tscn,VehicleRigidBody,res://scenes/vehicles/f1_94/f1_94.tscn,res://addons/formula90s/scripts/f1_94_rust_vehicle.gd,1,{}
9883,129.15,14521.5,3,1.0,0.0,0.0,0.063,1.194,0.976,58.9,58.1,108.6,107.9,0.0012,0.2936,godot_parity_session,2026-08-15T00:00:00Z,60,PHY-010,res://scenes/tracks/test_field/la_chutana_generated.tscn,VehicleRigidBody,res://scenes/vehicles/f1_94/f1_94.tscn,res://addons/formula90s/scripts/f1_94_rust_vehicle.gd,1,{}
9900,129.39,14571.5,3,1.0,0.0,0.0,0.068,1.195,0.976,59.0,58.2,108.8,107.9,0.0012,0.2842,godot_parity_session,2026-08-15T00:00:00Z,60,PHY-010,res://scenes/tracks/test_field/la_chutana_generated.tscn,VehicleRigidBody,res://scenes/vehicles/f1_94/f1_94.tscn,res://addons/formula90s/scripts/f1_94_rust_vehicle.gd,1,{}
9916,129.63,14621.6,3,1.0,0.0,0.0,0.071,1.195,0.976,59.1,58.2,108.9,108.0,0.0012,0.2970,godot_parity_session,2026-08-15T00:00:00Z,60,PHY-010,res://scenes/tracks/test_field/la_chutana_generated.tscn,VehicleRigidBody,res://scenes/vehicles/f1_94/f1_94.tscn,res://addons/formula90s/scripts/f1_94_rust_vehicle.gd,1,{}
9933,129.87,14671.6,3,1.0,0.0,0.0,0.077,1.196,0.976,59.2,58.2,109.0,108.1,0.0012,0.2886,godot_parity_session,2026-08-15T00:00:00Z,60,PHY-010,res://scenes/tracks/test_field/la_chutana_generated.tscn,VehicleRigidBody,res://scenes/vehicles/f1_94/f1_94.tscn,res://addons/formula90s/scripts/f1_94_rust_vehicle.gd,1,{}
9950,130.10,14721.6,3,1.0,0.0,0.0,0.081,1.197,0.976,59.3,58.3,109.1,108.2,0.0012,0.3003,godot_parity_session,2026-08-15T00:00:00Z,60,PHY-010,res://scenes/tracks/test_field/la_chutana_generated.tscn,VehicleRigidBody,res://scenes/vehicles/f1_94/f1_94.tscn,res://addons/formula90s/scripts/f1_94_rust_vehicle.gd,1,{}
9966,130.34,14771.6,3,1.0,0.0,0.0,0.087,1.198,0.976,59.4,58.3,109.3,108.2,0.0012,0.2931,godot_parity_session,2026-08-15T00:00:00Z,60,PHY-010,res://scenes/tracks/test_field/la_chutana_generated.tscn,VehicleRigidBody,res://scenes/vehicles/f1_94/f1_94.tscn,res://addons/formula90s/scripts/f1_94_rust_vehicle.gd,1,{}
9983,130.58,14821.5,3,1.0,0.0,0.0,0.091,1.198,0.976,59.5,58.3,109.4,108.3,0.0012,0.3034,godot_parity_session,2026-08-15T00:00:00Z,60,PHY-010,res://scenes/tracks/test_field/la_chutana_generated.tscn,VehicleRigidBody,res://scenes/vehicles/f1_94/f1_94.tscn,res://addons/formula90s/scripts/f1_94_rust_vehicle.gd,1,{}
