Time_ms,Speed_kmh,RPM,Gear,Throttle,Brake,Steering,Lat_G,Long_G,Vert_G,FL_Comp,FR_Comp,RL_Comp,RR_Comp,Front_Slip,Rear_Slip,Session_Id,Session_Timestamp_UTC,Physics_Hz,Test_Id,Track_Scene,Vehicle_Node_Path,Vehicle_Scene,Vehicle_Script,Setup_Schema_Version,Setup_JSON
0,2.73,4500.8,1,1.0,0.0,0.0,-0.000,-0.001,0.072,71.7,71.7,36.7,36.7,0.0015,0.0000,godot_parity_session,2026-08-15T00:00:00Z,60,PHY-010,res://scenes/tracks/test_field/la_chutana_generated.tscn,VehicleRigidBody,res://scenes/vehicles/f1_94/f1_94.tscn,res://addons/formula90s/scripts/f1_94_rust_vehicle.gd,1,{}
16,2.46,4512.9,1,1.0,0.0,0.0,-0.000,-0.001,0.070,66.6,66.6,30.6,30.6,0.0016,0.0000,godot_parity_session,2026-08-15T00:00:00Z,60,PHY-010,res://scenes/tracks/test_field/la_chutana_generated.tscn,VehicleRigidBody,res://scenes/vehicles/f1_94/f1_94.tscn,res://addons/formula90s/scripts/f1_94_rust_vehicle.gd,1,{}
33,2.18,4536.3,1,1.0,0.0,0.0,-0.000,-0.001,0.072,61.9,61.9,25.2,25.2,0.0017,0.0000,godot_parity_session,2026-08-15T00:00:00Z,60,PHY-010,res://scenes/tracks/test_field/la_chutana_generated.tscn,VehicleRigidBody,res://scenes/vehicles/f1_94/f1_94.tscn,res://addons/formula90s/scripts/f1_94_rust_vehicle.gd,1,{}
50,1.91,4563.2,1,1.0,0.0,0.0,-0.000,-0.001,0.077,57.9,57.9,20.5,20.5,0.0019,0.0000,godot_parity_session,2026-08-15T00:00:00Z,60,PHY-010,res://scenes/tracks/test_field/la_chutana_generated.tscn,VehicleRigidBody,res://scenes/vehicles/f1_94/f1_94.tscn,res://addons/formula90s/scripts/f1_94_rust_vehicle.gd,1,{}
66,1.63,4587.3,1,1.0,0.0,0.0,-0.000,-0.002,0.085,54.3,54.3,16.5,16.5,0.0021,0.0000,godot_parity_session,2026-08-15T00:00:00Z,60,PHY-010,res://scenes/tracks/test_field/la_chutana_generated.tscn,VehicleRigidBody,res://scenes/vehicles/f1_94/f1_94.tscn,res://addons/formula90s/scripts/f1_94_rust_vehicle.gd,1,{}
83,1.36,4609.7,1,1.0,0.0,0.0,-0.000,-0.002,0.096,51.3,51.3,13.2,13.2,0.0024,0.0000,godot_parity_session,2026-08-15T00:00:00Z,60,PHY-010,res://scenes/tracks/test_field/la_chutana_generated.tscn,VehicleRigidBody,res://scenes/vehicles/f1_94/f1_94.tscn,res://addons/formula90s/scripts/f1_94_rust_vehicle.gd,1,{}
100,1.10,4623.9,1,1.0,0.0,0.0,-0.000,-0.002,0.108,48.8,48.8,10.7,10.7,0.0027,0.0000,godot_parity_session,2026-08-15T00:00:00Z,60,PHY-010,res://scenes/tracks/test_field/la_chutana_generated.tscn,VehicleRigidBody,res://scenes/vehicles/f1_94/f1_94.tscn,res://addons/formula90s/scripts/f1_94_rust_vehicle.gd,1,{}
116,0.83,4632.8,1,1.0,0.0,0.0,-0.000,-0.002,0.123,46.7,46.7,8.8,8.8,0.0030,0.0000,godot_parity_session,2026-08-15T00:00:00Z,60,PHY-010,res://scenes/tracks/test_field/la_chutana_generated.tscn,VehicleRigidBody,res://scenes/vehicles/f1_94/f1_94.tscn,res://addons/formula90s/scripts/f1_94_rust_vehicle.gd,1,{}
133,0.58,4638.5,1,1.0,0.0,0.0,-0.000,-0.002,0.138,45.1,45.2,7.7,7.7,0.0033,0.0000,godot_parity_session,2026-08-15T00:00:00Z,60,PHY-010,res://scenes/tracks/test_field/la_chutana_generated.tscn,VehicleRigidBody,res://scenes/vehicles/f1_94/f1_94.tscn,res://addons/formula90s/scripts/f1_94_rust_vehicle.gd,1,{}
150,0.32,4642.1,1,1.0,0.0,0.0,-0.000,0.006,0.161,44.0,44.0,7.3,7.3,0.0036,1.3748,godot_parity_session,2026-08-15T00:00:00Z,60,PHY-010,res://scenes/tracks/test_field/la_chutana_generated.tscn,VehicleRigidBody,res://scenes/vehicles/f1_94/f1_94.tscn,res://addons/formula90s/scripts/f1_94_rust_vehicle.gd,1,{}
166,0.08,4644.4,1,1.0,0.0,0.0,-0.000,0.173,0.312,43.2,43.2,7.6,7.6,0.0045,1.6602,godot_parity_session,2026-08-15T00:00:00Z,60,PHY-010,res://scenes/tracks/test_field/la_chutana_generated.tscn,VehicleRigidBody,res://scenes/vehicles/f1_94/f1_94.tscn,res://addons/formula90s/scripts/f1_94_rust_vehicle.gd,1,{}
183,0.14,4645.9,1,1.0,0.0,0.0,-0.000,0.332,0.458,42.7,42.7,8.6,8.6,0.0175,1.8535,godot_parity_session,2026-08-15T00:00:00Z,60,PHY-010,res://scenes/tracks/test_field/la_chutana_generated.tscn,VehicleRigidBody,res://scenes/vehicles/f1_94/f1_94.tscn,res://addons/formula90s/scripts/f1_94_rust_vehicle.gd,1,{}
200,0.33,4646.8,1,1.0,0.0,0.0,-0.000,0.417,0.546,42.4,42.4,10.1,10.1,0.0291,1.9536,godot_parity_session,2026-08-15T00:00:00Z,60,PHY-010,res://scenes/tracks/test_field/la_chutana_generated.tscn,VehicleRigidBody,res://scenes/vehicles/f1_94/f1_94.tscn,res://addons/formula90s/scripts/f1_94_rust_vehicle.gd,1,{}
216,0.51,4647.4,1,1.0,0.0,0.0,-0.000,0.496,0.617,42.2,42.2,12.0,12.0,0.0268,2.0030,godot_parity_session,2026-08-15T00:00:00Z,60,PHY-010,res://scenes/tracks/test_field/la_chutana_generated.tscn,VehicleRigidBody,res://scenes/vehicles/f1_94/f1_94.tscn,res://addons/formula90s/scripts/f1_94_rust_vehicle.gd,1,{}
233,0.69,4647.7,1,1.0,0.0,0.0,-0.000,0.572,0.682,42.1,42.1,14.3,14.3,0.0308,2.0103,godot_parity_session,2026-08-15T00:00:00Z,60,PHY-010,res://scenes/tracks/test_field/la_chutana_generated.tscn,VehicleRigidBody,res://scenes/vehicles/f1_94/f1_94.tscn,res://addons/formula90s/scripts/f1_94_rust_vehicle.gd,1,{}
250,0.87,4648.0,1,1.0,0.0,0.0,-0.000,0.645,0.743,42.1,42.1,16.9,16.9,0.0341,1.9812,godot_parity_session,2026-08-15T00:00:00Z,60,PHY-010,res://scenes/tracks/test_field/la_chutana_generated.tscn,VehicleRigidBody,res://scenes/vehicles/f1_94/f1_94.tscn,res://addons/formula90s/scripts/f1_94_rust_vehicle.gd,1,{}
266,1.06,4648.1,1,1.0,0.0,0.0,-0.000,0.716,0.799,42.2,42.2,19.9,19.9,0.0369,1.9214,godot_parity_session,2026-08-15T00:00:00Z,60,PHY-010,res://scenes/tracks/test_field/la_chutana_generated.tscn,VehicleRigidBody,res://scenes/vehicles/f1_94/f1_94.tscn,res://addons/formula90s/scripts/f1_94_rust_vehicle.gd,1,{}
283,1.26,4648.2,1,1.0,0.0,0.0,-0.000,0.784,0.849,42.2,42.2,23.1,23.1,0.0392,1.8367,godot_parity_session,2026-08-15T00:00:00Z,60,PHY-010,res://scenes/tracks/test_field/la_chutana_generated.tscn,VehicleRigidBody,res://scenes/vehicles/f1_94/f1_94.tscn,res://addons/formula90s/scripts/f1_94_rust_vehicle.gd,1,{}
300,1.48,4648.3,1,1.0,0.0,0.0,-0.000,0.848,0.895,42.2,42.2,26.5,26.5,0.0409,1.7327,godot_parity_session,2026-08-15T00:00:00Z,60,PHY-010,res://scenes/tracks/test_field/la_chutana_generated.tscn,VehicleRigidBody,res://scenes/vehicles/f1_94/f1_94.tscn,res://addons/formula90s/scripts/f1_94_rust_vehicle.gd,1,{}
316,1.71,4648.3,1,1.0,0.0,0.0,-0.000,0.901,0.936,42.3,42.3,30.0,30.0,0.0422,1.6146,godot_parity_session,2026-08-15T00:00:00Z,60,PHY-010,res://scenes/tracks/test_field/la_chutana_generated.tscn,VehicleRigidBody,res://scenes/vehicles/f1_94/f1_94.tscn,res://addons/formula90s/scripts/f1_94_rust_vehicle.gd,1,{}
333,1.95,4648.3,1,1.0,0.0,0.0,-0.001,0.901,0.973,42.3,42.3,33.6,33.6,0.0427,1.4906,godot_parity_session,2026-08-15T00:00:00Z,60,PHY-010,res://scenes/tracks/test_field/la_chutana_generated.tscn,VehicleRigidBody,res://scenes/vehicles/f1_94/f1_94.tscn,res://addons/formula90s/scripts/f1_94_rust_vehicle.gd,1,{}
350,2.19,4648.3,1,1.0,0.0,0.0,0.002,0.902,1.008,42.3,42.3,37.3,37.3,0.0402,1.3804,godot_parity_session,2026-08-15T00:00:00Z,60,PHY-010,res://scenes/tracks/test_field/la_chutana_generated.tscn,VehicleRigidBody,res://scenes/vehicles/f1_94/f1_94.tscn,res://addons/formula90s/scripts/f1_94_rust_vehicle.gd,1,{}
366,2.43,4648.4,1,1.0,0.0,0.0,-0.005,0.904,1.039,42.3,42.3,40.9,40.9,0.0383,1.2845,godot_parity_session,2026-08-15T00:00:00Z,60,PHY-010,res://scenes/tracks/test_field/la_chutana_generated.tscn,VehicleRigidBody,res://scenes/vehicles/f1_94/f1_94.tscn,res://addons/formula90s/scripts/f1_94_rust_vehicle.gd,1,{}
383,2.68,4648.4,1,1.0,0.0,0.0,0.013,0.905,1.067,42.3,42.3,44.4,44.4,0.0370,1.2046,godot_parity_session,2026-08-15T00:00:00Z,60,PHY-010,res://scenes/tracks/test_field/la_chutana_generated.tscn,VehicleRigidBody,res://scenes/vehicles/f1_94/f1_94.tscn,res://addons/formula90s/scripts/f1_94_rust_vehicle.gd,1,{}
400,2.92,4648.4,1,1.0,0.0,0.0,-0.031,0.916,1.091,42.4,42.4,47.9,47.8,0.0367,1.1511,godot_parity_session,2026-08-15T00:00:00Z,60,PHY-010,res://scenes/tracks/test_field/la_chutana_generated.tscn,VehicleRigidBody,res://scenes/vehicles/f1_94/f1_94.tscn,res://addons/formula90s/scripts/f1_94_rust_vehicle.gd,1,{}
416,3.17,4648.4,1,1.0,0.0,0.0,0.066,0.893,1.111,42.5,42.5,51.1,51.2,0.0384,1.1282,godot_parity_session,2026-08-15T00:00:00Z,60,PHY-010,res://scenes/tracks/test_field/la_chutana_generated.tscn,VehicleRigidBody,res://scenes/vehicles/f1_94/f1_94.tscn,res://addons/formula90s/scripts/f1_94_rust_vehicle.gd,1,{}
433,3.41,4648.4,1,1.0,0.0,0.0,-0.095,0.907,1.128,42.6,42.6,54.3,54.2,0.0384,1.0120,godot_parity_session,2026-08-15T00:00:00Z,60,PHY-010,res://scenes/tracks/test_field/la_chutana_generated.tscn,VehicleRigidBody,res://scenes/vehicles/f1_94/f1_94.tscn,res://addons/formula90s/scripts/f1_94_rust_vehicle.gd,1,{}
450,3.66,4648.4,1,1.0,0.0,0.0,0.108,0.883,1.141,42.7,42.7,57.2,57.2,0.0388,0.9886,godot_parity_session,2026-08-15T00:00:00Z,60,PHY-010,res://scenes/tracks/test_field/la_chutana_generated.tscn,VehicleRigidBody,res://scenes/vehicles/f1_94/f1_94.tscn,res://addons/formula90s/scripts/f1_94_rust_vehicle.gd,1,{}
466,3.90,4648.4,1,1.0,0.0,0.0,-0.121,0.892,1.152,42.9,42.9,59.9,59.9,0.0373,0.8931,godot_parity_session,2026-08-15T00:00:00Z,60,PHY-010,res://scenes/tracks/test_field/la_chutana_generated.tscn,VehicleRigidBody,res://scenes/vehicles/f1_94/f1_94.tscn,res://addons/formula90s/scripts/f1_94_rust_vehicle.gd,1,{}
483,4.15,4648.4,1,1.0,0.0,0.0,0.129,0.868,1.159,43.0,43.1,62.4,62.5,0.0371,0.8729,godot_parity_session,2026-08-15T00:00:00Z,60,PHY-010,res://scenes/tracks/test_field/la_chutana_generated.tscn,VehicleRigidBody,res://scenes/vehicles/f1_94/f1_94.tscn,res://addons/formula90s/scripts/f1_94_rust_vehicle.gd,1,{}
500,4.39,4648.4,1,1.0,0.0,0.0,-0.136,0.873,1.163,43.3,43.3,64.7,64.7,0.0355,0.7947,godot_parity_session,2026-08-15T00:00:00Z,60,PHY-010,res://scenes/tracks/test_field/la_chutana_generated.tscn,VehicleRigidBody,res://scenes/vehicles/f1_94/f1_94.tscn,res://addons/formula90s/scripts/f1_94_rust_vehicle.gd,1,{}
516,4.63,4648.4,1,1.0,0.0,0.0,0.141,0.849,1.165,43.5,43.6,66.7,66.8,0.0350,0.7783,godot_parity_session,2026-08-15T00:00:00Z,60,PHY-010,res://scenes/tracks/test_field/la_chutana_generated.tscn,VehicleRigidBody,res://scenes/vehicles/f1_94/f1_94.tscn,res://addons/formula90s/scripts/f1_94_rust_vehicle.gd,1,{}
533,4.86,4648.4,1,1.0,0.0,0.0,-0.145,0.851,1.164,43.8,43.7,68.6,68.5,0.0334,0.7148,godot_parity_session,2026-08-15T00:00:00Z,60,PHY-010,res://scenes/tracks/test_field/la_chutana_generated.tscn,VehicleRigidBody,res://scenes/vehicles/f1_94/f1_94.tscn,res://addons/formula90s/scripts/f1_94_rust_vehicle.gd,1,{}
550,5.10,4648.4,1,1.0,0.0,0.0,0.149,0.828,1.162,44.0,44.1,70.1,70.2,0.0328,0.7022,godot_parity_session,2026-08-15T00:00:00Z,60,PHY-010,res://scenes/tracks/test_field/la_chutana_generated.tscn,VehicleRigidBody,res://scenes/vehicles/f1_94/f1_94.tscn,res://addons/formula90s/scripts/f1_94_rust_vehicle.gd,1,{}
566,5.33,4648.4,1,1.0,0.0,0.0,-0.151,0.828,1.157,44.3,44.3,71.6,71.5,0.0313,0.6511,godot_parity_session,2026-08-15T00:00:00Z,60,PHY-010,res://scenes/tracks/test_field/la_chutana_generated.tscn,VehicleRigidBody,res://scenes/vehicles/f1_94/f1_94.tscn,res://addons/formula90s/scripts/f1_94_rust_vehicle.gd,1,{}
583,5.56,4648.4,1,1.0,0.0,0.0,0.153,0.807,1.151,44.5,44.6,72.6,72.7,0.0307,0.6419,godot_parity_session,2026-08-15T00:00:00Z,60,PHY-010,res://scenes/tracks/test_field/la_chutana_generated.tscn,VehicleRigidBody,res://scenes/vehicles/f1_94/f1_94.tscn,res://addons/formula90s/scripts/f1_94_rust_vehicle.gd,1,{}
600,5.79,4648.4,1,1.0,0.0,0.0,-0.154,0.794,1.135,44.9,44.8,73.7,73.6,0.0293,0.6010,godot_parity_session,2026-08-15T00:00:00Z,60,PHY-010,res://scenes/tracks/test_field/la_chutana_generated.tscn,VehicleRigidBody,res://scenes/vehicles/f1_94/f1_94.tscn,res://addons/formula90s/scripts/f1_94_rust_vehicle.gd,1,{}
616,6.01,4648.4,1,1.0,0.0,0.0,0.156,0.765,1.112,45.1,45.2,74.4,74.5,0.0281,0.5950,godot_parity_session,2026-08-15T00:00:00Z,60,PHY-010,res://scenes/tracks/test_field/la_chutana_generated.tscn,VehicleRigidBody,res://scenes/vehicles/f1_94/f1_94.tscn,res://addons/formula90s/scripts/f1_94_rust_vehicle.gd,1,{}
633,6.23,4648.4,1,1.0,0.0,0.0,-0.154,0.758,1.093,45.4,45.4,75.1,75.0,0.0264,0.5655,godot_parity_session,2026-08-15T00:00:00Z,60,PHY-010,res://scenes/tracks/test_field/la_chutana_generated.tscn,VehicleRigidBody,res://scenes/vehicles/f1_94/f1_94.tscn,res://addons/formula90s/scripts/f1_94_rust_vehicle.gd,1,{}
650,6.44,4648.4,1,1.0,0.0,0.0,0.149,0.740,1.076,45.6,45.7,75.5,75.6,0.0254,0.5649,godot_parity_session,2026-08-15T00:00:00Z,60,PHY-010,res://scenes/tracks/test_field/la_chutana_generated.tscn,VehicleRigidBody,res://scenes/vehicles/f1_94/f1_94.tscn,res://addons/formula90s/scripts/f1_94_rust_vehicle.gd,1,{}
666,6.65,4648.4,1,1.0,0.0,0.0,-0.144,0.738,1.063,46.0,45.9,75.9,75.9,0.0240,0.5432,godot_parity_session,2026-08-15T00:00:00Z,60,PHY-010,res://scenes/tracks/test_field/la_chutana_generated.tscn,VehicleRigidBody,res://scenes/vehicles/f1_94/f1_94.tscn,res://addons/formula90s/scripts/f1_94_rust_vehicle.gd,1,{}
683,6.85,4648.4,1,1.0,0.0,0.0,0.139,0.726,1.051,46.1,46.2,76.2,76.3,0.0232,0.5447,godot_parity_session,2026-08-15T00:00:00Z,60,PHY-010,res://scenes/tracks/test_field/la_chutana_generated.tscn,VehicleRigidBody,res://scenes/vehicles/f1_94/f1_94.tscn,res://addons/formula90s/scripts/f1_94_rust_vehicle.gd,1,{}
700,7.06,4648.4,1,1.0,0.0,0.0,-0.135,0.728,1.042,46.5,46.4,76.5,76.4,0.0222,0.5279,godot_parity_session,2026-08-15T00:00:00Z,60,PHY-010,res://scenes/tracks/test_field/la_chutana_generated.tscn,VehicleRigidBody,res://scenes/vehicles/f1_94/f1_94.tscn,res://addons/formula90s/scripts/f1_94_rust_vehicle.gd,1,{}
716,7.26,4648.4,1,1.0,0.0,0.0,0.131,0.721,1.034,46.6,46.7,76.6,76.7,0.0216,0.5299,godot_parity_session,2026-08-15T00:00:00Z,60,PHY-010,res://scenes/tracks/test_field/la_chutana_generated.tscn,VehicleRigidBody,res://scenes/vehicles/f1_94/f1_94.tscn,res://addons/formula90s/scripts/f1_94_rust_vehicle.gd,1,{}
733,7.46,4648.4,1,1.0,0.0,0.0,-0.127,0.724,1.027,46.9,46.9,76.8,76.8,0.0208,0.5162,godot_parity_session,2026-08-15T00:00:00Z,60,PHY-010,res://scenes/tracks/test_field/la_chutana_generated.tscn,VehicleRigidBody,res://scenes/vehicles/f1_94/f1_94.tscn,res://addons/formula90s/scripts/f1_94_rust_vehicle.gd,1,{}
750,7.67,4648.4,1,1.0,0.0,0.0,0.124,0.719,1.022,47.0,47.1,76.9,77.0,0.0203,0.5178,godot_parity_session,2026-08-15T00:00:00Z,60,PHY-010,res://scenes/tracks/test_field/la_chutana_generated.tscn,VehicleRigidBody,res://scenes/vehicles/f1_94/f1_94.tscn,res://addons/formula90s/scripts/f1_94_rust_vehicle.gd,1,{}
766,7.87,4648.4,1,1.0,0.0,0.0,-0.120,0.724,1.017,47.3,47.3,77.0,77.0,0.0197,0.5062,godot_parity_session,2026-08-15T00:00:00Z,60,PHY-010,res://scenes/tracks/test_field/la_chutana_generated.tscn,VehicleRigidBody,res://scenes/vehicles/f1_94/f1_94.tscn,res://addons/formula90s/scripts/f1_94_rust_vehicle.gd,1,{}
783,8.07,4648.4,1,1.0,0.0,0.0,0.118,0.721,1.013,47.4,47.5,77.0,77.1,0.0193,0.5071,godot_parity_session,2026-08-15T00:00:00Z,60,PHY-010,res://scenes/tracks/test_field/la_chutana_generated.tscn,VehicleRigidBody,res://scenes/vehicles/f1_94/f1_94.tscn,res://addons/formula90s/scripts/f1_94_rust_vehicle.gd,1,{}
800,8.27,4648.4,1,1.0,0.0,0.0,-0.115,0.726,1.010,47.6,47.6,77.1,77.1,0.0188,0.4968,godot_parity_session,2026-08-15T00:00:00Z,60,PHY-010,res://scenes/tracks/test_field/la_chutana_generated.tscn,VehicleRigidBody,res://scenes/vehicles/f1_94/f1_94.tscn,res://addons/formula90s/scripts/f1_94_rust_vehicle.gd,1,{}
816,8.47,4648.4,1,1.0,0.0,0.0,0.113,0.724,1.007,47.7,47.8,77.1,77.2,0.0185,0.4968,godot_parity_session,2026-08-15T00:00:00Z,60,PHY-010,res://scenes/tracks/test_field/la_chutana_generated.tscn,VehicleRigidBody,res://scenes/vehicles/f1_94/f1_94.tscn,res://addons/formula90s/scripts/f1_94_rust_vehicle.gd,1,{}
833,8.68,4648.4,1,1.0,0.0,0.0,-0.111,0.729,1.005,47.9,47.9,77.2,77.2,0.0180,0.4874,godot_parity_session,2026-08-15T00:00:00Z,60,PHY-010,res://scenes/tracks/test_field/la_chutana_generated.tscn,VehicleRigidBody,res://scenes/vehicles/f1_94/f1_94.tscn,res://addons/formula90s/scripts/f1_94_rust_vehicle.gd,1,{}
850,8.88,4648.4,1,1.0,0.0,0.0,0.109,0.727,1.003,48.0,48.0,77.2,77.2,0.0178,0.4866,godot_parity_session,2026-08-15T00:00:00Z,60,PHY-010,res://scenes/tracks/test_field/la_chutana_generated.tscn,VehicleRigidBody,res://scenes/vehicles/f1_94/f1_94.tscn,res://addons/formula90s/scripts/f1_94_rust_vehicle.gd,1,{}
866,9.08,4648.4,1,1.0,0.0,0.0,-0.107,0.732,1.001,48.1,48.1,77.2,77.2,0.0174,0.4779,godot_parity_session,2026-08-15T00:00:00Z,60,PHY-010,res://scenes/tracks/test_field/la_chutana_generated.tscn,VehicleRigidBody,res://scenes/vehicles/f1_94/f1_94.tscn,res://addons/formula90s/scripts/f1_94_rust_vehicle.gd,1,{}
883,9.29,4648.4,1,1.0,0.0,0.0,0.106,0.731,0.999,48.2,48.2,77.2,77.3,0.0171,0.4763,godot_parity_session,2026-08-15T00:00:00Z,60,PHY-010,res://scenes/tracks/test_field/la_chutana_generated.tscn,VehicleRigidBody,res://scenes/vehicles/f1_94/f1_94.tscn,res://addons/formula90s/scripts/f1_94_rust_vehicle.gd,1,{}
900,9.49,4648.4,1,1.0,0.0,0.0,-0.105,0.735,0.998,48.3,48.3,77.3,77.2,0.0168,0.4682,godot_parity_session,2026-08-15T00:00:00Z,60,PHY-010,res://scenes/tracks/test_field/la_chutana_generated.tscn,VehicleRigidBody,res://scenes/vehicles/f1_94/f1_94.tscn,res://addons/formula90s/scripts/f1_94_rust_vehicle.gd,1,{}
916,9.70,4648.4,1,1.0,0.0,0.0,0.104,0.734,0.997,48.3,48.4,77.2,77.3,0.0165,0.4660,godot_parity_session,2026-08-15T00:00:00Z,60,PHY-010,res://scenes/tracks/test_field/la_chutana_generated.tscn,VehicleRigidBody,res://scenes/vehicles/f1_94/f1_94.tscn,res://addons/formula90s/scripts/f1_94_rust_vehicle.gd,1,{}
933,9.90,4648.4,1,1.0,0.0,0.0,-0.103,0.738,0.996,48.5,48.4,77.3,77.2,0.0162,0.4583,godot_parity_session,2026-08-15T00:00:00Z,60,PHY-010,res://scenes/tracks/test_field/la_chutana_generated.tscn,VehicleRigidBody,res://scenes/vehicles/f1_94/f1_94.tscn,res://addons/formula90s/scripts/f1_94_rust_vehicle.gd,1,{}
950,10.10,4648.4,1,1.0,0.0,0.0,0.102,0.737,0.995,48.5,48.5,77.2,77.3,0.0160,0.4557,godot_parity_session,2026-08-15T00:00:00Z,60,PHY-010,res://scenes/tracks/test_field/la_chutana_generated.tscn,VehicleRigidBody,res://scenes/vehicles/f1_94/f1_94.tscn,res://addons/formula90s/scripts/f1_94_rust_vehicle.gd,1,{}
966,10.31,4648.4,1,1.0,0.0,0.0,-0.101,0.740,0.995,48.6,48.5,77.3,77.2,0.0157,0.4484,godot_parity_session,2026-08-15T00:00:00Z,60,PHY-010,res://scenes/tracks/test_field/la_chutana_generated.tscn,VehicleRigidBody,res://scenes/vehicles/f1_94/f1_94.tscn,res://addons/formula90s/scripts/f1_94_rust_vehicle.gd,1,{}
983,10.52,4648.4,1,1.0,0.0,0.0,0.101,0.740,0.994,48.6,48.6,77.2,77.3,0.0155,0.4454,godot_parity_session,2026-08-15T00:00:00Z,60,PHY-010,res://scenes/tracks/test_field/la_chutana_generated.tscn,VehicleRigidBody,res://scenes/vehicles/f1_94/f1_94.tscn,res://addons/formula90s/scripts/f1_94_rust_vehicle.gd,1,{}
1000,10.72,4648.4,1,1.0,0.0,0.0,-0.100,0.742,0.994,48.7,48.6,77.3,77.2,0.0152,0.4385,godot_parity_session,2026-08-15T00:00:00Z,60,PHY-010,res://scenes/tracks/test_field/la_chutana_generated.tscn,VehicleRigidBody,res://scenes/vehicles/f1_94/f1_94.tscn,res://addons/formula90s/scripts/f1_94_rust_vehicle.gd,1,{}
1016,10.93,4648.4,1,1.0,0.0,0.0,0.099,0.742,0.993,48.7,48.7,77.2,77.3,0.0151,0.4352,godot_parity_session,2026-08-15T00:00:00Z,60,PHY-010,res://scenes/tracks/test_field/la_chutana_generated.tscn,VehicleRigidBody,res://scenes/vehicles/f1_94/f1_94.tscn,res://addons/formula90s/scripts/f1_94_rust_vehicle.gd,1,{}
1033,11.13,4648.4,1,1.0,0.0,0.0,-0.099,0.744,0.993,48.7,48.7,77.3,77.2,0.0148,0.4287,godot_parity_session,2026-08-15T00:00:00Z,60,PHY-010,res://scenes/tracks/test_field/la_chutana_generated.tscn,VehicleRigidBody,res://scenes/vehicles/f1_94/f1_94.tscn,res://addons/formula90s/scripts/f1_94_rust_vehicle.gd,1,{}
1050,11.34,4648.4,1,1.0,0.0,0.0,0.098,0.744,0.993,48.7,48.8,77.2,77.3,0.0146,0.4252,godot_parity_session,2026-08-15T00:00:00Z,60,PHY-010,res://scenes/tracks/test_field/la_chutana_generated.tscn,VehicleRigidBody,res://scenes/vehicles/f1_94/f1_94.tscn,res://addons/formula90s/scripts/f1_94_rust_vehicle.gd,1,{}
1066,11.54,4648.4,1,1.0,0.0,0.0,-0.098,0.746,0.992,48.8,48.7,77.3,77.2,0.0144,0.4191,godot_parity_session,2026-08-15T00:00:00Z,60,PHY-010,res://scenes/tracks/test_field/la_chutana_generated.tscn,VehicleRigidBody,res://scenes/vehicles/f1_94/f1_94.tscn,res://addons/formula90s/scripts/f1_94_rust_vehicle.gd,1,{}
1083,11.75,4648.4,1,1.0,0.0,0.0,0.097,0.746,0.992,48.8,48.8,77.2,77.3,0.0142,0.4155,godot_parity_session,2026-08-15T00:00:00Z,60,PHY-010,res://scenes/tracks/test_field/la_chutana_generated.tscn,VehicleRigidBody,res://scenes/vehicles/f1_94/f1_94.tscn,res://addons/formula90s/scripts/f1_94_rust_vehicle.gd,1,{}
1100,11.96,4648.4,1,1.0,0.0,0.0,-0.097,0.748,0.992,48.8,48.8,77.3,77.2,0.0140,0.4096,godot_parity_session,2026-08-15T00:00:00Z,60,PHY-010,res://scenes/tracks/test_field/la_chutana_generated.tscn,VehicleRigidBody,res://scenes/vehicles/f1_94/f1_94.tscn,res://addons/formula90s/scripts/f1_94_rust_vehicle.gd,1,{}
1116,12.16,4648.4,1,1.0,0.0,0.0,0.097,0.747,0.992,48.8,48.8,77.2,77.3,0.0138,0.4059,godot_parity_session,2026-08-15T00:00:00Z,60,PHY-010,res://scenes/tracks/test_field/la_chutana_generated.tscn,VehicleRigidBody,res://scenes/vehicles/f1_94/f1_94.tscn,res://addons/formula90s/scripts/f1_94_rust_vehicle.gd,1,{}
1133,12.37,4648.4,1,1.0,0.0,0.0,-0.096,0.749,0.992,48.8,48.8,77.3,77.3,0.0136,0.4004,godot_parity_session,2026-08-15T00:00:00Z,60,PHY-010,res://scenes/tracks/test_field/la_chutana_generated.tscn,VehicleRigidBody,res://scenes/vehicles/f1_94/f1_94.tscn,res://addons/formula90s/scripts/f1_94_rust_vehicle.gd,1,{}
1150,12.58,4648.4,1,1.0,0.0,0.0,0.096,0.749,0.991,48.8,48.8,77.3,77.3,0.0134,0.3967,godot_parity_session,2026-08-15T00:00:00Z,60,PHY-010,res://scenes/tracks/test_field/la_chutana_generated.tscn,VehicleRigidBody,res://scenes/vehicles/f1_94/f1_94.tscn,res://addons/formula90s/scripts/f1_94_rust_vehicle.gd,1,{}
1166,12.78,4648.4,1,1.0,0.0,0.0,-0.096,0.750,0.991,48.9,48.8,77.3,77.3,0.0132,0.3914,godot_parity_session,2026-08-15T00:00:00Z,60,PHY-010,res://scenes/tracks/test_field/la_chutana_generated.tscn,VehicleRigidBody,res://scenes/vehicles/f1_94/f1_94.tscn,res://addons/formula90s/scripts/f1_94_rust_vehicle.gd,1,{}
1183,12.99,4648.4,1,1.0,0.0,0.0,0.095,0.750,0.991,48.8,48.9,77.3,77.3,0.0131,0.3878,godot_parity_session,2026-08-15T00:00:00Z,60,PHY-010,res://scenes/tracks/test_field/la_chutana_generated.tscn,VehicleRigidBody,res://scenes/vehicles/f1_94/f1_94.tscn,res://addons/formula90s/scripts/f1_94_rust_vehicle.gd,1,{}
1200,13.19,4648.4,1,1.0,0.0,0.0,-0.095,0.751,0.991,48.9,48.8,77.3,77.3,0.0129,0.3828,godot_parity_session,2026-08-15T00:00:00Z,60,PHY-010,res://scenes/tracks/test_field/la_chutana_generated.tscn,VehicleRigidBody,res://scenes/vehicles/f1_94/f1_94.tscn,res://addons/formula90s/scripts/f1_94_rust_vehicle.gd,1,{}
1216,13.40,4648.4,1,1.0,0.0,0.0,0.095,0.751,0.991,48.8,48.9,77.3,77.3,0.0128,0.3791,godot_parity_session,2026-08-15T00:00:00Z,60,PHY-010,res://scenes/tracks/test_field/la_chutana_generated.tscn,VehicleRigidBody,res://scenes/vehicles/f1_94/f1_94.tscn,res://addons/formula90s/scripts/f1_94_rust_vehicle.gd,1,{}
1233,13.61,4648.4,1,1.0,0.0,0.0,-0.095,0.751,0.991,48.9,48.8,77.3,77.3,0.0126,0.3744,godot_parity_session,2026-08-15T00:00:00Z,60,PHY-010,res://scenes/tracks/test_field/la_chutana_generated.tscn,VehicleRigidBody,res://scenes/vehicles/f1_94/f1_94.tscn,res://addons/formula90s/scripts/f1_94_rust_vehicle.gd,1,{}
1250,13.81,4648.4,1,1.0,0.0,0.0,0.095,0.751,0.991,48.8,48.9,77.3,77.3,0.0124,0.3708,godot_parity_session,2026-08-15T00:00:00Z,60,PHY-010,res://scenes/tracks/test_field/la_chutana_generated.tscn,VehicleRigidBody,res://scenes/vehicles/f1_94/f1_94.tscn,res://addons/formula90s/scripts/f1_94_rust_vehicle.gd,1,{}
1266,14.02,4648.4,1,1.0,0.0,0.0,-0.094,0.752,0.991,48.8,48.8,77.4,77.3,0.0123,0.3663,godot_parity_session,2026-08-15T00:00:00Z,60,PHY-010,res://scenes/tracks/test_field/la_chutana_generated.tscn,VehicleRigidBody,res://scenes/vehicles/f1_94/f1_94.tscn,res://addons/formula90s/scripts/f1_94_rust_vehicle.gd,1,{}
1283,14.22,4648.4,1,1.0,0.0,0.0,0.094,0.752,0.991,48.8,48.8,77.3,77.4,0.0121,0.3628,godot_parity_session,2026-08-15T00:00:00Z,60,PHY-010,res://scenes/tracks/test_field/la_chutana_generated.tscn,VehicleRigidBody,res://scenes/vehicles/f1_94/f1_94.tscn,res://addons/formula90s/scripts/f1_94_rust_vehicle.gd,1,{}
1300,14.43,4648.4,1,1.0,0.0,0.0,-0.094,0.753,0.991,48.8,48.8,77.4,77.3,0.0120,0.3585,godot_parity_session,2026-08-15T00:00:00Z,60,PHY-010,res://scenes/tracks/test_field/la_chutana_generated.tscn,VehicleRigidBody,res://scenes/vehicles/f1_94/f1_94.tscn,res://addons/formula90s/scripts/f1_94_rust_vehicle.gd,1,{}
1316,14.64,4648.4,1,1.0,0.0,0.0,0.094,0.753,0.991,48.8,48.8,77.3,77.4,0.0118,0.3551,godot_parity_session,2026-08-15T00:00:00Z,60,PHY-010,res://scenes/tracks/test_field/la_chutana_generated.tscn,VehicleRigidBody,res://scenes/vehicles/f1_94/f1_94.tscn,res://addons/formula90s/scripts/f1_94_rust_vehicle.gd,1,{}
1333,14.84,4648.4,1,1.0,0.0,0.0,-0.094,0.753,0.991,48.8,48.8,77.4,77.3,0.0117,0.3510,godot_parity_session,2026-08-15T00:00:00Z,60,PHY-010,res://scenes/tracks/test_field/la_chutana_generated.tscn,VehicleRigidBody,res://scenes/vehicles/f1_94/f1_94.tscn,res://addons/formula90s/scripts/f1_94_rust_vehicle.gd,1,{}
1350,15.05,4648.4,1,1.0,0.0,0.0,0.094,0.753,0.990,48.8,48.8,77.3,77.4,0.0116,0.3476,godot_parity_session,2026-08-15T00:00:00Z,60,PHY-010,res://scenes/tracks/test_field/la_chutana_generated.tscn,VehicleRigidBody,res://scenes/vehicles/f1_94/f1_94.tscn,res://addons/formula90s/scripts/f1_94_rust_vehicle.gd,1,{}
1366,15.25,4648.4,1,1.0,0.0,0.0,-0.094,0.754,0.990,48.8,48.8,77.4,77.3,0.0114,0.3438,godot_parity_session,2026-08-15T00:00:00Z,60,PHY-010,res://scenes/tracks/test_field/la_chutana_generated.tscn,VehicleRigidBody,res://scenes/vehicles/f1_94/f1_94.tscn,res://addons/formula90s/scripts/f1_94_rust_vehicle.gd,1,{}
1383,15.46,4648.4,1,1.0,0.0,0.0,0.094,0.753,0.990,48.8,48.8,77.4,77.4,0.0113,0.3405,godot_parity_session,2026-08-15T00:00:00Z,60,PHY-010,res://scenes/tracks/test_field/la_chutana_generated.tscn,VehicleRigidBody,res://scenes/vehicles/f1_94/f1_94.tscn,res://addons/formula90s/scripts/f1_94_rust_vehicle.gd,1,{}
1400,15.66,4648.4,1,1.0,0.0,0.0,-0.093,0.754,0.990,48.8,48.8,77.4,77.4,0.0112,0.3368,godot_parity_session,2026-08-15T00:00:00Z,60,PHY-010,res://scenes/tracks/test_field/la_chutana_generated.tscn,VehicleRigidBody,res://scenes/vehicles/f1_94/f1_94.tscn,res://addons/formula90s/scripts/f1_94_rust_vehicle.gd,1,{}
1416,15.87,4648.4,1,1.0,0.0,0.0,0.093,0.754,0.990,48.7,48.8,77.4,77.4,0.0110,0.3337,godot_parity_session,2026-08-15T00:00:00Z,60,PHY-010,res://scenes/tracks/test_field/la_chutana_generated.tscn,VehicleRigidBody,res://scenes/vehicles/f1_94/f1_94.tscn,res://addons/formula90s/scripts/f1_94_rust_vehicle.gd,1,{}
1433,16.07,4648.4,1,1.0,0.0,0.0,-0.093,0.754,0.990,48.8,48.7,77.4,77.4,0.0109,0.3301,godot_parity_session,2026-08-15T00:00:00Z,60,PHY-010,res://scenes/tracks/test_field/la_chutana_generated.tscn,VehicleRigidBody,res://scenes/vehicles/f1_94/f1_94.tscn,res://addons/formula90s/scripts/f1_94_rust_vehicle.gd,1,{}
1450,16.28,4648.4,1,1.0,0.0,0.0,0.093,0.754,0.990,48.7,48.8,77.4,77.4,0.0108,0.3271,godot_parity_session,2026-08-15T00:00:00Z,60,PHY-010,res://scenes/tracks/test_field/la_chutana_generated.tscn,VehicleRigidBody,res://scenes/vehicles/f1_94/f1_94.tscn,res://addons/formula90s/scripts/f1_94_rust_vehicle.gd,1,{}
1466,16.48,4648.4,1,1.0,0.0,0.0,-0.093,0.754,0.990,48.8,48.7,77.4,77.4,0.0107,0.3237,godot_parity_session,2026-08-15T00:00:00Z,60,PHY-010,res://scenes/tracks/test_field/la_chutana_generated.tscn,VehicleRigidBody,res://scenes/vehicles/f1_94/f1_94.tscn,res://addons/formula90s/scripts/f1_94_rust_vehicle.gd,1,{}
1483,16.69,4648.9,1,1.0,0.0,0.0,0.093,0.754,0.990,48.7,48.8,77.4,77.4,0.0105,0.3199,godot_parity_session,2026-08-15T00:00:00Z,60,PHY-010,res://scenes/tracks/test_field/la_chutana_generated.tscn,VehicleRigidBody,res://scenes/vehicles/f1_94/f1_94.tscn,res://addons/formula90s/scripts/f1_94_rust_vehicle.gd,1,{}
1500,16.89,4650.1,1,1.0,0.0,0.0,-0.093,0.753,0.990,48.8,48.7,77.4,77.4,0.0104,0.3157,godot_parity_session,2026-08-15T00:00:00Z,60,PHY-010,res://scenes/tracks/test_field/la_chutana_generated.tscn,VehicleRigidBody,res://scenes/vehicles/f1_94/f1_94.tscn,res://addons/formula90s/scripts/f1_94_rust_vehicle.gd,1,{}
1516,17.10,4651.6,1,1.0,0.0,0.0,0.093,0.752,0.990,48.7,48.7,77.4,77.4,0.0103,0.3116,godot_parity_session,2026-08-15T00:00:00Z,60,PHY-010,res://scenes/tracks/test_field/la_chutana_generated.tscn,VehicleRigidBody,res://scenes/vehicles/f1_94/f1_94.tscn,res://addons/formula90s/scripts/f1_94_rust_vehicle.gd,1,{}
1533,17.30,4653.3,1,1.0,0.0,0.0,-0.094,0.751,0.990,48.7,48.7,77.5,77.4,0.0102,0.3074,godot_parity_session,2026-08-15T00:00:00Z,60,PHY-010,res://scenes/tracks/test_field/la_chutana_generated.tscn,VehicleRigidBody,res://scenes/vehicles/f1_94/f1_94.tscn,res://addons/formula90s/scripts/f1_94_rust_vehicle.gd,1,{}
1550,17.50,4655.1,1,1.0,0.0,0.0,0.094,0.749,0.990,48.7,48.7,77.4,77.5,0.0101,0.3034,godot_parity_session,2026-08-15T00:00:00Z,60,PHY-010,res://scenes/tracks/test_field/la_chutana_generated.tscn,VehicleRigidBody,res://scenes/vehicles/f1_94/f1_94.tscn,res://addons/formula90s/scripts/f1_94_rust_vehicle.gd,1,{}
1566,17.71,4657.0,1,1.0,0.0,0.0,-0.095,0.748,0.990,48.7,48.7,77.5,77.4,0.0100,0.2995,godot_parity_session,2026-08-15T00:00:00Z,60,PHY-010,res://scenes/tracks/test_field/la_chutana_generated.tscn,VehicleRigidBody,res://scenes/vehicles/f1_94/f1_94.tscn,res://addons/formula90s/scripts/f1_94_rust_vehicle.gd,1,{}
1583,17.91,4659.0,1,1.0,0.0,0.0,0.095,0.746,0.990,48.7,48.7,77.4,77.5,0.0099,0.2958,godot_parity_session,2026-08-15T00:00:00Z,60,PHY-010,res://scenes/tracks/test_field/la_chutana_generated.tscn,VehicleRigidBody,res://scenes/vehicles/f1_94/f1_94.tscn,res://addons/formula90s/scripts/f1_94_rust_vehicle.gd,1,{}
1600,18.11,4661.0,1,1.0,0.0,0.0,-0.096,0.745,0.990,48.7,48.7,77.5,77.4,0.0098,0.2922,godot_parity_session,2026-08-15T00:00:00Z,60,PHY-010,res://scenes/tracks/test_field/la_chutana_generated.tscn,VehicleRigidBody,res://scenes/vehicles/f1_94/f1_94.tscn,res://addons/formula90s/scripts/f1_94_rust_vehicle.gd,1,{}
1616,18.31,4663.2,1,1.0,0.0,0.0,0.096,0.744,0.990,48.7,48.7,77.4,77.5,0.0096,0.2888,godot_parity_session,2026-08-15T00:00:00Z,60,PHY-010,res://scenes/tracks/test_field/la_chutana_generated.tscn,VehicleRigidBody,res://scenes/vehicles/f1_94/f1_94.tscn,res://addons/formula90s/scripts/f1_94_rust_vehicle.gd,1,{}
1633,18.51,4665.3,1,1.0,0.0,0.0,-0.096,0.743,0.990,48.7,48.7,77.5,77.4,0.0095,0.2855,godot_parity_session,2026-08-15T00:00:00Z,60,PHY-010,res://scenes/tracks/test_field/la_chutana_generated.tscn,VehicleRigidBody,res://scenes/vehicles/f1_94/f1_94.tscn,res://addons/formula90s/scripts/f1_94_rust_vehicle.gd,1,{}
1650,18.71,4667.6,1,1.0,0.0,0.0,0.097,0.742,0.990,48.7,48.7,77.4,77.4,0.0094,0.2824,godot_parity_session,2026-08-15T00:00:00Z,60,PHY-010,res://scenes/tracks/test_field/la_chutana_generated.tscn,VehicleRigidBody,res://scenes/vehicles/f1_94/f1_94.tscn,res://addons/formula90s/scripts/f1_94_rust_vehicle.gd,1,{}
1666,18.91,4669.9,1,1.0,0.0,0.0,-0.097,0.741,0.990,48.8,48.7,77.4,77.4,0.0094,0.2793,godot_parity_session,2026-08-15T00:00:00Z,60,PHY-010,res://scenes/tracks/test_field/la_chutana_generated.tscn,VehicleRigidBody,res://scenes/vehicles/f1_94/f1_94.tscn,res://addons/formula90s/scripts/f1_94_rust_vehicle.gd,1,{}
1683,19.11,4672.3,1,1.0,0.0,0.0,0.097,0.740,0.990,48.7,48.8,77.4,77.4,0.0093,0.2764,godot_parity_session,2026-08-15T00:00:00Z,60,PHY-010,res://scenes/tracks/test_field/la_chutana_generated.tscn,VehicleRigidBody,res://scenes/vehicles/f1_94/f1_94.tscn,res://addons/formula90s/scripts/f1_94_rust_vehicle.gd,1,{}
1700,19.30,4674.8,1,1.0,0.0,0.0,-0.097,0.740,0.990,48.8,48.7,77.4,77.4,0.0092,0.2735,godot_parity_session,2026-08-15T00:00:00Z,60,PHY-010,res://scenes/tracks/test_field/la_chutana_generated.tscn,VehicleRigidBody,res://scenes/vehicles/f1_94/f1_94.tscn,res://addons/formula90s/scripts/f1_94_rust_vehicle.gd,1,{}
1716,19.50,4677.3,1,1.0,0.0,0.0,0.098,0.739,0.990,48.7,48.8,77.4,77.4,0.0091,0.2708,godot_parity_session,2026-08-15T00:00:00Z,60,PHY-010,res://scenes/tracks/test_field/la_chutana_generated.tscn,VehicleRigidBody,res://scenes/vehicles/f1_94/f1_94.tscn,res://addons/formula90s/scripts/f1_94_rust_vehicle.gd,1,{}
1733,19.70,4679.9,1,1.0,0.0,0.0,-0.098,0.738,0.990,48.8,48.7,77.4,77.4,0.0090,0.2681,godot_parity_session,2026-08-15T00:00:00Z,60,PHY-010,res://scenes/tracks/test_field/la_chutana_generated.tscn,VehicleRigidBody,res://scenes/vehicles/f1_94/f1_94.tscn,res://addons/formula90s/scripts/f1_94_rust_vehicle.gd,1,{}
1750,19.90,4682.5,1,1.0,0.0,0.0,0.098,0.738,0.990,48.8,48.8,77.4,77.4,0.0089,0.2655,godot_parity_session,2026-08-15T00:00:00Z,60,PHY-010,res://scenes/tracks/test_field/la_chutana_generated.tscn,VehicleRigidBody,res://scenes/vehicles/f1_94/f1_94.tscn,res://addons/formula90s/scripts/f1_94_rust_vehicle.gd,1,{}
1766,20.09,4685.3,1,1.0,0.0,0.0,-0.098,0.737,0.990,48.8,48.8,77.4,77.3,0.0088,0.2630,godot_parity_session,2026-08-15T00:00:00Z,60,PHY-010,res://scenes/tracks/test_field/la_chutana_generated.tscn,VehicleRigidBody,res://scenes/vehicles/f1_94/f1_94.tscn,res://addons/formula90s/scripts/f1_94_rust_vehicle.gd,1,{}
1783,20.29,4688.1,1,1.0,0.0,0.0,0.098,0.736,0.990,48.8,48.8,77.3,77.4,0.0087,0.2606,godot_parity_session,2026-08-15T00:00:00Z,60,PHY-010,res://scenes/tracks/test_field/la_chutana_generated.tscn,VehicleRigidBody,res://scenes/vehicles/f1_94/f1_94.tscn,res://addons/formula90s/scripts/f1_94_rust_vehicle.gd,1,{}
1800,20.49,4691.0,1,1.0,0.0,0.0,-0.098,0.736,0.990,48.8,48.8,77.4,77.3,0.0086,0.2582,godot_parity_session,2026-08-15T00:00:00Z,60,PHY-010,res://scenes/tracks/test_field/la_chutana_generated.tscn,VehicleRigidBody,res://scenes/vehicles/f1_94/f1_94.tscn,res://addons/formula90s/scripts/f1_94_rust_vehicle.gd,1,{}
1816,20.68,4693.9,1,1.0,0.0,0.0,0.098,0.736,0.990,48.8,48.9,77.3,77.4,0.0086,0.2559,godot_parity_session,2026-08-15T00:00:00Z,60,PHY-010,res://scenes/tracks/test_field/la_chutana_generated.tscn,VehicleRigidBody,res://scenes/vehicles/f1_94/f1_94.tscn,res://addons/formula90s/scripts/f1_94_rust_vehicle.gd,1,{}
1833,20.88,4697.0,1,1.0,0.0,0.0,-0.099,0.735,0.990,48.9,48.8,77.4,77.3,0.0085,0.2537,godot_parity_session,2026-08-15T00:00:00Z,60,PHY-010,res://scenes/tracks/test_field/la_chutana_generated.tscn,VehicleRigidBody,res://scenes/vehicles/f1_94/f1_94.tscn,res://addons/formula90s/scripts/f1_94_rust_vehicle.gd,1,{}
1850,21.07,4700.1,1,1.0,0.0,0.0,0.099,0.735,0.990,48.8,48.9,77.3,77.4,0.0084,0.2515,godot_parity_session,2026-08-15T00:00:00Z,60,PHY-010,res://scenes/tracks/test_field/la_chutana_generated.tscn,VehicleRigidBody,res://scenes/vehicles/f1_94/f1_94.tscn,res://addons/formula90s/scripts/f1_94_rust_vehicle.gd,1,{}
1866,21.27,4703.3,1,1.0,0.0,0.0,-0.099,0.734,0.990,48.9,48.8,77.3,77.3,0.0083,0.2493,godot_parity_session,2026-08-15T00:00:00Z,60,PHY-010,res://scenes/tracks/test_field/la_chutana_generated.tscn,VehicleRigidBody,res://scenes/vehicles/f1_94/f1_94.tscn,res://addons/formula90s/scripts/f1_94_rust_vehicle.gd,1,{}
1883,21.46,4706.6,1,1.0,0.0,0.0,0.099,0.734,0.990,48.9,48.9,77.3,77.3,0.0083,0.2472,godot_parity_session,2026-08-15T00:00:00Z,60,PHY-010,res://scenes/tracks/test_field/la_chutana_generated.tscn,VehicleRigidBody,res://scenes/vehicles/f1_94/f1_94.tscn,res://addons/formula90s/scripts/f1_94_rust_vehicle.gd,1,{}
1900,21.66,4710.0,1,1.0,0.0,0.0,-0.099,0.734,0.990,48.9,48.9,77.3,77.3,0.0082,0.2452,godot_parity_session,2026-08-15T00:00:00Z,60,PHY-010,res://scenes/tracks/test_field/la_chutana_generated.tscn,VehicleRigidBody,res://scenes/vehicles/f1_94/f1_94.tscn,res://addons/formula90s/scripts/f1_94_rust_vehicle.gd,1,{}
1916,21.85,4713.5,1,1.0,0.0,0.0,0.099,0.733,0.990,48.9,48.9,77.3,77.3,0.0081,0.2431,godot_parity_session,2026-08-15T00:00:00Z,60,PHY-010,res://scenes/tracks/test_field/la_chutana_generated.tscn,VehicleRigidBody,res://scenes/vehicles/f1_94/f1_94.tscn,res://addons/formula90s/scripts/f1_94_rust_vehicle.gd,1,{}
1933,22.05,4717.0,1,1.0,0.0,0.0,-0.099,0.733,0.990,48.9,48.9,77.3,77.3,0.0080,0.2412,godot_parity_session,2026-08-15T00:00:00Z,60,PHY-010,res://scenes/tracks/test_field/la_chutana_generated.tscn,VehicleRigidBody,res://scenes/vehicles/f1_94/f1_94.tscn,res://addons/formula90s/scripts/f1_94_rust_vehicle.gd,1,{}
1950,22.24,4720.7,1,1.0,0.0,0.0,0.099,0.733,0.990,48.9,49.0,77.2,77.3,0.0080,0.2392,godot_parity_session,2026-08-15T00:00:00Z,60,PHY-010,res://scenes/tracks/test_field/la_chutana_generated.tscn,VehicleRigidBody,res://scenes/vehicles/f1_94/f1_94.tscn,res://addons/formula90s/scripts/f1_94_rust_vehicle.gd,1,{}
1966,22.43,4724.5,1,1.0,0.0,0.0,-0.099,0.733,0.990,49.0,48.9,77.3,77.2,0.0079,0.2373,godot_parity_session,2026-08-15T00:00:00Z,60,PHY-010,res://scenes/tracks/test_field/la_chutana_generated.tscn,VehicleRigidBody,res://scenes/vehicles/f1_94/f1_94.tscn,res://addons/formula90s/scripts/f1_94_rust_vehicle.gd,1,{}
1983,22.63,4728.4,1,1.0,0.0,0.0,0.099,0.732,0.990,48.9,49.0,77.2,77.3,0.0078,0.2355,godot_parity_session,2026-08-15T00:00:00Z,60,PHY-010,res://scenes/tracks/test_field/la_chutana_generated.tscn,VehicleRigidBody,res://scenes/vehicles/f1_94/f1_94.tscn,res://addons/formula90s/scripts/f1_94_rust_vehicle.gd,1,{}
2000,22.82,4732.3,1,1.0,0.0,0.0,-0.099,0.732,0.991,49.0,48.9,77.3,77.2,0.0078,0.2336,godot_parity_session,2026-08-15T00:00:00Z,60,PHY-010,res://scenes/tracks/test_field/la_chutana_generated.tscn,VehicleRigidBody,res://scenes/vehicles/f1_94/f1_94.tscn,res://addons/formula90s/scripts/f1_94_rust_vehicle.gd,1,{}
2016,23.01,4736.4,1,1.0,0.0,0.0,0.099,0.732,0.991,49.0,49.0,77.2,77.3,0.0077,0.2318,godot_parity_session,2026-08-15T00:00:00Z,60,PHY-010,res://scenes/tracks/test_field/la_chutana_generated.tscn,VehicleRigidBody,res://scenes/vehicles/f1_94/f1_94.tscn,res://addons/formula90s/scripts/f1_94_rust_vehicle.gd,1,{}
2033,23.21,4740.6,1,1.0,0.0,0.0,-0.099,0.732,0.991,49.0,49.0,77.3,77.2,0.0076,0.2300,godot_parity_session,2026-08-15T00:00:00Z,60,PHY-010,res://scenes/tracks/test_field/la_chutana_generated.tscn,VehicleRigidBody,res://scenes/vehicles/f1_94/f1_94.tscn,res://addons/formula90s/scripts/f1_94_rust_vehicle.gd,1,{}
2050,23.40,4744.9,1,1.0,0.0,0.0,0.099,0.731,0.991,49.0,49.0,77.2,77.3,0.0076,0.2283,godot_parity_session,2026-08-15T00:00:00Z,60,PHY-010,res://scenes/tracks/test_field/la_chutana_generated.tscn,VehicleRigidBody,res://scenes/vehicles/f1_94/f1_94.tscn,res://addons/formula90s/scripts/f1_94_rust_vehicle.gd,1,{}
2066,23.59,4749.4,1,1.0,0.0,0.0,-0.099,0.731,0.991,49.0,49.0,77.3,77.2,0.0075,0.2265,godot_parity_session,2026-08-15T00:00:00Z,60,PHY-010,res://scenes/tracks/test_field/la_chutana_generated.tscn,VehicleRigidBody,res://scenes/vehicles/f1_94/f1_94.tscn,res://addons/formula90s/scripts/f1_94_rust_vehicle.gd,1,{}
2083,23.78,4753.9,1,1.0,0.0,0.0,0.099,0.731,0.991,49.0,49.1,77.2,77.2,0.0075,0.2248,godot_parity_session,2026-08-15T00:00:00Z,60,PHY-010,res://scenes/tracks/test_field/la_chutana_generated.tscn,VehicleRigidBody,res://scenes/vehicles/f1_94/f1_94.tscn,res://addons/formula90s/scripts/f1_94_rust_vehicle.gd,1,{}
2100,23.97,4758.6,1,1.0,0.0,0.0,-0.099,0.731,0.991,49.1,49.0,77.2,77.2,0.0074,0.2232,godot_parity_session,2026-08-15T00:00:00Z,60,PHY-010,res://scenes/tracks/test_field/la_chutana_generated.tscn,VehicleRigidBody,res://scenes/vehicles/f1_94/f1_94.tscn,res://addons/formula90s/scripts/f1_94_rust_vehicle.gd,1,{}
2116,24.16,4763.4,1,1.0,0.0,0.0,0.099,0.730,0.991,49.0,49.1,77.2,77.2,0.0073,0.2215,godot_parity_session,2026-08-15T00:00:00Z,60,PHY-010,res://scenes/tracks/test_field/la_chutana_generated.tscn,VehicleRigidBody,res://scenes/vehicles/f1_94/f1_94.tscn,res://addons/formula90s/scripts/f1_94_rust_vehicle.gd,1,{}
2133,24.36,4768.4,1,1.0,0.0,0.0,-0.099,0.730,0.991,49.1,49.0,77.2,77.2,0.0073,0.2199,godot_parity_session,2026-08-15T00:00:00Z,60,PHY-010,res://scenes/tracks/test_field/la_chutana_generated.tscn,VehicleRigidBody,res://scenes/vehicles/f1_94/f1_94.tscn,res://addons/formula90s/scripts/f1_94_rust_vehicle.gd,1,{}
2150,24.55,4773.4,1,1.0,0.0,0.0,0.099,0.730,0.991,49.0,49.1,77.2,77.2,0.0072,0.2183,godot_parity_session,2026-08-15T00:00:00Z,60,PHY-010,res://scenes/tracks/test_field/la_chutana_generated.tscn,VehicleRigidBody,res://scenes/vehicles/f1_94/f1_94.tscn,res://addons/formula90s/scripts/f1_94_rust_vehicle.gd,1,{}
2166,24.74,4778.7,1,1.0,0.0,0.0,-0.099,0.729,0.991,49.1,49.0,77.2,77.2,0.0072,0.2167,godot_parity_session,2026-08-15T00:00:00Z,60,PHY-010,res://scenes/tracks/test_field/la_chutana_generated.tscn,VehicleRigidBody,res://scenes/vehicles/f1_94/f1_94.tscn,res://addons/formula90s/scripts/f1_94_rust_vehicle.gd,1,{}
2183,24.93,4784.0,1,1.0,0.0,0.0,0.099,0.729,0.991,49.1,49.1,77.2,77.2,0.0071,0.2151,godot_parity_session,2026-08-15T00:00:00Z,60,PHY-010,res://scenes/tracks/test_field/la_chutana_generated.tscn,VehicleRigidBody,res://scenes/vehicles/f1_94/f1_94.tscn,res://addons/formula90s/scripts/f1_94_rust_vehicle.gd,1,{}
2200,25.12,4789.5,1,1.0,0.0,0.0,-0.099,0.729,0.991,49.1,49.1,77.2,77.2,0.0071,0.2135,godot_parity_session,2026-08-15T00:00:00Z,60,PHY-010,res://scenes/tracks/test_field/la_chutana_generated.tscn,VehicleRigidBody,res://scenes/vehicles/f1_94/f1_94.tscn,res://addons/formula90s/scripts/f1_94_rust_vehicle.gd,1,{}
2216,25.31,4795.2,1,1.0,0.0,0.0,0.100,0.729,0.991,49.1,49.1,77.2,77.2,0.0070,0.2120,godot_parity_session,2026-08-15T00:00:00Z,60,PHY-010,res://scenes/tracks/test_field/la_chutana_generated.tscn,VehicleRigidBody,res://scenes/vehicles/f1_94/f1_94.tscn,res://addons/formula90s/scripts/f1_94_rust_vehicle.gd,1,{}
2233,25.50,4801.0,1,1.0,0.0,0.0,-0.100,0.728,0.991,49.1,49.1,77.2,77.2,0.0070,0.2105,godot_parity_session,2026-08-15T00:00:00Z,60,PHY-010,res://scenes/tracks/test_field/la_chutana_generated.tscn,VehicleRigidBody,res://scenes/vehicles/f1_94/f1_94.tscn,res://addons/formula90s/scripts/f1_94_rust_vehicle.gd,1,{}
2250,25.69,4807.0,1,1.0,0.0,0.0,0.100,0.728,0.991,49.1,49.1,77.1,77.2,0.0069,0.2090,godot_parity_session,2026-08-15T00:00:00Z,60,PHY-010,res://scenes/tracks/test_field/la_chutana_generated.tscn,VehicleRigidBody,res://scenes/vehicles/f1_94/f1_94.tscn,res://addons/formula90s/scripts/f1_94_rust_vehicle.gd,1,{}
2266,25.88,4813.1,1,1.0,0.0,0.0,-0.100,0.728,0.991,49.2,49.1,77.2,77.1,0.0068,0.2075,godot_parity_session,2026-08-15T00:00:00Z,60,PHY-010,res://scenes/tracks/test_field/la_chutana_generated.tscn,VehicleRigidBody,res://scenes/vehicles/f1_94/f1_94.tscn,res://addons/formula90s/scripts/f1_94_rust_vehicle.gd,1,{}
2283,26.07,4819.4,1,1.0,0.0,0.0,0.100,0.727,0.991,49.1,49.2,77.1,77.2,0.0068,0.2060,godot_parity_session,2026-08-15T00:00:00Z,60,PHY-010,res://scenes/tracks/test_field/la_chutana_generated.tscn,VehicleRigidBody,res://scenes/vehicles/f1_94/f1_94.tscn,res://addons/formula90s/scripts/f1_94_rust_vehicle.gd,1,{}
2300,26.25,4825.9,1,1.0,0.0,0.0,-0.100,0.727,0.991,49.2,49.1,77.2,77.1,0.0067,0.2046,godot_parity_session,2026-08-15T00:00:00Z,60,PHY-010,res://scenes/tracks/test_field/la_chutana_generated.tscn,VehicleRigidBody,res://scenes/vehicles/f1_94/f1_94.tscn,res://addons/formula90s/scripts/f1_94_rust_vehicle.gd,1,{}
2316,26.44,4832.6,1,1.0,0.0,0.0,0.100,0.727,0.991,49.1,49.2,77.1,77.2,0.0067,0.2031,godot_parity_session,2026-08-15T00:00:00Z,60,PHY-010,res://scenes/tracks/test_field/la_chutana_generated.tscn,VehicleRigidBody,res://scenes/vehicles/f1_94/f1_94.tscn,res://addons/formula90s/scripts/f1_94_rust_vehicle.gd,1,{}
2333,26.63,4839.4,1,1.0,0.0,0.0,-0.100,0.726,0.991,49.2,49.1,77.2,77.1,0.0066,0.2017,godot_parity_session,2026-08-15T00:00:00Z,60,PHY-010,res://scenes/tracks/test_field/la_chutana_generated.tscn,VehicleRigidBody,res://scenes/vehicles/f1_94/f1_94.tscn,res://addons/formula90s/scripts/f1_94_rust_vehicle.gd,1,{}
2350,26.82,4846.4,1,1.0,0.0,0.0,0.100,0.726,0.991,49.1,49.2,77.1,77.2,0.0066,0.2003,godot_parity_session,2026-08-15T00:00:00Z,60,PHY-010,res://scenes/tracks/test_field/la_chutana_generated.tscn,VehicleRigidBody,res://scenes/vehicles/f1_94/f1_94.tscn,res://addons/formula90s/scripts/f1_94_rust_vehicle.gd,1,{}
2366,27.01,4853.6,1,1.0,0.0,0.0,-0.100,0.725,0.991,49.2,49.2,77.2,77.1,0.0065,0.1989,godot_parity_session,2026-08-15T00:00:00Z,60,PHY-010,res://scenes/tracks/test_field/la_chutana_generated.tscn,VehicleRigidBody,res://scenes/vehicles/f1_94/f1_94.tscn,res://addons/formula90s/scripts/f1_94_rust_vehicle.gd,1,{}
2383,27.19,4861.1,1,1.0,0.0,0.0,0.100,0.725,0.991,49.2,49.2,77.1,77.2,0.0065,0.1975,godot_parity_session,2026-08-15T00:00:00Z,60,PHY-010,res://scenes/tracks/test_field/la_chutana_generated.tscn,VehicleRigidBody,res://scenes/vehicles/f1_94/f1_94.tscn,res://addons/formula90s/scripts/f1_94_rust_vehicle.gd,1,{}
2400,27.38,4868.7,1,1.0,0.0,0.0,-0.100,0.725,0.991,49.2,49.2,77.2,77.1,0.0065,0.1962,godot_parity_session,2026-08-15T00:00:00Z,60,PHY-010,res://scenes/tracks/test_field/la_chutana_generated.tscn,VehicleRigidBody,res://scenes/vehicles/f1_94/f1_94.tscn,res://addons/formula90s/scripts/f1_94_rust_vehicle.gd,1,{}
2416,27.57,4876.5,1,1.0,0.0,0.0,0.100,0.724,0.991,49.2,49.2,77.1,77.2,0.0064,0.1948,godot_parity_session,2026-08-15T00:00:00Z,60,PHY-010,res://scenes/tracks/test_field/la_chutana_generated.tscn,VehicleRigidBody,res://scenes/vehicles/f1_94/f1_94.tscn,res://addons/formula90s/scripts/f1_94_rust_vehicle.gd,1,{}
2433,27.75,4884.5,1,1.0,0.0,0.0,-0.100,0.724,0.991,49.2,49.2,77.2,77.1,0.0064,0.1935,godot_parity_session,2026-08-15T00:00:00Z,60,PHY-010,res://scenes/tracks/test_field/la_chutana_generated.tscn,VehicleRigidBody,res://scenes/vehicles/f1_94/f1_94.tscn,res://addons/formula90s/scripts/f1_94_rust_vehicle.gd,1,{}
2450,27.94,4892.7,1,1.0,0.0,0.0,0.100,0.723,0.991,49.2,49.2,77.1,77.2,0.0063,0.1922,godot_parity_session,2026-08-15T00:00:00Z,60,PHY-010,res://scenes/tracks/test_field/la_chutana_generated.tscn,VehicleRigidBody,res://scenes/vehicles/f1_94/f1_94.tscn,res://addons/formula90s/scripts/f1_94_rust_vehicle.gd,1,{}
2466,28.13,4901.2,1,1.0,0.0,0.0,-0.100,0.723,0.991,49.3,49.2,77.2,77.1,0.0063,0.1909,godot_parity_session,2026-08-15T00:00:00Z,60,PHY-010,res://scenes/tracks/test_field/la_chutana_generated.tscn,VehicleRigidBody,res://scenes/vehicles/f1_94/f1_94.tscn,res://addons/formula90s/scripts/f1_94_rust_vehicle.gd,1,{}
2483,28.31,4909.8,1,1.0,0.0,0.0,0.101,0.723,0.991,49.2,49.3,77.1,77.2,0.0062,0.1896,godot_parity_session,2026-08-15T00:00:00Z,60,PHY-010,res://scenes/tracks/test_field/la_chutana_generated.tscn,VehicleRigidBody,res://scenes/vehicles/f1_94/f1_94.tscn,res://addons/formula90s/scripts/f1_94_rust_vehicle.gd,1,{}
2500,28.50,4918.7,1,1.0,0.0,0.0,-0.101,0.722,0.991,49.3,49.2,77.1,77.1,0.0062,0.1883,godot_parity_session,2026-08-15T00:00:00Z,60,PHY-010,res://scenes/tracks/test_field/la_chutana_generated.tscn,VehicleRigidBody,res://scenes/vehicles/f1_94/f1_94.tscn,res://addons/formula90s/scripts/f1_94_rust_vehicle.gd,1,{}
2516,28.68,4927.8,1,1.0,0.0,0.0,0.101,0.722,0.991,49.2,49.3,77.1,77.1,0.0061,0.1870,godot_parity_session,2026-08-15T00:00:00Z,60,PHY-010,res://scenes/tracks/test_field/la_chutana_generated.tscn,VehicleRigidBody,res://scenes/vehicles/f1_94/f1_94.tscn,res://addons/formula90s/scripts/f1_94_rust_vehicle.gd,1,{}
2533,28.87,4937.2,1,1.0,0.0,0.0,-0.101,0.721,0.991,49.3,49.2,77.1,77.1,0.0061,0.1858,godot_parity_session,2026-08-15T00:00:00Z,60,PHY-010,res://scenes/tracks/test_field/la_chutana_generated.tscn,VehicleRigidBody,res://scenes/vehicles/f1_94/f1_94.tscn,res://addons/formula90s/scripts/f1_94_rust_vehicle.gd,1,{}
2550,29.05,4946.7,1,1.0,0.0,0.0,0.101,0.721,0.991,49.3,49.3,77.1,77.1,0.0061,0.1846,godot_parity_session,2026-08-15T00:00:00Z,60,PHY-010,res://scenes/tracks/test_field/la_chutana_generated.tscn,VehicleRigidBody,res://scenes/vehicles/f1_94/f1_94.tscn,res://addons/formula90s/scripts/f1_94_rust_vehicle.gd,1,{}
2566,29.24,4956.6,1,1.0,0.0,0.0,-0.101,0.721,0.991,49.3,49.3,77.1,77.1,0.0060,0.1834,godot_parity_session,2026-08-15T00:00:00Z,60,PHY-010,res://scenes/tracks/test_field/la_chutana_generated.tscn,VehicleRigidBody,res://scenes/vehicles/f1_94/f1_94.tscn,res://addons/formula90s/scripts/f1_94_rust_vehicle.gd,1,{}
2583,29.42,4966.6,1,1.0,0.0,0.0,0.101,0.720,0.991,49.3,49.3,77.1,77.1,0.0060,0.1822,godot_parity_session,2026-08-15T00:00:00Z,60,PHY-010,res://scenes/tracks/test_field/la_chutana_generated.tscn,VehicleRigidBody,res://scenes/vehicles/f1_94/f1_94.tscn,res://addons/formula90s/scripts/f1_94_rust_vehicle.gd,1,{}
2600,29.61,4976.9,1,1.0,0.0,0.0,-0.101,0.720,0.991,49.3,49.3,77.1,77.1,0.0059,0.1810,godot_parity_session,2026-08-15T00:00:00Z,60,PHY-010,res://scenes/tracks/test_field/la_chutana_generated.tscn,VehicleRigidBody,res://scenes/vehicles/f1_94/f1_94.tscn,res://addons/formula90s/scripts/f1_94_rust_vehicle.gd,1,{}
2616,29.79,4987.5,1,1.0,0.0,0.0,0.101,0.719,0.991,49.3,49.3,77.1,77.1,0.0059,0.1799,godot_parity_session,2026-08-15T00:00:00Z,60,PHY-010,res://scenes/tracks/test_field/la_chutana_generated.tscn,VehicleRigidBody,res://scenes/vehicles/f1_94/f1_94.tscn,res://addons/formula90s/scripts/f1_94_rust_vehicle.gd,1,{}
2633,29.97,4998.3,1,1.0,0.0,0.0,-0.101,0.719,0.991,49.4,49.3,77.1,77.1,0.0059,0.1787,godot_parity_session,2026-08-15T00:00:00Z,60,PHY-010,res://scenes/tracks/test_field/la_chutana_generated.tscn,VehicleRigidBody,res://scenes/vehicles/f1_94/f1_94.tscn,res://addons/formula90s/scripts/f1_94_rust_vehicle.gd,1,{}
2650,30.16,5009.4,1,1.0,0.0,0.0,0.101,0.719,0.991,49.3,49.4,77.1,77.1,0.0058,0.1776,godot_parity_session,2026-08-15T00:00:00Z,60,PHY-010,res://scenes/tracks/test_field/la_chutana_generated.tscn,VehicleRigidBody,res://scenes/vehicles/f1_94/f1_94.tscn,res://addons/formula90s/scripts/f1_94_rust_vehicle.gd,1,{}
2666,30.34,5020.7,1,1.0,0.0,0.0,-0.101,0.718,0.991,49.4,49.3,77.1,77.1,0.0058,0.1765,godot_parity_session,2026-08-15T00:00:00Z,60,PHY-010,res://scenes/tracks/test_field/la_chutana_generated.tscn,VehicleRigidBody,res://scenes/vehicles/f1_94/f1_94.tscn,res://addons/formula90s/scripts/f1_94_rust_vehicle.gd,1,{}
2683,30.52,5032.3,1,1.0,0.0,0.0,0.102,0.718,0.991,49.3,49.4,77.1,77.1,0.0057,0.1755,godot_parity_session,2026-08-15T00:00:00Z,60,PHY-010,res://scenes/tracks/test_field/la_chutana_generated.tscn,VehicleRigidBody,res://scenes/vehicles/f1_94/f1_94.tscn,res://addons/formula90s/scripts/f1_94_rust_vehicle.gd,1,{}
2700,30.70,5044.1,1,1.0,0.0,0.0,-0.102,0.717,0.991,49.4,49.3,77.1,77.1,0.0057,0.1744,godot_parity_session,2026-08-15T00:00:00Z,60,PHY-010,res://scenes/tracks/test_field/la_chutana_generated.tscn,VehicleRigidBody,res://scenes/vehicles/f1_94/f1_94.tscn,res://addons/formula90s/scripts/f1_94_rust_vehicle.gd,1,{}
2716,30.89,5056.2,1,1.0,0.0,0.0,0.102,0.717,0.991,49.4,49.4,77.1,77.1,0.0057,0.1734,godot_parity_session,2026-08-15T00:00:00Z,60,PHY-010,res://scenes/tracks/test_field/la_chutana_generated.tscn,VehicleRigidBody,res://scenes/vehicles/f1_94/f1_94.tscn,res://addons/formula90s/scripts/f1_94_rust_vehicle.gd,1,{}
2733,31.07,5068.6,1,1.0,0.0,0.0,-0.102,0.717,0.991,49.4,49.4,77.1,77.1,0.0056,0.1724,godot_parity_session,2026-08-15T00:00:00Z,60,PHY-010,res://scenes/tracks/test_field/la_chutana_generated.tscn,VehicleRigidBody,res://scenes/vehicles/f1_94/f1_94.tscn,res://addons/formula90s/scripts/f1_94_rust_vehicle.gd,1,{}
2750,31.25,5081.3,1,1.0,0.0,0.0,0.102,0.717,0.991,49.4,49.4,77.1,77.1,0.0056,0.1714,godot_parity_session,2026-08-15T00:00:00Z,60,PHY-010,res://scenes/tracks/test_field/la_chutana_generated.tscn,VehicleRigidBody,res://scenes/vehicles/f1_94/f1_94.tscn,res://addons/formula90s/scripts/f1_94_rust_vehicle.gd,1,{}
2766,31.43,5094.2,1,1.0,0.0,0.0,-0.102,0.716,0.991,49.4,49.4,77.1,77.0,0.0056,0.1704,godot_parity_session,2026-08-15T00:00:00Z,60,PHY-010,res://scenes/tracks/test_field/la_chutana_generated.tscn,VehicleRigidBody,res://scenes/vehicles/f1_94/f1_94.tscn,res://addons/formula90s/scripts/f1_94_rust_vehicle.gd,1,{}
2783,31.61,5107.5,1,1.0,0.0,0.0,0.102,0.716,0.991,49.4,49.5,77.0,77.1,0.0055,0.1695,godot_parity_session,2026-08-15T00:00:00Z,60,PHY-010,res://scenes/tracks/test_field/la_chutana_generated.tscn,VehicleRigidBody,res://scenes/vehicles/f1_94/f1_94.tscn,res://addons/formula90s/scripts/f1_94_rust_vehicle.gd,1,{}
2800,31.79,5120.9,1,1.0,0.0,0.0,-0.102,0.716,0.991,49.5,49.4,77.1,77.0,0.0055,0.1686,godot_parity_session,2026-08-15T00:00:00Z,60,PHY-010,res://scenes/tracks/test_field/la_chutana_generated.tscn,VehicleRigidBody,res://scenes/vehicles/f1_94/f1_94.tscn,res://addons/formula90s/scripts/f1_94_rust_vehicle.gd,1,{}
2816,31.97,5134.7,1,1.0,0.0,0.0,0.102,0.716,0.991,49.4,49.5,77.0,77.1,0.0055,0.1677,godot_parity_session,2026-08-15T00:00:00Z,60,PHY-010,res://scenes/tracks/test_field/la_chutana_generated.tscn,VehicleRigidBody,res://scenes/vehicles/f1_94/f1_94.tscn,res://addons/formula90s/scripts/f1_94_rust_vehicle.gd,1,{}
2833,32.15,5148.8,1,1.0,0.0,0.0,-0.102,0.716,0.991,49.5,49.4,77.1,77.0,0.0054,0.1668,godot_parity_session,2026-08-15T00:00:00Z,60,PHY-010,res://scenes/tracks/test_field/la_chutana_generated.tscn,VehicleRigidBody,res://scenes/vehicles/f1_94/f1_94.tscn,res://addons/formula90s/scripts/f1_94_rust_vehicle.gd,1,{}
2850,32.33,5163.1,1,1.0,0.0,0.0,0.102,0.715,0.991,49.4,49.5,77.0,77.1,0.0054,0.1660,godot_parity_session,2026-08-15T00:00:00Z,60,PHY-010,res://scenes/tracks/test_field/la_chutana_generated.tscn,VehicleRigidBody,res://scenes/vehicles/f1_94/f1_94.tscn,res://addons/formula90s/scripts/f1_94_rust_vehicle.gd,1,{}
2866,32.51,5177.7,1,1.0,0.0,0.0,-0.102,0.715,0.991,49.5,49.5,77.1,77.0,0.0054,0.1652,godot_parity_session,2026-08-15T00:00:00Z,60,PHY-010,res://scenes/tracks/test_field/la_chutana_generated.tscn,VehicleRigidBody,res://scenes/vehicles/f1_94/f1_94.tscn,res://addons/formula90s/scripts/f1_94_rust_vehicle.gd,1,{}
2883,32.69,5192.7,1,1.0,0.0,0.0,0.102,0.715,0.991,49.5,49.5,77.0,77.1,0.0053,0.1644,godot_parity_session,2026-08-15T00:00:00Z,60,PHY-010,res://scenes/tracks/test_field/la_chutana_generated.tscn,VehicleRigidBody,res://scenes/vehicles/f1_94/f1_94.tscn,res://addons/formula90s/scripts/f1_94_rust_vehicle.gd,1,{}
2900,32.87,5207.8,1,1.0,0.0,0.0,-0.102,0.715,0.991,49.5,49.5,77.1,77.0,0.0053,0.1636,godot_parity_session,2026-08-15T00:00:00Z,60,PHY-010,res://scenes/tracks/test_field/la_chutana_generated.tscn,VehicleRigidBody,res://scenes/vehicles/f1_94/f1_94.tscn,res://addons/formula90s/scripts/f1_94_rust_vehicle.gd,1,{}
2916,33.05,5223.3,1,1.0,0.0,0.0,0.102,0.715,0.991,49.5,49.5,77.0,77.1,0.0053,0.1629,godot_parity_session,2026-08-15T00:00:00Z,60,PHY-010,res://scenes/tracks/test_field/la_chutana_generated.tscn,VehicleRigidBody,res://scenes/vehicles/f1_94/f1_94.tscn,res://addons/formula90s/scripts/f1_94_rust_vehicle.gd,1,{}
2933,33.23,5239.1,1,1.0,0.0,0.0,-0.102,0.715,0.991,49.5,49.5,77.1,77.0,0.0052,0.1622,godot_parity_session,2026-08-15T00:00:00Z,60,PHY-010,res://scenes/tracks/test_field/la_chutana_generated.tscn,VehicleRigidBody,res://scenes/vehicles/f1_94/f1_94.tscn,res://addons/formula90s/scripts/f1_94_rust_vehicle.gd,1,{}
2950,33.41,5255.2,1,1.0,0.0,0.0,0.102,0.716,0.991,49.5,49.6,77.0,77.1,0.0052,0.1615,godot_parity_session,2026-08-15T00:00:00Z,60,PHY-010,res://scenes/tracks/test_field/la_chutana_generated.tscn,VehicleRigidBody,res://scenes/vehicles/f1_94/f1_94.tscn,res://addons/formula90s/scripts/f1_94_rust_vehicle.gd,1,{}
2966,33.59,5271.5,1,1.0,0.0,0.0,-0.101,0.716,0.991,49.6,49.5,77.1,77.0,0.0052,0.1609,godot_parity_session,2026-08-15T00:00:00Z,60,PHY-010,res://scenes/tracks/test_field/la_chutana_generated.tscn,VehicleRigidBody,res://scenes/vehicles/f1_94/f1_94.tscn,res://addons/formula90s/scripts/f1_94_rust_vehicle.gd,1,{}
2983,33.77,5288.2,1,1.0,0.0,0.0,0.101,0.716,0.991,49.5,49.6,77.0,77.1,0.0051,0.1603,godot_parity_session,2026-08-15T00:00:00Z,60,PHY-010,res://scenes/tracks/test_field/la_chutana_generated.tscn,VehicleRigidBody,res://scenes/vehicles/f1_94/f1_94.tscn,res://addons/formula90s/scripts/f1_94_rust_vehicle.gd,1,{}
3000,33.95,5305.1,1,1.0,0.0,0.0,-0.101,0.716,0.991,49.6,49.5,77.1,77.0,0.0051,0.1597,godot_parity_session,2026-08-15T00:00:00Z,60,PHY-010,res://scenes/tracks/test_field/la_chutana_generated.tscn,VehicleRigidBody,res://scenes/vehicles/f1_94/f1_94.tscn,res://addons/formula90s/scripts/f1_94_rust_vehicle.gd,1,{}
3016,34.13,5322.3,1,1.0,0.0,0.0,0.101,0.717,0.991,49.5,49.6,77.0,77.1,0.0051,0.1591,godot_parity_session,2026-08-15T00:00:00Z,60,PHY-010,res://scenes/tracks/test_field/la_chutana_generated.tscn,VehicleRigidBody,res://scenes/vehicles/f1_94/f1_94.tscn,res://addons/formula90s/scripts/f1_94_rust_vehicle.gd,1,{}
3033,34.31,5339.9,1,1.0,0.0,0.0,-0.101,0.717,0.991,49.6,49.5,77.1,77.0,0.0051,0.1586,godot_parity_session,2026-08-15T00:00:00Z,60,PHY-010,res://scenes/tracks/test_field/la_chutana_generated.tscn,VehicleRigidBody,res://scenes/vehicles/f1_94/f1_94.tscn,res://addons/formula90s/scripts/f1_94_rust_vehicle.gd,1,{}
3050,34.49,5357.7,1,1.0,0.0,0.0,0.101,0.718,0.991,49.5,49.6,77.1,77.1,0.0050,0.1581,godot_parity_session,2026-08-15T00:00:00Z,60,PHY-010,res://scenes/tracks/test_field/la_chutana_generated.tscn,VehicleRigidBody,res://scenes/vehicles/f1_94/f1_94.tscn,res://addons/formula90s/scripts/f1_94_rust_vehicle.gd,1,{}
3066,34.66,5375.8,1,1.0,0.0,0.0,-0.100,0.718,0.991,49.6,49.5,77.1,77.1,0.0050,0.1576,godot_parity_session,2026-08-15T00:00:00Z,60,PHY-010,res://scenes/tracks/test_field/la_chutana_generated.tscn,VehicleRigidBody,res://scenes/vehicles/f1_94/f1_94.tscn,res://addons/formula90s/scripts/f1_94_rust_vehicle.gd,1,{}
3083,34.84,5394.2,1,1.0,0.0,0.0,0.100,0.719,0.991,49.5,49.6,77.1,77.1,0.0050,0.1572,godot_parity_session,2026-08-15T00:00:00Z,60,PHY-010,res://scenes/tracks/test_field/la_chutana_generated.tscn,VehicleRigidBody,res://scenes/vehicles/f1_94/f1_94.tscn,res://addons/formula90s/scripts/f1_94_rust_vehicle.gd,1,{}
3100,35.02,5412.9,1,1.0,0.0,0.0,-0.100,0.719,0.991,49.6,49.6,77.1,77.1,0.0050,0.1568,godot_parity_session,2026-08-15T00:00:00Z,60,PHY-010,res://scenes/tracks/test_field/la_chutana_generated.tscn,VehicleRigidBody,res://scenes/vehicles/f1_94/f1_94.tscn,res://addons/formula90s/scripts/f1_94_rust_vehicle.gd,1,{}
3116,35.20,5431.9,1,1.0,0.0,0.0,0.100,0.720,0.991,49.6,49.6,77.1,77.1,0.0049,0.1564,godot_parity_session,2026-08-15T00:00:00Z,60,PHY-010,res://scenes/tracks/test_field/la_chutana_generated.tscn,VehicleRigidBody,res://scenes/vehicles/f1_94/f1_94.tscn,res://addons/formula90s/scripts/f1_94_rust_vehicle.gd,1,{}
3133,35.38,5451.7,1,1.0,0.0,0.0,-0.099,0.721,0.991,49.6,49.6,77.1,77.1,0.0049,0.1557,godot_parity_session,2026-08-15T00:00:00Z,60,PHY-010,res://scenes/tracks/test_field/la_chutana_generated.tscn,VehicleRigidBody,res://scenes/vehicles/f1_94/f1_94.tscn,res://addons/formula90s/scripts/f1_94_rust_vehicle.gd,1,{}
3150,35.56,5472.6,1,1.0,0.0,0.0,0.099,0.720,0.991,49.6,49.6,77.1,77.1,0.0049,0.1547,godot_parity_session,2026-08-15T00:00:00Z,60,PHY-010,res://scenes/tracks/test_field/la_chutana_generated.tscn,VehicleRigidBody,res://scenes/vehicles/f1_94/f1_94.tscn,res://addons/formula90s/scripts/f1_94_rust_vehicle.gd,1,{}
3166,35.74,5494.2,1,1.0,0.0,0.0,-0.099,0.719,0.991,49.6,49.6,77.1,77.1,0.0048,0.1537,godot_parity_session,2026-08-15T00:00:00Z,60,PHY-010,res://scenes/tracks/test_field/la_chutana_generated.tscn,VehicleRigidBody,res://scenes/vehicles/f1_94/f1_94.tscn,res://addons/formula90s/scripts/f1_94_rust_vehicle.gd,1,{}
3183,35.92,5516.2,1,1.0,0.0,0.0,0.099,0.719,0.991,49.6,49.6,77.1,77.2,0.0048,0.1527,godot_parity_session,2026-08-15T00:00:00Z,60,PHY-010,res://scenes/tracks/test_field/la_chutana_generated.tscn,VehicleRigidBody,res://scenes/vehicles/f1_94/f1_94.tscn,res://addons/formula90s/scripts/f1_94_rust_vehicle.gd,1,{}
3200,36.09,5538.7,1,1.0,0.0,0.0,-0.100,0.718,0.991,49.6,49.6,77.2,77.1,0.0048,0.1518,godot_parity_session,2026-08-15T00:00:00Z,60,PHY-010,res://scenes/tracks/test_field/la_chutana_generated.tscn,VehicleRigidBody,res://scenes/vehicles/f1_94/f1_94.tscn,res://addons/formula90s/scripts/f1_94_rust_vehicle.gd,1,{}
3216,36.27,5561.5,1,1.0,0.0,0.0,0.100,0.718,0.991,49.6,49.6,77.1,77.2,0.0048,0.1510,godot_parity_session,2026-08-15T00:00:00Z,60,PHY-010,res://scenes/tracks/test_field/la_chutana_generated.tscn,VehicleRigidBody,res://scenes/vehicles/f1_94/f1_94.tscn,res://addons/formula90s/scripts/f1_94_rust_vehicle.gd,1,{}
3233,36.45,5584.7,1,1.0,0.0,0.0,-0.100,0.717,0.991,49.6,49.6,77.2,77.1,0.0047,0.1502,godot_parity_session,2026-08-15T00:00:00Z,60,PHY-010,res://scenes/tracks/test_field/la_chutana_generated.tscn,VehicleRigidBody,res://scenes/vehicles/f1_94/f1_94.tscn,res://addons/formula90s/scripts/f1_94_rust_vehicle.gd,1,{}
3250,36.63,5608.3,1,1.0,0.0,0.0,0.100,0.717,0.991,49.6,49.6,77.1,77.2,0.0047,0.1496,godot_parity_session,2026-08-15T00:00:00Z,60,PHY-010,res://scenes/tracks/test_field/la_chutana_generated.tscn,VehicleRigidBody,res://scenes/vehicles/f1_94/f1_94.tscn,res://addons/formula90s/scripts/f1_94_rust_vehicle.gd,1,{}
3266,36.80,5632.2,1,1.0,0.0,0.0,-0.100,0.717,0.991,49.6,49.6,77.2,77.1,0.0047,0.1490,godot_parity_session,2026-08-15T00:00:00Z,60,PHY-010,res://scenes/tracks/test_field/la_chutana_generated.tscn,VehicleRigidBody,res://scenes/vehicles/f1_94/f1_94.tscn,res://addons/formula90s/scripts/f1_94_rust_vehicle.gd,1,{}
3283,36.98,5656.5,1,1.0,0.0,0.0,0.100,0.717,0.991,49.6,49.6,77.2,77.2,0.0047,0.1485,godot_parity_session,2026-08-15T00:00:00Z,60,PHY-010,res://scenes/tracks/test_field/la_chutana_generated.tscn,VehicleRigidBody,res://scenes/vehicles/f1_94/f1_94.tscn,res://addons/formula90s/scripts/f1_94_rust_vehicle.gd,1,{}
3300,37.16,5681.2,1,1.0,0.0,0.0,-0.100,0.718,0.991,49.6,49.6,77.2,77.2,0.0046,0.1481,godot_parity_session,2026-08-15T00:00:00Z,60,PHY-010,res://scenes/tracks/test_field/la_chutana_generated.tscn,VehicleRigidBody,res://scenes/vehicles/f1_94/f1_94.tscn,res://addons/formula90s/scripts/f1_94_rust_vehicle.gd,1,{}
3316,37.33,5706.2,1,1.0,0.0,0.0,0.100,0.718,0.991,49.6,49.6,77.2,77.2,0.0046,0.1477,godot_parity_session,2026-08-15T00:00:00Z,60,PHY-010,res://scenes/tracks/test_field/la_chutana_generated.tscn,VehicleRigidBody,res://scenes/vehicles/f1_94/f1_94.tscn,res://addons/formula90s/scripts/f1_94_rust_vehicle.gd,1,{}
3333,37.51,5731.6,1,1.0,0.0,0.0,-0.100,0.719,0.991,49.6,49.6,77.2,77.2,0.0046,0.1474,godot_parity_session,2026-08-15T00:00:00Z,60,PHY-010,res://scenes/tracks/test_field/la_chutana_generated.tscn,VehicleRigidBody,res://scenes/vehicles/f1_94/f1_94.tscn,res://addons/formula90s/scripts/f1_94_rust_vehicle.gd,1,{}
3350,37.69,5757.3,1,1.0,0.0,0.0,0.099,0.720,0.991,49.6,49.6,77.2,77.2,0.0046,0.1472,godot_parity_session,2026-08-15T00:00:00Z,60,PHY-010,res://scenes/tracks/test_field/la_chutana_generated.tscn,VehicleRigidBody,res://scenes/vehicles/f1_94/f1_94.tscn,res://addons/formula90s/scripts/f1_94_rust_vehicle.gd,1,{}
3366,37.86,5783.4,1,1.0,0.0,0.0,-0.099,0.721,0.991,49.6,49.6,77.2,77.2,0.0045,0.1470,godot_parity_session,2026-08-15T00:00:00Z,60,PHY-010,res://scenes/tracks/test_field/la_chutana_generated.tscn,VehicleRigidBody,res://scenes/vehicles/f1_94/f1_94.tscn,res://addons/formula90s/scripts/f1_94_rust_vehicle.gd,1,{}
3383,38.04,5809.8,1,1.0,0.0,0.0,0.099,0.722,0.991,49.6,49.7,77.2,77.2,0.0045,0.1469,godot_parity_session,2026-08-15T00:00:00Z,60,PHY-010,res://scenes/tracks/test_field/la_chutana_generated.tscn,VehicleRigidBody,res://scenes/vehicles/f1_94/f1_94.tscn,res://addons/formula90s/scripts/f1_94_rust_vehicle.gd,1,{}
3400,38.22,5836.5,1,1.0,0.0,0.0,-0.098,0.723,0.991,49.7,49.6,77.3,77.2,0.0045,0.1469,godot_parity_session,2026-08-15T00:00:00Z,60,PHY-010,res://scenes/tracks/test_field/la_chutana_generated.tscn,VehicleRigidBody,res://scenes/vehicles/f1_94/f1_94.tscn,res://addons/formula90s/scripts/f1_94_rust_vehicle.gd,1,{}
3416,38.40,5863.6,1,1.0,0.0,0.0,0.098,0.724,0.991,49.6,49.7,77.2,77.3,0.0045,0.1469,godot_parity_session,2026-08-15T00:00:00Z,60,PHY-010,res://scenes/tracks/test_field/la_chutana_generated.tscn,VehicleRigidBody,res://scenes/vehicles/f1_94/f1_94.tscn,res://addons/formula90s/scripts/f1_94_rust_vehicle.gd,1,{}
3433,38.57,5891.1,1,1.0,0.0,0.0,-0.097,0.726,0.991,49.7,49.6,77.3,77.2,0.0045,0.1470,godot_parity_session,2026-08-15T00:00:00Z,60,PHY-010,res://scenes/tracks/test_field/la_chutana_generated.tscn,VehicleRigidBody,res://scenes/vehicles/f1_94/f1_94.tscn,res://addons/formula90s/scripts/f1_94_rust_vehicle.gd,1,{}
3450,38.75,5918.8,1,1.0,0.0,0.0,0.097,0.728,0.991,49.6,49.6,77.2,77.3,0.0044,0.1471,godot_parity_session,2026-08-15T00:00:00Z,60,PHY-010,res://scenes/tracks/test_field/la_chutana_generated.tscn,VehicleRigidBody,res://scenes/vehicles/f1_94/f1_94.tscn,res://addons/formula90s/scripts/f1_94_rust_vehicle.gd,1,{}
3466,38.93,5947.0,1,1.0,0.0,0.0,-0.096,0.730,0.991,49.6,49.6,77.3,77.3,0.0044,0.1472,godot_parity_session,2026-08-15T00:00:00Z,60,PHY-010,res://scenes/tracks/test_field/la_chutana_generated.tscn,VehicleRigidBody,res://scenes/vehicles/f1_94/f1_94.tscn,res://addons/formula90s/scripts/f1_94_rust_vehicle.gd,1,{}
3483,39.11,5975.4,1,1.0,0.0,0.0,0.095,0.732,0.991,49.6,49.6,77.3,77.3,0.0044,0.1474,godot_parity_session,2026-08-15T00:00:00Z,60,PHY-010,res://scenes/tracks/test_field/la_chutana_generated.tscn,VehicleRigidBody,res://scenes/vehicles/f1_94/f1_94.tscn,res://addons/formula90s/scripts/f1_94_rust_vehicle.gd,1,{}
3500,39.29,6004.2,1,1.0,0.0,0.0,-0.095,0.734,0.991,49.6,49.6,77.3,77.3,0.0044,0.1477,godot_parity_session,2026-08-15T00:00:00Z,60,PHY-010,res://scenes/tracks/test_field/la_chutana_generated.tscn,VehicleRigidBody,res://scenes/vehicles/f1_94/f1_94.tscn,res://addons/formula90s/scripts/f1_94_rust_vehicle.gd,1,{}
3516,39.47,6033.3,1,1.0,0.0,0.0,0.094,0.736,0.991,49.6,49.6,77.3,77.4,0.0044,0.1480,godot_parity_session,2026-08-15T00:00:00Z,60,PHY-010,res://scenes/tracks/test_field/la_chutana_generated.tscn,VehicleRigidBody,res://scenes/vehicles/f1_94/f1_94.tscn,res://addons/formula90s/scripts/f1_94_rust_vehicle.gd,1,{}
3533,39.65,6062.8,1,1.0,0.0,0.0,-0.093,0.739,0.991,49.6,49.6,77.4,77.3,0.0044,0.1483,godot_parity_session,2026-08-15T00:00:00Z,60,PHY-010,res://scenes/tracks/test_field/la_chutana_generated.tscn,VehicleRigidBody,res://scenes/vehicles/f1_94/f1_94.tscn,res://addons/formula90s/scripts/f1_94_rust_vehicle.gd,1,{}
3550,39.83,6092.6,1,1.0,0.0,0.0,0.092,0.741,0.991,49.5,49.6,77.4,77.4,0.0043,0.1487,godot_parity_session,2026-08-15T00:00:00Z,60,PHY-010,res://scenes/tracks/test_field/la_chutana_generated.tscn,VehicleRigidBody,res://scenes/vehicles/f1_94/f1_94.tscn,res://addons/formula90s/scripts/f1_94_rust_vehicle.gd,1,{}
3566,40.01,6122.7,1,1.0,0.0,0.0,-0.091,0.744,0.991,49.6,49.5,77.4,77.4,0.0043,0.1491,godot_parity_session,2026-08-15T00:00:00Z,60,PHY-010,res://scenes/tracks/test_field/la_chutana_generated.tscn,VehicleRigidBody,res://scenes/vehicles/f1_94/f1_94.tscn,res://addons/formula90s/scripts/f1_94_rust_vehicle.gd,1,{}
3583,40.19,6153.1,1,1.0,0.0,0.0,0.091,0.747,0.990,49.5,49.6,77.4,77.5,0.0043,0.1496,godot_parity_session,2026-08-15T00:00:00Z,60,PHY-010,res://scenes/tracks/test_field/la_chutana_generated.tscn,VehicleRigidBody,res://scenes/vehicles/f1_94/f1_94.tscn,res://addons/formula90s/scripts/f1_94_rust_vehicle.gd,1,{}
3600,40.37,6183.9,1,1.0,0.0,0.0,-0.090,0.749,0.990,49.5,49.5,77.5,77.4,0.0043,0.1501,godot_parity_session,2026-08-15T00:00:00Z,60,PHY-010,res://scenes/tracks/test_field/la_chutana_generated.tscn,VehicleRigidBody,res://scenes/vehicles/f1_94/f1_94.tscn,res://addons/formula90s/scripts/f1_94_rust_vehicle.gd,1,{}
3616,40.56,6215.0,1,1.0,0.0,0.0,0.089,0.752,0.990,49.5,49.5,77.5,77.5,0.0043,0.1506,godot_parity_session,2026-08-15T00:00:00Z,60,PHY-010,res://scenes/tracks/test_field/la_chutana_generated.tscn,VehicleRigidBody,res://scenes/vehicles/f1_94/f1_94.tscn,res://addons/formula90s/scripts/f1_94_rust_vehicle.gd,1,{}
3633,40.74,6246.4,1,1.0,0.0,0.0,-0.088,0.756,0.990,49.5,49.4,77.6,77.5,0.0043,0.1511,godot_parity_session,2026-08-15T00:00:00Z,60,PHY-010,res://scenes/tracks/test_field/la_chutana_generated.tscn,VehicleRigidBody,res://scenes/vehicles/f1_94/f1_94.tscn,res://addons/formula90s/scripts/f1_94_rust_vehicle.gd,1,{}
3650,40.93,6278.2,1,1.0,0.0,0.0,0.086,0.759,0.990,49.4,49.5,77.5,77.6,0.0043,0.1517,godot_parity_session,2026-08-15T00:00:00Z,60,PHY-010,res://scenes/tracks/test_field/la_chutana_generated.tscn,VehicleRigidBody,res://scenes/vehicles/f1_94/f1_94.tscn,res://addons/formula90s/scripts/f1_94_rust_vehicle.gd,1,{}
3666,41.11,6310.3,1,1.0,0.0,0.0,-0.085,0.762,0.990,49.4,49.4,77.6,77.6,0.0042,0.1523,godot_parity_session,2026-08-15T00:00:00Z,60,PHY-010,res://scenes/tracks/test_field/la_chutana_generated.tscn,VehicleRigidBody,res://scenes/vehicles/f1_94/f1_94.tscn,res://addons/formula90s/scripts/f1_94_rust_vehicle.gd,1,{}
3683,41.30,6342.7,1,1.0,0.0,0.0,0.084,0.766,0.990,49.3,49.4,77.6,77.7,0.0042,0.1530,godot_parity_session,2026-08-15T00:00:00Z,60,PHY-010,res://scenes/tracks/test_field/la_chutana_generated.tscn,VehicleRigidBody,res://scenes/vehicles/f1_94/f1_94.tscn,res://addons/formula90s/scripts/f1_94_rust_vehicle.gd,1,{}
3700,41.49,6375.4,1,1.0,0.0,0.0,-0.083,0.769,0.990,49.4,49.3,77.7,77.7,0.0042,0.1536,godot_parity_session,2026-08-15T00:00:00Z,60,PHY-010,res://scenes/tracks/test_field/la_chutana_generated.tscn,VehicleRigidBody,res://scenes/vehicles/f1_94/f1_94.tscn,res://addons/formula90s/scripts/f1_94_rust_vehicle.gd,1,{}
3716,41.67,6408.5,1,1.0,0.0,0.0,0.082,0.773,0.990,49.3,49.3,77.7,77.7,0.0042,0.1543,godot_parity_session,2026-08-15T00:00:00Z,60,PHY-010,res://scenes/tracks/test_field/la_chutana_generated.tscn,VehicleRigidBody,res://scenes/vehicles/f1_94/f1_94.tscn,res://addons/formula90s/scripts/f1_94_rust_vehicle.gd,1,{}
3733,41.86,6441.9,1,1.0,0.0,0.0,-0.080,0.777,0.990,49.3,49.2,77.8,77.8,0.0042,0.1551,godot_parity_session,2026-08-15T00:00:00Z,60,PHY-010,res://scenes/tracks/test_field/la_chutana_generated.tscn,VehicleRigidBody,res://scenes/vehicles/f1_94/f1_94.tscn,res://addons/formula90s/scripts/f1_94_rust_vehicle.gd,1,{}
3750,42.05,6475.6,1,1.0,0.0,0.0,0.079,0.781,0.990,49.2,49.2,77.8,77.8,0.0042,0.1558,godot_parity_session,2026-08-15T00:00:00Z,60,PHY-010,res://scenes/tracks/test_field/la_chutana_generated.tscn,VehicleRigidBody,res://scenes/vehicles/f1_94/f1_94.tscn,res://addons/formula90s/scripts/f1_94_rust_vehicle.gd,1,{}
3766,42.24,6509.7,1,1.0,0.0,0.0,-0.078,0.784,0.990,49.2,49.1,77.9,77.9,0.0042,0.1566,godot_parity_session,2026-08-15T00:00:00Z,60,PHY-010,res://scenes/tracks/test_field/la_chutana_generated.tscn,VehicleRigidBody,res://scenes/vehicles/f1_94/f1_94.tscn,res://addons/formula90s/scripts/f1_94_rust_vehicle.gd,1,{}
3783,42.44,6544.1,1,1.0,0.0,0.0,0.076,0.789,0.990,49.1,49.1,77.9,77.9,0.0042,0.1574,godot_parity_session,2026-08-15T00:00:00Z,60,PHY-010,res://scenes/tracks/test_field/la_chutana_generated.tscn,VehicleRigidBody,res://scenes/vehicles/f1_94/f1_94.tscn,res://addons/formula90s/scripts/f1_94_rust_vehicle.gd,1,{}
3800,42.63,6578.8,1,1.0,0.0,0.0,-0.075,0.793,0.990,49.1,49.0,78.0,78.0,0.0041,0.1582,godot_parity_session,2026-08-15T00:00:00Z,60,PHY-010,res://scenes/tracks/test_field/la_chutana_generated.tscn,VehicleRigidBody,res://scenes/vehicles/f1_94/f1_94.tscn,res://addons/formula90s/scripts/f1_94_rust_vehicle.gd,1,{}
3816,42.82,6613.8,1,1.0,0.0,0.0,0.073,0.797,0.990,49.0,49.0,78.0,78.1,0.0041,0.1590,godot_parity_session,2026-08-15T00:00:00Z,60,PHY-010,res://scenes/tracks/test_field/la_chutana_generated.tscn,VehicleRigidBody,res://scenes/vehicles/f1_94/f1_94.tscn,res://addons/formula90s/scripts/f1_94_rust_vehicle.gd,1,{}
3833,43.02,6649.2,1,1.0,0.0,0.0,-0.072,0.801,0.990,49.0,48.9,78.1,78.1,0.0041,0.1599,godot_parity_session,2026-08-15T00:00:00Z,60,PHY-010,res://scenes/tracks/test_field/la_chutana_generated.tscn,VehicleRigidBody,res://scenes/vehicles/f1_94/f1_94.tscn,res://addons/formula90s/scripts/f1_94_rust_vehicle.gd,1,{}
3850,43.21,6684.9,1,1.0,0.0,0.0,0.070,0.806,0.990,48.9,48.9,78.1,78.2,0.0041,0.1607,godot_parity_session,2026-08-15T00:00:00Z,60,PHY-010,res://scenes/tracks/test_field/la_chutana_generated.tscn,VehicleRigidBody,res://scenes/vehicles/f1_94/f1_94.tscn,res://addons/formula90s/scripts/f1_94_rust_vehicle.gd,1,{}
3866,43.41,6720.9,1,1.0,0.0,0.0,-0.069,0.810,0.990,48.8,48.8,78.2,78.2,0.0041,0.1616,godot_parity_session,2026-08-15T00:00:00Z,60,PHY-010,res://scenes/tracks/test_field/la_chutana_generated.tscn,VehicleRigidBody,res://scenes/vehicles/f1_94/f1_94.tscn,res://addons/formula90s/scripts/f1_94_rust_vehicle.gd,1,{}
3883,43.61,6757.3,1,1.0,0.0,0.0,0.067,0.815,0.990,48.7,48.8,78.3,78.3,0.0041,0.1625,godot_parity_session,2026-08-15T00:00:00Z,60,PHY-010,res://scenes/tracks/test_field/la_chutana_generated.tscn,VehicleRigidBody,res://scenes/vehicles/f1_94/f1_94.tscn,res://addons/formula90s/scripts/f1_94_rust_vehicle.gd,1,{}
3900,43.81,6794.0,1,1.0,0.0,0.0,-0.066,0.819,0.989,48.7,48.7,78.4,78.3,0.0041,0.1635,godot_parity_session,2026-08-15T00:00:00Z,60,PHY-010,res://scenes/tracks/test_field/la_chutana_generated.tscn,VehicleRigidBody,res://scenes/vehicles/f1_94/f1_94.tscn,res://addons/formula90s/scripts/f1_94_rust_vehicle.gd,1,{}
3916,44.01,6831.0,1,1.0,0.0,0.0,0.064,0.824,0.989,48.6,48.6,78.4,78.4,0.0041,0.1644,godot_parity_session,2026-08-15T00:00:00Z,60,PHY-010,res://scenes/tracks/test_field/la_chutana_generated.tscn,VehicleRigidBody,res://scenes/vehicles/f1_94/f1_94.tscn,res://addons/formula90s/scripts/f1_94_rust_vehicle.gd,1,{}
3933,44.21,6868.4,1,1.0,0.0,0.0,-0.062,0.829,0.989,48.5,48.5,78.5,78.5,0.0041,0.1654,godot_parity_session,2026-08-15T00:00:00Z,60,PHY-010,res://scenes/tracks/test_field/la_chutana_generated.tscn,VehicleRigidBody,res://scenes/vehicles/f1_94/f1_94.tscn,res://addons/formula90s/scripts/f1_94_rust_vehicle.gd,1,{}
3950,44.42,6906.1,1,1.0,0.0,0.0,0.061,0.834,0.989,48.4,48.5,78.5,78.6,0.0041,0.1663,godot_parity_session,2026-08-15T00:00:00Z,60,PHY-010,res://scenes/tracks/test_field/la_chutana_generated.tscn,VehicleRigidBody,res://scenes/vehicles/f1_94/f1_94.tscn,res://addons/formula90s/scripts/f1_94_rust_vehicle.gd,1,{}
3966,44.62,6944.1,1,1.0,0.0,0.0,-0.059,0.839,0.989,48.4,48.3,78.6,78.6,0.0040,0.1673,godot_parity_session,2026-08-15T00:00:00Z,60,PHY-010,res://scenes/tracks/test_field/la_chutana_generated.tscn,VehicleRigidBody,res://scenes/vehicles/f1_94/f1_94.tscn,res://addons/formula90s/scripts/f1_94_rust_vehicle.gd,1,{}
3983,44.83,6982.5,1,1.0,0.0,0.0,0.057,0.844,0.989,48.3,48.3,78.7,78.7,0.0040,0.1683,godot_parity_session,2026-08-15T00:00:00Z,60,PHY-010,res://scenes/tracks/test_field/la_chutana_generated.tscn,VehicleRigidBody,res://scenes/vehicles/f1_94/f1_94.tscn,res://addons/formula90s/scripts/f1_94_rust_vehicle.gd,1,{}
4000,45.03,7021.3,1,1.0,0.0,0.0,-0.055,0.849,0.989,48.2,48.2,78.8,78.8,0.0040,0.1693,godot_parity_session,2026-08-15T00:00:00Z,60,PHY-010,res://scenes/tracks/test_field/la_chutana_generated.tscn,VehicleRigidBody,res://scenes/vehicles/f1_94/f1_94.tscn,res://addons/formula90s/scripts/f1_94_rust_vehicle.gd,1,{}
4016,45.24,7060.3,1,1.0,0.0,0.0,0.053,0.855,0.989,48.1,48.1,78.8,78.9,0.0040,0.1703,godot_parity_session,2026-08-15T00:00:00Z,60,PHY-010,res://scenes/tracks/test_field/la_chutana_generated.tscn,VehicleRigidBody,res://scenes/vehicles/f1_94/f1_94.tscn,res://addons/formula90s/scripts/f1_94_rust_vehicle.gd,1,{}
4033,45.45,7099.8,1,1.0,0.0,0.0,-0.051,0.860,0.988,48.0,48.0,79.0,78.9,0.0040,0.1714,godot_parity_session,2026-08-15T00:00:00Z,60,PHY-010,res://scenes/tracks/test_field/la_chutana_generated.tscn,VehicleRigidBody,res://scenes/vehicles/f1_94/f1_94.tscn,res://addons/formula90s/scripts/f1_94_rust_vehicle.gd,1,{}
4050,45.66,7139.5,1,1.0,0.0,0.0,0.050,0.865,0.988,47.9,47.9,79.0,79.0,0.0040,0.1724,godot_parity_session,2026-08-15T00:00:00Z,60,PHY-010,res://scenes/tracks/test_field/la_chutana_generated.tscn,VehicleRigidBody,res://scenes/vehicles/f1_94/f1_94.tscn,res://addons/formula90s/scripts/f1_94_rust_vehicle.gd,1,{}
4066,45.88,7179.6,1,1.0,0.0,0.0,-0.048,0.871,0.988,47.8,47.8,79.1,79.1,0.0040,0.1735,godot_parity_session,2026-08-15T00:00:00Z,60,PHY-010,res://scenes/tracks/test_field/la_chutana_generated.tscn,VehicleRigidBody,res://scenes/vehicles/f1_94/f1_94.tscn,res://addons/formula90s/scripts/f1_94_rust_vehicle.gd,1,{}
4083,46.09,7220.1,1,1.0,0.0,0.0,0.046,0.876,0.988,47.7,47.7,79.2,79.2,0.0040,0.1746,godot_parity_session,2026-08-15T00:00:00Z,60,PHY-010,res://scenes/tracks/test_field/la_chutana_generated.tscn,VehicleRigidBody,res://scenes/vehicles/f1_94/f1_94.tscn,res://addons/formula90s/scripts/f1_94_rust_vehicle.gd,1,{}
4100,46.31,7260.9,1,1.0,0.0,0.0,-0.044,0.882,0.988,47.6,47.6,79.3,79.3,0.0040,0.1756,godot_parity_session,2026-08-15T00:00:00Z,60,PHY-010,res://scenes/tracks/test_field/la_chutana_generated.tscn,VehicleRigidBody,res://scenes/vehicles/f1_94/f1_94.tscn,res://addons/formula90s/scripts/f1_94_rust_vehicle.gd,1,{}
4116,46.52,7302.1,1,1.0,0.0,0.0,0.041,0.888,0.988,47.5,47.5,79.4,79.4,0.0040,0.1767,godot_parity_session,2026-08-15T00:00:00Z,60,PHY-010,res://scenes/tracks/test_field/la_chutana_generated.tscn,VehicleRigidBody,res://scenes/vehicles/f1_94/f1_94.tscn,res://addons/formula90s/scripts/f1_94_rust_vehicle.gd,1,{}
4133,46.74,7343.6,1,1.0,0.0,0.0,-0.039,0.893,0.988,47.4,47.4,79.5,79.4,0.0040,0.1778,godot_parity_session,2026-08-15T00:00:00Z,60,PHY-010,res://scenes/tracks/test_field/la_chutana_generated.tscn,VehicleRigidBody,res://scenes/vehicles/f1_94/f1_94.tscn,res://addons/formula90s/scripts/f1_94_rust_vehicle.gd,1,{}
4150,46.96,7385.5,1,1.0,0.0,0.0,0.037,0.899,0.987,47.3,47.3,79.5,79.6,0.0040,0.1789,godot_parity_session,2026-08-15T00:00:00Z,60,PHY-010,res://scenes/tracks/test_field/la_chutana_generated.tscn,VehicleRigidBody,res://scenes/vehicles/f1_94/f1_94.tscn,res://addons/formula90s/scripts/f1_94_rust_vehicle.gd,1,{}
4166,47.18,7427.8,1,1.0,0.0,0.0,-0.035,0.905,0.987,47.2,47.2,79.7,79.6,0.0039,0.1800,godot_parity_session,2026-08-15T00:00:00Z,60,PHY-010,res://scenes/tracks/test_field/la_chutana_generated.tscn,VehicleRigidBody,res://scenes/vehicles/f1_94/f1_94.tscn,res://addons/formula90s/scripts/f1_94_rust_vehicle.gd,1,{}
4183,47.41,7470.4,1,1.0,0.0,0.0,0.033,0.911,0.987,47.1,47.1,79.7,79.8,0.0039,0.1812,godot_parity_session,2026-08-15T00:00:00Z,60,PHY-010,res://scenes/tracks/test_field/la_chutana_generated.tscn,VehicleRigidBody,res://scenes/vehicles/f1_94/f1_94.tscn,res://addons/formula90s/scripts/f1_94_rust_vehicle.gd,1,{}
4200,47.63,7513.3,1,1.0,0.0,0.0,-0.031,0.917,0.987,47.0,46.9,79.9,79.8,0.0039,0.1823,godot_parity_session,2026-08-15T00:00:00Z,60,PHY-010,res://scenes/tracks/test_field/la_chutana_generated.tscn,VehicleRigidBody,res://scenes/vehicles/f1_94/f1_94.tscn,res://addons/formula90s/scripts/f1_94_rust_vehicle.gd,1,{}
4216,47.86,7556.6,1,1.0,0.0,0.0,0.028,0.923,0.987,46.8,46.8,79.9,79.9,0.0039,0.1834,godot_parity_session,2026-08-15T00:00:00Z,60,PHY-010,res://scenes/tracks/test_field/la_chutana_generated.tscn,VehicleRigidBody,res://scenes/vehicles/f1_94/f1_94.tscn,res://addons/formula90s/scripts/f1_94_rust_vehicle.gd,1,{}
4233,48.09,7600.2,1,1.0,0.0,0.0,-0.026,0.930,0.987,46.7,46.7,80.1,80.0,0.0039,0.1845,godot_parity_session,2026-08-15T00:00:00Z,60,PHY-010,res://scenes/tracks/test_field/la_chutana_generated.tscn,VehicleRigidBody,res://scenes/vehicles/f1_94/f1_94.tscn,res://addons/formula90s/scripts/f1_94_rust_vehicle.gd,1,{}
4250,48.31,7644.0,1,1.0,0.0,0.0,0.024,0.936,0.986,46.6,46.6,80.1,80.2,0.0039,0.1856,godot_parity_session,2026-08-15T00:00:00Z,60,PHY-010,res://scenes/tracks/test_field/la_chutana_generated.tscn,VehicleRigidBody,res://scenes/vehicles/f1_94/f1_94.tscn,res://addons/formula90s/scripts/f1_94_rust_vehicle.gd,1,{}
4266,48.55,7688.1,1,1.0,0.0,0.0,-0.022,0.942,0.986,46.5,46.5,80.3,80.2,0.0039,0.1867,godot_parity_session,2026-08-15T00:00:00Z,60,PHY-010,res://scenes/tracks/test_field/la_chutana_generated.tscn,VehicleRigidBody,res://scenes/vehicles/f1_94/f1_94.tscn,res://addons/formula90s/scripts/f1_94_rust_vehicle.gd,1,{}
4283,48.78,7732.5,1,1.0,0.0,0.0,0.019,0.948,0.986,46.3,46.3,80.4,80.4,0.0039,0.1878,godot_parity_session,2026-08-15T00:00:00Z,60,PHY-010,res://scenes/tracks/test_field/la_chutana_generated.tscn,VehicleRigidBody,res://scenes/vehicles/f1_94/f1_94.tscn,res://addons/formula90s/scripts/f1_94_rust_vehicle.gd,1,{}
4300,49.01,7777.2,1,1.0,0.0,0.0,-0.017,0.955,0.986,46.2,46.2,80.5,80.5,0.0039,0.1889,godot_parity_session,2026-08-15T00:00:00Z,60,PHY-010,res://scenes/tracks/test_field/la_chutana_generated.tscn,VehicleRigidBody,res://scenes/vehicles/f1_94/f1_94.tscn,res://addons/formula90s/scripts/f1_94_rust_vehicle.gd,1,{}
4316,49.25,7822.2,1,1.0,0.0,0.0,0.015,0.961,0.986,46.1,46.1,80.6,80.6,0.0039,0.1900,godot_parity_session,2026-08-15T00:00:00Z,60,PHY-010,res://scenes/tracks/test_field/la_chutana_generated.tscn,VehicleRigidBody,res://scenes/vehicles/f1_94/f1_94.tscn,res://addons/formula90s/scripts/f1_94_rust_vehicle.gd,1,{}
4333,49.49,7867.5,1,1.0,0.0,0.0,-0.012,0.967,0.985,45.9,45.9,80.7,80.7,0.0039,0.1911,godot_parity_session,2026-08-15T00:00:00Z,60,PHY-010,res://scenes/tracks/test_field/la_chutana_generated.tscn,VehicleRigidBody,res://scenes/vehicles/f1_94/f1_94.tscn,res://addons/formula90s/scripts/f1_94_rust_vehicle.gd,1,{}
4350,49.73,7913.1,1,1.0,0.0,0.0,0.010,0.974,0.985,45.8,45.8,80.8,80.8,0.0039,0.1922,godot_parity_session,2026-08-15T00:00:00Z,60,PHY-010,res://scenes/tracks/test_field/la_chutana_generated.tscn,VehicleRigidBody,res://scenes/vehicles/f1_94/f1_94.tscn,res://addons/formula90s/scripts/f1_94_rust_vehicle.gd,1,{}
4366,49.97,7959.0,1,1.0,0.0,0.0,-0.007,0.980,0.985,45.7,45.7,80.9,80.9,0.0039,0.1932,godot_parity_session,2026-08-15T00:00:00Z,60,PHY-010,res://scenes/tracks/test_field/la_chutana_generated.tscn,VehicleRigidBody,res://scenes/vehicles/f1_94/f1_94.tscn,res://addons/formula90s/scripts/f1_94_rust_vehicle.gd,1,{}
4383,50.21,8005.2,1,1.0,0.0,0.0,0.005,0.987,0.985,45.5,45.5,81.0,81.0,0.0039,0.1943,godot_parity_session,2026-08-15T00:00:00Z,60,PHY-010,res://scenes/tracks/test_field/la_chutana_generated.tscn,VehicleRigidBody,res://scenes/vehicles/f1_94/f1_94.tscn,res://addons/formula90s/scripts/f1_94_rust_vehicle.gd,1,{}
4400,50.45,8051.6,1,1.0,0.0,0.0,-0.003,0.992,0.985,45.4,45.4,81.1,81.1,0.0038,0.1954,godot_parity_session,2026-08-15T00:00:00Z,60,PHY-010,res://scenes/tracks/test_field/la_chutana_generated.tscn,VehicleRigidBody,res://scenes/vehicles/f1_94/f1_94.tscn,res://addons/formula90s/scripts/f1_94_rust_vehicle.gd,1,{}
4416,50.70,8098.5,1,1.0,0.0,0.0,0.000,0.993,0.984,45.3,45.3,81.3,81.3,0.0038,0.1965,godot_parity_session,2026-08-15T00:00:00Z,60,PHY-010,res://scenes/tracks/test_field/la_chutana_generated.tscn,VehicleRigidBody,res://scenes/vehicles/f1_94/f1_94.tscn,res://addons/formula90s/scripts/f1_94_rust_vehicle.gd,1,{}
4433,50.94,8145.9,1,1.0,0.0,0.0,0.000,0.994,0.984,45.1,45.1,81.4,81.4,0.0038,0.1977,godot_parity_session,2026-08-15T00:00:00Z,60,PHY-010,res://scenes/tracks/test_field/la_chutana_generated.tscn,VehicleRigidBody,res://scenes/vehicles/f1_94/f1_94.tscn,res://addons/formula90s/scripts/f1_94_rust_vehicle.gd,1,{}
4450,51.19,8193.9,1,1.0,0.0,0.0,-0.001,0.995,0.984,45.0,45.0,81.5,81.5,0.0038,0.1989,godot_parity_session,2026-08-15T00:00:00Z,60,PHY-010,res://scenes/tracks/test_field/la_chutana_generated.tscn,VehicleRigidBody,res://scenes/vehicles/f1_94/f1_94.tscn,res://addons/formula90s/scripts/f1_94_rust_vehicle.gd,1,{}
4466,51.44,8242.5,1,1.0,0.0,0.0,0.001,0.996,0.984,44.9,44.9,81.6,81.6,0.0038,0.2002,godot_parity_session,2026-08-15T00:00:00Z,60,PHY-010,res://scenes/tracks/test_field/la_chutana_generated.tscn,VehicleRigidBody,res://scenes/vehicles/f1_94/f1_94.tscn,res://addons/formula90s/scripts/f1_94_rust_vehicle.gd,1,{}
4483,51.68,8291.7,1,1.0,0.0,0.0,-0.001,0.997,0.983,44.7,44.7,81.7,81.7,0.0038,0.2015,godot_parity_session,2026-08-15T00:00:00Z,60,PHY-010,res://scenes/tracks/test_field/la_chutana_generated.tscn,VehicleRigidBody,res://scenes/vehicles/f1_94/f1_94.tscn,res://addons/formula90s/scripts/f1_94_rust_vehicle.gd,1,{}
4500,51.93,8341.6,1,1.0,0.0,0.0,0.001,0.997,0.983,44.6,44.6,81.8,81.8,0.0037,0.2030,godot_parity_session,2026-08-15T00:00:00Z,60,PHY-010,res://scenes/tracks/test_field/la_chutana_generated.tscn,VehicleRigidBody,res://scenes/vehicles/f1_94/f1_94.tscn,res://addons/formula90s/scripts/f1_94_rust_vehicle.gd,1,{}
4516,52.17,8392.1,1,1.0,0.0,0.0,-0.001,0.997,0.983,44.5,44.5,81.9,81.9,0.0037,0.2045,godot_parity_session,2026-08-15T00:00:00Z,60,PHY-010,res://scenes/tracks/test_field/la_chutana_generated.tscn,VehicleRigidBody,res://scenes/vehicles/f1_94/f1_94.tscn,res://addons/formula90s/scripts/f1_94_rust_vehicle.gd,1,{}
4533,52.42,8443.2,1,1.0,0.0,0.0,0.001,0.998,0.983,44.4,44.4,82.0,82.0,0.0037,0.2061,godot_parity_session,2026-08-15T00:00:00Z,60,PHY-010,res://scenes/tracks/test_field/la_chutana_generated.tscn,VehicleRigidBody,res://scenes/vehicles/f1_94/f1_94.tscn,res://addons/formula90s/scripts/f1_94_rust_vehicle.gd,1,{}
4550,52.66,8495.0,1,1.0,0.0,0.0,-0.001,0.998,0.983,44.3,44.3,82.1,82.1,0.0037,0.2077,godot_parity_session,2026-08-15T00:00:00Z,60,PHY-010,res://scenes/tracks/test_field/la_chutana_generated.tscn,VehicleRigidBody,res://scenes/vehicles/f1_94/f1_94.tscn,res://addons/formula90s/scripts/f1_94_rust_vehicle.gd,1,{}
4566,52.91,8547.5,1,1.0,0.0,0.0,0.001,0.998,0.982,44.2,44.2,82.2,82.2,0.0037,0.2095,godot_parity_session,2026-08-15T00:00:00Z,60,PHY-010,res://scenes/tracks/test_field/la_chutana_generated.tscn,VehicleRigidBody,res://scenes/vehicles/f1_94/f1_94.tscn,res://addons/formula90s/scripts/f1_94_rust_vehicle.gd,1,{}
4583,53.15,8600.6,1,1.0,0.0,0.0,-0.001,0.998,0.982,44.1,44.1,82.3,82.3,0.0036,0.2113,godot_parity_session,2026-08-15T00:00:00Z,60,PHY-010,res://scenes/tracks/test_field/la_chutana_generated.tscn,VehicleRigidBody,res://scenes/vehicles/f1_94/f1_94.tscn,res://addons/formula90s/scripts/f1_94_rust_vehicle.gd,1,{}
4600,53.40,8654.5,1,1.0,0.0,0.0,0.001,0.998,0.982,44.0,44.0,82.4,82.4,0.0036,0.2133,godot_parity_session,2026-08-15T00:00:00Z,60,PHY-010,res://scenes/tracks/test_field/la_chutana_generated.tscn,VehicleRigidBody,res://scenes/vehicles/f1_94/f1_94.tscn,res://addons/formula90s/scripts/f1_94_rust_vehicle.gd,1,{}
4616,53.64,8709.0,1,1.0,0.0,0.0,-0.001,0.998,0.982,43.9,43.9,82.5,82.5,0.0036,0.2152,godot_parity_session,2026-08-15T00:00:00Z,60,PHY-010,res://scenes/tracks/test_field/la_chutana_generated.tscn,VehicleRigidBody,res://scenes/vehicles/f1_94/f1_94.tscn,res://addons/formula90s/scripts/f1_94_rust_vehicle.gd,1,{}
4633,53.89,8764.3,1,1.0,0.0,0.0,0.001,0.998,0.982,43.9,43.9,82.6,82.6,0.0036,0.2173,godot_parity_session,2026-08-15T00:00:00Z,60,PHY-010,res://scenes/tracks/test_field/la_chutana_generated.tscn,VehicleRigidBody,res://scenes/vehicles/f1_94/f1_94.tscn,res://addons/formula90s/scripts/f1_94_rust_vehicle.gd,1,{}
4650,54.13,8820.3,1,1.0,0.0,0.0,-0.001,0.998,0.982,43.8,43.8,82.6,82.6,0.0036,0.2194,godot_parity_session,2026-08-15T00:00:00Z,60,PHY-010,res://scenes/tracks/test_field/la_chutana_generated.tscn,VehicleRigidBody,res://scenes/vehicles/f1_94/f1_94.tscn,res://addons/formula90s/scripts/f1_94_rust_vehicle.gd,1,{}
4666,54.38,8877.0,1,1.0,0.0,0.0,0.001,0.999,0.982,43.7,43.7,82.7,82.7,0.0035,0.2217,godot_parity_session,2026-08-15T00:00:00Z,60,PHY-010,res://scenes/tracks/test_field/la_chutana_generated.tscn,VehicleRigidBody,res://scenes/vehicles/f1_94/f1_94.tscn,res://addons/formula90s/scripts/f1_94_rust_vehicle.gd,1,{}
4683,54.62,8934.5,1,1.0,0.0,0.0,-0.001,0.999,0.982,43.7,43.7,82.8,82.8,0.0035,0.2240,godot_parity_session,2026-08-15T00:00:00Z,60,PHY-010,res://scenes/tracks/test_field/la_chutana_generated.tscn,VehicleRigidBody,res://scenes/vehicles/f1_94/f1_94.tscn,res://addons/formula90s/scripts/f1_94_rust_vehicle.gd,1,{}
4700,54.86,8992.7,1,1.0,0.0,0.0,0.001,0.999,0.982,43.6,43.6,82.9,82.9,0.0035,0.2264,godot_parity_session,2026-08-15T00:00:00Z,60,PHY-010,res://scenes/tracks/test_field/la_chutana_generated.tscn,VehicleRigidBody,res://scenes/vehicles/f1_94/f1_94.tscn,res://addons/formula90s/scripts/f1_94_rust_vehicle.gd,1,{}
4716,55.11,9051.7,1,1.0,0.0,0.0,-0.001,0.999,0.982,43.6,43.6,82.9,82.9,0.0035,0.2288,godot_parity_session,2026-08-15T00:00:00Z,60,PHY-010,res://scenes/tracks/test_field/la_chutana_generated.tscn,VehicleRigidBody,res://scenes/vehicles/f1_94/f1_94.tscn,res://addons/formula90s/scripts/f1_94_rust_vehicle.gd,1,{}
4733,55.35,9111.4,1,1.0,0.0,0.0,0.001,0.999,0.982,43.6,43.6,83.0,83.0,0.0035,0.2314,godot_parity_session,2026-08-15T00:00:00Z,60,PHY-010,res://scenes/tracks/test_field/la_chutana_generated.tscn,VehicleRigidBody,res://scenes/vehicles/f1_94/f1_94.tscn,res://addons/formula90s/scripts/f1_94_rust_vehicle.gd,1,{}
4750,55.59,9171.9,1,1.0,0.0,0.0,-0.001,0.999,0.982,43.5,43.5,83.1,83.1,0.0034,0.2340,godot_parity_session,2026-08-15T00:00:00Z,60,PHY-010,res://scenes/tracks/test_field/la_chutana_generated.tscn,VehicleRigidBody,res://scenes/vehicles/f1_94/f1_94.tscn,res://addons/formula90s/scripts/f1_94_rust_vehicle.gd,1,{}
4766,55.84,9233.2,1,1.0,0.0,0.0,0.001,1.000,0.982,43.5,43.5,83.1,83.1,0.0034,0.2367,godot_parity_session,2026-08-15T00:00:00Z,60,PHY-010,res://scenes/tracks/test_field/la_chutana_generated.tscn,VehicleRigidBody,res://scenes/vehicles/f1_94/f1_94.tscn,res://addons/formula90s/scripts/f1_94_rust_vehicle.gd,1,{}
4783,56.08,9295.3,1,1.0,0.0,0.0,-0.001,1.000,0.982,43.5,43.5,83.2,83.2,0.0034,0.2395,godot_parity_session,2026-08-15T00:00:00Z,60,PHY-010,res://scenes/tracks/test_field/la_chutana_generated.tscn,VehicleRigidBody,res://scenes/vehicles/f1_94/f1_94.tscn,res://addons/formula90s/scripts/f1_94_rust_vehicle.gd,1,{}
4800,56.32,9358.2,1,1.0,0.0,0.0,0.001,1.000,0.982,43.5,43.5,83.2,83.2,0.0034,0.2424,godot_parity_session,2026-08-15T00:00:00Z,60,PHY-010,res://scenes/tracks/test_field/la_chutana_generated.tscn,VehicleRigidBody,res://scenes/vehicles/f1_94/f1_94.tscn,res://addons/formula90s/scripts/f1_94_rust_vehicle.gd,1,{}
4816,56.57,9421.9,1,1.0,0.0,0.0,-0.001,1.001,0.982,43.4,43.4,83.3,83.3,0.0034,0.2453,godot_parity_session,2026-08-15T00:00:00Z,60,PHY-010,res://scenes/tracks/test_field/la_chutana_generated.tscn,VehicleRigidBody,res://scenes/vehicles/f1_94/f1_94.tscn,res://addons/formula90s/scripts/f1_94_rust_vehicle.gd,1,{}
4833,56.81,9486.5,1,1.0,0.0,0.0,0.001,1.001,0.982,43.4,43.4,83.4,83.4,0.0034,0.2484,godot_parity_session,2026-08-15T00:00:00Z,60,PHY-010,res://scenes/tracks/test_field/la_chutana_generated.tscn,VehicleRigidBody,res://scenes/vehicles/f1_94/f1_94.tscn,res://addons/formula90s/scripts/f1_94_rust_vehicle.gd,1,{}
4850,57.05,9551.8,1,1.0,0.0,0.0,-0.000,1.001,0.982,43.4,43.4,83.4,83.4,0.0033,0.2515,godot_parity_session,2026-08-15T00:00:00Z,60,PHY-010,res://scenes/tracks/test_field/la_chutana_generated.tscn,VehicleRigidBody,res://scenes/vehicles/f1_94/f1_94.tscn,res://addons/formula90s/scripts/f1_94_rust_vehicle.gd,1,{}
4866,57.29,9618.1,1,1.0,0.0,0.0,0.000,1.001,0.982,43.4,43.4,83.5,83.5,0.0033,0.2547,godot_parity_session,2026-08-15T00:00:00Z,60,PHY-010,res://scenes/tracks/test_field/la_chutana_generated.tscn,VehicleRigidBody,res://scenes/vehicles/f1_94/f1_94.tscn,res://addons/formula90s/scripts/f1_94_rust_vehicle.gd,1,{}
4883,57.53,9685.1,1,1.0,0.0,0.0,-0.000,1.002,0.982,43.4,43.4,83.5,83.5,0.0033,0.2580,godot_parity_session,2026-08-15T00:00:00Z,60,PHY-010,res://scenes/tracks/test_field/la_chutana_generated.tscn,VehicleRigidBody,res://scenes/vehicles/f1_94/f1_94.tscn,res://addons/formula90s/scripts/f1_94_rust_vehicle.gd,1,{}
4900,57.78,9753.1,1,1.0,0.0,0.0,0.000,1.002,0.982,43.4,43.4,83.6,83.6,0.0033,0.2614,godot_parity_session,2026-08-15T00:00:00Z,60,PHY-010,res://scenes/tracks/test_field/la_chutana_generated.tscn,VehicleRigidBody,res://scenes/vehicles/f1_94/f1_94.tscn,res://addons/formula90s/scripts/f1_94_rust_vehicle.gd,1,{}
4916,58.02,9821.9,1,1.0,0.0,0.0,-0.000,1.002,0.982,43.4,43.4,83.6,83.6,0.0033,0.2648,godot_parity_session,2026-08-15T00:00:00Z,60,PHY-010,res://scenes/tracks/test_field/la_chutana_generated.tscn,VehicleRigidBody,res://scenes/vehicles/f1_94/f1_94.tscn,res://addons/formula90s/scripts/f1_94_rust_vehicle.gd,1,{}
4933,58.26,9891.6,1,1.0,0.0,0.0,0.000,1.003,0.982,43.4,43.4,83.7,83.7,0.0033,0.2683,godot_parity_session,2026-08-15T00:00:00Z,60,PHY-010,res://scenes/tracks/test_field/la_chutana_generated.tscn,VehicleRigidBody,res://scenes/vehicles/f1_94/f1_94.tscn,res://addons/formula90s/scripts/f1_94_rust_vehicle.gd,1,{}
4950,58.50,9962.2,1,1.0,0.0,0.0,-0.000,1.003,0.982,43.4,43.4,83.8,83.8,0.0032,0.2719,godot_parity_session,2026-08-15T00:00:00Z,60,PHY-010,res://scenes/tracks/test_field/la_chutana_generated.tscn,VehicleRigidBody,res://scenes/vehicles/f1_94/f1_94.tscn,res://addons/formula90s/scripts/f1_94_rust_vehicle.gd,1,{}
4966,58.74,10033.8,1,1.0,0.0,0.0,0.000,1.004,0.982,43.4,43.4,83.8,83.8,0.0032,0.2757,godot_parity_session,2026-08-15T00:00:00Z,60,PHY-010,res://scenes/tracks/test_field/la_chutana_generated.tscn,VehicleRigidBody,res://scenes/vehicles/f1_94/f1_94.tscn,res://addons/formula90s/scripts/f1_94_rust_vehicle.gd,1,{}
4983,58.99,10106.2,1,1.0,0.0,0.0,-0.000,1.004,0.982,43.4,43.4,83.9,83.9,0.0032,0.2794,godot_parity_session,2026-08-15T00:00:00Z,60,PHY-010,res://scenes/tracks/test_field/la_chutana_generated.tscn,VehicleRigidBody,res://scenes/vehicles/f1_94/f1_94.tscn,res://addons/formula90s/scripts/f1_94_rust_vehicle.gd,1,{}
5000,59.23,10179.6,1,1.0,0.0,0.0,0.000,1.004,0.982,43.4,43.4,83.9,83.9,0.0032,0.2833,godot_parity_session,2026-08-15T00:00:00Z,60,PHY-010,res://scenes/tracks/test_field/la_chutana_generated.tscn,VehicleRigidBody,res://scenes/vehicles/f1_94/f1_94.tscn,res://addons/formula90s/scripts/f1_94_rust_vehicle.gd,1,{}
5016,59.47,10253.9,1,1.0,0.0,0.0,-0.000,1.005,0.982,43.4,43.4,84.0,84.0,0.0032,0.2872,godot_parity_session,2026-08-15T00:00:00Z,60,PHY-010,res://scenes/tracks/test_field/la_chutana_generated.tscn,VehicleRigidBody,res://scenes/vehicles/f1_94/f1_94.tscn,res://addons/formula90s/scripts/f1_94_rust_vehicle.gd,1,{}
5033,59.71,10329.2,1,1.0,0.0,0.0,0.000,1.005,0.982,43.5,43.5,84.0,84.0,0.0032,0.2913,godot_parity_session,2026-08-15T00:00:00Z,60,PHY-010,res://scenes/tracks/test_field/la_chutana_generated.tscn,VehicleRigidBody,res://scenes/vehicles/f1_94/f1_94.tscn,res://addons/formula90s/scripts/f1_94_rust_vehicle.gd,1,{}
5050,59.95,10405.5,1,1.0,0.0,0.0,-0.000,1.006,0.982,43.5,43.5,84.1,84.1,0.0032,0.2954,godot_parity_session,2026-08-15T00:00:00Z,60,PHY-010,res://scenes/tracks/test_field/la_chutana_generated.tscn,VehicleRigidBody,res://scenes/vehicles/f1_94/f1_94.tscn,res://addons/formula90s/scripts/f1_94_rust_vehicle.gd,1,{}
5066,60.19,10482.7,1,1.0,0.0,0.0,0.000,1.006,0.982,43.5,43.5,84.1,84.1,0.0031,0.2996,godot_parity_session,2026-08-15T00:00:00Z,60,PHY-010,res://scenes/tracks/test_field/la_chutana_generated.tscn,VehicleRigidBody,res://scenes/vehicles/f1_94/f1_94.tscn,res://addons/formula90s/scripts/f1_94_rust_vehicle.gd,1,{}
5083,60.43,10561.0,1,1.0,0.0,0.0,-0.000,1.006,0.982,43.5,43.5,84.2,84.2,0.0031,0.3039,godot_parity_session,2026-08-15T00:00:00Z,60,PHY-010,res://scenes/tracks/test_field/la_chutana_generated.tscn,VehicleRigidBody,res://scenes/vehicles/f1_94/f1_94.tscn,res://addons/formula90s/scripts/f1_94_rust_vehicle.gd,1,{}
5100,60.67,10640.1,1,1.0,0.0,0.0,0.000,1.007,0.982,43.5,43.5,84.2,84.2,0.0031,0.3083,godot_parity_session,2026-08-15T00:00:00Z,60,PHY-010,res://scenes/tracks/test_field/la_chutana_generated.tscn,VehicleRigidBody,res://scenes/vehicles/f1_94/f1_94.tscn,res://addons/formula90s/scripts/f1_94_rust_vehicle.gd,1,{}
5116,60.91,10719.7,1,1.0,0.0,0.0,-0.000,1.007,0.982,43.5,43.5,84.3,84.3,0.0031,0.3126,godot_parity_session,2026-08-15T00:00:00Z,60,PHY-010,res://scenes/tracks/test_field/la_chutana_generated.tscn,VehicleRigidBody,res://scenes/vehicles/f1_94/f1_94.tscn,res://addons/formula90s/scripts/f1_94_rust_vehicle.gd,1,{}
5133,61.16,10799.9,1,1.0,0.0,0.0,0.000,1.008,0.982,43.5,43.5,84.3,84.3,0.0031,0.3170,godot_parity_session,2026-08-15T00:00:00Z,60,PHY-010,res://scenes/tracks/test_field/la_chutana_generated.tscn,VehicleRigidBody,res://scenes/vehicles/f1_94/f1_94.tscn,res://addons/formula90s/scripts/f1_94_rust_vehicle.gd,1,{}
5150,61.40,10880.5,1,1.0,0.0,0.0,-0.000,1.008,0.982,43.6,43.6,84.4,84.4,0.0031,0.3214,godot_parity_session,2026-08-15T00:00:00Z,60,PHY-010,res://scenes/tracks/test_field/la_chutana_generated.tscn,VehicleRigidBody,res://scenes/vehicles/f1_94/f1_94.tscn,res://addons/formula90s/scripts/f1_94_rust_vehicle.gd,1,{}
5166,61.64,10961.6,1,1.0,0.0,0.0,0.000,1.009,0.982,43.6,43.6,84.4,84.4,0.0031,0.3258,godot_parity_session,2026-08-15T00:00:00Z,60,PHY-010,res://scenes/tracks/test_field/la_chutana_generated.tscn,VehicleRigidBody,res://scenes/vehicles/f1_94/f1_94.tscn,res://addons/formula90s/scripts/f1_94_rust_vehicle.gd,1,{}
5183,61.88,11043.1,1,1.0,0.0,0.0,-0.000,1.009,0.982,43.6,43.6,84.5,84.5,0.0030,0.3302,godot_parity_session,2026-08-15T00:00:00Z,60,PHY-010,res://scenes/tracks/test_field/la_chutana_generated.tscn,VehicleRigidBody,res://scenes/vehicles/f1_94/f1_94.tscn,res://addons/formula90s/scripts/f1_94_rust_vehicle.gd,1,{}
5200,62.12,11125.2,1,1.0,0.0,0.0,0.000,1.010,0.982,43.6,43.6,84.5,84.5,0.0030,0.3347,godot_parity_session,2026-08-15T00:00:00Z,60,PHY-010,res://scenes/tracks/test_field/la_chutana_generated.tscn,VehicleRigidBody,res://scenes/vehicles/f1_94/f1_94.tscn,res://addons/formula90s/scripts/f1_94_rust_vehicle.gd,1,{}
5216,62.36,11207.7,1,1.0,0.0,0.0,-0.000,1.010,0.982,43.6,43.6,84.6,84.6,0.0030,0.3392,godot_parity_session,2026-08-15T00:00:00Z,60,PHY-010,res://scenes/tracks/test_field/la_chutana_generated.tscn,VehicleRigidBody,res://scenes/vehicles/f1_94/f1_94.tscn,res://addons/formula90s/scripts/f1_94_rust_vehicle.gd,1,{}
5233,62.60,11290.8,1,1.0,0.0,0.0,0.000,1.011,0.982,43.7,43.7,84.7,84.7,0.0030,0.3437,godot_parity_session,2026-08-15T00:00:00Z,60,PHY-010,res://scenes/tracks/test_field/la_chutana_generated.tscn,VehicleRigidBody,res://scenes/vehicles/f1_94/f1_94.tscn,res://addons/formula90s/scripts/f1_94_rust_vehicle.gd,1,{}
5250,62.84,11374.3,1,1.0,0.0,0.0,-0.000,1.011,0.982,43.7,43.7,84.7,84.7,0.0030,0.3482,godot_parity_session,2026-08-15T00:00:00Z,60,PHY-010,res://scenes/tracks/test_field/la_chutana_generated.tscn,VehicleRigidBody,res://scenes/vehicles/f1_94/f1_94.tscn,res://addons/formula90s/scripts/f1_94_rust_vehicle.gd,1,{}
5266,63.08,11458.3,1,1.0,0.0,0.0,0.000,1.012,0.982,43.7,43.7,84.8,84.8,0.0030,0.3528,godot_parity_session,2026-08-15T00:00:00Z,60,PHY-010,res://scenes/tracks/test_field/la_chutana_generated.tscn,VehicleRigidBody,res://scenes/vehicles/f1_94/f1_94.tscn,res://addons/formula90s/scripts/f1_94_rust_vehicle.gd,1,{}
5283,63.32,11542.8,1,1.0,0.0,0.0,-0.000,1.012,0.982,43.7,43.7,84.8,84.8,0.0030,0.3574,godot_parity_session,2026-08-15T00:00:00Z,60,PHY-010,res://scenes/tracks/test_field/la_chutana_generated.tscn,VehicleRigidBody,res://scenes/vehicles/f1_94/f1_94.tscn,res://addons/formula90s/scripts/f1_94_rust_vehicle.gd,1,{}
5300,63.56,11627.8,1,1.0,0.0,0.0,0.000,1.013,0.982,43.8,43.8,84.9,84.9,0.0030,0.3620,godot_parity_session,2026-08-15T00:00:00Z,60,PHY-010,res://scenes/tracks/test_field/la_chutana_generated.tscn,VehicleRigidBody,res://scenes/vehicles/f1_94/f1_94.tscn,res://addons/formula90s/scripts/f1_94_rust_vehicle.gd,1,{}
5316,63.80,11713.3,1,1.0,0.0,0.0,-0.000,1.013,0.982,43.8,43.8,84.9,84.9,0.0029,0.3666,godot_parity_session,2026-08-15T00:00:00Z,60,PHY-010,res://scenes/tracks/test_field/la_chutana_generated.tscn,VehicleRigidBody,res://scenes/vehicles/f1_94/f1_94.tscn,res://addons/formula90s/scripts/f1_94_rust_vehicle.gd,1,{}
5333,64.04,11799.4,1,1.0,0.0,0.0,0.000,1.014,0.982,43.8,43.8,85.0,85.0,0.0029,0.3713,godot_parity_session,2026-08-15T00:00:00Z,60,PHY-010,res://scenes/tracks/test_field/la_chutana_generated.tscn,VehicleRigidBody,res://scenes/vehicles/f1_94/f1_94.tscn,res://addons/formula90s/scripts/f1_94_rust_vehicle.gd,1,{}
5350,64.28,11885.9,1,1.0,0.0,0.0,-0.000,1.014,0.982,43.8,43.8,85.0,85.0,0.0029,0.3760,godot_parity_session,2026-08-15T00:00:00Z,60,PHY-010,res://scenes/tracks/test_field/la_chutana_generated.tscn,VehicleRigidBody,res://scenes/vehicles/f1_94/f1_94.tscn,res://addons/formula90s/scripts/f1_94_rust_vehicle.gd,1,{}
5366,64.52,11972.9,1,1.0,0.0,0.0,0.000,1.015,0.982,43.9,43.9,85.1,85.1,0.0029,0.3807,godot_parity_session,2026-08-15T00:00:00Z,60,PHY-010,res://scenes/tracks/test_field/la_chutana_generated.tscn,VehicleRigidBody,res://scenes/vehicles/f1_94/f1_94.tscn,res://addons/formula90s/scripts/f1_94_rust_vehicle.gd,1,{}
5383,64.76,12060.5,1,1.0,0.0,0.0,-0.000,1.015,0.982,43.9,43.9,85.1,85.1,0.0029,0.3854,godot_parity_session,2026-08-15T00:00:00Z,60,PHY-010,res://scenes/tracks/test_field/la_chutana_generated.tscn,VehicleRigidBody,res://scenes/vehicles/f1_94/f1_94.tscn,res://addons/formula90s/scripts/f1_94_rust_vehicle.gd,1,{}
5400,65.00,12148.6,1,1.0,0.0,0.0,0.000,1.016,0.982,43.9,43.9,85.2,85.2,0.0029,0.3902,godot_parity_session,2026-08-15T00:00:00Z,60,PHY-010,res://scenes/tracks/test_field/la_chutana_generated.tscn,VehicleRigidBody,res://scenes/vehicles/f1_94/f1_94.tscn,res://addons/formula90s/scripts/f1_94_rust_vehicle.gd,1,{}
5416,65.24,12237.2,1,1.0,0.0,0.0,-0.000,1.016,0.982,43.9,43.9,85.3,85.3,0.0029,0.3949,godot_parity_session,2026-08-15T00:00:00Z,60,PHY-010,res://scenes/tracks/test_field/la_chutana_generated.tscn,VehicleRigidBody,res://scenes/vehicles/f1_94/f1_94.tscn,res://addons/formula90s/scripts/f1_94_rust_vehicle.gd,1,{}
5433,65.48,12326.3,1,1.0,0.0,0.0,0.000,1.017,0.982,44.0,44.0,85.3,85.3,0.0029,0.3998,godot_parity_session,2026-08-15T00:00:00Z,60,PHY-010,res://scenes/tracks/test_field/la_chutana_generated.tscn,VehicleRigidBody,res://scenes/vehicles/f1_94/f1_94.tscn,res://addons/formula90s/scripts/f1_94_rust_vehicle.gd,1,{}
5450,65.72,12415.9,1,1.0,0.0,0.0,-0.000,1.017,0.982,44.0,44.0,85.4,85.4,0.0028,0.4046,godot_parity_session,2026-08-15T00:00:00Z,60,PHY-010,res://scenes/tracks/test_field/la_chutana_generated.tscn,VehicleRigidBody,res://scenes/vehicles/f1_94/f1_94.tscn,res://addons/formula90s/scripts/f1_94_rust_vehicle.gd,1,{}
5466,65.96,12506.1,1,1.0,0.0,0.0,0.000,1.018,0.982,44.0,44.0,85.4,85.4,0.0028,0.4094,godot_parity_session,2026-08-15T00:00:00Z,60,PHY-010,res://scenes/tracks/test_field/la_chutana_generated.tscn,VehicleRigidBody,res://scenes/vehicles/f1_94/f1_94.tscn,res://addons/formula90s/scripts/f1_94_rust_vehicle.gd,1,{}
5483,66.20,12596.8,1,1.0,0.0,0.0,-0.000,1.018,0.982,44.1,44.1,85.5,85.5,0.0028,0.4143,godot_parity_session,2026-08-15T00:00:00Z,60,PHY-010,res://scenes/tracks/test_field/la_chutana_generated.tscn,VehicleRigidBody,res://scenes/vehicles/f1_94/f1_94.tscn,res://addons/formula90s/scripts/f1_94_rust_vehicle.gd,1,{}
5500,66.44,12688.0,1,1.0,0.0,0.0,0.000,1.019,0.982,44.1,44.1,85.6,85.6,0.0028,0.4192,godot_parity_session,2026-08-15T00:00:00Z,60,PHY-010,res://scenes/tracks/test_field/la_chutana_generated.tscn,VehicleRigidBody,res://scenes/vehicles/f1_94/f1_94.tscn,res://addons/formula90s/scripts/f1_94_rust_vehicle.gd,1,{}
5516,66.68,12779.8,1,1.0,0.0,0.0,-0.000,1.020,0.982,44.1,44.1,85.6,85.6,0.0028,0.4241,godot_parity_session,2026-08-15T00:00:00Z,60,PHY-010,res://scenes/tracks/test_field/la_chutana_generated.tscn,VehicleRigidBody,res://scenes/vehicles/f1_94/f1_94.tscn,res://addons/formula90s/scripts/f1_94_rust_vehicle.gd,1,{}
5533,66.92,12872.1,1,1.0,0.0,0.0,0.000,1.020,0.982,44.1,44.1,85.7,85.7,0.0028,0.4291,godot_parity_session,2026-08-15T00:00:00Z,60,PHY-010,res://scenes/tracks/test_field/la_chutana_generated.tscn,VehicleRigidBody,res://scenes/vehicles/f1_94/f1_94.tscn,res://addons/formula90s/scripts/f1_94_rust_vehicle.gd,1,{}
5550,67.16,12965.0,1,1.0,0.0,0.0,-0.000,1.021,0.982,44.2,44.2,85.7,85.7,0.0028,0.4340,godot_parity_session,2026-08-15T00:00:00Z,60,PHY-010,res://scenes/tracks/test_field/la_chutana_generated.tscn,VehicleRigidBody,res://scenes/vehicles/f1_94/f1_94.tscn,res://addons/formula90s/scripts/f1_94_rust_vehicle.gd,1,{}
5566,67.40,13058.4,1,1.0,0.0,0.0,0.000,1.021,0.982,44.2,44.2,85.8,85.8,0.0028,0.4391,godot_parity_session,2026-08-15T00:00:00Z,60,PHY-010,res://scenes/tracks/test_field/la_chutana_generated.tscn,VehicleRigidBody,res://scenes/vehicles/f1_94/f1_94.tscn,res://addons/formula90s/scripts/f1_94_rust_vehicle.gd,1,{}
5583,67.64,13152.4,1,1.0,0.0,0.0,-0.000,1.022,0.982,44.2,44.2,85.9,85.9,0.0028,0.4441,godot_parity_session,2026-08-15T00:00:00Z,60,PHY-010,res://scenes/tracks/test_field/la_chutana_generated.tscn,VehicleRigidBody,res://scenes/vehicles/f1_94/f1_94.tscn,res://addons/formula90s/scripts/f1_94_rust_vehicle.gd,1,{}
5600,67.88,13246.9,1,1.0,0.0,0.0,0.000,1.023,0.982,44.3,44.3,85.9,85.9,0.0027,0.4491,godot_parity_session,2026-08-15T00:00:00Z,60,PHY-010,res://scenes/tracks/test_field/la_chutana_generated.tscn,VehicleRigidBody,res://scenes/vehicles/f1_94/f1_94.tscn,res://addons/formula90s/scripts/f1_94_rust_vehicle.gd,1,{}
5616,68.12,13342.0,1,1.0,0.0,0.0,-0.000,1.023,0.982,44.3,44.3,86.0,86.0,0.0027,0.4542,godot_parity_session,2026-08-15T00:00:00Z,60,PHY-010,res://scenes/tracks/test_field/la_chutana_generated.tscn,VehicleRigidBody,res://scenes/vehicles/f1_94/f1_94.tscn,res://addons/formula90s/scripts/f1_94_rust_vehicle.gd,1,{}
5633,68.35,13437.6,1,1.0,0.0,0.0,0.000,1.024,0.982,44.3,44.3,86.0,86.0,0.0027,0.4593,godot_parity_session,2026-08-15T00:00:00Z,60,PHY-010,res://scenes/tracks/test_field/la_chutana_generated.tscn,VehicleRigidBody,res://scenes/vehicles/f1_94/f1_94.tscn,res://addons/formula90s/scripts/f1_94_rust_vehicle.gd,1,{}
5650,68.59,13533.8,1,1.0,0.0,0.0,-0.000,1.024,0.982,44.4,44.4,86.1,86.1,0.0027,0.4644,godot_parity_session,2026-08-15T00:00:00Z,60,PHY-010,res://scenes/tracks/test_field/la_chutana_generated.tscn,VehicleRigidBody,res://scenes/vehicles/f1_94/f1_94.tscn,res://addons/formula90s/scripts/f1_94_rust_vehicle.gd,1,{}
5666,68.83,13630.0,1,1.0,0.0,0.0,0.000,1.025,0.982,44.4,44.4,86.2,86.2,0.0027,0.4695,godot_parity_session,2026-08-15T00:00:00Z,60,PHY-010,res://scenes/tracks/test_field/la_chutana_generated.tscn,VehicleRigidBody,res://scenes/vehicles/f1_94/f1_94.tscn,res://addons/formula90s/scripts/f1_94_rust_vehicle.gd,1,{}
5683,69.07,13726.4,1,1.0,0.0,0.0,-0.000,1.026,0.982,44.4,44.4,86.2,86.2,0.0027,0.4745,godot_parity_session,2026-08-15T00:00:00Z,60,PHY-010,res://scenes/tracks/test_field/la_chutana_generated.tscn,VehicleRigidBody,res://scenes/vehicles/f1_94/f1_94.tscn,res://addons/formula90s/scripts/f1_94_rust_vehicle.gd,1,{}
5700,69.31,13822.9,1,1.0,0.0,0.0,0.000,1.026,0.982,44.5,44.5,86.3,86.3,0.0027,0.4795,godot_parity_session,2026-08-15T00:00:00Z,60,PHY-010,res://scenes/tracks/test_field/la_chutana_generated.tscn,VehicleRigidBody,res://scenes/vehicles/f1_94/f1_94.tscn,res://addons/formula90s/scripts/f1_94_rust_vehicle.gd,1,{}
5716,69.55,13919.4,1,1.0,0.0,0.0,-0.000,1.027,0.982,44.5,44.5,86.4,86.4,0.0027,0.4845,godot_parity_session,2026-08-15T00:00:00Z,60,PHY-010,res://scenes/tracks/test_field/la_chutana_generated.tscn,VehicleRigidBody,res://scenes/vehicles/f1_94/f1_94.tscn,res://addons/formula90s/scripts/f1_94_rust_vehicle.gd,1,{}
5733,69.79,14016.0,1,1.0,0.0,0.0,0.000,1.027,0.982,44.5,44.5,86.4,86.4,0.0027,0.4894,godot_parity_session,2026-08-15T00:00:00Z,60,PHY-010,res://scenes/tracks/test_field/la_chutana_generated.tscn,VehicleRigidBody,res://scenes/vehicles/f1_94/f1_94.tscn,res://addons/formula90s/scripts/f1_94_rust_vehicle.gd,1,{}
5750,70.03,14112.7,1,1.0,0.0,0.0,-0.000,1.028,0.982,44.6,44.6,86.5,86.5,0.0026,0.4944,godot_parity_session,2026-08-15T00:00:00Z,60,PHY-010,res://scenes/tracks/test_field/la_chutana_generated.tscn,VehicleRigidBody,res://scenes/vehicles/f1_94/f1_94.tscn,res://addons/formula90s/scripts/f1_94_rust_vehicle.gd,1,{}
5766,70.27,14209.4,1,1.0,0.0,0.0,0.000,1.029,0.982,44.6,44.6,86.5,86.5,0.0026,0.4993,godot_parity_session,2026-08-15T00:00:00Z,60,PHY-010,res://scenes/tracks/test_field/la_chutana_generated.tscn,VehicleRigidBody,res://scenes/vehicles/f1_94/f1_94.tscn,res://addons/formula90s/scripts/f1_94_rust_vehicle.gd,1,{}
5783,70.51,14306.2,1,1.0,0.0,0.0,-0.000,1.029,0.982,44.7,44.7,86.6,86.6,0.0026,0.5042,godot_parity_session,2026-08-15T00:00:00Z,60,PHY-010,res://scenes/tracks/test_field/la_chutana_generated.tscn,VehicleRigidBody,res://scenes/vehicles/f1_94/f1_94.tscn,res://addons/formula90s/scripts/f1_94_rust_vehicle.gd,1,{}
5800,70.75,14403.1,1,1.0,0.0,0.0,0.000,1.030,0.982,44.7,44.7,86.7,86.7,0.0026,0.5090,godot_parity_session,2026-08-15T00:00:00Z,60,PHY-010,res://scenes/tracks/test_field/la_chutana_generated.tscn,VehicleRigidBody,res://scenes/vehicles/f1_94/f1_94.tscn,res://addons/formula90s/scripts/f1_94_rust_vehicle.gd,1,{}
5816,70.99,14500.1,1,1.0,0.0,0.0,-0.000,1.031,0.981,44.7,44.7,86.7,86.7,0.0026,0.5139,godot_parity_session,2026-08-15T00:00:00Z,60,PHY-010,res://scenes/tracks/test_field/la_chutana_generated.tscn,VehicleRigidBody,res://scenes/vehicles/f1_94/f1_94.tscn,res://addons/formula90s/scripts/f1_94_rust_vehicle.gd,1,{}
5833,71.23,14597.1,1,1.0,0.0,0.0,0.000,1.031,0.981,44.8,44.8,86.8,86.8,0.0026,0.5187,godot_parity_session,2026-08-15T00:00:00Z,60,PHY-010,res://scenes/tracks/test_field/la_chutana_generated.tscn,VehicleRigidBody,res://scenes/vehicles/f1_94/f1_94.tscn,res://addons/formula90s/scripts/f1_94_rust_vehicle.gd,1,{}
5850,71.47,14694.2,1,1.0,0.0,0.0,-0.000,1.032,0.981,44.8,44.8,86.9,86.9,0.0026,0.5235,godot_parity_session,2026-08-15T00:00:00Z,60,PHY-010,res://scenes/tracks/test_field/la_chutana_generated.tscn,VehicleRigidBody,res://scenes/vehicles/f1_94/f1_94.tscn,res://addons/formula90s/scripts/f1_94_rust_vehicle.gd,1,{}
5866,71.70,14791.3,1,1.0,0.0,0.0,0.000,1.033,0.981,44.8,44.8,87.0,87.0,0.0026,0.5282,godot_parity_session,2026-08-15T00:00:00Z,60,PHY-010,res://scenes/tracks/test_field/la_chutana_generated.tscn,VehicleRigidBody,res://scenes/vehicles/f1_94/f1_94.tscn,res://addons/formula90s/scripts/f1_94_rust_vehicle.gd,1,{}
5883,71.94,14888.6,1,1.0,0.0,0.0,-0.000,1.033,0.981,44.9,44.9,87.0,87.0,0.0026,0.5330,godot_parity_session,2026-08-15T00:00:00Z,60,PHY-010,res://scenes/tracks/test_field/la_chutana_generated.tscn,VehicleRigidBody,res://scenes/vehicles/f1_94/f1_94.tscn,res://addons/formula90s/scripts/f1_94_rust_vehicle.gd,1,{}
5900,72.18,14985.8,1,1.0,0.0,0.0,0.000,1.034,0.981,44.9,44.9,87.1,87.1,0.0026,0.5377,godot_parity_session,2026-08-15T00:00:00Z,60,PHY-010,res://scenes/tracks/test_field/la_chutana_generated.tscn,VehicleRigidBody,res://scenes/vehicles/f1_94/f1_94.tscn,res://addons/formula90s/scripts/f1_94_rust_vehicle.gd,1,{}
5916,72.42,15083.0,1,1.0,0.0,0.0,-0.000,1.035,0.981,45.0,45.0,87.2,87.2,0.0025,0.5423,godot_parity_session,2026-08-15T00:00:00Z,60,PHY-010,res://scenes/tracks/test_field/la_chutana_generated.tscn,VehicleRigidBody,res://scenes/vehicles/f1_94/f1_94.tscn,res://addons/formula90s/scripts/f1_94_rust_vehicle.gd,1,{}
5933,72.66,15179.7,1,1.0,0.0,0.0,0.000,1.035,0.981,45.0,45.0,87.2,87.2,0.0025,0.5469,godot_parity_session,2026-08-15T00:00:00Z,60,PHY-010,res://scenes/tracks/test_field/la_chutana_generated.tscn,VehicleRigidBody,res://scenes/vehicles/f1_94/f1_94.tscn,res://addons/formula90s/scripts/f1_94_rust_vehicle.gd,1,{}
5950,72.90,15275.6,1,1.0,0.0,0.0,-0.000,1.036,0.981,45.0,45.0,87.3,87.3,0.0025,0.5513,godot_parity_session,2026-08-15T00:00:00Z,60,PHY-010,res://scenes/tracks/test_field/la_chutana_generated.tscn,VehicleRigidBody,res://scenes/vehicles/f1_94/f1_94.tscn,res://addons/formula90s/scripts/f1_94_rust_vehicle.gd,1,{}
5966,73.14,15371.0,1,1.0,0.0,0.0,0.000,1.037,0.981,45.1,45.1,87.4,87.4,0.0025,0.5557,godot_parity_session,2026-08-15T00:00:00Z,60,PHY-010,res://scenes/tracks/test_field/la_chutana_generated.tscn,VehicleRigidBody,res://scenes/vehicles/f1_94/f1_94.tscn,res://addons/formula90s/scripts/f1_94_rust_vehicle.gd,1,{}
5983,73.38,15465.7,1,1.0,0.0,0.0,-0.000,1.037,0.981,45.1,45.1,87.4,87.4,0.0025,0.5599,godot_parity_session,2026-08-15T00:00:00Z,60,PHY-010,res://scenes/tracks/test_field/la_chutana_generated.tscn,VehicleRigidBody,res://scenes/vehicles/f1_94/f1_94.tscn,res://addons/formula90s/scripts/f1_94_rust_vehicle.gd,1,{}
6000,73.62,15559.8,1,1.0,0.0,0.0,0.000,1.038,0.981,45.2,45.2,87.5,87.5,0.0025,0.5641,godot_parity_session,2026-08-15T00:00:00Z,60,PHY-010,res://scenes/tracks/test_field/la_chutana_generated.tscn,VehicleRigidBody,res://scenes/vehicles/f1_94/f1_94.tscn,res://addons/formula90s/scripts/f1_94_rust_vehicle.gd,1,{}
6016,73.86,15653.2,1,1.0,0.0,0.0,-0.000,1.039,0.981,45.2,45.2,87.6,87.6,0.0025,0.5682,godot_parity_session,2026-08-15T00:00:00Z,60,PHY-010,res://scenes/tracks/test_field/la_chutana_generated.tscn,VehicleRigidBody,res://scenes/vehicles/f1_94/f1_94.tscn,res://addons/formula90s/scripts/f1_94_rust_vehicle.gd,1,{}
6033,74.10,15653.2,1,1.0,0.0,0.0,-0.000,1.039,0.981,45.2,45.2,87.7,87.7,0.0025,0.5439,godot_parity_session,2026-08-15T00:00:00Z,60,PHY-010,res://scenes/tracks/test_field/la_chutana_generated.tscn,VehicleRigidBody,res://scenes/vehicles/f1_94/f1_94.tscn,res://addons/formula90s/scripts/f1_94_rust_vehicle.gd,1,{}
6050,74.33,15653.2,1,1.0,0.0,0.0,-0.000,1.040,0.981,45.3,45.3,87.7,87.7,0.0025,0.5197,godot_parity_session,2026-08-15T00:00:00Z,60,PHY-010,res://scenes/tracks/test_field/la_chutana_generated.tscn,VehicleRigidBody,res://scenes/vehicles/f1_94/f1_94.tscn,res://addons/formula90s/scripts/f1_94_rust_vehicle.gd,1,{}
6066,74.57,15653.2,1,1.0,0.0,0.0,-0.000,1.041,0.981,45.3,45.3,87.8,87.8,0.0025,0.4960,godot_parity_session,2026-08-15T00:00:00Z,60,PHY-010,res://scenes/tracks/test_field/la_chutana_generated.tscn,VehicleRigidBody,res://scenes/vehicles/f1_94/f1_94.tscn,res://addons/formula90s/scripts/f1_94_rust_vehicle.gd,1,{}
6083,74.81,15653.2,1,1.0,0.0,0.0,0.000,1.041,0.981,45.4,45.4,87.9,87.9,0.0025,0.4737,godot_parity_session,2026-08-15T00:00:00Z,60,PHY-010,res://scenes/tracks/test_field/la_chutana_generated.tscn,VehicleRigidBody,res://scenes/vehicles/f1_94/f1_94.tscn,res://addons/formula90s/scripts/f1_94_rust_vehicle.gd,1,{}
6100,75.05,15653.2,1,1.0,0.0,0.0,0.000,1.042,0.981,45.4,45.4,88.0,88.0,0.0024,0.4519,godot_parity_session,2026-08-15T00:00:00Z,60,PHY-010,res://scenes/tracks/test_field/la_chutana_generated.tscn,VehicleRigidBody,res://scenes/vehicles/f1_94/f1_94.tscn,res://addons/formula90s/scripts/f1_94_rust_vehicle.gd,1,{}
6116,75.29,15653.2,1,1.0,0.0,0.0,0.000,1.042,0.981,45.5,45.5,88.0,88.0,0.0024,0.4304,godot_parity_session,2026-08-15T00:00:00Z,60,PHY-010,res://scenes/tracks/test_field/la_chutana_generated.tscn,VehicleRigidBody,res://scenes/vehicles/f1_94/f1_94.tscn,res://addons/formula90s/scripts/f1_94_rust_vehicle.gd,1,{}
6133,75.53,15653.2,1,1.0,0.0,0.0,0.000,1.043,0.981,45.5,45.5,88.1,88.1,0.0024,0.4090,godot_parity_session,2026-08-15T00:00:00Z,60,PHY-010,res://scenes/tracks/test_field/la_chutana_generated.tscn,VehicleRigidBody,res://scenes/vehicles/f1_94/f1_94.tscn,res://addons/formula90s/scripts/f1_94_rust_vehicle.gd,1,{}
6150,75.77,15653.2,1,1.0,0.0,0.0,0.000,1.044,0.981,45.6,45.6,88.2,88.2,0.0024,0.3879,godot_parity_session,2026-08-15T00:00:00Z,60,PHY-010,res://scenes/tracks/test_field/la_chutana_generated.tscn,VehicleRigidBody,res://scenes/vehicles/f1_94/f1_94.tscn,res://addons/formula90s/scripts/f1_94_rust_vehicle.gd,1,{}
6166,76.01,15653.2,1,1.0,0.0,0.0,0.000,1.044,0.981,45.6,45.6,88.3,88.3,0.0024,0.3668,godot_parity_session,2026-08-15T00:00:00Z,60,PHY-010,res://scenes/tracks/test_field/la_chutana_generated.tscn,VehicleRigidBody,res://scenes/vehicles/f1_94/f1_94.tscn,res://addons/formula90s/scripts/f1_94_rust_vehicle.gd,1,{}
6183,76.25,15653.2,1,1.0,0.0,0.0,0.000,1.045,0.981,45.6,45.6,88.3,88.3,0.0024,0.3459,godot_parity_session,2026-08-15T00:00:00Z,60,PHY-010,res://scenes/tracks/test_field/la_chutana_generated.tscn,VehicleRigidBody,res://scenes/vehicles/f1_94/f1_94.tscn,res://addons/formula90s/scripts/f1_94_rust_vehicle.gd,1,{}
6200,76.49,15653.2,1,1.0,0.0,0.0,0.000,1.045,0.981,45.7,45.7,88.4,88.4,0.0024,0.3250,godot_parity_session,2026-08-15T00:00:00Z,60,PHY-010,res://scenes/tracks/test_field/la_chutana_generated.tscn,VehicleRigidBody,res://scenes/vehicles/f1_94/f1_94.tscn,res://addons/formula90s/scripts/f1_94_rust_vehicle.gd,1,{}
6216,76.72,15653.2,1,1.0,0.0,0.0,0.000,1.046,0.981,45.7,45.7,88.5,88.5,0.0024,0.3043,godot_parity_session,2026-08-15T00:00:00Z,60,PHY-010,res://scenes/tracks/test_field/la_chutana_generated.tscn,VehicleRigidBody,res://scenes/vehicles/f1_94/f1_94.tscn,res://addons/formula90s/scripts/f1_94_rust_vehicle.gd,1,{}
6233,76.96,15653.2,1,1.0,0.0,0.0,0.000,1.046,0.981,45.8,45.8,88.6,88.6,0.0024,0.2837,godot_parity_session,2026-08-15T00:00:00Z,60,PHY-010,res://scenes/tracks/test_field/la_chutana_generated.tscn,VehicleRigidBody,res://scenes/vehicles/f1_94/f1_94.tscn,res://addons/formula90s/scripts/f1_94_rust_vehicle.gd,1,{}
6250,77.20,15653.2,1,1.0,0.0,0.0,0.000,1.046,0.981,45.8,45.8,88.6,88.6,0.0024,0.2632,godot_parity_session,2026-08-15T00:00:00Z,60,PHY-010,res://scenes/tracks/test_field/la_chutana_generated.tscn,VehicleRigidBody,res://scenes/vehicles/f1_94/f1_94.tscn,res://addons/formula90s/scripts/f1_94_rust_vehicle.gd,1,{}
6266,77.44,15653.2,1,1.0,0.0,0.0,0.000,1.047,0.981,45.9,45.9,88.7,88.7,0.0024,0.2429,godot_parity_session,2026-08-15T00:00:00Z,60,PHY-010,res://scenes/tracks/test_field/la_chutana_generated.tscn,VehicleRigidBody,res://scenes/vehicles/f1_94/f1_94.tscn,res://addons/formula90s/scripts/f1_94_rust_vehicle.gd,1,{}
6283,77.68,9079.1,2,1.0,0.0,0.0,0.000,1.047,0.981,45.9,45.9,88.8,88.8,0.0023,0.2366,godot_parity_session,2026-08-15T00:00:00Z,60,PHY-010,res://scenes/tracks/test_field/la_chutana_generated.tscn,VehicleRigidBody,res://scenes/vehicles/f1_94/f1_94.tscn,res://addons/formula90s/scripts/f1_94_rust_vehicle.gd,1,{}
6300,77.92,9148.1,2,1.0,0.0,0.0,0.000,1.048,0.981,46.0,46.0,88.9,88.9,0.0023,0.2307,godot_parity_session,2026-08-15T00:00:00Z,60,PHY-010,res://scenes/tracks/test_field/la_chutana_generated.tscn,VehicleRigidBody,res://scenes/vehicles/f1_94/f1_94.tscn,res://addons/formula90s/scripts/f1_94_rust_vehicle.gd,1,{}
6316,78.16,9217.3,2,1.0,0.0,0.0,0.000,1.048,0.981,46.0,46.0,89.0,89.0,0.0023,0.2251,godot_parity_session,2026-08-15T00:00:00Z,60,PHY-010,res://scenes/tracks/test_field/la_chutana_generated.tscn,VehicleRigidBody,res://scenes/vehicles/f1_94/f1_94.tscn,res://addons/formula90s/scripts/f1_94_rust_vehicle.gd,1,{}
6333,78.39,9286.5,2,1.0,0.0,0.0,0.000,1.049,0.981,46.1,46.1,89.0,89.0,0.0023,0.2198,godot_parity_session,2026-08-15T00:00:00Z,60,PHY-010,res://scenes/tracks/test_field/la_chutana_generated.tscn,VehicleRigidBody,res://scenes/vehicles/f1_94/f1_94.tscn,res://addons/formula90s/scripts/f1_94_rust_vehicle.gd,1,{}
6350,78.63,9355.8,2,1.0,0.0,0.0,0.000,1.050,0.981,46.1,46.1,89.1,89.1,0.0023,0.2149,godot_parity_session,2026-08-15T00:00:00Z,60,PHY-010,res://scenes/tracks/test_field/la_chutana_generated.tscn,VehicleRigidBody,res://scenes/vehicles/f1_94/f1_94.tscn,res://addons/formula90s/scripts/f1_94_rust_vehicle.gd,1,{}
6366,78.87,9425.1,2,1.0,0.0,0.0,0.000,1.050,0.981,46.2,46.2,89.2,89.2,0.0023,0.2104,godot_parity_session,2026-08-15T00:00:00Z,60,PHY-010,res://scenes/tracks/test_field/la_chutana_generated.tscn,VehicleRigidBody,res://scenes/vehicles/f1_94/f1_94.tscn,res://addons/formula90s/scripts/f1_94_rust_vehicle.gd,1,{}
6383,79.11,9494.5,2,1.0,0.0,0.0,0.000,1.051,0.981,46.2,46.2,89.3,89.3,0.0023,0.2064,godot_parity_session,2026-08-15T00:00:00Z,60,PHY-010,res://scenes/tracks/test_field/la_chutana_generated.tscn,VehicleRigidBody,res://scenes/vehicles/f1_94/f1_94.tscn,res://addons/formula90s/scripts/f1_94_rust_vehicle.gd,1,{}
6400,79.35,9563.9,2,1.0,0.0,0.0,0.000,1.052,0.981,46.3,46.3,89.3,89.3,0.0023,0.2031,godot_parity_session,2026-08-15T00:00:00Z,60,PHY-010,res://scenes/tracks/test_field/la_chutana_generated.tscn,VehicleRigidBody,res://scenes/vehicles/f1_94/f1_94.tscn,res://addons/formula90s/scripts/f1_94_rust_vehicle.gd,1,{}
6416,79.59,9633.2,2,1.0,0.0,0.0,-0.000,1.052,0.981,46.3,46.3,89.4,89.4,0.0023,0.2016,godot_parity_session,2026-08-15T00:00:00Z,60,PHY-010,res://scenes/tracks/test_field/la_chutana_generated.tscn,VehicleRigidBody,res://scenes/vehicles/f1_94/f1_94.tscn,res://addons/formula90s/scripts/f1_94_rust_vehicle.gd,1,{}
6433,79.82,9702.5,2,1.0,0.0,0.0,0.001,1.053,0.981,46.4,46.4,89.5,89.5,0.0023,0.2051,godot_parity_session,2026-08-15T00:00:00Z,60,PHY-010,res://scenes/tracks/test_field/la_chutana_generated.tscn,VehicleRigidBody,res://scenes/vehicles/f1_94/f1_94.tscn,res://addons/formula90s/scripts/f1_94_rust_vehicle.gd,1,{}
6450,80.06,9771.8,2,1.0,0.0,0.0,-0.001,1.053,0.981,46.5,46.5,89.6,89.6,0.0023,0.1984,godot_parity_session,2026-08-15T00:00:00Z,60,PHY-010,res://scenes/tracks/test_field/la_chutana_generated.tscn,VehicleRigidBody,res://scenes/vehicles/f1_94/f1_94.tscn,res://addons/formula90s/scripts/f1_94_rust_vehicle.gd,1,{}
6466,80.30,9840.9,2,1.0,0.0,0.0,0.001,1.054,0.981,46.5,46.5,89.7,89.7,0.0023,0.1999,godot_parity_session,2026-08-15T00:00:00Z,60,PHY-010,res://scenes/tracks/test_field/la_chutana_generated.tscn,VehicleRigidBody,res://scenes/vehicles/f1_94/f1_94.tscn,res://addons/formula90s/scripts/f1_94_rust_vehicle.gd,1,{}
6483,80.54,9909.8,2,1.0,0.0,0.0,-0.001,1.055,0.981,46.6,46.6,89.8,89.8,0.0022,0.1940,godot_parity_session,2026-08-15T00:00:00Z,60,PHY-010,res://scenes/tracks/test_field/la_chutana_generated.tscn,VehicleRigidBody,res://scenes/vehicles/f1_94/f1_94.tscn,res://addons/formula90s/scripts/f1_94_rust_vehicle.gd,1,{}
6500,80.78,9978.4,2,1.0,0.0,0.0,0.001,1.056,0.981,46.6,46.6,89.8,89.8,0.0022,0.1963,godot_parity_session,2026-08-15T00:00:00Z,60,PHY-010,res://scenes/tracks/test_field/la_chutana_generated.tscn,VehicleRigidBody,res://scenes/vehicles/f1_94/f1_94.tscn,res://addons/formula90s/scripts/f1_94_rust_vehicle.gd,1,{}
6516,81.01,10046.7,2,1.0,0.0,0.0,-0.001,1.056,0.981,46.7,46.7,89.9,89.9,0.0022,0.1912,godot_parity_session,2026-08-15T00:00:00Z,60,PHY-010,res://scenes/tracks/test_field/la_chutana_generated.tscn,VehicleRigidBody,res://scenes/vehicles/f1_94/f1_94.tscn,res://addons/formula90s/scripts/f1_94_rust_vehicle.gd,1,{}
6533,81.25,10114.4,2,1.0,0.0,0.0,0.001,1.057,0.981,46.7,46.7,90.0,90.0,0.0022,0.1943,godot_parity_session,2026-08-15T00:00:00Z,60,PHY-010,res://scenes/tracks/test_field/la_chutana_generated.tscn,VehicleRigidBody,res://scenes/vehicles/f1_94/f1_94.tscn,res://addons/formula90s/scripts/f1_94_rust_vehicle.gd,1,{}
6550,81.49,10181.3,2,1.0,0.0,0.0,-0.001,1.058,0.981,46.8,46.8,90.1,90.1,0.0022,0.1902,godot_parity_session,2026-08-15T00:00:00Z,60,PHY-010,res://scenes/tracks/test_field/la_chutana_generated.tscn,VehicleRigidBody,res://scenes/vehicles/f1_94/f1_94.tscn,res://addons/formula90s/scripts/f1_94_rust_vehicle.gd,1,{}
6566,81.73,10246.5,2,1.0,0.0,0.0,0.001,1.059,0.981,46.8,46.8,90.2,90.2,0.0022,0.1947,godot_parity_session,2026-08-15T00:00:00Z,60,PHY-010,res://scenes/tracks/test_field/la_chutana_generated.tscn,VehicleRigidBody,res://scenes/vehicles/f1_94/f1_94.tscn,res://addons/formula90s/scripts/f1_94_rust_vehicle.gd,1,{}
6583,81.97,10305.7,2,1.0,0.0,0.0,-0.001,1.059,0.981,46.9,46.9,90.3,90.3,0.0022,0.1938,godot_parity_session,2026-08-15T00:00:00Z,60,PHY-010,res://scenes/tracks/test_field/la_chutana_generated.tscn,VehicleRigidBody,res://scenes/vehicles/f1_94/f1_94.tscn,res://addons/formula90s/scripts/f1_94_rust_vehicle.gd,1,{}
6600,82.21,10363.7,2,1.0,0.0,0.0,0.001,1.060,0.981,46.9,46.9,90.3,90.3,0.0022,0.2000,godot_parity_session,2026-08-15T00:00:00Z,60,PHY-010,res://scenes/tracks/test_field/la_chutana_generated.tscn,VehicleRigidBody,res://scenes/vehicles/f1_94/f1_94.tscn,res://addons/formula90s/scripts/f1_94_rust_vehicle.gd,1,{}
6616,82.44,10421.8,2,1.0,0.0,0.0,-0.001,1.061,0.981,47.0,47.0,90.4,90.4,0.0022,0.1997,godot_parity_session,2026-08-15T00:00:00Z,60,PHY-010,res://scenes/tracks/test_field/la_chutana_generated.tscn,VehicleRigidBody,res://scenes/vehicles/f1_94/f1_94.tscn,res://addons/formula90s/scripts/f1_94_rust_vehicle.gd,1,{}
6633,82.68,10480.4,2,1.0,0.0,0.0,0.001,1.062,0.981,47.1,47.1,90.5,90.5,0.0022,0.2061,godot_parity_session,2026-08-15T00:00:00Z,60,PHY-010,res://scenes/tracks/test_field/la_chutana_generated.tscn,VehicleRigidBody,res://scenes/vehicles/f1_94/f1_94.tscn,res://addons/formula90s/scripts/f1_94_rust_vehicle.gd,1,{}
6650,82.92,10539.6,2,1.0,0.0,0.0,-0.001,1.063,0.981,47.1,47.1,90.6,90.6,0.0022,0.2060,godot_parity_session,2026-08-15T00:00:00Z,60,PHY-010,res://scenes/tracks/test_field/la_chutana_generated.tscn,VehicleRigidBody,res://scenes/vehicles/f1_94/f1_94.tscn,res://addons/formula90s/scripts/f1_94_rust_vehicle.gd,1,{}
6666,83.16,10599.5,2,1.0,0.0,0.0,0.001,1.064,0.981,47.2,47.2,90.7,90.7,0.0022,0.2125,godot_parity_session,2026-08-15T00:00:00Z,60,PHY-010,res://scenes/tracks/test_field/la_chutana_generated.tscn,VehicleRigidBody,res://scenes/vehicles/f1_94/f1_94.tscn,res://addons/formula90s/scripts/f1_94_rust_vehicle.gd,1,{}
6683,83.40,10659.8,2,1.0,0.0,0.0,-0.001,1.065,0.981,47.2,47.2,90.8,90.8,0.0022,0.2124,godot_parity_session,2026-08-15T00:00:00Z,60,PHY-010,res://scenes/tracks/test_field/la_chutana_generated.tscn,VehicleRigidBody,res://scenes/vehicles/f1_94/f1_94.tscn,res://addons/formula90s/scripts/f1_94_rust_vehicle.gd,1,{}
6700,83.64,10720.4,2,1.0,0.0,0.0,0.001,1.066,0.981,47.3,47.3,90.9,90.9,0.0022,0.2190,godot_parity_session,2026-08-15T00:00:00Z,60,PHY-010,res://scenes/tracks/test_field/la_chutana_generated.tscn,VehicleRigidBody,res://scenes/vehicles/f1_94/f1_94.tscn,res://addons/formula90s/scripts/f1_94_rust_vehicle.gd,1,{}
6716,83.88,10781.2,2,1.0,0.0,0.0,-0.001,1.067,0.981,47.3,47.3,90.9,90.9,0.0021,0.2189,godot_parity_session,2026-08-15T00:00:00Z,60,PHY-010,res://scenes/tracks/test_field/la_chutana_generated.tscn,VehicleRigidBody,res://scenes/vehicles/f1_94/f1_94.tscn,res://addons/formula90s/scripts/f1_94_rust_vehicle.gd,1,{}
6733,84.11,10842.4,2,1.0,0.0,0.0,0.000,1.067,0.980,47.4,47.4,91.0,91.0,0.0021,0.2255,godot_parity_session,2026-08-15T00:00:00Z,60,PHY-010,res://scenes/tracks/test_field/la_chutana_generated.tscn,VehicleRigidBody,res://scenes/vehicles/f1_94/f1_94.tscn,res://addons/formula90s/scripts/f1_94_rust_vehicle.gd,1,{}
6750,84.35,10903.9,2,1.0,0.0,0.0,-0.001,1.068,0.980,47.4,47.4,91.1,91.1,0.0021,0.2255,godot_parity_session,2026-08-15T00:00:00Z,60,PHY-010,res://scenes/tracks/test_field/la_chutana_generated.tscn,VehicleRigidBody,res://scenes/vehicles/f1_94/f1_94.tscn,res://addons/formula90s/scripts/f1_94_rust_vehicle.gd,1,{}
6766,84.59,10965.7,2,1.0,0.0,0.0,0.000,1.069,0.980,47.5,47.5,91.2,91.2,0.0021,0.2320,godot_parity_session,2026-08-15T00:00:00Z,60,PHY-010,res://scenes/tracks/test_field/la_chutana_generated.tscn,VehicleRigidBody,res://scenes/vehicles/f1_94/f1_94.tscn,res://addons/formula90s/scripts/f1_94_rust_vehicle.gd,1,{}
6783,84.83,11027.8,2,1.0,0.0,0.0,-0.001,1.070,0.980,47.6,47.6,91.3,91.3,0.0021,0.2321,godot_parity_session,2026-08-15T00:00:00Z,60,PHY-010,res://scenes/tracks/test_field/la_chutana_generated.tscn,VehicleRigidBody,res://scenes/vehicles/f1_94/f1_94.tscn,res://addons/formula90s/scripts/f1_94_rust_vehicle.gd,1,{}
6800,85.07,11090.3,2,1.0,0.0,0.0,0.000,1.071,0.980,47.6,47.6,91.4,91.4,0.0021,0.2387,godot_parity_session,2026-08-15T00:00:00Z,60,PHY-010,res://scenes/tracks/test_field/la_chutana_generated.tscn,VehicleRigidBody,res://scenes/vehicles/f1_94/f1_94.tscn,res://addons/formula90s/scripts/f1_94_rust_vehicle.gd,1,{}
6816,85.31,11153.0,2,1.0,0.0,0.0,-0.001,1.072,0.980,47.7,47.7,91.5,91.5,0.0021,0.2388,godot_parity_session,2026-08-15T00:00:00Z,60,PHY-010,res://scenes/tracks/test_field/la_chutana_generated.tscn,VehicleRigidBody,res://scenes/vehicles/f1_94/f1_94.tscn,res://addons/formula90s/scripts/f1_94_rust_vehicle.gd,1,{}
6833,85.55,11216.0,2,1.0,0.0,0.0,0.000,1.073,0.980,47.7,47.7,91.6,91.6,0.0021,0.2453,godot_parity_session,2026-08-15T00:00:00Z,60,PHY-010,res://scenes/tracks/test_field/la_chutana_generated.tscn,VehicleRigidBody,res://scenes/vehicles/f1_94/f1_94.tscn,res://addons/formula90s/scripts/f1_94_rust_vehicle.gd,1,{}
6850,85.79,11279.4,2,1.0,0.0,0.0,-0.001,1.074,0.980,47.8,47.8,91.7,91.7,0.0021,0.2455,godot_parity_session,2026-08-15T00:00:00Z,60,PHY-010,res://scenes/tracks/test_field/la_chutana_generated.tscn,VehicleRigidBody,res://scenes/vehicles/f1_94/f1_94.tscn,res://addons/formula90s/scripts/f1_94_rust_vehicle.gd,1,{}
6866,86.03,11343.1,2,1.0,0.0,0.0,0.000,1.075,0.980,47.8,47.8,91.7,91.8,0.0021,0.2521,godot_parity_session,2026-08-15T00:00:00Z,60,PHY-010,res://scenes/tracks/test_field/la_chutana_generated.tscn,VehicleRigidBody,res://scenes/vehicles/f1_94/f1_94.tscn,res://addons/formula90s/scripts/f1_94_rust_vehicle.gd,1,{}
6883,86.27,11407.1,2,1.0,0.0,0.0,-0.001,1.076,0.980,47.9,47.9,91.8,91.8,0.0021,0.2523,godot_parity_session,2026-08-15T00:00:00Z,60,PHY-010,res://scenes/tracks/test_field/la_chutana_generated.tscn,VehicleRigidBody,res://scenes/vehicles/f1_94/f1_94.tscn,res://addons/formula90s/scripts/f1_94_rust_vehicle.gd,1,{}
6900,86.51,11471.5,2,1.0,0.0,0.0,0.000,1.076,0.980,47.9,48.0,91.9,91.9,0.0021,0.2589,godot_parity_session,2026-08-15T00:00:00Z,60,PHY-010,res://scenes/tracks/test_field/la_chutana_generated.tscn,VehicleRigidBody,res://scenes/vehicles/f1_94/f1_94.tscn,res://addons/formula90s/scripts/f1_94_rust_vehicle.gd,1,{}
6916,86.75,11536.1,2,1.0,0.0,0.0,-0.001,1.077,0.980,48.0,48.0,92.0,92.0,0.0021,0.2592,godot_parity_session,2026-08-15T00:00:00Z,60,PHY-010,res://scenes/tracks/test_field/la_chutana_generated.tscn,VehicleRigidBody,res://scenes/vehicles/f1_94/f1_94.tscn,res://addons/formula90s/scripts/f1_94_rust_vehicle.gd,1,{}
6933,86.99,11601.1,2,1.0,0.0,0.0,-0.000,1.078,0.980,48.1,48.1,92.1,92.1,0.0021,0.2657,godot_parity_session,2026-08-15T00:00:00Z,60,PHY-010,res://scenes/tracks/test_field/la_chutana_generated.tscn,VehicleRigidBody,res://scenes/vehicles/f1_94/f1_94.tscn,res://addons/formula90s/scripts/f1_94_rust_vehicle.gd,1,{}
6950,87.23,11666.4,2,1.0,0.0,0.0,-0.001,1.079,0.980,48.1,48.1,92.2,92.2,0.0021,0.2661,godot_parity_session,2026-08-15T00:00:00Z,60,PHY-010,res://scenes/tracks/test_field/la_chutana_generated.tscn,VehicleRigidBody,res://scenes/vehicles/f1_94/f1_94.tscn,res://addons/formula90s/scripts/f1_94_rust_vehicle.gd,1,{}
6966,87.47,11732.1,2,1.0,0.0,0.0,-0.000,1.080,0.980,48.2,48.2,92.3,92.3,0.0020,0.2727,godot_parity_session,2026-08-15T00:00:00Z,60,PHY-010,res://scenes/tracks/test_field/la_chutana_generated.tscn,VehicleRigidBody,res://scenes/vehicles/f1_94/f1_94.tscn,res://addons/formula90s/scripts/f1_94_rust_vehicle.gd,1,{}
6983,87.70,11798.1,2,1.0,0.0,0.0,-0.001,1.081,0.980,48.2,48.2,92.4,92.4,0.0020,0.2731,godot_parity_session,2026-08-15T00:00:00Z,60,PHY-010,res://scenes/tracks/test_field/la_chutana_generated.tscn,VehicleRigidBody,res://scenes/vehicles/f1_94/f1_94.tscn,res://addons/formula90s/scripts/f1_94_rust_vehicle.gd,1,{}
7000,87.94,11864.4,2,1.0,0.0,0.0,-0.000,1.082,0.980,48.3,48.3,92.5,92.5,0.0020,0.2796,godot_parity_session,2026-08-15T00:00:00Z,60,PHY-010,res://scenes/tracks/test_field/la_chutana_generated.tscn,VehicleRigidBody,res://scenes/vehicles/f1_94/f1_94.tscn,res://addons/formula90s/scripts/f1_94_rust_vehicle.gd,1,{}
7016,88.18,11931.1,2,1.0,0.0,0.0,-0.001,1.083,0.980,48.3,48.4,92.6,92.6,0.0020,0.2801,godot_parity_session,2026-08-15T00:00:00Z,60,PHY-010,res://scenes/tracks/test_field/la_chutana_generated.tscn,VehicleRigidBody,res://scenes/vehicles/f1_94/f1_94.tscn,res://addons/formula90s/scripts/f1_94_rust_vehicle.gd,1,{}
7033,88.42,11998.1,2,1.0,0.0,0.0,-0.000,1.083,0.980,48.4,48.4,92.7,92.7,0.0020,0.2867,godot_parity_session,2026-08-15T00:00:00Z,60,PHY-010,res://scenes/tracks/test_field/la_chutana_generated.tscn,VehicleRigidBody,res://scenes/vehicles/f1_94/f1_94.tscn,res://addons/formula90s/scripts/f1_94_rust_vehicle.gd,1,{}
7050,88.66,12065.4,2,1.0,0.0,0.0,-0.001,1.084,0.980,48.5,48.5,92.8,92.8,0.0020,0.2872,godot_parity_session,2026-08-15T00:00:00Z,60,PHY-010,res://scenes/tracks/test_field/la_chutana_generated.tscn,VehicleRigidBody,res://scenes/vehicles/f1_94/f1_94.tscn,res://addons/formula90s/scripts/f1_94_rust_vehicle.gd,1,{}
7066,88.90,12133.1,2,1.0,0.0,0.0,-0.000,1.085,0.980,48.5,48.5,92.9,92.9,0.0020,0.2938,godot_parity_session,2026-08-15T00:00:00Z,60,PHY-010,res://scenes/tracks/test_field/la_chutana_generated.tscn,VehicleRigidBody,res://scenes/vehicles/f1_94/f1_94.tscn,res://addons/formula90s/scripts/f1_94_rust_vehicle.gd,1,{}
7083,89.14,12201.1,2,1.0,0.0,0.0,-0.001,1.086,0.980,48.6,48.6,93.0,93.0,0.0020,0.2944,godot_parity_session,2026-08-15T00:00:00Z,60,PHY-010,res://scenes/tracks/test_field/la_chutana_generated.tscn,VehicleRigidBody,res://scenes/vehicles/f1_94/f1_94.tscn,res://addons/formula90s/scripts/f1_94_rust_vehicle.gd,1,{}
7100,89.38,12269.5,2,1.0,0.0,0.0,-0.000,1.087,0.980,48.6,48.6,93.1,93.1,0.0020,0.3010,godot_parity_session,2026-08-15T00:00:00Z,60,PHY-010,res://scenes/tracks/test_field/la_chutana_generated.tscn,VehicleRigidBody,res://scenes/vehicles/f1_94/f1_94.tscn,res://addons/formula90s/scripts/f1_94_rust_vehicle.gd,1,{}
7116,89.62,12338.2,2,1.0,0.0,0.0,-0.001,1.088,0.980,48.7,48.7,93.2,93.2,0.0020,0.3016,godot_parity_session,2026-08-15T00:00:00Z,60,PHY-010,res://scenes/tracks/test_field/la_chutana_generated.tscn,VehicleRigidBody,res://scenes/vehicles/f1_94/f1_94.tscn,res://addons/formula90s/scripts/f1_94_rust_vehicle.gd,1,{}
7133,89.86,12407.3,2,1.0,0.0,0.0,-0.000,1.089,0.980,48.7,48.8,93.2,93.3,0.0020,0.3082,godot_parity_session,2026-08-15T00:00:00Z,60,PHY-010,res://scenes/tracks/test_field/la_chutana_generated.tscn,VehicleRigidBody,res://scenes/vehicles/f1_94/f1_94.tscn,res://addons/formula90s/scripts/f1_94_rust_vehicle.gd,1,{}
7150,90.11,12476.8,2,1.0,0.0,0.0,-0.001,1.090,0.980,48.8,48.8,93.3,93.4,0.0020,0.3089,godot_parity_session,2026-08-15T00:00:00Z,60,PHY-010,res://scenes/tracks/test_field/la_chutana_generated.tscn,VehicleRigidBody,res://scenes/vehicles/f1_94/f1_94.tscn,res://addons/formula90s/scripts/f1_94_rust_vehicle.gd,1,{}
7166,90.35,12546.6,2,1.0,0.0,0.0,-0.001,1.090,0.980,48.9,48.9,93.4,93.5,0.0020,0.3155,godot_parity_session,2026-08-15T00:00:00Z,60,PHY-010,res://scenes/tracks/test_field/la_chutana_generated.tscn,VehicleRigidBody,res://scenes/vehicles/f1_94/f1_94.tscn,res://addons/formula90s/scripts/f1_94_rust_vehicle.gd,1,{}
7183,90.59,12616.7,2,1.0,0.0,0.0,-0.001,1.091,0.980,48.9,48.9,93.5,93.5,0.0020,0.3163,godot_parity_session,2026-08-15T00:00:00Z,60,PHY-010,res://scenes/tracks/test_field/la_chutana_generated.tscn,VehicleRigidBody,res://scenes/vehicles/f1_94/f1_94.tscn,res://addons/formula90s/scripts/f1_94_rust_vehicle.gd,1,{}
7200,90.83,12687.3,2,1.0,0.0,0.0,-0.001,1.092,0.980,49.0,49.0,93.6,93.6,0.0020,0.3229,godot_parity_session,2026-08-15T00:00:00Z,60,PHY-010,res://scenes/tracks/test_field/la_chutana_generated.tscn,VehicleRigidBody,res://scenes/vehicles/f1_94/f1_94.tscn,res://addons/formula90s/scripts/f1_94_rust_vehicle.gd,1,{}
7216,91.07,12758.2,2,1.0,0.0,0.0,-0.001,1.093,0.980,49.0,49.0,93.7,93.7,0.0020,0.3237,godot_parity_session,2026-08-15T00:00:00Z,60,PHY-010,res://scenes/tracks/test_field/la_chutana_generated.tscn,VehicleRigidBody,res://scenes/vehicles/f1_94/f1_94.tscn,res://addons/formula90s/scripts/f1_94_rust_vehicle.gd,1,{}
7233,91.31,12829.4,2,1.0,0.0,0.0,-0.001,1.094,0.980,49.1,49.1,93.8,93.8,0.0019,0.3303,godot_parity_session,2026-08-15T00:00:00Z,60,PHY-010,res://scenes/tracks/test_field/la_chutana_generated.tscn,VehicleRigidBody,res://scenes/vehicles/f1_94/f1_94.tscn,res://addons/formula90s/scripts/f1_94_rust_vehicle.gd,1,{}
7250,91.55,12901.1,2,1.0,0.0,0.0,-0.001,1.095,0.980,49.1,49.2,93.9,93.9,0.0019,0.3312,godot_parity_session,2026-08-15T00:00:00Z,60,PHY-010,res://scenes/tracks/test_field/la_chutana_generated.tscn,VehicleRigidBody,res://scenes/vehicles/f1_94/f1_94.tscn,res://addons/formula90s/scripts/f1_94_rust_vehicle.gd,1,{}
7266,91.79,12973.1,2,1.0,0.0,0.0,-0.001,1.096,0.980,49.2,49.2,94.0,94.0,0.0019,0.3378,godot_parity_session,2026-08-15T00:00:00Z,60,PHY-010,res://scenes/tracks/test_field/la_chutana_generated.tscn,VehicleRigidBody,res://scenes/vehicles/f1_94/f1_94.tscn,res://addons/formula90s/scripts/f1_94_rust_vehicle.gd,1,{}
7283,92.03,13045.4,2,1.0,0.0,0.0,-0.001,1.096,0.980,49.3,49.3,94.1,94.1,0.0019,0.3388,godot_parity_session,2026-08-15T00:00:00Z,60,PHY-010,res://scenes/tracks/test_field/la_chutana_generated.tscn,VehicleRigidBody,res://scenes/vehicles/f1_94/f1_94.tscn,res://addons/formula90s/scripts/f1_94_rust_vehicle.gd,1,{}
7300,92.27,13118.2,2,1.0,0.0,0.0,-0.001,1.097,0.980,49.3,49.3,94.2,94.2,0.0019,0.3454,godot_parity_session,2026-08-15T00:00:00Z,60,PHY-010,res://scenes/tracks/test_field/la_chutana_generated.tscn,VehicleRigidBody,res://scenes/vehicles/f1_94/f1_94.tscn,res://addons/formula90s/scripts/f1_94_rust_vehicle.gd,1,{}
7316,92.51,13191.3,2,1.0,0.0,0.0,-0.001,1.098,0.980,49.4,49.4,94.3,94.3,0.0019,0.3464,godot_parity_session,2026-08-15T00:00:00Z,60,PHY-010,res://scenes/tracks/test_field/la_chutana_generated.tscn,VehicleRigidBody,res://scenes/vehicles/f1_94/f1_94.tscn,res://addons/formula90s/scripts/f1_94_rust_vehicle.gd,1,{}
7333,92.75,13264.8,2,1.0,0.0,0.0,-0.001,1.099,0.980,49.4,49.5,94.4,94.4,0.0019,0.3530,godot_parity_session,2026-08-15T00:00:00Z,60,PHY-010,res://scenes/tracks/test_field/la_chutana_generated.tscn,VehicleRigidBody,res://scenes/vehicles/f1_94/f1_94.tscn,res://addons/formula90s/scripts/f1_94_rust_vehicle.gd,1,{}
7350,92.99,13338.7,2,1.0,0.0,0.0,-0.002,1.100,0.980,49.5,49.5,94.5,94.5,0.0019,0.3541,godot_parity_session,2026-08-15T00:00:00Z,60,PHY-010,res://scenes/tracks/test_field/la_chutana_generated.tscn,VehicleRigidBody,res://scenes/vehicles/f1_94/f1_94.tscn,res://addons/formula90s/scripts/f1_94_rust_vehicle.gd,1,{}
7366,93.23,13413.0,2,1.0,0.0,0.0,-0.001,1.101,0.980,49.6,49.6,94.6,94.6,0.0019,0.3607,godot_parity_session,2026-08-15T00:00:00Z,60,PHY-010,res://scenes/tracks/test_field/la_chutana_generated.tscn,VehicleRigidBody,res://scenes/vehicles/f1_94/f1_94.tscn,res://addons/formula90s/scripts/f1_94_rust_vehicle.gd,1,{}
7383,93.47,13487.7,2,1.0,0.0,0.0,-0.002,1.101,0.980,49.6,49.6,94.7,94.7,0.0019,0.3619,godot_parity_session,2026-08-15T00:00:00Z,60,PHY-010,res://scenes/tracks/test_field/la_chutana_generated.tscn,VehicleRigidBody,res://scenes/vehicles/f1_94/f1_94.tscn,res://addons/formula90s/scripts/f1_94_rust_vehicle.gd,1,{}
7400,93.72,13562.5,2,1.0,0.0,0.0,-0.001,1.102,0.980,49.7,49.7,94.8,94.8,0.0019,0.3685,godot_parity_session,2026-08-15T00:00:00Z,60,PHY-010,res://scenes/tracks/test_field/la_chutana_generated.tscn,VehicleRigidBody,res://scenes/vehicles/f1_94/f1_94.tscn,res://addons/formula90s/scripts/f1_94_rust_vehicle.gd,1,{}
7416,93.96,13637.4,2,1.0,0.0,0.0,-0.002,1.103,0.980,49.7,49.8,94.9,94.9,0.0019,0.3697,godot_parity_session,2026-08-15T00:00:00Z,60,PHY-010,res://scenes/tracks/test_field/la_chutana_generated.tscn,VehicleRigidBody,res://scenes/vehicles/f1_94/f1_94.tscn,res://addons/formula90s/scripts/f1_94_rust_vehicle.gd,1,{}
7433,94.20,13712.3,2,1.0,0.0,0.0,-0.001,1.104,0.980,49.8,49.8,95.0,95.0,0.0019,0.3761,godot_parity_session,2026-08-15T00:00:00Z,60,PHY-010,res://scenes/tracks/test_field/la_chutana_generated.tscn,VehicleRigidBody,res://scenes/vehicles/f1_94/f1_94.tscn,res://addons/formula90s/scripts/f1_94_rust_vehicle.gd,1,{}
7450,94.44,13787.2,2,1.0,0.0,0.0,-0.002,1.105,0.980,49.8,49.9,95.1,95.1,0.0019,0.3773,godot_parity_session,2026-08-15T00:00:00Z,60,PHY-010,res://scenes/tracks/test_field/la_chutana_generated.tscn,VehicleRigidBody,res://scenes/vehicles/f1_94/f1_94.tscn,res://addons/formula90s/scripts/f1_94_rust_vehicle.gd,1,{}
7466,94.68,13862.1,2,1.0,0.0,0.0,-0.002,1.105,0.980,49.9,49.9,95.2,95.2,0.0019,0.3837,godot_parity_session,2026-08-15T00:00:00Z,60,PHY-010,res://scenes/tracks/test_field/la_chutana_generated.tscn,VehicleRigidBody,res://scenes/vehicles/f1_94/f1_94.tscn,res://addons/formula90s/scripts/f1_94_rust_vehicle.gd,1,{}
7483,94.92,13937.0,2,1.0,0.0,0.0,-0.002,1.106,0.980,50.0,50.0,95.3,95.3,0.0019,0.3849,godot_parity_session,2026-08-15T00:00:00Z,60,PHY-010,res://scenes/tracks/test_field/la_chutana_generated.tscn,VehicleRigidBody,res://scenes/vehicles/f1_94/f1_94.tscn,res://addons/formula90s/scripts/f1_94_rust_vehicle.gd,1,{}
7500,95.16,14012.0,2,1.0,0.0,0.0,-0.002,1.107,0.980,50.0,50.0,95.4,95.4,0.0019,0.3912,godot_parity_session,2026-08-15T00:00:00Z,60,PHY-010,res://scenes/tracks/test_field/la_chutana_generated.tscn,VehicleRigidBody,res://scenes/vehicles/f1_94/f1_94.tscn,res://addons/formula90s/scripts/f1_94_rust_vehicle.gd,1,{}
7516,95.40,14087.0,2,1.0,0.0,0.0,-0.002,1.108,0.980,50.1,50.1,95.5,95.5,0.0018,0.3924,godot_parity_session,2026-08-15T00:00:00Z,60,PHY-010,res://scenes/tracks/test_field/la_chutana_generated.tscn,VehicleRigidBody,res://scenes/vehicles/f1_94/f1_94.tscn,res://addons/formula90s/scripts/f1_94_rust_vehicle.gd,1,{}
7533,95.64,14162.0,2,1.0,0.0,0.0,-0.002,1.109,0.980,50.1,50.2,95.6,95.6,0.0018,0.3986,godot_parity_session,2026-08-15T00:00:00Z,60,PHY-010,res://scenes/tracks/test_field/la_chutana_generated.tscn,VehicleRigidBody,res://scenes/vehicles/f1_94/f1_94.tscn,res://addons/formula90s/scripts/f1_94_rust_vehicle.gd,1,{}
7550,95.89,14237.0,2,1.0,0.0,0.0,-0.002,1.109,0.980,50.2,50.2,95.6,95.7,0.0018,0.3998,godot_parity_session,2026-08-15T00:00:00Z,60,PHY-010,res://scenes/tracks/test_field/la_chutana_generated.tscn,VehicleRigidBody,res://scenes/vehicles/f1_94/f1_94.tscn,res://addons/formula90s/scripts/f1_94_rust_vehicle.gd,1,{}
7566,96.13,14312.0,2,1.0,0.0,0.0,-0.002,1.110,0.980,50.3,50.3,95.7,95.8,0.0018,0.4059,godot_parity_session,2026-08-15T00:00:00Z,60,PHY-010,res://scenes/tracks/test_field/la_chutana_generated.tscn,VehicleRigidBody,res://scenes/vehicles/f1_94/f1_94.tscn,res://addons/formula90s/scripts/f1_94_rust_vehicle.gd,1,{}
7583,96.37,14387.1,2,1.0,0.0,0.0,-0.003,1.111,0.980,50.3,50.3,95.8,95.9,0.0018,0.4072,godot_parity_session,2026-08-15T00:00:00Z,60,PHY-010,res://scenes/tracks/test_field/la_chutana_generated.tscn,VehicleRigidBody,res://scenes/vehicles/f1_94/f1_94.tscn,res://addons/formula90s/scripts/f1_94_rust_vehicle.gd,1,{}
7600,96.61,14462.2,2,1.0,0.0,0.0,-0.002,1.112,0.980,50.4,50.4,95.9,96.0,0.0018,0.4132,godot_parity_session,2026-08-15T00:00:00Z,60,PHY-010,res://scenes/tracks/test_field/la_chutana_generated.tscn,VehicleRigidBody,res://scenes/vehicles/f1_94/f1_94.tscn,res://addons/formula90s/scripts/f1_94_rust_vehicle.gd,1,{}
7616,96.85,14537.3,2,1.0,0.0,0.0,-0.003,1.112,0.979,50.4,50.5,96.0,96.1,0.0018,0.4145,godot_parity_session,2026-08-15T00:00:00Z,60,PHY-010,res://scenes/tracks/test_field/la_chutana_generated.tscn,VehicleRigidBody,res://scenes/vehicles/f1_94/f1_94.tscn,res://addons/formula90s/scripts/f1_94_rust_vehicle.gd,1,{}
7633,97.09,14612.4,2,1.0,0.0,0.0,-0.003,1.113,0.979,50.5,50.5,96.1,96.2,0.0018,0.4204,godot_parity_session,2026-08-15T00:00:00Z,60,PHY-010,res://scenes/tracks/test_field/la_chutana_generated.tscn,VehicleRigidBody,res://scenes/vehicles/f1_94/f1_94.tscn,res://addons/formula90s/scripts/f1_94_rust_vehicle.gd,1,{}
7650,97.33,14687.5,2,1.0,0.0,0.0,-0.003,1.114,0.979,50.5,50.6,96.2,96.3,0.0018,0.4217,godot_parity_session,2026-08-15T00:00:00Z,60,PHY-010,res://scenes/tracks/test_field/la_chutana_generated.tscn,VehicleRigidBody,res://scenes/vehicles/f1_94/f1_94.tscn,res://addons/formula90s/scripts/f1_94_rust_vehicle.gd,1,{}
7666,97.57,14762.7,2,1.0,0.0,0.0,-0.003,1.115,0.979,50.6,50.6,96.3,96.4,0.0018,0.4276,godot_parity_session,2026-08-15T00:00:00Z,60,PHY-010,res://scenes/tracks/test_field/la_chutana_generated.tscn,VehicleRigidBody,res://scenes/vehicles/f1_94/f1_94.tscn,res://addons/formula90s/scripts/f1_94_rust_vehicle.gd,1,{}
7683,97.82,14837.8,2,1.0,0.0,0.0,-0.003,1.115,0.979,50.7,50.7,96.4,96.5,0.0018,0.4289,godot_parity_session,2026-08-15T00:00:00Z,60,PHY-010,res://scenes/tracks/test_field/la_chutana_generated.tscn,VehicleRigidBody,res://scenes/vehicles/f1_94/f1_94.tscn,res://addons/formula90s/scripts/f1_94_rust_vehicle.gd,1,{}
7700,98.06,14913.0,2,1.0,0.0,0.0,-0.003,1.116,0.979,50.7,50.8,96.5,96.6,0.0018,0.4347,godot_parity_session,2026-08-15T00:00:00Z,60,PHY-010,res://scenes/tracks/test_field/la_chutana_generated.tscn,VehicleRigidBody,res://scenes/vehicles/f1_94/f1_94.tscn,res://addons/formula90s/scripts/f1_94_rust_vehicle.gd,1,{}
7716,98.30,14988.3,2,1.0,0.0,0.0,-0.004,1.117,0.979,50.8,50.8,96.6,96.6,0.0018,0.4361,godot_parity_session,2026-08-15T00:00:00Z,60,PHY-010,res://scenes/tracks/test_field/la_chutana_generated.tscn,VehicleRigidBody,res://scenes/vehicles/f1_94/f1_94.tscn,res://addons/formula90s/scripts/f1_94_rust_vehicle.gd,1,{}
7733,98.54,15063.3,2,1.0,0.0,0.0,-0.004,1.117,0.979,50.8,50.9,96.7,96.7,0.0018,0.4417,godot_parity_session,2026-08-15T00:00:00Z,60,PHY-010,res://scenes/tracks/test_field/la_chutana_generated.tscn,VehicleRigidBody,res://scenes/vehicles/f1_94/f1_94.tscn,res://addons/formula90s/scripts/f1_94_rust_vehicle.gd,1,{}
7750,98.78,15137.9,2,1.0,0.0,0.0,-0.004,1.118,0.979,50.9,50.9,96.8,96.8,0.0018,0.4430,godot_parity_session,2026-08-15T00:00:00Z,60,PHY-010,res://scenes/tracks/test_field/la_chutana_generated.tscn,VehicleRigidBody,res://scenes/vehicles/f1_94/f1_94.tscn,res://addons/formula90s/scripts/f1_94_rust_vehicle.gd,1,{}
7766,99.02,15212.0,2,1.0,0.0,0.0,-0.004,1.119,0.979,50.9,51.0,96.9,96.9,0.0018,0.4484,godot_parity_session,2026-08-15T00:00:00Z,60,PHY-010,res://scenes/tracks/test_field/la_chutana_generated.tscn,VehicleRigidBody,res://scenes/vehicles/f1_94/f1_94.tscn,res://addons/formula90s/scripts/f1_94_rust_vehicle.gd,1,{}
7783,99.26,15285.6,2,1.0,0.0,0.0,-0.004,1.119,0.979,51.0,51.1,97.0,97.0,0.0018,0.4497,godot_parity_session,2026-08-15T00:00:00Z,60,PHY-010,res://scenes/tracks/test_field/la_chutana_generated.tscn,VehicleRigidBody,res://scenes/vehicles/f1_94/f1_94.tscn,res://addons/formula90s/scripts/f1_94_rust_vehicle.gd,1,{}
7800,99.51,15358.7,2,1.0,0.0,0.0,-0.004,1.120,0.979,51.1,51.1,97.1,97.1,0.0018,0.4549,godot_parity_session,2026-08-15T00:00:00Z,60,PHY-010,res://scenes/tracks/test_field/la_chutana_generated.tscn,VehicleRigidBody,res://scenes/vehicles/f1_94/f1_94.tscn,res://addons/formula90s/scripts/f1_94_rust_vehicle.gd,1,{}
7816,99.75,15431.3,2,1.0,0.0,0.0,-0.005,1.121,0.979,51.1,51.2,97.2,97.2,0.0017,0.4561,godot_parity_session,2026-08-15T00:00:00Z,60,PHY-010,res://scenes/tracks/test_field/la_chutana_generated.tscn,VehicleRigidBody,res://scenes/vehicles/f1_94/f1_94.tscn,res://addons/formula90s/scripts/f1_94_rust_vehicle.gd,1,{}
7833,99.99,15503.4,2,1.0,0.0,0.0,-0.005,1.121,0.979,51.2,51.2,97.2,97.3,0.0017,0.4611,godot_parity_session,2026-08-15T00:00:00Z,60,PHY-010,res://scenes/tracks/test_field/la_chutana_generated.tscn,VehicleRigidBody,res://scenes/vehicles/f1_94/f1_94.tscn,res://addons/formula90s/scripts/f1_94_rust_vehicle.gd,1,{}
7850,100.23,15575.0,2,1.0,0.0,0.0,-0.005,1.122,0.979,51.2,51.3,97.3,97.4,0.0017,0.4623,godot_parity_session,2026-08-15T00:00:00Z,60,PHY-010,res://scenes/tracks/test_field/la_chutana_generated.tscn,VehicleRigidBody,res://scenes/vehicles/f1_94/f1_94.tscn,res://addons/formula90s/scripts/f1_94_rust_vehicle.gd,1,{}
7866,100.47,15646.1,2,1.0,0.0,0.0,-0.006,1.123,0.979,51.3,51.4,97.4,97.5,0.0017,0.4670,godot_parity_session,2026-08-15T00:00:00Z,60,PHY-010,res://scenes/tracks/test_field/la_chutana_generated.tscn,VehicleRigidBody,res://scenes/vehicles/f1_94/f1_94.tscn,res://addons/formula90s/scripts/f1_94_rust_vehicle.gd,1,{}
7883,100.71,15716.7,2,1.0,0.0,0.0,-0.006,1.123,0.979,51.3,51.4,97.5,97.6,0.0017,0.4682,godot_parity_session,2026-08-15T00:00:00Z,60,PHY-010,res://scenes/tracks/test_field/la_chutana_generated.tscn,VehicleRigidBody,res://scenes/vehicles/f1_94/f1_94.tscn,res://addons/formula90s/scripts/f1_94_rust_vehicle.gd,1,{}
7900,100.95,15786.8,2,1.0,0.0,0.0,-0.006,1.124,0.979,51.4,51.5,97.6,97.7,0.0017,0.4728,godot_parity_session,2026-08-15T00:00:00Z,60,PHY-010,res://scenes/tracks/test_field/la_chutana_generated.tscn,VehicleRigidBody,res://scenes/vehicles/f1_94/f1_94.tscn,res://addons/formula90s/scripts/f1_94_rust_vehicle.gd,1,{}
7916,101.19,15856.4,2,1.0,0.0,0.0,-0.007,1.125,0.979,51.5,51.5,97.7,97.8,0.0017,0.4740,godot_parity_session,2026-08-15T00:00:00Z,60,PHY-010,res://scenes/tracks/test_field/la_chutana_generated.tscn,VehicleRigidBody,res://scenes/vehicles/f1_94/f1_94.tscn,res://addons/formula90s/scripts/f1_94_rust_vehicle.gd,1,{}
7933,101.44,15925.5,2,1.0,0.0,0.0,-0.007,1.125,0.979,51.5,51.6,97.8,97.9,0.0017,0.4783,godot_parity_session,2026-08-15T00:00:00Z,60,PHY-010,res://scenes/tracks/test_field/la_chutana_generated.tscn,VehicleRigidBody,res://scenes/vehicles/f1_94/f1_94.tscn,res://addons/formula90s/scripts/f1_94_rust_vehicle.gd,1,{}
7950,101.68,15994.2,2,1.0,0.0,0.0,-0.008,1.126,0.979,51.6,51.7,97.9,98.0,0.0017,0.4795,godot_parity_session,2026-08-15T00:00:00Z,60,PHY-010,res://scenes/tracks/test_field/la_chutana_generated.tscn,VehicleRigidBody,res://scenes/vehicles/f1_94/f1_94.tscn,res://addons/formula90s/scripts/f1_94_rust_vehicle.gd,1,{}
7966,101.92,16062.4,2,1.0,0.0,0.0,-0.008,1.126,0.979,51.6,51.7,98.0,98.1,0.0017,0.4836,godot_parity_session,2026-08-15T00:00:00Z,60,PHY-010,res://scenes/tracks/test_field/la_chutana_generated.tscn,VehicleRigidBody,res://scenes/vehicles/f1_94/f1_94.tscn,res://addons/formula90s/scripts/f1_94_rust_vehicle.gd,1,{}
7983,102.16,16130.1,2,1.0,0.0,0.0,-0.009,1.127,0.979,51.7,51.8,98.0,98.2,0.0017,0.4848,godot_parity_session,2026-08-15T00:00:00Z,60,PHY-010,res://scenes/tracks/test_field/la_chutana_generated.tscn,VehicleRigidBody,res://scenes/vehicles/f1_94/f1_94.tscn,res://addons/formula90s/scripts/f1_94_rust_vehicle.gd,1,{}
8000,102.40,16197.3,2,1.0,0.0,0.0,-0.009,1.128,0.979,51.7,51.8,98.1,98.3,0.0017,0.4886,godot_parity_session,2026-08-15T00:00:00Z,60,PHY-010,res://scenes/tracks/test_field/la_chutana_generated.tscn,VehicleRigidBody,res://scenes/vehicles/f1_94/f1_94.tscn,res://addons/formula90s/scripts/f1_94_rust_vehicle.gd,1,{}
8016,102.64,16264.1,2,1.0,0.0,0.0,-0.010,1.128,0.979,51.8,51.9,98.2,98.3,0.0017,0.4899,godot_parity_session,2026-08-15T00:00:00Z,60,PHY-010,res://scenes/tracks/test_field/la_chutana_generated.tscn,VehicleRigidBody,res://scenes/vehicles/f1_94/f1_94.tscn,res://addons/formula90s/scripts/f1_94_rust_vehicle.gd,1,{}
8033,102.88,16330.4,2,1.0,0.0,0.0,-0.010,1.129,0.979,51.8,52.0,98.3,98.4,0.0017,0.4934,godot_parity_session,2026-08-15T00:00:00Z,60,PHY-010,res://scenes/tracks/test_field/la_chutana_generated.tscn,VehicleRigidBody,res://scenes/vehicles/f1_94/f1_94.tscn,res://addons/formula90s/scripts/f1_94_rust_vehicle.gd,1,{}
8050,103.12,16396.2,2,1.0,0.0,0.0,-0.011,1.129,0.979,51.9,52.0,98.4,98.5,0.0017,0.4948,godot_parity_session,2026-08-15T00:00:00Z,60,PHY-010,res://scenes/tracks/test_field/la_chutana_generated.tscn,VehicleRigidBody,res://scenes/vehicles/f1_94/f1_94.tscn,res://addons/formula90s/scripts/f1_94_rust_vehicle.gd,1,{}
8066,103.36,16461.6,2,1.0,0.0,0.0,-0.011,1.130,0.979,51.9,52.1,98.5,98.6,0.0017,0.4981,godot_parity_session,2026-08-15T00:00:00Z,60,PHY-010,res://scenes/tracks/test_field/la_chutana_generated.tscn,VehicleRigidBody,res://scenes/vehicles/f1_94/f1_94.tscn,res://addons/formula90s/scripts/f1_94_rust_vehicle.gd,1,{}
8083,103.60,16526.5,2,1.0,0.0,0.0,-0.012,1.130,0.979,52.0,52.2,98.6,98.7,0.0017,0.4995,godot_parity_session,2026-08-15T00:00:00Z,60,PHY-010,res://scenes/tracks/test_field/la_chutana_generated.tscn,VehicleRigidBody,res://scenes/vehicles/f1_94/f1_94.tscn,res://addons/formula90s/scripts/f1_94_rust_vehicle.gd,1,{}
8100,103.85,16526.5,2,1.0,0.0,0.0,-0.013,1.131,0.979,52.0,52.2,98.6,98.8,0.0017,0.4733,godot_parity_session,2026-08-15T00:00:00Z,60,PHY-010,res://scenes/tracks/test_field/la_chutana_generated.tscn,VehicleRigidBody,res://scenes/vehicles/f1_94/f1_94.tscn,res://addons/formula90s/scripts/f1_94_rust_vehicle.gd,1,{}
8116,104.09,16526.5,2,1.0,0.0,0.0,-0.014,1.131,0.979,52.1,52.3,98.7,98.9,0.0016,0.4472,godot_parity_session,2026-08-15T00:00:00Z,60,PHY-010,res://scenes/tracks/test_field/la_chutana_generated.tscn,VehicleRigidBody,res://scenes/vehicles/f1_94/f1_94.tscn,res://addons/formula90s/scripts/f1_94_rust_vehicle.gd,1,{}
8133,104.33,16526.5,2,1.0,0.0,0.0,-0.015,1.132,0.979,52.1,52.3,98.8,99.0,0.0016,0.4216,godot_parity_session,2026-08-15T00:00:00Z,60,PHY-010,res://scenes/tracks/test_field/la_chutana_generated.tscn,VehicleRigidBody,res://scenes/vehicles/f1_94/f1_94.tscn,res://addons/formula90s/scripts/f1_94_rust_vehicle.gd,1,{}
8150,104.57,16526.5,2,1.0,0.0,0.0,-0.016,1.132,0.979,52.2,52.4,98.9,99.1,0.0016,0.3979,godot_parity_session,2026-08-15T00:00:00Z,60,PHY-010,res://scenes/tracks/test_field/la_chutana_generated.tscn,VehicleRigidBody,res://scenes/vehicles/f1_94/f1_94.tscn,res://addons/formula90s/scripts/f1_94_rust_vehicle.gd,1,{}
8166,104.81,16526.5,2,1.0,0.0,0.0,-0.018,1.132,0.979,52.2,52.5,99.0,99.2,0.0016,0.3745,godot_parity_session,2026-08-15T00:00:00Z,60,PHY-010,res://scenes/tracks/test_field/la_chutana_generated.tscn,VehicleRigidBody,res://scenes/vehicles/f1_94/f1_94.tscn,res://addons/formula90s/scripts/f1_94_rust_vehicle.gd,1,{}
8183,105.05,16526.5,2,1.0,0.0,0.0,-0.019,1.133,0.979,52.3,52.5,99.0,99.3,0.0016,0.3511,godot_parity_session,2026-08-15T00:00:00Z,60,PHY-010,res://scenes/tracks/test_field/la_chutana_generated.tscn,VehicleRigidBody,res://scenes/vehicles/f1_94/f1_94.tscn,res://addons/formula90s/scripts/f1_94_rust_vehicle.gd,1,{}
8200,105.29,16526.5,2,1.0,0.0,0.0,-0.021,1.133,0.979,52.3,52.6,99.1,99.4,0.0016,0.3279,godot_parity_session,2026-08-15T00:00:00Z,60,PHY-010,res://scenes/tracks/test_field/la_chutana_generated.tscn,VehicleRigidBody,res://scenes/vehicles/f1_94/f1_94.tscn,res://addons/formula90s/scripts/f1_94_rust_vehicle.gd,1,{}
8216,105.53,16526.5,2,1.0,0.0,0.0,-0.023,1.133,0.979,52.4,52.7,99.2,99.5,0.0016,0.3048,godot_parity_session,2026-08-15T00:00:00Z,60,PHY-010,res://scenes/tracks/test_field/la_chutana_generated.tscn,VehicleRigidBody,res://scenes/vehicles/f1_94/f1_94.tscn,res://addons/formula90s/scripts/f1_94_rust_vehicle.gd,1,{}
8233,105.77,16526.5,2,1.0,0.0,0.0,-0.025,1.133,0.979,52.4,52.7,99.3,99.6,0.0016,0.2818,godot_parity_session,2026-08-15T00:00:00Z,60,PHY-010,res://scenes/tracks/test_field/la_chutana_generated.tscn,VehicleRigidBody,res://scenes/vehicles/f1_94/f1_94.tscn,res://addons/formula90s/scripts/f1_94_rust_vehicle.gd,1,{}
8250,106.01,16526.5,2,1.0,0.0,0.0,-0.027,1.133,0.979,52.5,52.8,99.3,99.7,0.0016,0.2588,godot_parity_session,2026-08-15T00:00:00Z,60,PHY-010,res://scenes/tracks/test_field/la_chutana_generated.tscn,VehicleRigidBody,res://scenes/vehicles/f1_94/f1_94.tscn,res://addons/formula90s/scripts/f1_94_rust_vehicle.gd,1,{}
8266,106.25,16526.5,2,1.0,0.0,0.0,-0.029,1.133,0.979,52.5,52.9,99.4,99.7,0.0016,0.2360,godot_parity_session,2026-08-15T00:00:00Z,60,PHY-010,res://scenes/tracks/test_field/la_chutana_generated.tscn,VehicleRigidBody,res://scenes/vehicles/f1_94/f1_94.tscn,res://addons/formula90s/scripts/f1_94_rust_vehicle.gd,1,{}
8283,106.49,16526.5,2,1.0,0.0,0.0,-0.032,1.133,0.978,52.6,52.9,99.5,99.8,0.0016,0.2132,godot_parity_session,2026-08-15T00:00:00Z,60,PHY-010,res://scenes/tracks/test_field/la_chutana_generated.tscn,VehicleRigidBody,res://scenes/vehicles/f1_94/f1_94.tscn,res://addons/formula90s/scripts/f1_94_rust_vehicle.gd,1,{}
8300,106.73,16526.5,2,1.0,0.0,0.0,-0.035,1.133,0.978,52.6,53.0,99.6,99.9,0.0016,0.1905,godot_parity_session,2026-08-15T00:00:00Z,60,PHY-010,res://scenes/tracks/test_field/la_chutana_generated.tscn,VehicleRigidBody,res://scenes/vehicles/f1_94/f1_94.tscn,res://addons/formula90s/scripts/f1_94_rust_vehicle.gd,1,{}
8316,106.97,16526.5,2,1.0,0.0,0.0,-0.038,1.132,0.978,52.7,53.1,99.6,100.0,0.0016,0.1680,godot_parity_session,2026-08-15T00:00:00Z,60,PHY-010,res://scenes/tracks/test_field/la_chutana_generated.tscn,VehicleRigidBody,res://scenes/vehicles/f1_94/f1_94.tscn,res://addons/formula90s/scripts/f1_94_rust_vehicle.gd,1,{}
8333,107.21,16526.5,2,1.0,0.0,0.0,-0.042,1.132,0.978,52.7,53.2,99.7,100.1,0.0016,0.1455,godot_parity_session,2026-08-15T00:00:00Z,60,PHY-010,res://scenes/tracks/test_field/la_chutana_generated.tscn,VehicleRigidBody,res://scenes/vehicles/f1_94/f1_94.tscn,res://addons/formula90s/scripts/f1_94_rust_vehicle.gd,1,{}
8350,107.44,10096.9,3,1.0,0.0,0.0,-0.043,1.132,0.978,52.7,53.2,99.8,100.2,0.0016,0.1407,godot_parity_session,2026-08-15T00:00:00Z,60,PHY-010,res://scenes/tracks/test_field/la_chutana_generated.tscn,VehicleRigidBody,res://scenes/vehicles/f1_94/f1_94.tscn,res://addons/formula90s/scripts/f1_94_rust_vehicle.gd,1,{}
8366,107.68,10152.6,3,1.0,0.0,0.0,-0.044,1.132,0.978,52.8,53.3,99.8,100.3,0.0015,0.1391,godot_parity_session,2026-08-15T00:00:00Z,60,PHY-010,res://scenes/tracks/test_field/la_chutana_generated.tscn,VehicleRigidBody,res://scenes/vehicles/f1_94/f1_94.tscn,res://addons/formula90s/scripts/f1_94_rust_vehicle.gd,1,{}
8383,107.92,10208.1,3,1.0,0.0,0.0,-0.042,1.132,0.978,52.8,53.4,99.9,100.4,0.0015,0.1423,godot_parity_session,2026-08-15T00:00:00Z,60,PHY-010,res://scenes/tracks/test_field/la_chutana_generated.tscn,VehicleRigidBody,res://scenes/vehicles/f1_94/f1_94.tscn,res://addons/formula90s/scripts/f1_94_rust_vehicle.gd,1,{}
8400,108.16,10263.2,3,1.0,0.0,0.0,-0.046,1.132,0.978,52.9,53.5,100.0,100.5,0.0015,0.1363,godot_parity_session,2026-08-15T00:00:00Z,60,PHY-010,res://scenes/tracks/test_field/la_chutana_generated.tscn,VehicleRigidBody,res://scenes/vehicles/f1_94/f1_94.tscn,res://addons/formula90s/scripts/f1_94_rust_vehicle.gd,1,{}
8416,108.39,10318.1,3,1.0,0.0,0.0,-0.042,1.132,0.978,52.9,53.6,100.0,100.6,0.0015,0.1355,godot_parity_session,2026-08-15T00:00:00Z,60,PHY-010,res://scenes/tracks/test_field/la_chutana_generated.tscn,VehicleRigidBody,res://scenes/vehicles/f1_94/f1_94.tscn,res://addons/formula90s/scripts/f1_94_rust_vehicle.gd,1,{}
8433,108.63,10372.6,3,1.0,0.0,0.0,-0.046,1.133,0.978,53.0,53.6,100.1,100.7,0.0015,0.1308,godot_parity_session,2026-08-15T00:00:00Z,60,PHY-010,res://scenes/tracks/test_field/la_chutana_generated.tscn,VehicleRigidBody,res://scenes/vehicles/f1_94/f1_94.tscn,res://addons/formula90s/scripts/f1_94_rust_vehicle.gd,1,{}
8450,108.87,10426.8,3,1.0,0.0,0.0,-0.042,1.133,0.978,53.0,53.7,100.1,100.8,0.0015,0.1299,godot_parity_session,2026-08-15T00:00:00Z,60,PHY-010,res://scenes/tracks/test_field/la_chutana_generated.tscn,VehicleRigidBody,res://scenes/vehicles/f1_94/f1_94.tscn,res://addons/formula90s/scripts/f1_94_rust_vehicle.gd,1,{}
8466,109.11,10480.6,3,1.0,0.0,0.0,-0.046,1.133,0.978,53.1,53.8,100.2,100.9,0.0015,0.1264,godot_parity_session,2026-08-15T00:00:00Z,60,PHY-010,res://scenes/tracks/test_field/la_chutana_generated.tscn,VehicleRigidBody,res://scenes/vehicles/f1_94/f1_94.tscn,res://addons/formula90s/scripts/f1_94_rust_vehicle.gd,1,{}
8483,109.34,10533.9,3,1.0,0.0,0.0,-0.041,1.133,0.978,53.1,53.9,100.3,101.0,0.0015,0.1255,godot_parity_session,2026-08-15T00:00:00Z,60,PHY-010,res://scenes/tracks/test_field/la_chutana_generated.tscn,VehicleRigidBody,res://scenes/vehicles/f1_94/f1_94.tscn,res://addons/formula90s/scripts/f1_94_rust_vehicle.gd,1,{}
8500,109.58,10586.7,3,1.0,0.0,0.0,-0.045,1.134,0.978,53.2,54.0,100.4,101.1,0.0015,0.1233,godot_parity_session,2026-08-15T00:00:00Z,60,PHY-010,res://scenes/tracks/test_field/la_chutana_generated.tscn,VehicleRigidBody,res://scenes/vehicles/f1_94/f1_94.tscn,res://addons/formula90s/scripts/f1_94_rust_vehicle.gd,1,{}
8516,109.82,10638.5,3,1.0,0.0,0.0,-0.040,1.134,0.978,53.2,54.0,100.4,101.2,0.0015,0.1224,godot_parity_session,2026-08-15T00:00:00Z,60,PHY-010,res://scenes/tracks/test_field/la_chutana_generated.tscn,VehicleRigidBody,res://scenes/vehicles/f1_94/f1_94.tscn,res://addons/formula90s/scripts/f1_94_rust_vehicle.gd,1,{}
8533,110.05,10689.3,3,1.0,0.0,0.0,-0.044,1.135,0.978,53.3,54.1,100.5,101.3,0.0015,0.1213,godot_parity_session,2026-08-15T00:00:00Z,60,PHY-010,res://scenes/tracks/test_field/la_chutana_generated.tscn,VehicleRigidBody,res://scenes/vehicles/f1_94/f1_94.tscn,res://addons/formula90s/scripts/f1_94_rust_vehicle.gd,1,{}
8550,110.29,10738.7,3,1.0,0.0,0.0,-0.038,1.135,0.978,53.3,54.2,100.6,101.4,0.0015,0.1206,godot_parity_session,2026-08-15T00:00:00Z,60,PHY-010,res://scenes/tracks/test_field/la_chutana_generated.tscn,VehicleRigidBody,res://scenes/vehicles/f1_94/f1_94.tscn,res://addons/formula90s/scripts/f1_94_rust_vehicle.gd,1,{}
8566,110.53,10786.4,3,1.0,0.0,0.0,-0.042,1.136,0.978,53.4,54.2,100.6,101.4,0.0015,0.1209,godot_parity_session,2026-08-15T00:00:00Z,60,PHY-010,res://scenes/tracks/test_field/la_chutana_generated.tscn,VehicleRigidBody,res://scenes/vehicles/f1_94/f1_94.tscn,res://addons/formula90s/scripts/f1_94_rust_vehicle.gd,1,{}
8583,110.76,10829.7,3,1.0,0.0,0.0,-0.035,1.136,0.978,53.5,54.3,100.7,101.5,0.0015,0.1214,godot_parity_session,2026-08-15T00:00:00Z,60,PHY-010,res://scenes/tracks/test_field/la_chutana_generated.tscn,VehicleRigidBody,res://scenes/vehicles/f1_94/f1_94.tscn,res://addons/formula90s/scripts/f1_94_rust_vehicle.gd,1,{}
8600,111.00,10870.4,3,1.0,0.0,0.0,-0.040,1.137,0.978,53.5,54.4,100.8,101.6,0.0015,0.1236,godot_parity_session,2026-08-15T00:00:00Z,60,PHY-010,res://scenes/tracks/test_field/la_chutana_generated.tscn,VehicleRigidBody,res://scenes/vehicles/f1_94/f1_94.tscn,res://addons/formula90s/scripts/f1_94_rust_vehicle.gd,1,{}
8616,111.24,10910.5,3,1.0,0.0,0.0,-0.033,1.138,0.978,53.6,54.5,100.9,101.7,0.0015,0.1242,godot_parity_session,2026-08-15T00:00:00Z,60,PHY-010,res://scenes/tracks/test_field/la_chutana_generated.tscn,VehicleRigidBody,res://scenes/vehicles/f1_94/f1_94.tscn,res://addons/formula90s/scripts/f1_94_rust_vehicle.gd,1,{}
8633,111.47,10950.5,3,1.0,0.0,0.0,-0.037,1.138,0.978,53.7,54.5,101.0,101.8,0.0015,0.1270,godot_parity_session,2026-08-15T00:00:00Z,60,PHY-010,res://scenes/tracks/test_field/la_chutana_generated.tscn,VehicleRigidBody,res://scenes/vehicles/f1_94/f1_94.tscn,res://addons/formula90s/scripts/f1_94_rust_vehicle.gd,1,{}
8650,111.71,10990.6,3,1.0,0.0,0.0,-0.031,1.139,0.978,53.7,54.6,101.0,101.9,0.0015,0.1272,godot_parity_session,2026-08-15T00:00:00Z,60,PHY-010,res://scenes/tracks/test_field/la_chutana_generated.tscn,VehicleRigidBody,res://scenes/vehicles/f1_94/f1_94.tscn,res://addons/formula90s/scripts/f1_94_rust_vehicle.gd,1,{}
8666,111.95,11030.9,3,1.0,0.0,0.0,-0.035,1.140,0.978,53.8,54.6,101.1,101.9,0.0014,0.1305,godot_parity_session,2026-08-15T00:00:00Z,60,PHY-010,res://scenes/tracks/test_field/la_chutana_generated.tscn,VehicleRigidBody,res://scenes/vehicles/f1_94/f1_94.tscn,res://addons/formula90s/scripts/f1_94_rust_vehicle.gd,1,{}
8683,112.18,11071.3,3,1.0,0.0,0.0,-0.029,1.141,0.978,53.8,54.7,101.2,102.0,0.0015,0.1303,godot_parity_session,2026-08-15T00:00:00Z,60,PHY-010,res://scenes/tracks/test_field/la_chutana_generated.tscn,VehicleRigidBody,res://scenes/vehicles/f1_94/f1_94.tscn,res://addons/formula90s/scripts/f1_94_rust_vehicle.gd,1,{}
8700,112.42,11111.8,3,1.0,0.0,0.0,-0.033,1.142,0.978,53.9,54.8,101.3,102.1,0.0014,0.1340,godot_parity_session,2026-08-15T00:00:00Z,60,PHY-010,res://scenes/tracks/test_field/la_chutana_generated.tscn,VehicleRigidBody,res://scenes/vehicles/f1_94/f1_94.tscn,res://addons/formula90s/scripts/f1_94_rust_vehicle.gd,1,{}
8716,112.66,11152.5,3,1.0,0.0,0.0,-0.028,1.142,0.978,54.0,54.8,101.4,102.2,0.0014,0.1334,godot_parity_session,2026-08-15T00:00:00Z,60,PHY-010,res://scenes/tracks/test_field/la_chutana_generated.tscn,VehicleRigidBody,res://scenes/vehicles/f1_94/f1_94.tscn,res://addons/formula90s/scripts/f1_94_rust_vehicle.gd,1,{}
8733,112.89,11193.4,3,1.0,0.0,0.0,-0.031,1.143,0.978,54.0,54.9,101.5,102.3,0.0014,0.1376,godot_parity_session,2026-08-15T00:00:00Z,60,PHY-010,res://scenes/tracks/test_field/la_chutana_generated.tscn,VehicleRigidBody,res://scenes/vehicles/f1_94/f1_94.tscn,res://addons/formula90s/scripts/f1_94_rust_vehicle.gd,1,{}
8750,113.13,11234.4,3,1.0,0.0,0.0,-0.027,1.144,0.978,54.1,54.9,101.5,102.4,0.0014,0.1366,godot_parity_session,2026-08-15T00:00:00Z,60,PHY-010,res://scenes/tracks/test_field/la_chutana_generated.tscn,VehicleRigidBody,res://scenes/vehicles/f1_94/f1_94.tscn,res://addons/formula90s/scripts/f1_94_rust_vehicle.gd,1,{}
8766,113.37,11275.6,3,1.0,0.0,0.0,-0.030,1.145,0.978,54.2,55.0,101.6,102.4,0.0014,0.1411,godot_parity_session,2026-08-15T00:00:00Z,60,PHY-010,res://scenes/tracks/test_field/la_chutana_generated.tscn,VehicleRigidBody,res://scenes/vehicles/f1_94/f1_94.tscn,res://addons/formula90s/scripts/f1_94_rust_vehicle.gd,1,{}
8783,113.60,11317.0,3,1.0,0.0,0.0,-0.026,1.146,0.978,54.2,55.1,101.7,102.5,0.0014,0.1398,godot_parity_session,2026-08-15T00:00:00Z,60,PHY-010,res://scenes/tracks/test_field/la_chutana_generated.tscn,VehicleRigidBody,res://scenes/vehicles/f1_94/f1_94.tscn,res://addons/formula90s/scripts/f1_94_rust_vehicle.gd,1,{}
8800,113.84,11358.5,3,1.0,0.0,0.0,-0.029,1.146,0.978,54.3,55.1,101.8,102.6,0.0014,0.1447,godot_parity_session,2026-08-15T00:00:00Z,60,PHY-010,res://scenes/tracks/test_field/la_chutana_generated.tscn,VehicleRigidBody,res://scenes/vehicles/f1_94/f1_94.tscn,res://addons/formula90s/scripts/f1_94_rust_vehicle.gd,1,{}
8816,114.08,11400.2,3,1.0,0.0,0.0,-0.025,1.147,0.978,54.4,55.2,101.9,102.7,0.0014,0.1431,godot_parity_session,2026-08-15T00:00:00Z,60,PHY-010,res://scenes/tracks/test_field/la_chutana_generated.tscn,VehicleRigidBody,res://scenes/vehicles/f1_94/f1_94.tscn,res://addons/formula90s/scripts/f1_94_rust_vehicle.gd,1,{}
8833,114.32,11442.1,3,1.0,0.0,0.0,-0.028,1.148,0.978,54.4,55.2,102.0,102.8,0.0014,0.1483,godot_parity_session,2026-08-15T00:00:00Z,60,PHY-010,res://scenes/tracks/test_field/la_chutana_generated.tscn,VehicleRigidBody,res://scenes/vehicles/f1_94/f1_94.tscn,res://addons/formula90s/scripts/f1_94_rust_vehicle.gd,1,{}
8850,114.55,11484.1,3,1.0,0.0,0.0,-0.024,1.149,0.978,54.5,55.3,102.1,102.9,0.0014,0.1464,godot_parity_session,2026-08-15T00:00:00Z,60,PHY-010,res://scenes/tracks/test_field/la_chutana_generated.tscn,VehicleRigidBody,res://scenes/vehicles/f1_94/f1_94.tscn,res://addons/formula90s/scripts/f1_94_rust_vehicle.gd,1,{}
8866,114.79,11526.3,3,1.0,0.0,0.0,-0.028,1.149,0.978,54.5,55.3,102.2,102.9,0.0014,0.1519,godot_parity_session,2026-08-15T00:00:00Z,60,PHY-010,res://scenes/tracks/test_field/la_chutana_generated.tscn,VehicleRigidBody,res://scenes/vehicles/f1_94/f1_94.tscn,res://addons/formula90s/scripts/f1_94_rust_vehicle.gd,1,{}
8883,115.03,11568.7,3,1.0,0.0,0.0,-0.024,1.150,0.978,54.6,55.4,102.3,103.0,0.0014,0.1498,godot_parity_session,2026-08-15T00:00:00Z,60,PHY-010,res://scenes/tracks/test_field/la_chutana_generated.tscn,VehicleRigidBody,res://scenes/vehicles/f1_94/f1_94.tscn,res://addons/formula90s/scripts/f1_94_rust_vehicle.gd,1,{}
8900,115.26,11611.2,3,1.0,0.0,0.0,-0.027,1.151,0.978,54.7,55.4,102.4,103.1,0.0014,0.1556,godot_parity_session,2026-08-15T00:00:00Z,60,PHY-010,res://scenes/tracks/test_field/la_chutana_generated.tscn,VehicleRigidBody,res://scenes/vehicles/f1_94/f1_94.tscn,res://addons/formula90s/scripts/f1_94_rust_vehicle.gd,1,{}
8916,115.50,11653.9,3,1.0,0.0,0.0,-0.024,1.152,0.978,54.7,55.5,102.5,103.2,0.0014,0.1532,godot_parity_session,2026-08-15T00:00:00Z,60,PHY-010,res://scenes/tracks/test_field/la_chutana_generated.tscn,VehicleRigidBody,res://scenes/vehicles/f1_94/f1_94.tscn,res://addons/formula90s/scripts/f1_94_rust_vehicle.gd,1,{}
8933,115.74,11696.8,3,1.0,0.0,0.0,-0.027,1.152,0.978,54.8,55.6,102.6,103.3,0.0014,0.1593,godot_parity_session,2026-08-15T00:00:00Z,60,PHY-010,res://scenes/tracks/test_field/la_chutana_generated.tscn,VehicleRigidBody,res://scenes/vehicles/f1_94/f1_94.tscn,res://addons/formula90s/scripts/f1_94_rust_vehicle.gd,1,{}
8950,115.97,11739.9,3,1.0,0.0,0.0,-0.023,1.153,0.978,54.9,55.6,102.6,103.4,0.0014,0.1566,godot_parity_session,2026-08-15T00:00:00Z,60,PHY-010,res://scenes/tracks/test_field/la_chutana_generated.tscn,VehicleRigidBody,res://scenes/vehicles/f1_94/f1_94.tscn,res://addons/formula90s/scripts/f1_94_rust_vehicle.gd,1,{}
8966,116.21,11783.1,3,1.0,0.0,0.0,-0.026,1.154,0.978,54.9,55.7,102.7,103.4,0.0014,0.1630,godot_parity_session,2026-08-15T00:00:00Z,60,PHY-010,res://scenes/tracks/test_field/la_chutana_generated.tscn,VehicleRigidBody,res://scenes/vehicles/f1_94/f1_94.tscn,res://addons/formula90s/scripts/f1_94_rust_vehicle.gd,1,{}
8983,116.45,11826.5,3,1.0,0.0,0.0,-0.023,1.155,0.978,55.0,55.7,102.8,103.5,0.0014,0.1601,godot_parity_session,2026-08-15T00:00:00Z,60,PHY-010,res://scenes/tracks/test_field/la_chutana_generated.tscn,VehicleRigidBody,res://scenes/vehicles/f1_94/f1_94.tscn,res://addons/formula90s/scripts/f1_94_rust_vehicle.gd,1,{}
9000,116.69,11870.1,3,1.0,0.0,0.0,-0.026,1.155,0.978,55.0,55.8,102.9,103.6,0.0014,0.1668,godot_parity_session,2026-08-15T00:00:00Z,60,PHY-010,res://scenes/tracks/test_field/la_chutana_generated.tscn,VehicleRigidBody,res://scenes/vehicles/f1_94/f1_94.tscn,res://addons/formula90s/scripts/f1_94_rust_vehicle.gd,1,{}
9016,116.92,11913.9,3,1.0,0.0,0.0,-0.024,1.156,0.978,55.1,55.8,103.0,103.7,0.0014,0.1636,godot_parity_session,2026-08-15T00:00:00Z,60,PHY-010,res://scenes/tracks/test_field/la_chutana_generated.tscn,VehicleRigidBody,res://scenes/vehicles/f1_94/f1_94.tscn,res://addons/formula90s/scripts/f1_94_rust_vehicle.gd,1,{}
9033,117.16,11957.8,3,1.0,0.0,0.0,-0.027,1.157,0.977,55.2,55.9,103.1,103.8,0.0013,0.1706,godot_parity_session,2026-08-15T00:00:00Z,60,PHY-010,res://scenes/tracks/test_field/la_chutana_generated.tscn,VehicleRigidBody,res://scenes/vehicles/f1_94/f1_94.tscn,res://addons/formula90s/scripts/f1_94_rust_vehicle.gd,1,{}
9050,117.40,12002.0,3,1.0,0.0,0.0,-0.024,1.158,0.977,55.2,55.9,103.2,103.9,0.0014,0.1672,godot_parity_session,2026-08-15T00:00:00Z,60,PHY-010,res://scenes/tracks/test_field/la_chutana_generated.tscn,VehicleRigidBody,res://scenes/vehicles/f1_94/f1_94.tscn,res://addons/formula90s/scripts/f1_94_rust_vehicle.gd,1,{}
9066,117.64,12046.3,3,1.0,0.0,0.0,-0.027,1.158,0.977,55.3,56.0,103.3,104.0,0.0013,0.1745,godot_parity_session,2026-08-15T00:00:00Z,60,PHY-010,res://scenes/tracks/test_field/la_chutana_generated.tscn,VehicleRigidBody,res://scenes/vehicles/f1_94/f1_94.tscn,res://addons/formula90s/scripts/f1_94_rust_vehicle.gd,1,{}
9083,117.87,12090.8,3,1.0,0.0,0.0,-0.024,1.159,0.977,55.3,56.0,103.4,104.1,0.0013,0.1707,godot_parity_session,2026-08-15T00:00:00Z,60,PHY-010,res://scenes/tracks/test_field/la_chutana_generated.tscn,VehicleRigidBody,res://scenes/vehicles/f1_94/f1_94.tscn,res://addons/formula90s/scripts/f1_94_rust_vehicle.gd,1,{}
9100,118.11,12135.5,3,1.0,0.0,0.0,-0.027,1.160,0.977,55.4,56.1,103.5,104.2,0.0013,0.1784,godot_parity_session,2026-08-15T00:00:00Z,60,PHY-010,res://scenes/tracks/test_field/la_chutana_generated.tscn,VehicleRigidBody,res://scenes/vehicles/f1_94/f1_94.tscn,res://addons/formula90s/scripts/f1_94_rust_vehicle.gd,1,{}
9116,118.35,12180.4,3,1.0,0.0,0.0,-0.025,1.161,0.977,55.5,56.2,103.6,104.2,0.0013,0.1744,godot_parity_session,2026-08-15T00:00:00Z,60,PHY-010,res://scenes/tracks/test_field/la_chutana_generated.tscn,VehicleRigidBody,res://scenes/vehicles/f1_94/f1_94.tscn,res://addons/formula90s/scripts/f1_94_rust_vehicle.gd,1,{}
9133,118.58,12225.4,3,1.0,0.0,0.0,-0.028,1.161,0.977,55.5,56.2,103.7,104.3,0.0013,0.1823,godot_parity_session,2026-08-15T00:00:00Z,60,PHY-010,res://scenes/tracks/test_field/la_chutana_generated.tscn,VehicleRigidBody,res://scenes/vehicles/f1_94/f1_94.tscn,res://addons/formula90s/scripts/f1_94_rust_vehicle.gd,1,{}
9150,118.82,12270.7,3,1.0,0.0,0.0,-0.026,1.162,0.977,55.6,56.3,103.8,104.4,0.0013,0.1780,godot_parity_session,2026-08-15T00:00:00Z,60,PHY-010,res://scenes/tracks/test_field/la_chutana_generated.tscn,VehicleRigidBody,res://scenes/vehicles/f1_94/f1_94.tscn,res://addons/formula90s/scripts/f1_94_rust_vehicle.gd,1,{}
9166,119.06,12316.1,3,1.0,0.0,0.0,-0.028,1.163,0.977,55.6,56.3,103.9,104.5,0.0013,0.1863,godot_parity_session,2026-08-15T00:00:00Z,60,PHY-010,res://scenes/tracks/test_field/la_chutana_generated.tscn,VehicleRigidBody,res://scenes/vehicles/f1_94/f1_94.tscn,res://addons/formula90s/scripts/f1_94_rust_vehicle.gd,1,{}
9183,119.30,12361.7,3,1.0,0.0,0.0,-0.027,1.164,0.977,55.7,56.4,103.9,104.6,0.0013,0.1817,godot_parity_session,2026-08-15T00:00:00Z,60,PHY-010,res://scenes/tracks/test_field/la_chutana_generated.tscn,VehicleRigidBody,res://scenes/vehicles/f1_94/f1_94.tscn,res://addons/formula90s/scripts/f1_94_rust_vehicle.gd,1,{}
9200,119.53,12407.6,3,1.0,0.0,0.0,-0.029,1.164,0.977,55.7,56.4,104.0,104.7,0.0013,0.1903,godot_parity_session,2026-08-15T00:00:00Z,60,PHY-010,res://scenes/tracks/test_field/la_chutana_generated.tscn,VehicleRigidBody,res://scenes/vehicles/f1_94/f1_94.tscn,res://addons/formula90s/scripts/f1_94_rust_vehicle.gd,1,{}
9216,119.77,12453.6,3,1.0,0.0,0.0,-0.028,1.165,0.977,55.8,56.5,104.1,104.8,0.0013,0.1854,godot_parity_session,2026-08-15T00:00:00Z,60,PHY-010,res://scenes/tracks/test_field/la_chutana_generated.tscn,VehicleRigidBody,res://scenes/vehicles/f1_94/f1_94.tscn,res://addons/formula90s/scripts/f1_94_rust_vehicle.gd,1,{}
9233,120.01,12499.8,3,1.0,0.0,0.0,-0.030,1.166,0.977,55.9,56.6,104.2,104.9,0.0013,0.1944,godot_parity_session,2026-08-15T00:00:00Z,60,PHY-010,res://scenes/tracks/test_field/la_chutana_generated.tscn,VehicleRigidBody,res://scenes/vehicles/f1_94/f1_94.tscn,res://addons/formula90s/scripts/f1_94_rust_vehicle.gd,1,{}
9250,120.25,12546.2,3,1.0,0.0,0.0,-0.029,1.166,0.977,55.9,56.6,104.3,105.0,0.0013,0.1892,godot_parity_session,2026-08-15T00:00:00Z,60,PHY-010,res://scenes/tracks/test_field/la_chutana_generated.tscn,VehicleRigidBody,res://scenes/vehicles/f1_94/f1_94.tscn,res://addons/formula90s/scripts/f1_94_rust_vehicle.gd,1,{}
9266,120.48,12592.8,3,1.0,0.0,0.0,-0.032,1.167,0.977,56.0,56.7,104.4,105.1,0.0013,0.1985,godot_parity_session,2026-08-15T00:00:00Z,60,PHY-010,res://scenes/tracks/test_field/la_chutana_generated.tscn,VehicleRigidBody,res://scenes/vehicles/f1_94/f1_94.tscn,res://addons/formula90s/scripts/f1_94_rust_vehicle.gd,1,{}
9283,120.72,12639.6,3,1.0,0.0,0.0,-0.030,1.168,0.977,56.0,56.7,104.5,105.2,0.0013,0.1930,godot_parity_session,2026-08-15T00:00:00Z,60,PHY-010,res://scenes/tracks/test_field/la_chutana_generated.tscn,VehicleRigidBody,res://scenes/vehicles/f1_94/f1_94.tscn,res://addons/formula90s/scripts/f1_94_rust_vehicle.gd,1,{}
9300,120.96,12686.6,3,1.0,0.0,0.0,-0.033,1.169,0.977,56.1,56.8,104.6,105.3,0.0013,0.2027,godot_parity_session,2026-08-15T00:00:00Z,60,PHY-010,res://scenes/tracks/test_field/la_chutana_generated.tscn,VehicleRigidBody,res://scenes/vehicles/f1_94/f1_94.tscn,res://addons/formula90s/scripts/f1_94_rust_vehicle.gd,1,{}
9316,121.20,12733.8,3,1.0,0.0,0.0,-0.032,1.169,0.977,56.1,56.9,104.7,105.4,0.0013,0.1968,godot_parity_session,2026-08-15T00:00:00Z,60,PHY-010,res://scenes/tracks/test_field/la_chutana_generated.tscn,VehicleRigidBody,res://scenes/vehicles/f1_94/f1_94.tscn,res://addons/formula90s/scripts/f1_94_rust_vehicle.gd,1,{}
9333,121.43,12781.2,3,1.0,0.0,0.0,-0.035,1.170,0.977,56.2,56.9,104.8,105.5,0.0013,0.2069,godot_parity_session,2026-08-15T00:00:00Z,60,PHY-010,res://scenes/tracks/test_field/la_chutana_generated.tscn,VehicleRigidBody,res://scenes/vehicles/f1_94/f1_94.tscn,res://addons/formula90s/scripts/f1_94_rust_vehicle.gd,1,{}
9350,121.67,12828.8,3,1.0,0.0,0.0,-0.034,1.171,0.977,56.3,57.0,104.9,105.6,0.0013,0.2007,godot_parity_session,2026-08-15T00:00:00Z,60,PHY-010,res://scenes/tracks/test_field/la_chutana_generated.tscn,VehicleRigidBody,res://scenes/vehicles/f1_94/f1_94.tscn,res://addons/formula90s/scripts/f1_94_rust_vehicle.gd,1,{}
9366,121.91,12876.6,3,1.0,0.0,0.0,-0.037,1.172,0.977,56.3,57.1,104.9,105.7,0.0013,0.2112,godot_parity_session,2026-08-15T00:00:00Z,60,PHY-010,res://scenes/tracks/test_field/la_chutana_generated.tscn,VehicleRigidBody,res://scenes/vehicles/f1_94/f1_94.tscn,res://addons/formula90s/scripts/f1_94_rust_vehicle.gd,1,{}
9383,122.15,12924.7,3,1.0,0.0,0.0,-0.036,1.172,0.977,56.4,57.1,105.0,105.8,0.0013,0.2045,godot_parity_session,2026-08-15T00:00:00Z,60,PHY-010,res://scenes/tracks/test_field/la_chutana_generated.tscn,VehicleRigidBody,res://scenes/vehicles/f1_94/f1_94.tscn,res://addons/formula90s/scripts/f1_94_rust_vehicle.gd,1,{}
9400,122.38,12972.9,3,1.0,0.0,0.0,-0.039,1.173,0.977,56.4,57.2,105.1,105.9,0.0013,0.2156,godot_parity_session,2026-08-15T00:00:00Z,60,PHY-010,res://scenes/tracks/test_field/la_chutana_generated.tscn,VehicleRigidBody,res://scenes/vehicles/f1_94/f1_94.tscn,res://addons/formula90s/scripts/f1_94_rust_vehicle.gd,1,{}
9416,122.62,13021.3,3,1.0,0.0,0.0,-0.039,1.174,0.977,56.5,57.3,105.2,106.0,0.0013,0.2085,godot_parity_session,2026-08-15T00:00:00Z,60,PHY-010,res://scenes/tracks/test_field/la_chutana_generated.tscn,VehicleRigidBody,res://scenes/vehicles/f1_94/f1_94.tscn,res://addons/formula90s/scripts/f1_94_rust_vehicle.gd,1,{}
9433,122.86,13070.0,3,1.0,0.0,0.0,-0.042,1.174,0.977,56.5,57.3,105.3,106.1,0.0013,0.2200,godot_parity_session,2026-08-15T00:00:00Z,60,PHY-010,res://scenes/tracks/test_field/la_chutana_generated.tscn,VehicleRigidBody,res://scenes/vehicles/f1_94/f1_94.tscn,res://addons/formula90s/scripts/f1_94_rust_vehicle.gd,1,{}
9450,123.10,13118.8,3,1.0,0.0,0.0,-0.041,1.175,0.977,56.6,57.4,105.4,106.2,0.0013,0.2124,godot_parity_session,2026-08-15T00:00:00Z,60,PHY-010,res://scenes/tracks/test_field/la_chutana_generated.tscn,VehicleRigidBody,res://scenes/vehicles/f1_94/f1_94.tscn,res://addons/formula90s/scripts/f1_94_rust_vehicle.gd,1,{}
9466,123.33,13167.9,3,1.0,0.0,0.0,-0.045,1.176,0.977,56.6,57.5,105.5,106.3,0.0013,0.2244,godot_parity_session,2026-08-15T00:00:00Z,60,PHY-010,res://scenes/tracks/test_field/la_chutana_generated.tscn,VehicleRigidBody,res://scenes/vehicles/f1_94/f1_94.tscn,res://addons/formula90s/scripts/f1_94_rust_vehicle.gd,1,{}
9483,123.57,13217.1,3,1.0,0.0,0.0,-0.045,1.177,0.977,56.7,57.5,105.6,106.4,0.0012,0.2163,godot_parity_session,2026-08-15T00:00:00Z,60,PHY-010,res://scenes/tracks/test_field/la_chutana_generated.tscn,VehicleRigidBody,res://scenes/vehicles/f1_94/f1_94.tscn,res://addons/formula90s/scripts/f1_94_rust_vehicle.gd,1,{}
9500,123.81,13266.6,3,1.0,0.0,0.0,-0.048,1.177,0.977,56.7,57.6,105.6,106.5,0.0012,0.2290,godot_parity_session,2026-08-15T00:00:00Z,60,PHY-010,res://scenes/tracks/test_field/la_chutana_generated.tscn,VehicleRigidBody,res://scenes/vehicles/f1_94/f1_94.tscn,res://addons/formula90s/scripts/f1_94_rust_vehicle.gd,1,{}
9516,124.05,13316.3,3,1.0,0.0,0.0,-0.048,1.178,0.977,56.8,57.7,105.7,106.6,0.0012,0.2203,godot_parity_session,2026-08-15T00:00:00Z,60,PHY-010,res://scenes/tracks/test_field/la_chutana_generated.tscn,VehicleRigidBody,res://scenes/vehicles/f1_94/f1_94.tscn,res://addons/formula90s/scripts/f1_94_rust_vehicle.gd,1,{}
9533,124.28,13366.2,3,1.0,0.0,0.0,-0.052,1.179,0.977,56.8,57.7,105.8,106.7,0.0012,0.2336,godot_parity_session,2026-08-15T00:00:00Z,60,PHY-010,res://scenes/tracks/test_field/la_chutana_generated.tscn,VehicleRigidBody,res://scenes/vehicles/f1_94/f1_94.tscn,res://addons/formula90s/scripts/f1_94_rust_vehicle.gd,1,{}
9550,124.52,13416.4,3,1.0,0.0,0.0,-0.052,1.180,0.977,56.9,57.8,105.9,106.8,0.0012,0.2243,godot_parity_session,2026-08-15T00:00:00Z,60,PHY-010,res://scenes/tracks/test_field/la_chutana_generated.tscn,VehicleRigidBody,res://scenes/vehicles/f1_94/f1_94.tscn,res://addons/formula90s/scripts/f1_94_rust_vehicle.gd,1,{}
9566,124.76,13466.7,3,1.0,0.0,0.0,-0.056,1.180,0.977,56.9,57.9,106.0,106.9,0.0012,0.2382,godot_parity_session,2026-08-15T00:00:00Z,60,PHY-010,res://scenes/tracks/test_field/la_chutana_generated.tscn,VehicleRigidBody,res://scenes/vehicles/f1_94/f1_94.tscn,res://addons/formula90s/scripts/f1_94_rust_vehicle.gd,1,{}
9583,125.00,13517.1,3,1.0,0.0,0.0,-0.057,1.181,0.976,57.0,58.0,106.1,107.0,0.0012,0.2283,godot_parity_session,2026-08-15T00:00:00Z,60,PHY-010,res://scenes/tracks/test_field/la_chutana_generated.tscn,VehicleRigidBody,res://scenes/vehicles/f1_94/f1_94.tscn,res://addons/formula90s/scripts/f1_94_rust_vehicle.gd,1,{}
9600,125.24,13567.6,3,1.0,0.0,0.0,-0.061,1.182,0.976,57.0,58.0,106.1,107.1,0.0012,0.2429,godot_parity_session,2026-08-15T00:00:00Z,60,PHY-010,res://scenes/tracks/test_field/la_chutana_generated.tscn,VehicleRigidBody,res://scenes/vehicles/f1_94/f1_94.tscn,res://addons/formula90s/scripts/f1_94_rust_vehicle.gd,1,{}
9616,125.47,13618.0,3,1.0,0.0,0.0,-0.062,1.182,0.976,57.1,58.1,106.2,107.2,0.0012,0.2322,godot_parity_session,2026-08-15T00:00:00Z,60,PHY-010,res://scenes/tracks/test_field/la_chutana_generated.tscn,VehicleRigidBody,res://scenes/vehicles/f1_94/f1_94.tscn,res://addons/formula90s/scripts/f1_94_rust_vehicle.gd,1,{}
9633,125.71,13668.4,3,1.0,0.0,0.0,-0.066,1.183,0.976,57.1,58.2,106.3,107.4,0.0012,0.2476,godot_parity_session,2026-08-15T00:00:00Z,60,PHY-010,res://scenes/tracks/test_field/la_chutana_generated.tscn,VehicleRigidBody,res://scenes/vehicles/f1_94/f1_94.tscn,res://addons/formula90s/scripts/f1_94_rust_vehicle.gd,1,{}
9650,125.95,13718.7,3,1.0,0.0,0.0,-0.068,1.184,0.976,57.1,58.3,106.4,107.5,0.0012,0.2360,godot_parity_session,2026-08-15T00:00:00Z,60,PHY-010,res://scenes/tracks/test_field/la_chutana_generated.tscn,VehicleRigidBody,res://scenes/vehicles/f1_94/f1_94.tscn,res://addons/formula90s/scripts/f1_94_rust_vehicle.gd,1,{}
9666,126.19,13769.0,3,1.0,0.0,0.0,-0.073,1.185,0.976,57.2,58.3,106.5,107.6,0.0012,0.2521,godot_parity_session,2026-08-15T00:00:00Z,60,PHY-010,res://scenes/tracks/test_field/la_chutana_generated.tscn,VehicleRigidBody,res://scenes/vehicles/f1_94/f1_94.tscn,res://addons/formula90s/scripts/f1_94_rust_vehicle.gd,1,{}
9683,126.42,13819.3,3,1.0,0.0,0.0,-0.075,1.185,0.976,57.2,58.4,106.5,107.7,0.0012,0.2399,godot_parity_session,2026-08-15T00:00:00Z,60,PHY-010,res://scenes/tracks/test_field/la_chutana_generated.tscn,VehicleRigidBody,res://scenes/vehicles/f1_94/f1_94.tscn,res://addons/formula90s/scripts/f1_94_rust_vehicle.gd,1,{}
9700,126.66,13869.6,3,1.0,0.0,0.0,-0.080,1.186,0.976,57.3,58.5,106.6,107.8,0.0012,0.2548,godot_parity_session,2026-08-15T00:00:00Z,60,PHY-010,res://scenes/tracks/test_field/la_chutana_generated.tscn,VehicleRigidBody,res://scenes/vehicles/f1_94/f1_94.tscn,res://addons/formula90s/scripts/f1_94_rust_vehicle.gd,1,{}
9716,126.90,13919.9,3,1.0,0.0,0.0,-0.082,1.187,0.976,57.3,58.6,106.7,107.9,0.0012,0.2455,godot_parity_session,2026-08-15T00:00:00Z,60,PHY-010,res://scenes/tracks/test_field/la_chutana_generated.tscn,VehicleRigidBody,res://scenes/vehicles/f1_94/f1_94.tscn,res://addons/formula90s/scripts/f1_94_rust_vehicle.gd,1,{}
9733,127.14,13970.1,3,1.0,0.0,0.0,-0.088,1.187,0.976,57.3,58.7,106.8,108.1,0.0012,0.2594,godot_parity_session,2026-08-15T00:00:00Z,60,PHY-010,res://scenes/tracks/test_field/la_chutana_generated.tscn,VehicleRigidBody,res://scenes/vehicles/f1_94/f1_94.tscn,res://addons/formula90s/scripts/f1_94_rust_vehicle.gd,1,{}
9750,127.37,14020.3,3,1.0,0.0,0.0,-0.091,1.188,0.976,57.4,58.8,106.8,108.2,0.0012,0.2490,godot_parity_session,2026-08-15T00:00:00Z,60,PHY-010,res://scenes/tracks/test_field/la_chutana_generated.tscn,VehicleRigidBody,res://scenes/vehicles/f1_94/f1_94.tscn,res://addons/formula90s/scripts/f1_94_rust_vehicle.gd,1,{}
9766,127.61,14070.5,3,1.0,0.0,0.0,-0.097,1.189,0.976,57.4,58.9,106.9,108.3,0.0012,0.2641,godot_parity_session,2026-08-15T00:00:00Z,60,PHY-010,res://scenes/tracks/test_field/la_chutana_generated.tscn,VehicleRigidBody,res://scenes/vehicles/f1_94/f1_94.tscn,res://addons/formula90s/scripts/f1_94_rust_vehicle.gd,1,{}
9783,127.85,14120.6,3,1.0,0.0,0.0,-0.101,1.190,0.976,57.4,59.0,107.0,108.4,0.0012,0.2524,godot_parity_session,2026-08-15T00:00:00Z,60,PHY-010,res://scenes/tracks/test_field/la_chutana_generated.tscn,VehicleRigidBody,res://scenes/vehicles/f1_94/f1_94.tscn,res://addons/formula90s/scripts/f1_94_rust_vehicle.gd,1,{}
9800,128.09,14170.7,3,1.0,0.0,0.0,-0.108,1.190,0.976,57.5,59.1,107.0,108.6,0.0012,0.2689,godot_parity_session,2026-08-15T00:00:00Z,60,PHY-010,res://scenes/tracks/test_field/la_chutana_generated.tscn,VehicleRigidBody,res://scenes/vehicles/f1_94/f1_94.tscn,res://addons/formula90s/scripts/f1_94_rust_vehicle.gd,1,{}
9816,128.33,14220.8,3,1.0,0.0,0.0,-0.112,1.191,0.976,57.5,59.2,107.1,108.7,0.0012,0.2557,godot_parity_session,2026-08-15T00:00:00Z,60,PHY-010,res://scenes/tracks/test_field/la_chutana_generated.tscn,VehicleRigidBody,res://scenes/vehicles/f1_94/f1_94.tscn,res://addons/formula90s/scripts/f1_94_rust_vehicle.gd,1,{}
9833,128.56,14270.9,3,1.0,0.0,0.0,-0.119,1.192,0.976,57.5,59.3,107.2,108.8,0.0012,0.2708,godot_parity_session,2026-08-15T00:00:00Z,60,PHY-010,res://scenes/tracks/test_field/la_chutana_generated.tscn,VehicleRigidBody,res://scenes/vehicles/f1_94/f1_94.tscn,res://addons/formula90s/scripts/f1_94_rust_vehicle.gd,1,{}
9850,128.80,14320.9,3,1.0,0.0,0.0,-0.125,1.192,0.976,57.5,59.4,107.2,109.0,0.0012,0.2618,godot_parity_session,2026-08-15T00:00:00Z,60,PHY-010,res://scenes/tracks/test_field/la_chutana_generated.tscn,VehicleRigidBody,res://scenes/vehicles/f1_94/f1_94.tscn,res://addons/formula90s/scripts/f1_94_rust_vehicle.gd,1,{}
9866,129.04,14370.9,3,1.0,0.0,0.0,-0.133,1.193,0.976,57.6,59.5,107.3,109.1,0.0012,0.2756,godot_parity_session,2026-08-15T00:00:00Z,60,PHY-010,res://scenes/tracks/test_field/la_chutana_generated.tscn,VehicleRigidBody,res://scenes/vehicles/f1_94/f1_94.tscn,res://addons/formula90s/scripts/f1_94_rust_vehicle.gd,1,{}
9883,129.28,14420.9,3,1.0,0.0,0.0,-0.139,1.194,0.976,57.6,59.6,107.3,109.3,0.0012,0.2649,godot_parity_session,2026-08-15T00:00:00Z,60,PHY-010,res://scenes/tracks/test_field/la_chutana_generated.tscn,VehicleRigidBody,res://scenes/vehicles/f1_94/f1_94.tscn,res://addons/formula90s/scripts/f1_94_rust_vehicle.gd,1,{}
9900,129.51,14470.9,3,1.0,0.0,0.0,-0.148,1.194,0.976,57.6,59.7,107.4,109.4,0.0012,0.2805,godot_parity_session,2026-08-15T00:00:00Z,60,PHY-010,res://scenes/tracks/test_field/la_chutana_generated.tscn,VehicleRigidBody,res://scenes/vehicles/f1_94/f1_94.tscn,res://addons/formula90s/scripts/f1_94_rust_vehicle.gd,1,{}
9916,129.75,14520.8,3,1.0,0.0,0.0,-0.156,1.195,0.976,57.6,59.8,107.4,109.5,0.0012,0.2678,godot_parity_session,2026-08-15T00:00:00Z,60,PHY-010,res://scenes/tracks/test_field/la_chutana_generated.tscn,VehicleRigidBody,res://scenes/vehicles/f1_94/f1_94.tscn,res://addons/formula90s/scripts/f1_94_rust_vehicle.gd,1,{}
9933,129.99,14570.7,3,1.0,0.0,0.0,-0.166,1.196,0.976,57.6,59.9,107.5,109.7,0.0012,0.2855,godot_parity_session,2026-08-15T00:00:00Z,60,PHY-010,res://scenes/tracks/test_field/la_chutana_generated.tscn,VehicleRigidBody,res://scenes/vehicles/f1_94/f1_94.tscn,res://addons/formula90s/scripts/f1_94_rust_vehicle.gd,1,{}
9950,130.23,14620.6,3,1.0,0.0,0.0,-0.174,1.196,0.976,57.6,60.0,107.5,109.9,0.0012,0.2714,godot_parity_session,2026-08-15T00:00:00Z,60,PHY-010,res://scenes/tracks/test_field/la_chutana_generated.tscn,VehicleRigidBody,res://scenes/vehicles/f1_94/f1_94.tscn,res://addons/formula90s/scripts/f1_94_rust_vehicle.gd,1,{}
9966,130.46,14670.5,3,1.0,0.0,0.0,-0.185,1.197,0.976,57.6,60.2,107.6,110.0,0.0012,0.2854,godot_parity_session,2026-08-15T00:00:00Z,60,PHY-010,res://scenes/tracks/test_field/la_chutana_generated.tscn,VehicleRigidBody,res://scenes/vehicles/f1_94/f1_94.tscn,res://addons/formula90s/scripts/f1_94_rust_vehicle.gd,1,{}
9983,130.70,14720.3,3,1.0,0.0,0.0,-0.195,1.198,0.976,57.6,60.3,107.6,110.2,0.0012,0.2783,godot_parity_session,2026-08-15T00:00:00Z,60,PHY-010,res://scenes/tracks/test_field/la_chutana_generated.tscn,VehicleRigidBody,res://scenes/vehicles/f1_94/f1_94.tscn,res://addons/formula90s/scripts/f1_94_rust_vehicle.gd,1,{}
