Time_ms,Speed_kmh,RPM,Gear,Throttle,Brake,Steering,Lat_G,Long_G,Vert_G,FL_Comp,FR_Comp,RL_Comp,RR_Comp,Front_Slip,Rear_Slip,Session_Id,Session_Timestamp_UTC,Physics_Hz,Test_Id,Track_Scene,Vehicle_Node_Path,Vehicle_Scene,Vehicle_Script,Setup_Schema_Version,Setup_JSON
0,2.46,4500.8,1,1.0,0.0,0.0,-0.000,-0.001,0.070,66.6,66.6,30.6,30.6,0.0016,0.0000,godot_parity_session,2026-08-15T00:00:00Z,120,PHY-010,res://scenes/tracks/test_field/la_chutana_generated.tscn,VehicleRigidBody,res://scenes/vehicles/f1_94/f1_94.tscn,res://addons/formula90s/scripts/f1_94_rust_vehicle.gd,1,{}
8,2.18,4512.9,1,1.0,0.0,0.0,-0.000,-0.001,0.072,61.9,61.9,25.2,25.2,0.0017,0.0000,godot_parity_session,2026-08-15T00:00:00Z,120,PHY-010,res://scenes/tracks/test_field/la_chutana_generated.tscn,VehicleRigidBody,res://scenes/vehicles/f1_94/f1_94.tscn,res://addons/formula90s/scripts/f1_94_rust_vehicle.gd,1,{}
16,1.91,4536.3,1,1.0,0.0,0.0,-0.000,-0.001,0.077,57.9,57.9,20.5,20.5,0.0019,0.0000,godot_parity_session,2026-08-15T00:00:00Z,120,PHY-010,res://scenes/tracks/test_field/la_chutana_generated.tscn,VehicleRigidBody,res://scenes/vehicles/f1_94/f1_94.tscn,res://addons/formula90s/scripts/f1_94_rust_vehicle.gd,1,{}
25,1.63,4563.2,1,1.0,0.0,0.0,-0.000,-0.002,0.085,54.3,54.3,16.5,16.5,0.0021,0.0000,godot_parity_session,2026-08-15T00:00:00Z,120,PHY-010,res://scenes/tracks/test_field/la_chutana_generated.tscn,VehicleRigidBody,res://scenes/vehicles/f1_94/f1_94.tscn,res://addons/formula90s/scripts/f1_94_rust_vehicle.gd,1,{}
33,1.36,4587.3,1,1.0,0.0,0.0,-0.000,-0.002,0.096,51.3,51.3,13.2,13.2,0.0024,0.0000,godot_parity_session,2026-08-15T00:00:00Z,120,PHY-010,res://scenes/tracks/test_field/la_chutana_generated.tscn,VehicleRigidBody,res://scenes/vehicles/f1_94/f1_94.tscn,res://addons/formula90s/scripts/f1_94_rust_vehicle.gd,1,{}
41,1.10,4609.7,1,1.0,0.0,0.0,-0.000,-0.002,0.108,48.8,48.8,10.7,10.7,0.0027,0.0000,godot_parity_session,2026-08-15T00:00:00Z,120,PHY-010,res://scenes/tracks/test_field/la_chutana_generated.tscn,VehicleRigidBody,res://scenes/vehicles/f1_94/f1_94.tscn,res://addons/formula90s/scripts/f1_94_rust_vehicle.gd,1,{}
50,0.83,4623.9,1,1.0,0.0,0.0,-0.000,-0.002,0.123,46.7,46.7,8.8,8.8,0.0030,0.0000,godot_parity_session,2026-08-15T00:00:00Z,120,PHY-010,res://scenes/tracks/test_field/la_chutana_generated.tscn,VehicleRigidBody,res://scenes/vehicles/f1_94/f1_94.tscn,res://addons/formula90s/scripts/f1_94_rust_vehicle.gd,1,{}
58,0.58,4632.8,1,1.0,0.0,0.0,-0.000,-0.002,0.138,45.1,45.2,7.7,7.7,0.0033,0.0000,godot_parity_session,2026-08-15T00:00:00Z,120,PHY-010,res://scenes/tracks/test_field/la_chutana_generated.tscn,VehicleRigidBody,res://scenes/vehicles/f1_94/f1_94.tscn,res://addons/formula90s/scripts/f1_94_rust_vehicle.gd,1,{}
66,0.32,4638.5,1,1.0,0.0,0.0,-0.000,0.006,0.161,44.0,44.0,7.3,7.3,0.0036,1.0935,godot_parity_session,2026-08-15T00:00:00Z,120,PHY-010,res://scenes/tracks/test_field/la_chutana_generated.tscn,VehicleRigidBody,res://scenes/vehicles/f1_94/f1_94.tscn,res://addons/formula90s/scripts/f1_94_rust_vehicle.gd,1,{}
75,0.08,4642.1,1,1.0,0.0,0.0,-0.000,0.173,0.312,43.2,43.2,7.6,7.6,0.0045,1.3730,godot_parity_session,2026-08-15T00:00:00Z,120,PHY-010,res://scenes/tracks/test_field/la_chutana_generated.tscn,VehicleRigidBody,res://scenes/vehicles/f1_94/f1_94.tscn,res://addons/formula90s/scripts/f1_94_rust_vehicle.gd,1,{}
83,0.14,4644.4,1,1.0,0.0,0.0,-0.000,0.332,0.458,42.7,42.7,8.6,8.6,0.0175,1.5669,godot_parity_session,2026-08-15T00:00:00Z,120,PHY-010,res://scenes/tracks/test_field/la_chutana_generated.tscn,VehicleRigidBody,res://scenes/vehicles/f1_94/f1_94.tscn,res://addons/formula90s/scripts/f1_94_rust_vehicle.gd,1,{}
91,0.33,4645.9,1,1.0,0.0,0.0,-0.000,0.417,0.546,42.4,42.4,10.1,10.1,0.0291,1.6726,godot_parity_session,2026-08-15T00:00:00Z,120,PHY-010,res://scenes/tracks/test_field/la_chutana_generated.tscn,VehicleRigidBody,res://scenes/vehicles/f1_94/f1_94.tscn,res://addons/formula90s/scripts/f1_94_rust_vehicle.gd,1,{}
100,0.51,4646.8,1,1.0,0.0,0.0,-0.000,0.496,0.617,42.2,42.2,12.0,12.0,0.0268,1.7299,godot_parity_session,2026-08-15T00:00:00Z,120,PHY-010,res://scenes/tracks/test_field/la_chutana_generated.tscn,VehicleRigidBody,res://scenes/vehicles/f1_94/f1_94.tscn,res://addons/formula90s/scripts/f1_94_rust_vehicle.gd,1,{}
108,0.69,4647.4,1,1.0,0.0,0.0,-0.000,0.572,0.682,42.1,42.1,14.3,14.3,0.0308,1.7467,godot_parity_session,2026-08-15T00:00:00Z,120,PHY-010,res://scenes/tracks/test_field/la_chutana_generated.tscn,VehicleRigidBody,res://scenes/vehicles/f1_94/f1_94.tscn,res://addons/formula90s/scripts/f1_94_rust_vehicle.gd,1,{}
116,0.87,4647.7,1,1.0,0.0,0.0,-0.000,0.645,0.743,42.1,42.1,16.9,16.9,0.0341,1.7279,godot_parity_session,2026-08-15T00:00:00Z,120,PHY-010,res://scenes/tracks/test_field/la_chutana_generated.tscn,VehicleRigidBody,res://scenes/vehicles/f1_94/f1_94.tscn,res://addons/formula90s/scripts/f1_94_rust_vehicle.gd,1,{}
125,1.06,4648.0,1,1.0,0.0,0.0,-0.000,0.716,0.799,42.2,42.2,19.9,19.9,0.0369,1.6789,godot_parity_session,2026-08-15T00:00:00Z,120,PHY-010,res://scenes/tracks/test_field/la_chutana_generated.tscn,VehicleRigidBody,res://scenes/vehicles/f1_94/f1_94.tscn,res://addons/formula90s/scripts/f1_94_rust_vehicle.gd,1,{}
133,1.26,4648.1,1,1.0,0.0,0.0,-0.000,0.784,0.849,42.2,42.2,23.1,23.1,0.0392,1.6051,godot_parity_session,2026-08-15T00:00:00Z,120,PHY-010,res://scenes/tracks/test_field/la_chutana_generated.tscn,VehicleRigidBody,res://scenes/vehicles/f1_94/f1_94.tscn,res://addons/formula90s/scripts/f1_94_rust_vehicle.gd,1,{}
141,1.48,4648.2,1,1.0,0.0,0.0,-0.000,0.848,0.895,42.2,42.2,26.5,26.5,0.0409,1.5120,godot_parity_session,2026-08-15T00:00:00Z,120,PHY-010,res://scenes/tracks/test_field/la_chutana_generated.tscn,VehicleRigidBody,res://scenes/vehicles/f1_94/f1_94.tscn,res://addons/formula90s/scripts/f1_94_rust_vehicle.gd,1,{}
150,1.71,4648.3,1,1.0,0.0,0.0,-0.000,0.901,0.936,42.3,42.3,30.0,30.0,0.0422,1.4045,godot_parity_session,2026-08-15T00:00:00Z,120,PHY-010,res://scenes/tracks/test_field/la_chutana_generated.tscn,VehicleRigidBody,res://scenes/vehicles/f1_94/f1_94.tscn,res://addons/formula90s/scripts/f1_94_rust_vehicle.gd,1,{}
158,1.95,4648.3,1,1.0,0.0,0.0,-0.001,0.901,0.973,42.3,42.3,33.6,33.6,0.0426,1.2907,godot_parity_session,2026-08-15T00:00:00Z,120,PHY-010,res://scenes/tracks/test_field/la_chutana_generated.tscn,VehicleRigidBody,res://scenes/vehicles/f1_94/f1_94.tscn,res://addons/formula90s/scripts/f1_94_rust_vehicle.gd,1,{}
166,2.19,4648.3,1,1.0,0.0,0.0,0.002,0.902,1.008,42.3,42.3,37.3,37.3,0.0402,1.1896,godot_parity_session,2026-08-15T00:00:00Z,120,PHY-010,res://scenes/tracks/test_field/la_chutana_generated.tscn,VehicleRigidBody,res://scenes/vehicles/f1_94/f1_94.tscn,res://addons/formula90s/scripts/f1_94_rust_vehicle.gd,1,{}
175,2.43,4648.3,1,1.0,0.0,0.0,-0.005,0.903,1.039,42.3,42.3,40.9,40.9,0.0383,1.1016,godot_parity_session,2026-08-15T00:00:00Z,120,PHY-010,res://scenes/tracks/test_field/la_chutana_generated.tscn,VehicleRigidBody,res://scenes/vehicles/f1_94/f1_94.tscn,res://addons/formula90s/scripts/f1_94_rust_vehicle.gd,1,{}
183,2.68,4648.4,1,1.0,0.0,0.0,0.011,0.905,1.067,42.3,42.3,44.4,44.4,0.0369,1.0284,godot_parity_session,2026-08-15T00:00:00Z,120,PHY-010,res://scenes/tracks/test_field/la_chutana_generated.tscn,VehicleRigidBody,res://scenes/vehicles/f1_94/f1_94.tscn,res://addons/formula90s/scripts/f1_94_rust_vehicle.gd,1,{}
191,2.92,4648.4,1,1.0,0.0,0.0,-0.027,0.894,1.091,42.4,42.4,47.8,47.8,0.0366,0.9798,godot_parity_session,2026-08-15T00:00:00Z,120,PHY-010,res://scenes/tracks/test_field/la_chutana_generated.tscn,VehicleRigidBody,res://scenes/vehicles/f1_94/f1_94.tscn,res://addons/formula90s/scripts/f1_94_rust_vehicle.gd,1,{}
200,3.16,4648.4,1,1.0,0.0,0.0,0.064,0.833,1.112,42.5,42.5,51.1,51.1,0.0377,0.9797,godot_parity_session,2026-08-15T00:00:00Z,120,PHY-010,res://scenes/tracks/test_field/la_chutana_generated.tscn,VehicleRigidBody,res://scenes/vehicles/f1_94/f1_94.tscn,res://addons/formula90s/scripts/f1_94_rust_vehicle.gd,1,{}
208,3.39,4648.4,1,1.0,0.0,0.0,-0.104,0.853,1.130,42.7,42.6,54.3,54.2,0.0373,0.8829,godot_parity_session,2026-08-15T00:00:00Z,120,PHY-010,res://scenes/tracks/test_field/la_chutana_generated.tscn,VehicleRigidBody,res://scenes/vehicles/f1_94/f1_94.tscn,res://addons/formula90s/scripts/f1_94_rust_vehicle.gd,1,{}
216,3.62,4648.4,1,1.0,0.0,0.0,0.123,0.831,1.144,42.8,42.8,57.1,57.2,0.0386,0.8789,godot_parity_session,2026-08-15T00:00:00Z,120,PHY-010,res://scenes/tracks/test_field/la_chutana_generated.tscn,VehicleRigidBody,res://scenes/vehicles/f1_94/f1_94.tscn,res://addons/formula90s/scripts/f1_94_rust_vehicle.gd,1,{}
225,3.85,4648.4,1,1.0,0.0,0.0,-0.134,0.845,1.154,43.1,43.0,59.8,59.8,0.0373,0.7967,godot_parity_session,2026-08-15T00:00:00Z,120,PHY-010,res://scenes/tracks/test_field/la_chutana_generated.tscn,VehicleRigidBody,res://scenes/vehicles/f1_94/f1_94.tscn,res://addons/formula90s/scripts/f1_94_rust_vehicle.gd,1,{}
233,4.08,4648.4,1,1.0,0.0,0.0,0.141,0.823,1.161,43.2,43.3,62.2,62.3,0.0372,0.7914,godot_parity_session,2026-08-15T00:00:00Z,120,PHY-010,res://scenes/tracks/test_field/la_chutana_generated.tscn,VehicleRigidBody,res://scenes/vehicles/f1_94/f1_94.tscn,res://addons/formula90s/scripts/f1_94_rust_vehicle.gd,1,{}
241,4.31,4648.4,1,1.0,0.0,0.0,-0.146,0.832,1.165,43.6,43.5,64.5,64.4,0.0356,0.7231,godot_parity_session,2026-08-15T00:00:00Z,120,PHY-010,res://scenes/tracks/test_field/la_chutana_generated.tscn,VehicleRigidBody,res://scenes/vehicles/f1_94/f1_94.tscn,res://addons/formula90s/scripts/f1_94_rust_vehicle.gd,1,{}
250,4.53,4648.4,1,1.0,0.0,0.0,0.150,0.811,1.166,43.8,43.9,66.4,66.5,0.0352,0.7182,godot_parity_session,2026-08-15T00:00:00Z,120,PHY-010,res://scenes/tracks/test_field/la_chutana_generated.tscn,VehicleRigidBody,res://scenes/vehicles/f1_94/f1_94.tscn,res://addons/formula90s/scripts/f1_94_rust_vehicle.gd,1,{}
258,4.76,4648.4,1,1.0,0.0,0.0,-0.153,0.816,1.166,44.1,44.1,68.3,68.2,0.0336,0.6621,godot_parity_session,2026-08-15T00:00:00Z,120,PHY-010,res://scenes/tracks/test_field/la_chutana_generated.tscn,VehicleRigidBody,res://scenes/vehicles/f1_94/f1_94.tscn,res://addons/formula90s/scripts/f1_94_rust_vehicle.gd,1,{}
266,4.99,4648.4,1,1.0,0.0,0.0,0.155,0.796,1.162,44.4,44.5,69.7,69.8,0.0331,0.6583,godot_parity_session,2026-08-15T00:00:00Z,120,PHY-010,res://scenes/tracks/test_field/la_chutana_generated.tscn,VehicleRigidBody,res://scenes/vehicles/f1_94/f1_94.tscn,res://addons/formula90s/scripts/f1_94_rust_vehicle.gd,1,{}
275,5.21,4648.4,1,1.0,0.0,0.0,-0.156,0.798,1.157,44.8,44.7,71.1,71.1,0.0315,0.6127,godot_parity_session,2026-08-15T00:00:00Z,120,PHY-010,res://scenes/tracks/test_field/la_chutana_generated.tscn,VehicleRigidBody,res://scenes/vehicles/f1_94/f1_94.tscn,res://addons/formula90s/scripts/f1_94_rust_vehicle.gd,1,{}
283,5.43,4648.4,1,1.0,0.0,0.0,0.157,0.778,1.150,45.0,45.1,72.2,72.3,0.0309,0.6103,godot_parity_session,2026-08-15T00:00:00Z,120,PHY-010,res://scenes/tracks/test_field/la_chutana_generated.tscn,VehicleRigidBody,res://scenes/vehicles/f1_94/f1_94.tscn,res://addons/formula90s/scripts/f1_94_rust_vehicle.gd,1,{}
291,5.65,4648.4,1,1.0,0.0,0.0,-0.158,0.767,1.131,45.4,45.3,73.2,73.1,0.0294,0.5736,godot_parity_session,2026-08-15T00:00:00Z,120,PHY-010,res://scenes/tracks/test_field/la_chutana_generated.tscn,VehicleRigidBody,res://scenes/vehicles/f1_94/f1_94.tscn,res://addons/formula90s/scripts/f1_94_rust_vehicle.gd,1,{}
300,5.86,4648.4,1,1.0,0.0,0.0,0.160,0.741,1.109,45.6,45.7,73.8,73.9,0.0282,0.5732,godot_parity_session,2026-08-15T00:00:00Z,120,PHY-010,res://scenes/tracks/test_field/la_chutana_generated.tscn,VehicleRigidBody,res://scenes/vehicles/f1_94/f1_94.tscn,res://addons/formula90s/scripts/f1_94_rust_vehicle.gd,1,{}
308,6.07,4648.4,1,1.0,0.0,0.0,-0.157,0.738,1.090,46.0,45.9,74.5,74.4,0.0265,0.5472,godot_parity_session,2026-08-15T00:00:00Z,120,PHY-010,res://scenes/tracks/test_field/la_chutana_generated.tscn,VehicleRigidBody,res://scenes/vehicles/f1_94/f1_94.tscn,res://addons/formula90s/scripts/f1_94_rust_vehicle.gd,1,{}
316,6.28,4648.4,1,1.0,0.0,0.0,0.152,0.721,1.075,46.2,46.3,74.9,75.0,0.0255,0.5507,godot_parity_session,2026-08-15T00:00:00Z,120,PHY-010,res://scenes/tracks/test_field/la_chutana_generated.tscn,VehicleRigidBody,res://scenes/vehicles/f1_94/f1_94.tscn,res://addons/formula90s/scripts/f1_94_rust_vehicle.gd,1,{}
325,6.48,4648.4,1,1.0,0.0,0.0,-0.147,0.723,1.062,46.5,46.4,75.4,75.3,0.0242,0.5315,godot_parity_session,2026-08-15T00:00:00Z,120,PHY-010,res://scenes/tracks/test_field/la_chutana_generated.tscn,VehicleRigidBody,res://scenes/vehicles/f1_94/f1_94.tscn,res://addons/formula90s/scripts/f1_94_rust_vehicle.gd,1,{}
333,6.68,4648.4,1,1.0,0.0,0.0,0.142,0.712,1.051,46.7,46.8,75.6,75.7,0.0234,0.5359,godot_parity_session,2026-08-15T00:00:00Z,120,PHY-010,res://scenes/tracks/test_field/la_chutana_generated.tscn,VehicleRigidBody,res://scenes/vehicles/f1_94/f1_94.tscn,res://addons/formula90s/scripts/f1_94_rust_vehicle.gd,1,{}
341,6.88,4648.4,1,1.0,0.0,0.0,-0.137,0.716,1.042,47.0,47.0,75.9,75.9,0.0224,0.5209,godot_parity_session,2026-08-15T00:00:00Z,120,PHY-010,res://scenes/tracks/test_field/la_chutana_generated.tscn,VehicleRigidBody,res://scenes/vehicles/f1_94/f1_94.tscn,res://addons/formula90s/scripts/f1_94_rust_vehicle.gd,1,{}
350,7.08,4648.4,1,1.0,0.0,0.0,0.133,0.710,1.034,47.2,47.3,76.1,76.2,0.0218,0.5251,godot_parity_session,2026-08-15T00:00:00Z,120,PHY-010,res://scenes/tracks/test_field/la_chutana_generated.tscn,VehicleRigidBody,res://scenes/vehicles/f1_94/f1_94.tscn,res://addons/formula90s/scripts/f1_94_rust_vehicle.gd,1,{}
358,7.28,4648.4,1,1.0,0.0,0.0,-0.129,0.715,1.027,47.4,47.4,76.3,76.3,0.0210,0.5126,godot_parity_session,2026-08-15T00:00:00Z,120,PHY-010,res://scenes/tracks/test_field/la_chutana_generated.tscn,VehicleRigidBody,res://scenes/vehicles/f1_94/f1_94.tscn,res://addons/formula90s/scripts/f1_94_rust_vehicle.gd,1,{}
366,7.48,4648.4,1,1.0,0.0,0.0,0.126,0.711,1.022,47.6,47.7,76.4,76.4,0.0206,0.5158,godot_parity_session,2026-08-15T00:00:00Z,120,PHY-010,res://scenes/tracks/test_field/la_chutana_generated.tscn,VehicleRigidBody,res://scenes/vehicles/f1_94/f1_94.tscn,res://addons/formula90s/scripts/f1_94_rust_vehicle.gd,1,{}
375,7.68,4648.4,1,1.0,0.0,0.0,-0.122,0.717,1.017,47.8,47.8,76.5,76.5,0.0199,0.5050,godot_parity_session,2026-08-15T00:00:00Z,120,PHY-010,res://scenes/tracks/test_field/la_chutana_generated.tscn,VehicleRigidBody,res://scenes/vehicles/f1_94/f1_94.tscn,res://addons/formula90s/scripts/f1_94_rust_vehicle.gd,1,{}
383,7.88,4648.4,1,1.0,0.0,0.0,0.120,0.714,1.013,47.9,48.0,76.6,76.6,0.0196,0.5071,godot_parity_session,2026-08-15T00:00:00Z,120,PHY-010,res://scenes/tracks/test_field/la_chutana_generated.tscn,VehicleRigidBody,res://scenes/vehicles/f1_94/f1_94.tscn,res://addons/formula90s/scripts/f1_94_rust_vehicle.gd,1,{}
391,8.08,4648.4,1,1.0,0.0,0.0,-0.117,0.720,1.010,48.1,48.1,76.7,76.6,0.0190,0.4974,godot_parity_session,2026-08-15T00:00:00Z,120,PHY-010,res://scenes/tracks/test_field/la_chutana_generated.tscn,VehicleRigidBody,res://scenes/vehicles/f1_94/f1_94.tscn,res://addons/formula90s/scripts/f1_94_rust_vehicle.gd,1,{}
400,8.28,4648.4,1,1.0,0.0,0.0,0.115,0.718,1.007,48.2,48.3,76.7,76.8,0.0187,0.4983,godot_parity_session,2026-08-15T00:00:00Z,120,PHY-010,res://scenes/tracks/test_field/la_chutana_generated.tscn,VehicleRigidBody,res://scenes/vehicles/f1_94/f1_94.tscn,res://addons/formula90s/scripts/f1_94_rust_vehicle.gd,1,{}
408,8.48,4648.4,1,1.0,0.0,0.0,-0.113,0.724,1.005,48.4,48.3,76.8,76.7,0.0183,0.4893,godot_parity_session,2026-08-15T00:00:00Z,120,PHY-010,res://scenes/tracks/test_field/la_chutana_generated.tscn,VehicleRigidBody,res://scenes/vehicles/f1_94/f1_94.tscn,res://addons/formula90s/scripts/f1_94_rust_vehicle.gd,1,{}
416,8.69,4648.4,1,1.0,0.0,0.0,0.111,0.723,1.003,48.4,48.5,76.8,76.8,0.0180,0.4892,godot_parity_session,2026-08-15T00:00:00Z,120,PHY-010,res://scenes/tracks/test_field/la_chutana_generated.tscn,VehicleRigidBody,res://scenes/vehicles/f1_94/f1_94.tscn,res://addons/formula90s/scripts/f1_94_rust_vehicle.gd,1,{}
425,8.89,4648.4,1,1.0,0.0,0.0,-0.109,0.728,1.001,48.6,48.5,76.9,76.8,0.0176,0.4807,godot_parity_session,2026-08-15T00:00:00Z,120,PHY-010,res://scenes/tracks/test_field/la_chutana_generated.tscn,VehicleRigidBody,res://scenes/vehicles/f1_94/f1_94.tscn,res://addons/formula90s/scripts/f1_94_rust_vehicle.gd,1,{}
433,9.09,4648.4,1,1.0,0.0,0.0,0.108,0.727,1.000,48.6,48.7,76.8,76.9,0.0174,0.4797,godot_parity_session,2026-08-15T00:00:00Z,120,PHY-010,res://scenes/tracks/test_field/la_chutana_generated.tscn,VehicleRigidBody,res://scenes/vehicles/f1_94/f1_94.tscn,res://addons/formula90s/scripts/f1_94_rust_vehicle.gd,1,{}
441,9.29,4648.4,1,1.0,0.0,0.0,-0.106,0.732,0.999,48.7,48.7,76.9,76.9,0.0170,0.4716,godot_parity_session,2026-08-15T00:00:00Z,120,PHY-010,res://scenes/tracks/test_field/la_chutana_generated.tscn,VehicleRigidBody,res://scenes/vehicles/f1_94/f1_94.tscn,res://addons/formula90s/scripts/f1_94_rust_vehicle.gd,1,{}
450,9.50,4648.4,1,1.0,0.0,0.0,0.105,0.731,0.998,48.7,48.8,76.9,76.9,0.0168,0.4698,godot_parity_session,2026-08-15T00:00:00Z,120,PHY-010,res://scenes/tracks/test_field/la_chutana_generated.tscn,VehicleRigidBody,res://scenes/vehicles/f1_94/f1_94.tscn,res://addons/formula90s/scripts/f1_94_rust_vehicle.gd,1,{}
458,9.70,4648.4,1,1.0,0.0,0.0,-0.104,0.735,0.997,48.8,48.8,77.0,76.9,0.0165,0.4622,godot_parity_session,2026-08-15T00:00:00Z,120,PHY-010,res://scenes/tracks/test_field/la_chutana_generated.tscn,VehicleRigidBody,res://scenes/vehicles/f1_94/f1_94.tscn,res://addons/formula90s/scripts/f1_94_rust_vehicle.gd,1,{}
466,9.91,4648.4,1,1.0,0.0,0.0,0.103,0.735,0.996,48.8,48.9,76.9,77.0,0.0163,0.4598,godot_parity_session,2026-08-15T00:00:00Z,120,PHY-010,res://scenes/tracks/test_field/la_chutana_generated.tscn,VehicleRigidBody,res://scenes/vehicles/f1_94/f1_94.tscn,res://addons/formula90s/scripts/f1_94_rust_vehicle.gd,1,{}
475,10.11,4648.4,1,1.0,0.0,0.0,-0.102,0.738,0.995,48.9,48.9,77.0,76.9,0.0159,0.4525,godot_parity_session,2026-08-15T00:00:00Z,120,PHY-010,res://scenes/tracks/test_field/la_chutana_generated.tscn,VehicleRigidBody,res://scenes/vehicles/f1_94/f1_94.tscn,res://addons/formula90s/scripts/f1_94_rust_vehicle.gd,1,{}
483,10.32,4648.4,1,1.0,0.0,0.0,0.101,0.738,0.995,48.9,49.0,77.0,77.0,0.0157,0.4497,godot_parity_session,2026-08-15T00:00:00Z,120,PHY-010,res://scenes/tracks/test_field/la_chutana_generated.tscn,VehicleRigidBody,res://scenes/vehicles/f1_94/f1_94.tscn,res://addons/formula90s/scripts/f1_94_rust_vehicle.gd,1,{}
491,10.52,4648.4,1,1.0,0.0,0.0,-0.100,0.741,0.994,49.0,48.9,77.0,77.0,0.0155,0.4428,godot_parity_session,2026-08-15T00:00:00Z,120,PHY-010,res://scenes/tracks/test_field/la_chutana_generated.tscn,VehicleRigidBody,res://scenes/vehicles/f1_94/f1_94.tscn,res://addons/formula90s/scripts/f1_94_rust_vehicle.gd,1,{}
500,10.73,4648.4,1,1.0,0.0,0.0,0.100,0.740,0.994,49.0,49.0,77.0,77.0,0.0153,0.4396,godot_parity_session,2026-08-15T00:00:00Z,120,PHY-010,res://scenes/tracks/test_field/la_chutana_generated.tscn,VehicleRigidBody,res://scenes/vehicles/f1_94/f1_94.tscn,res://addons/formula90s/scripts/f1_94_rust_vehicle.gd,1,{}
508,10.93,4648.4,1,1.0,0.0,0.0,-0.099,0.743,0.993,49.0,49.0,77.1,77.0,0.0150,0.4330,godot_parity_session,2026-08-15T00:00:00Z,120,PHY-010,res://scenes/tracks/test_field/la_chutana_generated.tscn,VehicleRigidBody,res://scenes/vehicles/f1_94/f1_94.tscn,res://addons/formula90s/scripts/f1_94_rust_vehicle.gd,1,{}
516,11.14,4648.4,1,1.0,0.0,0.0,0.099,0.743,0.993,49.0,49.0,77.0,77.1,0.0148,0.4296,godot_parity_session,2026-08-15T00:00:00Z,120,PHY-010,res://scenes/tracks/test_field/la_chutana_generated.tscn,VehicleRigidBody,res://scenes/vehicles/f1_94/f1_94.tscn,res://addons/formula90s/scripts/f1_94_rust_vehicle.gd,1,{}
525,11.34,4648.4,1,1.0,0.0,0.0,-0.098,0.745,0.993,49.1,49.0,77.1,77.0,0.0146,0.4234,godot_parity_session,2026-08-15T00:00:00Z,120,PHY-010,res://scenes/tracks/test_field/la_chutana_generated.tscn,VehicleRigidBody,res://scenes/vehicles/f1_94/f1_94.tscn,res://addons/formula90s/scripts/f1_94_rust_vehicle.gd,1,{}
533,11.55,4648.4,1,1.0,0.0,0.0,0.098,0.745,0.992,49.0,49.1,77.1,77.1,0.0144,0.4198,godot_parity_session,2026-08-15T00:00:00Z,120,PHY-010,res://scenes/tracks/test_field/la_chutana_generated.tscn,VehicleRigidBody,res://scenes/vehicles/f1_94/f1_94.tscn,res://addons/formula90s/scripts/f1_94_rust_vehicle.gd,1,{}
541,11.76,4648.4,1,1.0,0.0,0.0,-0.097,0.747,0.992,49.1,49.0,77.1,77.1,0.0142,0.4139,godot_parity_session,2026-08-15T00:00:00Z,120,PHY-010,res://scenes/tracks/test_field/la_chutana_generated.tscn,VehicleRigidBody,res://scenes/vehicles/f1_94/f1_94.tscn,res://addons/formula90s/scripts/f1_94_rust_vehicle.gd,1,{}
550,11.96,4648.4,1,1.0,0.0,0.0,0.097,0.746,0.992,49.0,49.1,77.1,77.1,0.0140,0.4102,godot_parity_session,2026-08-15T00:00:00Z,120,PHY-010,res://scenes/tracks/test_field/la_chutana_generated.tscn,VehicleRigidBody,res://scenes/vehicles/f1_94/f1_94.tscn,res://addons/formula90s/scripts/f1_94_rust_vehicle.gd,1,{}
558,12.17,4648.4,1,1.0,0.0,0.0,-0.097,0.748,0.992,49.1,49.0,77.1,77.1,0.0138,0.4046,godot_parity_session,2026-08-15T00:00:00Z,120,PHY-010,res://scenes/tracks/test_field/la_chutana_generated.tscn,VehicleRigidBody,res://scenes/vehicles/f1_94/f1_94.tscn,res://addons/formula90s/scripts/f1_94_rust_vehicle.gd,1,{}
566,12.37,4648.4,1,1.0,0.0,0.0,0.096,0.748,0.992,49.0,49.1,77.1,77.2,0.0136,0.4008,godot_parity_session,2026-08-15T00:00:00Z,120,PHY-010,res://scenes/tracks/test_field/la_chutana_generated.tscn,VehicleRigidBody,res://scenes/vehicles/f1_94/f1_94.tscn,res://addons/formula90s/scripts/f1_94_rust_vehicle.gd,1,{}
575,12.58,4648.4,1,1.0,0.0,0.0,-0.096,0.749,0.992,49.0,49.0,77.2,77.1,0.0134,0.3955,godot_parity_session,2026-08-15T00:00:00Z,120,PHY-010,res://scenes/tracks/test_field/la_chutana_generated.tscn,VehicleRigidBody,res://scenes/vehicles/f1_94/f1_94.tscn,res://addons/formula90s/scripts/f1_94_rust_vehicle.gd,1,{}
583,12.79,4648.4,1,1.0,0.0,0.0,0.096,0.749,0.991,49.0,49.0,77.1,77.2,0.0133,0.3918,godot_parity_session,2026-08-15T00:00:00Z,120,PHY-010,res://scenes/tracks/test_field/la_chutana_generated.tscn,VehicleRigidBody,res://scenes/vehicles/f1_94/f1_94.tscn,res://addons/formula90s/scripts/f1_94_rust_vehicle.gd,1,{}
591,12.99,4648.4,1,1.0,0.0,0.0,-0.096,0.750,0.991,49.0,49.0,77.2,77.2,0.0131,0.3867,godot_parity_session,2026-08-15T00:00:00Z,120,PHY-010,res://scenes/tracks/test_field/la_chutana_generated.tscn,VehicleRigidBody,res://scenes/vehicles/f1_94/f1_94.tscn,res://addons/formula90s/scripts/f1_94_rust_vehicle.gd,1,{}
600,13.20,4648.4,1,1.0,0.0,0.0,0.095,0.750,0.991,49.0,49.0,77.2,77.2,0.0129,0.3830,godot_parity_session,2026-08-15T00:00:00Z,120,PHY-010,res://scenes/tracks/test_field/la_chutana_generated.tscn,VehicleRigidBody,res://scenes/vehicles/f1_94/f1_94.tscn,res://addons/formula90s/scripts/f1_94_rust_vehicle.gd,1,{}
608,13.41,4648.4,1,1.0,0.0,0.0,-0.095,0.751,0.991,49.0,49.0,77.2,77.2,0.0127,0.3782,godot_parity_session,2026-08-15T00:00:00Z,120,PHY-010,res://scenes/tracks/test_field/la_chutana_generated.tscn,VehicleRigidBody,res://scenes/vehicles/f1_94/f1_94.tscn,res://addons/formula90s/scripts/f1_94_rust_vehicle.gd,1,{}
616,13.61,4648.4,1,1.0,0.0,0.0,0.095,0.751,0.991,48.9,49.0,77.2,77.3,0.0126,0.3746,godot_parity_session,2026-08-15T00:00:00Z,120,PHY-010,res://scenes/tracks/test_field/la_chutana_generated.tscn,VehicleRigidBody,res://scenes/vehicles/f1_94/f1_94.tscn,res://addons/formula90s/scripts/f1_94_rust_vehicle.gd,1,{}
625,13.82,4648.4,1,1.0,0.0,0.0,-0.095,0.752,0.991,49.0,48.9,77.3,77.2,0.0124,0.3700,godot_parity_session,2026-08-15T00:00:00Z,120,PHY-010,res://scenes/tracks/test_field/la_chutana_generated.tscn,VehicleRigidBody,res://scenes/vehicles/f1_94/f1_94.tscn,res://addons/formula90s/scripts/f1_94_rust_vehicle.gd,1,{}
633,14.02,4648.4,1,1.0,0.0,0.0,0.095,0.752,0.991,48.9,49.0,77.2,77.3,0.0123,0.3664,godot_parity_session,2026-08-15T00:00:00Z,120,PHY-010,res://scenes/tracks/test_field/la_chutana_generated.tscn,VehicleRigidBody,res://scenes/vehicles/f1_94/f1_94.tscn,res://addons/formula90s/scripts/f1_94_rust_vehicle.gd,1,{}
641,14.23,4648.4,1,1.0,0.0,0.0,-0.094,0.752,0.991,49.0,48.9,77.3,77.2,0.0121,0.3621,godot_parity_session,2026-08-15T00:00:00Z,120,PHY-010,res://scenes/tracks/test_field/la_chutana_generated.tscn,VehicleRigidBody,res://scenes/vehicles/f1_94/f1_94.tscn,res://addons/formula90s/scripts/f1_94_rust_vehicle.gd,1,{}
650,14.44,4648.4,1,1.0,0.0,0.0,0.094,0.752,0.991,48.9,49.0,77.3,77.3,0.0120,0.3586,godot_parity_session,2026-08-15T00:00:00Z,120,PHY-010,res://scenes/tracks/test_field/la_chutana_generated.tscn,VehicleRigidBody,res://scenes/vehicles/f1_94/f1_94.tscn,res://addons/formula90s/scripts/f1_94_rust_vehicle.gd,1,{}
658,14.64,4648.4,1,1.0,0.0,0.0,-0.094,0.753,0.991,48.9,48.9,77.3,77.3,0.0118,0.3545,godot_parity_session,2026-08-15T00:00:00Z,120,PHY-010,res://scenes/tracks/test_field/la_chutana_generated.tscn,VehicleRigidBody,res://scenes/vehicles/f1_94/f1_94.tscn,res://addons/formula90s/scripts/f1_94_rust_vehicle.gd,1,{}
666,14.85,4648.4,1,1.0,0.0,0.0,0.094,0.753,0.991,48.9,48.9,77.3,77.3,0.0117,0.3511,godot_parity_session,2026-08-15T00:00:00Z,120,PHY-010,res://scenes/tracks/test_field/la_chutana_generated.tscn,VehicleRigidBody,res://scenes/vehicles/f1_94/f1_94.tscn,res://addons/formula90s/scripts/f1_94_rust_vehicle.gd,1,{}
675,15.05,4648.4,1,1.0,0.0,0.0,-0.094,0.753,0.991,48.9,48.9,77.3,77.3,0.0115,0.3471,godot_parity_session,2026-08-15T00:00:00Z,120,PHY-010,res://scenes/tracks/test_field/la_chutana_generated.tscn,VehicleRigidBody,res://scenes/vehicles/f1_94/f1_94.tscn,res://addons/formula90s/scripts/f1_94_rust_vehicle.gd,1,{}
683,15.26,4648.4,1,1.0,0.0,0.0,0.094,0.753,0.991,48.9,48.9,77.3,77.3,0.0114,0.3438,godot_parity_session,2026-08-15T00:00:00Z,120,PHY-010,res://scenes/tracks/test_field/la_chutana_generated.tscn,VehicleRigidBody,res://scenes/vehicles/f1_94/f1_94.tscn,res://addons/formula90s/scripts/f1_94_rust_vehicle.gd,1,{}
691,15.46,4648.4,1,1.0,0.0,0.0,-0.094,0.754,0.990,48.9,48.8,77.4,77.3,0.0113,0.3401,godot_parity_session,2026-08-15T00:00:00Z,120,PHY-010,res://scenes/tracks/test_field/la_chutana_generated.tscn,VehicleRigidBody,res://scenes/vehicles/f1_94/f1_94.tscn,res://addons/formula90s/scripts/f1_94_rust_vehicle.gd,1,{}
700,15.67,4648.4,1,1.0,0.0,0.0,0.094,0.754,0.990,48.8,48.9,77.3,77.4,0.0112,0.3368,godot_parity_session,2026-08-15T00:00:00Z,120,PHY-010,res://scenes/tracks/test_field/la_chutana_generated.tscn,VehicleRigidBody,res://scenes/vehicles/f1_94/f1_94.tscn,res://addons/formula90s/scripts/f1_94_rust_vehicle.gd,1,{}
708,15.87,4648.4,1,1.0,0.0,0.0,-0.093,0.754,0.990,48.9,48.8,77.4,77.3,0.0110,0.3333,godot_parity_session,2026-08-15T00:00:00Z,120,PHY-010,res://scenes/tracks/test_field/la_chutana_generated.tscn,VehicleRigidBody,res://scenes/vehicles/f1_94/f1_94.tscn,res://addons/formula90s/scripts/f1_94_rust_vehicle.gd,1,{}
716,16.08,4648.4,1,1.0,0.0,0.0,0.093,0.754,0.990,48.8,48.9,77.3,77.4,0.0109,0.3301,godot_parity_session,2026-08-15T00:00:00Z,120,PHY-010,res://scenes/tracks/test_field/la_chutana_generated.tscn,VehicleRigidBody,res://scenes/vehicles/f1_94/f1_94.tscn,res://addons/formula90s/scripts/f1_94_rust_vehicle.gd,1,{}
725,16.28,4648.4,1,1.0,0.0,0.0,-0.093,0.754,0.990,48.8,48.8,77.4,77.3,0.0108,0.3267,godot_parity_session,2026-08-15T00:00:00Z,120,PHY-010,res://scenes/tracks/test_field/la_chutana_generated.tscn,VehicleRigidBody,res://scenes/vehicles/f1_94/f1_94.tscn,res://addons/formula90s/scripts/f1_94_rust_vehicle.gd,1,{}
733,16.49,4648.4,1,1.0,0.0,0.0,0.093,0.754,0.990,48.8,48.8,77.4,77.4,0.0107,0.3237,godot_parity_session,2026-08-15T00:00:00Z,120,PHY-010,res://scenes/tracks/test_field/la_chutana_generated.tscn,VehicleRigidBody,res://scenes/vehicles/f1_94/f1_94.tscn,res://addons/formula90s/scripts/f1_94_rust_vehicle.gd,1,{}
741,16.69,4649.0,1,1.0,0.0,0.0,-0.093,0.754,0.990,48.8,48.8,77.4,77.4,0.0105,0.3196,godot_parity_session,2026-08-15T00:00:00Z,120,PHY-010,res://scenes/tracks/test_field/la_chutana_generated.tscn,VehicleRigidBody,res://scenes/vehicles/f1_94/f1_94.tscn,res://addons/formula90s/scripts/f1_94_rust_vehicle.gd,1,{}
750,16.90,4650.1,1,1.0,0.0,0.0,0.093,0.753,0.990,48.8,48.8,77.4,77.4,0.0104,0.3157,godot_parity_session,2026-08-15T00:00:00Z,120,PHY-010,res://scenes/tracks/test_field/la_chutana_generated.tscn,VehicleRigidBody,res://scenes/vehicles/f1_94/f1_94.tscn,res://addons/formula90s/scripts/f1_94_rust_vehicle.gd,1,{}
758,17.10,4651.6,1,1.0,0.0,0.0,-0.093,0.752,0.990,48.8,48.8,77.4,77.4,0.0103,0.3113,godot_parity_session,2026-08-15T00:00:00Z,120,PHY-010,res://scenes/tracks/test_field/la_chutana_generated.tscn,VehicleRigidBody,res://scenes/vehicles/f1_94/f1_94.tscn,res://addons/formula90s/scripts/f1_94_rust_vehicle.gd,1,{}
766,17.31,4653.3,1,1.0,0.0,0.0,0.094,0.750,0.990,48.7,48.8,77.4,77.4,0.0102,0.3073,godot_parity_session,2026-08-15T00:00:00Z,120,PHY-010,res://scenes/tracks/test_field/la_chutana_generated.tscn,VehicleRigidBody,res://scenes/vehicles/f1_94/f1_94.tscn,res://addons/formula90s/scripts/f1_94_rust_vehicle.gd,1,{}
775,17.51,4655.1,1,1.0,0.0,0.0,-0.094,0.749,0.990,48.8,48.7,77.4,77.4,0.0101,0.3031,godot_parity_session,2026-08-15T00:00:00Z,120,PHY-010,res://scenes/tracks/test_field/la_chutana_generated.tscn,VehicleRigidBody,res://scenes/vehicles/f1_94/f1_94.tscn,res://addons/formula90s/scripts/f1_94_rust_vehicle.gd,1,{}
783,17.71,4657.0,1,1.0,0.0,0.0,0.095,0.748,0.990,48.7,48.8,77.4,77.4,0.0100,0.2995,godot_parity_session,2026-08-15T00:00:00Z,120,PHY-010,res://scenes/tracks/test_field/la_chutana_generated.tscn,VehicleRigidBody,res://scenes/vehicles/f1_94/f1_94.tscn,res://addons/formula90s/scripts/f1_94_rust_vehicle.gd,1,{}
791,17.91,4659.0,1,1.0,0.0,0.0,-0.095,0.746,0.990,48.8,48.7,77.4,77.4,0.0099,0.2956,godot_parity_session,2026-08-15T00:00:00Z,120,PHY-010,res://scenes/tracks/test_field/la_chutana_generated.tscn,VehicleRigidBody,res://scenes/vehicles/f1_94/f1_94.tscn,res://addons/formula90s/scripts/f1_94_rust_vehicle.gd,1,{}
800,18.11,4661.1,1,1.0,0.0,0.0,0.096,0.745,0.990,48.7,48.8,77.4,77.4,0.0098,0.2922,godot_parity_session,2026-08-15T00:00:00Z,120,PHY-010,res://scenes/tracks/test_field/la_chutana_generated.tscn,VehicleRigidBody,res://scenes/vehicles/f1_94/f1_94.tscn,res://addons/formula90s/scripts/f1_94_rust_vehicle.gd,1,{}
808,18.31,4663.2,1,1.0,0.0,0.0,-0.096,0.744,0.990,48.8,48.7,77.4,77.4,0.0096,0.2886,godot_parity_session,2026-08-15T00:00:00Z,120,PHY-010,res://scenes/tracks/test_field/la_chutana_generated.tscn,VehicleRigidBody,res://scenes/vehicles/f1_94/f1_94.tscn,res://addons/formula90s/scripts/f1_94_rust_vehicle.gd,1,{}
816,18.51,4665.4,1,1.0,0.0,0.0,0.096,0.743,0.990,48.7,48.8,77.4,77.4,0.0095,0.2854,godot_parity_session,2026-08-15T00:00:00Z,120,PHY-010,res://scenes/tracks/test_field/la_chutana_generated.tscn,VehicleRigidBody,res://scenes/vehicles/f1_94/f1_94.tscn,res://addons/formula90s/scripts/f1_94_rust_vehicle.gd,1,{}
825,18.71,4667.6,1,1.0,0.0,0.0,-0.097,0.742,0.990,48.8,48.7,77.4,77.4,0.0094,0.2822,godot_parity_session,2026-08-15T00:00:00Z,120,PHY-010,res://scenes/tracks/test_field/la_chutana_generated.tscn,VehicleRigidBody,res://scenes/vehicles/f1_94/f1_94.tscn,res://addons/formula90s/scripts/f1_94_rust_vehicle.gd,1,{}
833,18.91,4670.0,1,1.0,0.0,0.0,0.097,0.741,0.990,48.7,48.8,77.4,77.4,0.0093,0.2792,godot_parity_session,2026-08-15T00:00:00Z,120,PHY-010,res://scenes/tracks/test_field/la_chutana_generated.tscn,VehicleRigidBody,res://scenes/vehicles/f1_94/f1_94.tscn,res://addons/formula90s/scripts/f1_94_rust_vehicle.gd,1,{}
841,19.11,4672.4,1,1.0,0.0,0.0,-0.097,0.740,0.990,48.8,48.7,77.4,77.4,0.0093,0.2762,godot_parity_session,2026-08-15T00:00:00Z,120,PHY-010,res://scenes/tracks/test_field/la_chutana_generated.tscn,VehicleRigidBody,res://scenes/vehicles/f1_94/f1_94.tscn,res://addons/formula90s/scripts/f1_94_rust_vehicle.gd,1,{}
850,19.31,4674.8,1,1.0,0.0,0.0,0.097,0.739,0.990,48.8,48.8,77.4,77.4,0.0092,0.2734,godot_parity_session,2026-08-15T00:00:00Z,120,PHY-010,res://scenes/tracks/test_field/la_chutana_generated.tscn,VehicleRigidBody,res://scenes/vehicles/f1_94/f1_94.tscn,res://addons/formula90s/scripts/f1_94_rust_vehicle.gd,1,{}
858,19.51,4677.3,1,1.0,0.0,0.0,-0.098,0.739,0.990,48.8,48.8,77.4,77.4,0.0091,0.2706,godot_parity_session,2026-08-15T00:00:00Z,120,PHY-010,res://scenes/tracks/test_field/la_chutana_generated.tscn,VehicleRigidBody,res://scenes/vehicles/f1_94/f1_94.tscn,res://addons/formula90s/scripts/f1_94_rust_vehicle.gd,1,{}
866,19.70,4679.9,1,1.0,0.0,0.0,0.098,0.738,0.990,48.8,48.8,77.4,77.4,0.0090,0.2680,godot_parity_session,2026-08-15T00:00:00Z,120,PHY-010,res://scenes/tracks/test_field/la_chutana_generated.tscn,VehicleRigidBody,res://scenes/vehicles/f1_94/f1_94.tscn,res://addons/formula90s/scripts/f1_94_rust_vehicle.gd,1,{}
875,19.90,4682.6,1,1.0,0.0,0.0,-0.098,0.738,0.990,48.8,48.8,77.4,77.3,0.0089,0.2654,godot_parity_session,2026-08-15T00:00:00Z,120,PHY-010,res://scenes/tracks/test_field/la_chutana_generated.tscn,VehicleRigidBody,res://scenes/vehicles/f1_94/f1_94.tscn,res://addons/formula90s/scripts/f1_94_rust_vehicle.gd,1,{}
883,20.10,4685.3,1,1.0,0.0,0.0,0.098,0.737,0.990,48.8,48.8,77.3,77.4,0.0088,0.2630,godot_parity_session,2026-08-15T00:00:00Z,120,PHY-010,res://scenes/tracks/test_field/la_chutana_generated.tscn,VehicleRigidBody,res://scenes/vehicles/f1_94/f1_94.tscn,res://addons/formula90s/scripts/f1_94_rust_vehicle.gd,1,{}
891,20.30,4688.1,1,1.0,0.0,0.0,-0.098,0.736,0.990,48.9,48.8,77.4,77.3,0.0087,0.2605,godot_parity_session,2026-08-15T00:00:00Z,120,PHY-010,res://scenes/tracks/test_field/la_chutana_generated.tscn,VehicleRigidBody,res://scenes/vehicles/f1_94/f1_94.tscn,res://addons/formula90s/scripts/f1_94_rust_vehicle.gd,1,{}
900,20.49,4691.0,1,1.0,0.0,0.0,0.098,0.736,0.990,48.8,48.9,77.3,77.4,0.0086,0.2582,godot_parity_session,2026-08-15T00:00:00Z,120,PHY-010,res://scenes/tracks/test_field/la_chutana_generated.tscn,VehicleRigidBody,res://scenes/vehicles/f1_94/f1_94.tscn,res://addons/formula90s/scripts/f1_94_rust_vehicle.gd,1,{}
908,20.69,4694.0,1,1.0,0.0,0.0,-0.098,0.736,0.990,48.9,48.8,77.4,77.3,0.0086,0.2558,godot_parity_session,2026-08-15T00:00:00Z,120,PHY-010,res://scenes/tracks/test_field/la_chutana_generated.tscn,VehicleRigidBody,res://scenes/vehicles/f1_94/f1_94.tscn,res://addons/formula90s/scripts/f1_94_rust_vehicle.gd,1,{}
916,20.88,4697.0,1,1.0,0.0,0.0,0.099,0.735,0.990,48.8,48.9,77.3,77.4,0.0085,0.2536,godot_parity_session,2026-08-15T00:00:00Z,120,PHY-010,res://scenes/tracks/test_field/la_chutana_generated.tscn,VehicleRigidBody,res://scenes/vehicles/f1_94/f1_94.tscn,res://addons/formula90s/scripts/f1_94_rust_vehicle.gd,1,{}
925,21.08,4700.2,1,1.0,0.0,0.0,-0.099,0.735,0.990,48.9,48.8,77.3,77.3,0.0084,0.2514,godot_parity_session,2026-08-15T00:00:00Z,120,PHY-010,res://scenes/tracks/test_field/la_chutana_generated.tscn,VehicleRigidBody,res://scenes/vehicles/f1_94/f1_94.tscn,res://addons/formula90s/scripts/f1_94_rust_vehicle.gd,1,{}
933,21.27,4703.4,1,1.0,0.0,0.0,0.099,0.734,0.990,48.9,48.9,77.3,77.3,0.0083,0.2493,godot_parity_session,2026-08-15T00:00:00Z,120,PHY-010,res://scenes/tracks/test_field/la_chutana_generated.tscn,VehicleRigidBody,res://scenes/vehicles/f1_94/f1_94.tscn,res://addons/formula90s/scripts/f1_94_rust_vehicle.gd,1,{}
941,21.47,4706.7,1,1.0,0.0,0.0,-0.099,0.734,0.990,48.9,48.9,77.3,77.3,0.0083,0.2471,godot_parity_session,2026-08-15T00:00:00Z,120,PHY-010,res://scenes/tracks/test_field/la_chutana_generated.tscn,VehicleRigidBody,res://scenes/vehicles/f1_94/f1_94.tscn,res://addons/formula90s/scripts/f1_94_rust_vehicle.gd,1,{}
950,21.66,4710.1,1,1.0,0.0,0.0,0.099,0.734,0.990,48.9,48.9,77.3,77.3,0.0082,0.2451,godot_parity_session,2026-08-15T00:00:00Z,120,PHY-010,res://scenes/tracks/test_field/la_chutana_generated.tscn,VehicleRigidBody,res://scenes/vehicles/f1_94/f1_94.tscn,res://addons/formula90s/scripts/f1_94_rust_vehicle.gd,1,{}
958,21.86,4713.5,1,1.0,0.0,0.0,-0.099,0.733,0.990,48.9,48.9,77.3,77.3,0.0081,0.2431,godot_parity_session,2026-08-15T00:00:00Z,120,PHY-010,res://scenes/tracks/test_field/la_chutana_generated.tscn,VehicleRigidBody,res://scenes/vehicles/f1_94/f1_94.tscn,res://addons/formula90s/scripts/f1_94_rust_vehicle.gd,1,{}
966,22.05,4717.1,1,1.0,0.0,0.0,0.099,0.733,0.990,48.9,49.0,77.3,77.3,0.0080,0.2411,godot_parity_session,2026-08-15T00:00:00Z,120,PHY-010,res://scenes/tracks/test_field/la_chutana_generated.tscn,VehicleRigidBody,res://scenes/vehicles/f1_94/f1_94.tscn,res://addons/formula90s/scripts/f1_94_rust_vehicle.gd,1,{}
975,22.24,4720.8,1,1.0,0.0,0.0,-0.099,0.733,0.990,49.0,48.9,77.3,77.2,0.0080,0.2392,godot_parity_session,2026-08-15T00:00:00Z,120,PHY-010,res://scenes/tracks/test_field/la_chutana_generated.tscn,VehicleRigidBody,res://scenes/vehicles/f1_94/f1_94.tscn,res://addons/formula90s/scripts/f1_94_rust_vehicle.gd,1,{}
983,22.44,4724.6,1,1.0,0.0,0.0,0.099,0.733,0.990,48.9,49.0,77.2,77.3,0.0079,0.2373,godot_parity_session,2026-08-15T00:00:00Z,120,PHY-010,res://scenes/tracks/test_field/la_chutana_generated.tscn,VehicleRigidBody,res://scenes/vehicles/f1_94/f1_94.tscn,res://addons/formula90s/scripts/f1_94_rust_vehicle.gd,1,{}
991,22.63,4728.5,1,1.0,0.0,0.0,-0.099,0.732,0.990,49.0,48.9,77.3,77.2,0.0078,0.2354,godot_parity_session,2026-08-15T00:00:00Z,120,PHY-010,res://scenes/tracks/test_field/la_chutana_generated.tscn,VehicleRigidBody,res://scenes/vehicles/f1_94/f1_94.tscn,res://addons/formula90s/scripts/f1_94_rust_vehicle.gd,1,{}
1000,22.82,4732.4,1,1.0,0.0,0.0,0.099,0.732,0.991,49.0,49.0,77.2,77.3,0.0078,0.2336,godot_parity_session,2026-08-15T00:00:00Z,120,PHY-010,res://scenes/tracks/test_field/la_chutana_generated.tscn,VehicleRigidBody,res://scenes/vehicles/f1_94/f1_94.tscn,res://addons/formula90s/scripts/f1_94_rust_vehicle.gd,1,{}
1008,23.02,4736.5,1,1.0,0.0,0.0,-0.099,0.732,0.991,49.0,49.0,77.3,77.2,0.0077,0.2317,godot_parity_session,2026-08-15T00:00:00Z,120,PHY-010,res://scenes/tracks/test_field/la_chutana_generated.tscn,VehicleRigidBody,res://scenes/vehicles/f1_94/f1_94.tscn,res://addons/formula90s/scripts/f1_94_rust_vehicle.gd,1,{}
1016,23.21,4740.7,1,1.0,0.0,0.0,0.099,0.732,0.991,49.0,49.0,77.2,77.3,0.0076,0.2300,godot_parity_session,2026-08-15T00:00:00Z,120,PHY-010,res://scenes/tracks/test_field/la_chutana_generated.tscn,VehicleRigidBody,res://scenes/vehicles/f1_94/f1_94.tscn,res://addons/formula90s/scripts/f1_94_rust_vehicle.gd,1,{}
1025,23.40,4745.0,1,1.0,0.0,0.0,-0.099,0.731,0.991,49.0,49.0,77.3,77.2,0.0076,0.2282,godot_parity_session,2026-08-15T00:00:00Z,120,PHY-010,res://scenes/tracks/test_field/la_chutana_generated.tscn,VehicleRigidBody,res://scenes/vehicles/f1_94/f1_94.tscn,res://addons/formula90s/scripts/f1_94_rust_vehicle.gd,1,{}
1033,23.59,4749.5,1,1.0,0.0,0.0,0.099,0.731,0.991,49.0,49.0,77.2,77.2,0.0075,0.2265,godot_parity_session,2026-08-15T00:00:00Z,120,PHY-010,res://scenes/tracks/test_field/la_chutana_generated.tscn,VehicleRigidBody,res://scenes/vehicles/f1_94/f1_94.tscn,res://addons/formula90s/scripts/f1_94_rust_vehicle.gd,1,{}
1041,23.79,4754.0,1,1.0,0.0,0.0,-0.099,0.731,0.991,49.1,49.0,77.2,77.2,0.0075,0.2248,godot_parity_session,2026-08-15T00:00:00Z,120,PHY-010,res://scenes/tracks/test_field/la_chutana_generated.tscn,VehicleRigidBody,res://scenes/vehicles/f1_94/f1_94.tscn,res://addons/formula90s/scripts/f1_94_rust_vehicle.gd,1,{}
1050,23.98,4758.7,1,1.0,0.0,0.0,0.099,0.731,0.991,49.0,49.1,77.2,77.2,0.0074,0.2231,godot_parity_session,2026-08-15T00:00:00Z,120,PHY-010,res://scenes/tracks/test_field/la_chutana_generated.tscn,VehicleRigidBody,res://scenes/vehicles/f1_94/f1_94.tscn,res://addons/formula90s/scripts/f1_94_rust_vehicle.gd,1,{}
1058,24.17,4763.5,1,1.0,0.0,0.0,-0.099,0.730,0.991,49.1,49.0,77.2,77.2,0.0073,0.2214,godot_parity_session,2026-08-15T00:00:00Z,120,PHY-010,res://scenes/tracks/test_field/la_chutana_generated.tscn,VehicleRigidBody,res://scenes/vehicles/f1_94/f1_94.tscn,res://addons/formula90s/scripts/f1_94_rust_vehicle.gd,1,{}
1066,24.36,4768.5,1,1.0,0.0,0.0,0.099,0.730,0.991,49.0,49.1,77.2,77.2,0.0073,0.2198,godot_parity_session,2026-08-15T00:00:00Z,120,PHY-010,res://scenes/tracks/test_field/la_chutana_generated.tscn,VehicleRigidBody,res://scenes/vehicles/f1_94/f1_94.tscn,res://addons/formula90s/scripts/f1_94_rust_vehicle.gd,1,{}
1075,24.55,4773.6,1,1.0,0.0,0.0,-0.099,0.730,0.991,49.1,49.0,77.2,77.2,0.0072,0.2182,godot_parity_session,2026-08-15T00:00:00Z,120,PHY-010,res://scenes/tracks/test_field/la_chutana_generated.tscn,VehicleRigidBody,res://scenes/vehicles/f1_94/f1_94.tscn,res://addons/formula90s/scripts/f1_94_rust_vehicle.gd,1,{}
1083,24.74,4778.8,1,1.0,0.0,0.0,0.099,0.729,0.991,49.1,49.1,77.2,77.2,0.0072,0.2166,godot_parity_session,2026-08-15T00:00:00Z,120,PHY-010,res://scenes/tracks/test_field/la_chutana_generated.tscn,VehicleRigidBody,res://scenes/vehicles/f1_94/f1_94.tscn,res://addons/formula90s/scripts/f1_94_rust_vehicle.gd,1,{}
1091,24.93,4784.1,1,1.0,0.0,0.0,-0.099,0.729,0.991,49.1,49.1,77.2,77.2,0.0071,0.2150,godot_parity_session,2026-08-15T00:00:00Z,120,PHY-010,res://scenes/tracks/test_field/la_chutana_generated.tscn,VehicleRigidBody,res://scenes/vehicles/f1_94/f1_94.tscn,res://addons/formula90s/scripts/f1_94_rust_vehicle.gd,1,{}
1100,25.12,4789.7,1,1.0,0.0,0.0,0.099,0.729,0.991,49.1,49.1,77.2,77.2,0.0071,0.2135,godot_parity_session,2026-08-15T00:00:00Z,120,PHY-010,res://scenes/tracks/test_field/la_chutana_generated.tscn,VehicleRigidBody,res://scenes/vehicles/f1_94/f1_94.tscn,res://addons/formula90s/scripts/f1_94_rust_vehicle.gd,1,{}
1108,25.31,4795.3,1,1.0,0.0,0.0,-0.100,0.729,0.991,49.1,49.1,77.2,77.2,0.0070,0.2119,godot_parity_session,2026-08-15T00:00:00Z,120,PHY-010,res://scenes/tracks/test_field/la_chutana_generated.tscn,VehicleRigidBody,res://scenes/vehicles/f1_94/f1_94.tscn,res://addons/formula90s/scripts/f1_94_rust_vehicle.gd,1,{}
1116,25.50,4801.1,1,1.0,0.0,0.0,0.100,0.728,0.991,49.1,49.1,77.2,77.2,0.0070,0.2104,godot_parity_session,2026-08-15T00:00:00Z,120,PHY-010,res://scenes/tracks/test_field/la_chutana_generated.tscn,VehicleRigidBody,res://scenes/vehicles/f1_94/f1_94.tscn,res://addons/formula90s/scripts/f1_94_rust_vehicle.gd,1,{}
1125,25.69,4807.1,1,1.0,0.0,0.0,-0.100,0.728,0.991,49.1,49.1,77.2,77.1,0.0069,0.2089,godot_parity_session,2026-08-15T00:00:00Z,120,PHY-010,res://scenes/tracks/test_field/la_chutana_generated.tscn,VehicleRigidBody,res://scenes/vehicles/f1_94/f1_94.tscn,res://addons/formula90s/scripts/f1_94_rust_vehicle.gd,1,{}
1133,25.88,4813.3,1,1.0,0.0,0.0,0.100,0.728,0.991,49.1,49.2,77.1,77.2,0.0068,0.2074,godot_parity_session,2026-08-15T00:00:00Z,120,PHY-010,res://scenes/tracks/test_field/la_chutana_generated.tscn,VehicleRigidBody,res://scenes/vehicles/f1_94/f1_94.tscn,res://addons/formula90s/scripts/f1_94_rust_vehicle.gd,1,{}
1141,26.07,4819.6,1,1.0,0.0,0.0,-0.100,0.727,0.991,49.2,49.1,77.2,77.1,0.0068,0.2060,godot_parity_session,2026-08-15T00:00:00Z,120,PHY-010,res://scenes/tracks/test_field/la_chutana_generated.tscn,VehicleRigidBody,res://scenes/vehicles/f1_94/f1_94.tscn,res://addons/formula90s/scripts/f1_94_rust_vehicle.gd,1,{}
1150,26.26,4826.1,1,1.0,0.0,0.0,0.100,0.727,0.991,49.1,49.2,77.1,77.2,0.0067,0.2045,godot_parity_session,2026-08-15T00:00:00Z,120,PHY-010,res://scenes/tracks/test_field/la_chutana_generated.tscn,VehicleRigidBody,res://scenes/vehicles/f1_94/f1_94.tscn,res://addons/formula90s/scripts/f1_94_rust_vehicle.gd,1,{}
1158,26.45,4832.7,1,1.0,0.0,0.0,-0.100,0.727,0.991,49.2,49.1,77.2,77.1,0.0067,0.2031,godot_parity_session,2026-08-15T00:00:00Z,120,PHY-010,res://scenes/tracks/test_field/la_chutana_generated.tscn,VehicleRigidBody,res://scenes/vehicles/f1_94/f1_94.tscn,res://addons/formula90s/scripts/f1_94_rust_vehicle.gd,1,{}
1166,26.64,4839.6,1,1.0,0.0,0.0,0.100,0.726,0.991,49.1,49.2,77.1,77.2,0.0066,0.2017,godot_parity_session,2026-08-15T00:00:00Z,120,PHY-010,res://scenes/tracks/test_field/la_chutana_generated.tscn,VehicleRigidBody,res://scenes/vehicles/f1_94/f1_94.tscn,res://addons/formula90s/scripts/f1_94_rust_vehicle.gd,1,{}
1175,26.82,4846.6,1,1.0,0.0,0.0,-0.100,0.726,0.991,49.2,49.1,77.2,77.1,0.0066,0.2002,godot_parity_session,2026-08-15T00:00:00Z,120,PHY-010,res://scenes/tracks/test_field/la_chutana_generated.tscn,VehicleRigidBody,res://scenes/vehicles/f1_94/f1_94.tscn,res://addons/formula90s/scripts/f1_94_rust_vehicle.gd,1,{}
1183,27.01,4853.8,1,1.0,0.0,0.0,0.100,0.725,0.991,49.2,49.2,77.1,77.2,0.0065,0.1989,godot_parity_session,2026-08-15T00:00:00Z,120,PHY-010,res://scenes/tracks/test_field/la_chutana_generated.tscn,VehicleRigidBody,res://scenes/vehicles/f1_94/f1_94.tscn,res://addons/formula90s/scripts/f1_94_rust_vehicle.gd,1,{}
1191,27.20,4861.2,1,1.0,0.0,0.0,-0.100,0.725,0.991,49.2,49.2,77.2,77.1,0.0065,0.1975,godot_parity_session,2026-08-15T00:00:00Z,120,PHY-010,res://scenes/tracks/test_field/la_chutana_generated.tscn,VehicleRigidBody,res://scenes/vehicles/f1_94/f1_94.tscn,res://addons/formula90s/scripts/f1_94_rust_vehicle.gd,1,{}
1200,27.39,4868.8,1,1.0,0.0,0.0,0.100,0.725,0.991,49.2,49.2,77.1,77.2,0.0065,0.1961,godot_parity_session,2026-08-15T00:00:00Z,120,PHY-010,res://scenes/tracks/test_field/la_chutana_generated.tscn,VehicleRigidBody,res://scenes/vehicles/f1_94/f1_94.tscn,res://addons/formula90s/scripts/f1_94_rust_vehicle.gd,1,{}
1208,27.57,4876.7,1,1.0,0.0,0.0,-0.100,0.724,0.991,49.2,49.2,77.2,77.1,0.0064,0.1948,godot_parity_session,2026-08-15T00:00:00Z,120,PHY-010,res://scenes/tracks/test_field/la_chutana_generated.tscn,VehicleRigidBody,res://scenes/vehicles/f1_94/f1_94.tscn,res://addons/formula90s/scripts/f1_94_rust_vehicle.gd,1,{}
1216,27.76,4884.7,1,1.0,0.0,0.0,0.100,0.724,0.991,49.2,49.2,77.1,77.2,0.0064,0.1934,godot_parity_session,2026-08-15T00:00:00Z,120,PHY-010,res://scenes/tracks/test_field/la_chutana_generated.tscn,VehicleRigidBody,res://scenes/vehicles/f1_94/f1_94.tscn,res://addons/formula90s/scripts/f1_94_rust_vehicle.gd,1,{}
1225,27.95,4892.9,1,1.0,0.0,0.0,-0.100,0.723,0.991,49.2,49.2,77.2,77.1,0.0063,0.1921,godot_parity_session,2026-08-15T00:00:00Z,120,PHY-010,res://scenes/tracks/test_field/la_chutana_generated.tscn,VehicleRigidBody,res://scenes/vehicles/f1_94/f1_94.tscn,res://addons/formula90s/scripts/f1_94_rust_vehicle.gd,1,{}
1233,28.13,4901.4,1,1.0,0.0,0.0,0.100,0.723,0.991,49.2,49.3,77.1,77.2,0.0063,0.1908,godot_parity_session,2026-08-15T00:00:00Z,120,PHY-010,res://scenes/tracks/test_field/la_chutana_generated.tscn,VehicleRigidBody,res://scenes/vehicles/f1_94/f1_94.tscn,res://addons/formula90s/scripts/f1_94_rust_vehicle.gd,1,{}
1241,28.32,4910.0,1,1.0,0.0,0.0,-0.101,0.723,0.991,49.3,49.2,77.2,77.1,0.0062,0.1895,godot_parity_session,2026-08-15T00:00:00Z,120,PHY-010,res://scenes/tracks/test_field/la_chutana_generated.tscn,VehicleRigidBody,res://scenes/vehicles/f1_94/f1_94.tscn,res://addons/formula90s/scripts/f1_94_rust_vehicle.gd,1,{}
1250,28.50,4918.9,1,1.0,0.0,0.0,0.101,0.722,0.991,49.2,49.3,77.1,77.1,0.0062,0.1883,godot_parity_session,2026-08-15T00:00:00Z,120,PHY-010,res://scenes/tracks/test_field/la_chutana_generated.tscn,VehicleRigidBody,res://scenes/vehicles/f1_94/f1_94.tscn,res://addons/formula90s/scripts/f1_94_rust_vehicle.gd,1,{}
1258,28.69,4928.0,1,1.0,0.0,0.0,-0.101,0.722,0.991,49.3,49.2,77.1,77.1,0.0061,0.1870,godot_parity_session,2026-08-15T00:00:00Z,120,PHY-010,res://scenes/tracks/test_field/la_chutana_generated.tscn,VehicleRigidBody,res://scenes/vehicles/f1_94/f1_94.tscn,res://addons/formula90s/scripts/f1_94_rust_vehicle.gd,1,{}
1266,28.87,4937.4,1,1.0,0.0,0.0,0.101,0.721,0.991,49.2,49.3,77.1,77.1,0.0061,0.1858,godot_parity_session,2026-08-15T00:00:00Z,120,PHY-010,res://scenes/tracks/test_field/la_chutana_generated.tscn,VehicleRigidBody,res://scenes/vehicles/f1_94/f1_94.tscn,res://addons/formula90s/scripts/f1_94_rust_vehicle.gd,1,{}
1275,29.06,4947.0,1,1.0,0.0,0.0,-0.101,0.721,0.991,49.3,49.3,77.1,77.1,0.0061,0.1846,godot_parity_session,2026-08-15T00:00:00Z,120,PHY-010,res://scenes/tracks/test_field/la_chutana_generated.tscn,VehicleRigidBody,res://scenes/vehicles/f1_94/f1_94.tscn,res://addons/formula90s/scripts/f1_94_rust_vehicle.gd,1,{}
1283,29.24,4956.8,1,1.0,0.0,0.0,0.101,0.721,0.991,49.3,49.3,77.1,77.1,0.0060,0.1834,godot_parity_session,2026-08-15T00:00:00Z,120,PHY-010,res://scenes/tracks/test_field/la_chutana_generated.tscn,VehicleRigidBody,res://scenes/vehicles/f1_94/f1_94.tscn,res://addons/formula90s/scripts/f1_94_rust_vehicle.gd,1,{}
1291,29.43,4966.9,1,1.0,0.0,0.0,-0.101,0.720,0.991,49.3,49.3,77.1,77.1,0.0060,0.1822,godot_parity_session,2026-08-15T00:00:00Z,120,PHY-010,res://scenes/tracks/test_field/la_chutana_generated.tscn,VehicleRigidBody,res://scenes/vehicles/f1_94/f1_94.tscn,res://addons/formula90s/scripts/f1_94_rust_vehicle.gd,1,{}
1300,29.61,4977.2,1,1.0,0.0,0.0,0.101,0.720,0.991,49.3,49.3,77.1,77.1,0.0059,0.1810,godot_parity_session,2026-08-15T00:00:00Z,120,PHY-010,res://scenes/tracks/test_field/la_chutana_generated.tscn,VehicleRigidBody,res://scenes/vehicles/f1_94/f1_94.tscn,res://addons/formula90s/scripts/f1_94_rust_vehicle.gd,1,{}
1308,29.79,4987.7,1,1.0,0.0,0.0,-0.101,0.719,0.991,49.3,49.3,77.1,77.1,0.0059,0.1798,godot_parity_session,2026-08-15T00:00:00Z,120,PHY-010,res://scenes/tracks/test_field/la_chutana_generated.tscn,VehicleRigidBody,res://scenes/vehicles/f1_94/f1_94.tscn,res://addons/formula90s/scripts/f1_94_rust_vehicle.gd,1,{}
1316,29.98,4998.6,1,1.0,0.0,0.0,0.101,0.719,0.991,49.3,49.4,77.1,77.1,0.0059,0.1787,godot_parity_session,2026-08-15T00:00:00Z,120,PHY-010,res://scenes/tracks/test_field/la_chutana_generated.tscn,VehicleRigidBody,res://scenes/vehicles/f1_94/f1_94.tscn,res://addons/formula90s/scripts/f1_94_rust_vehicle.gd,1,{}
1325,30.16,5009.6,1,1.0,0.0,0.0,-0.101,0.719,0.991,49.4,49.3,77.1,77.1,0.0058,0.1776,godot_parity_session,2026-08-15T00:00:00Z,120,PHY-010,res://scenes/tracks/test_field/la_chutana_generated.tscn,VehicleRigidBody,res://scenes/vehicles/f1_94/f1_94.tscn,res://addons/formula90s/scripts/f1_94_rust_vehicle.gd,1,{}
1333,30.34,5021.0,1,1.0,0.0,0.0,0.101,0.718,0.991,49.3,49.4,77.1,77.1,0.0058,0.1765,godot_parity_session,2026-08-15T00:00:00Z,120,PHY-010,res://scenes/tracks/test_field/la_chutana_generated.tscn,VehicleRigidBody,res://scenes/vehicles/f1_94/f1_94.tscn,res://addons/formula90s/scripts/f1_94_rust_vehicle.gd,1,{}
1341,30.53,5032.6,1,1.0,0.0,0.0,-0.102,0.718,0.991,49.4,49.3,77.1,77.1,0.0057,0.1754,godot_parity_session,2026-08-15T00:00:00Z,120,PHY-010,res://scenes/tracks/test_field/la_chutana_generated.tscn,VehicleRigidBody,res://scenes/vehicles/f1_94/f1_94.tscn,res://addons/formula90s/scripts/f1_94_rust_vehicle.gd,1,{}
1350,30.71,5044.4,1,1.0,0.0,0.0,0.102,0.717,0.991,49.3,49.4,77.1,77.1,0.0057,0.1744,godot_parity_session,2026-08-15T00:00:00Z,120,PHY-010,res://scenes/tracks/test_field/la_chutana_generated.tscn,VehicleRigidBody,res://scenes/vehicles/f1_94/f1_94.tscn,res://addons/formula90s/scripts/f1_94_rust_vehicle.gd,1,{}
1358,30.89,5056.5,1,1.0,0.0,0.0,-0.102,0.717,0.991,49.4,49.4,77.1,77.1,0.0057,0.1734,godot_parity_session,2026-08-15T00:00:00Z,120,PHY-010,res://scenes/tracks/test_field/la_chutana_generated.tscn,VehicleRigidBody,res://scenes/vehicles/f1_94/f1_94.tscn,res://addons/formula90s/scripts/f1_94_rust_vehicle.gd,1,{}
1366,31.07,5068.9,1,1.0,0.0,0.0,0.102,0.717,0.991,49.4,49.4,77.1,77.1,0.0056,0.1724,godot_parity_session,2026-08-15T00:00:00Z,120,PHY-010,res://scenes/tracks/test_field/la_chutana_generated.tscn,VehicleRigidBody,res://scenes/vehicles/f1_94/f1_94.tscn,res://addons/formula90s/scripts/f1_94_rust_vehicle.gd,1,{}
1375,31.25,5081.6,1,1.0,0.0,0.0,-0.102,0.717,0.991,49.4,49.4,77.1,77.1,0.0056,0.1714,godot_parity_session,2026-08-15T00:00:00Z,120,PHY-010,res://scenes/tracks/test_field/la_chutana_generated.tscn,VehicleRigidBody,res://scenes/vehicles/f1_94/f1_94.tscn,res://addons/formula90s/scripts/f1_94_rust_vehicle.gd,1,{}
1383,31.43,5094.6,1,1.0,0.0,0.0,0.102,0.716,0.991,49.4,49.4,77.0,77.1,0.0056,0.1704,godot_parity_session,2026-08-15T00:00:00Z,120,PHY-010,res://scenes/tracks/test_field/la_chutana_generated.tscn,VehicleRigidBody,res://scenes/vehicles/f1_94/f1_94.tscn,res://addons/formula90s/scripts/f1_94_rust_vehicle.gd,1,{}
1391,31.62,5107.8,1,1.0,0.0,0.0,-0.102,0.716,0.991,49.5,49.4,77.1,77.0,0.0055,0.1695,godot_parity_session,2026-08-15T00:00:00Z,120,PHY-010,res://scenes/tracks/test_field/la_chutana_generated.tscn,VehicleRigidBody,res://scenes/vehicles/f1_94/f1_94.tscn,res://addons/formula90s/scripts/f1_94_rust_vehicle.gd,1,{}
1400,31.80,5121.3,1,1.0,0.0,0.0,0.102,0.716,0.991,49.4,49.5,77.0,77.1,0.0055,0.1686,godot_parity_session,2026-08-15T00:00:00Z,120,PHY-010,res://scenes/tracks/test_field/la_chutana_generated.tscn,VehicleRigidBody,res://scenes/vehicles/f1_94/f1_94.tscn,res://addons/formula90s/scripts/f1_94_rust_vehicle.gd,1,{}
1408,31.98,5135.1,1,1.0,0.0,0.0,-0.102,0.716,0.991,49.5,49.4,77.1,77.0,0.0055,0.1677,godot_parity_session,2026-08-15T00:00:00Z,120,PHY-010,res://scenes/tracks/test_field/la_chutana_generated.tscn,VehicleRigidBody,res://scenes/vehicles/f1_94/f1_94.tscn,res://addons/formula90s/scripts/f1_94_rust_vehicle.gd,1,{}
1416,32.16,5149.1,1,1.0,0.0,0.0,0.102,0.716,0.991,49.4,49.5,77.0,77.1,0.0054,0.1668,godot_parity_session,2026-08-15T00:00:00Z,120,PHY-010,res://scenes/tracks/test_field/la_chutana_generated.tscn,VehicleRigidBody,res://scenes/vehicles/f1_94/f1_94.tscn,res://addons/formula90s/scripts/f1_94_rust_vehicle.gd,1,{}
1425,32.34,5163.5,1,1.0,0.0,0.0,-0.102,0.715,0.991,49.5,49.4,77.1,77.0,0.0054,0.1660,godot_parity_session,2026-08-15T00:00:00Z,120,PHY-010,res://scenes/tracks/test_field/la_chutana_generated.tscn,VehicleRigidBody,res://scenes/vehicles/f1_94/f1_94.tscn,res://addons/formula90s/scripts/f1_94_rust_vehicle.gd,1,{}
1433,32.52,5178.1,1,1.0,0.0,0.0,0.102,0.715,0.991,49.5,49.5,77.0,77.1,0.0054,0.1651,godot_parity_session,2026-08-15T00:00:00Z,120,PHY-010,res://scenes/tracks/test_field/la_chutana_generated.tscn,VehicleRigidBody,res://scenes/vehicles/f1_94/f1_94.tscn,res://addons/formula90s/scripts/f1_94_rust_vehicle.gd,1,{}
1441,32.70,5193.0,1,1.0,0.0,0.0,-0.102,0.715,0.991,49.5,49.5,77.1,77.0,0.0053,0.1644,godot_parity_session,2026-08-15T00:00:00Z,120,PHY-010,res://scenes/tracks/test_field/la_chutana_generated.tscn,VehicleRigidBody,res://scenes/vehicles/f1_94/f1_94.tscn,res://addons/formula90s/scripts/f1_94_rust_vehicle.gd,1,{}
1450,32.88,5208.2,1,1.0,0.0,0.0,0.102,0.715,0.991,49.5,49.5,77.0,77.1,0.0053,0.1636,godot_parity_session,2026-08-15T00:00:00Z,120,PHY-010,res://scenes/tracks/test_field/la_chutana_generated.tscn,VehicleRigidBody,res://scenes/vehicles/f1_94/f1_94.tscn,res://addons/formula90s/scripts/f1_94_rust_vehicle.gd,1,{}
1458,33.06,5223.7,1,1.0,0.0,0.0,-0.102,0.715,0.991,49.5,49.5,77.1,77.0,0.0053,0.1629,godot_parity_session,2026-08-15T00:00:00Z,120,PHY-010,res://scenes/tracks/test_field/la_chutana_generated.tscn,VehicleRigidBody,res://scenes/vehicles/f1_94/f1_94.tscn,res://addons/formula90s/scripts/f1_94_rust_vehicle.gd,1,{}
1466,33.24,5239.5,1,1.0,0.0,0.0,0.102,0.715,0.991,49.5,49.5,77.0,77.1,0.0052,0.1622,godot_parity_session,2026-08-15T00:00:00Z,120,PHY-010,res://scenes/tracks/test_field/la_chutana_generated.tscn,VehicleRigidBody,res://scenes/vehicles/f1_94/f1_94.tscn,res://addons/formula90s/scripts/f1_94_rust_vehicle.gd,1,{}
1475,33.42,5255.6,1,1.0,0.0,0.0,-0.102,0.716,0.991,49.6,49.5,77.1,77.0,0.0052,0.1615,godot_parity_session,2026-08-15T00:00:00Z,120,PHY-010,res://scenes/tracks/test_field/la_chutana_generated.tscn,VehicleRigidBody,res://scenes/vehicles/f1_94/f1_94.tscn,res://addons/formula90s/scripts/f1_94_rust_vehicle.gd,1,{}
1483,33.59,5271.9,1,1.0,0.0,0.0,0.101,0.716,0.991,49.5,49.6,77.0,77.1,0.0052,0.1609,godot_parity_session,2026-08-15T00:00:00Z,120,PHY-010,res://scenes/tracks/test_field/la_chutana_generated.tscn,VehicleRigidBody,res://scenes/vehicles/f1_94/f1_94.tscn,res://addons/formula90s/scripts/f1_94_rust_vehicle.gd,1,{}
1491,33.77,5288.6,1,1.0,0.0,0.0,-0.101,0.716,0.991,49.6,49.5,77.1,77.0,0.0051,0.1602,godot_parity_session,2026-08-15T00:00:00Z,120,PHY-010,res://scenes/tracks/test_field/la_chutana_generated.tscn,VehicleRigidBody,res://scenes/vehicles/f1_94/f1_94.tscn,res://addons/formula90s/scripts/f1_94_rust_vehicle.gd,1,{}
1500,33.95,5305.5,1,1.0,0.0,0.0,0.101,0.716,0.991,49.5,49.6,77.0,77.1,0.0051,0.1597,godot_parity_session,2026-08-15T00:00:00Z,120,PHY-010,res://scenes/tracks/test_field/la_chutana_generated.tscn,VehicleRigidBody,res://scenes/vehicles/f1_94/f1_94.tscn,res://addons/formula90s/scripts/f1_94_rust_vehicle.gd,1,{}
1508,34.13,5322.8,1,1.0,0.0,0.0,-0.101,0.717,0.991,49.6,49.5,77.1,77.0,0.0051,0.1591,godot_parity_session,2026-08-15T00:00:00Z,120,PHY-010,res://scenes/tracks/test_field/la_chutana_generated.tscn,VehicleRigidBody,res://scenes/vehicles/f1_94/f1_94.tscn,res://addons/formula90s/scripts/f1_94_rust_vehicle.gd,1,{}
1516,34.31,5340.3,1,1.0,0.0,0.0,0.101,0.717,0.991,49.5,49.6,77.0,77.1,0.0051,0.1586,godot_parity_session,2026-08-15T00:00:00Z,120,PHY-010,res://scenes/tracks/test_field/la_chutana_generated.tscn,VehicleRigidBody,res://scenes/vehicles/f1_94/f1_94.tscn,res://addons/formula90s/scripts/f1_94_rust_vehicle.gd,1,{}
1525,34.49,5358.1,1,1.0,0.0,0.0,-0.101,0.718,0.991,49.6,49.5,77.1,77.1,0.0050,0.1581,godot_parity_session,2026-08-15T00:00:00Z,120,PHY-010,res://scenes/tracks/test_field/la_chutana_generated.tscn,VehicleRigidBody,res://scenes/vehicles/f1_94/f1_94.tscn,res://addons/formula90s/scripts/f1_94_rust_vehicle.gd,1,{}
1533,34.67,5376.2,1,1.0,0.0,0.0,0.100,0.718,0.991,49.5,49.6,77.1,77.1,0.0050,0.1576,godot_parity_session,2026-08-15T00:00:00Z,120,PHY-010,res://scenes/tracks/test_field/la_chutana_generated.tscn,VehicleRigidBody,res://scenes/vehicles/f1_94/f1_94.tscn,res://addons/formula90s/scripts/f1_94_rust_vehicle.gd,1,{}
1541,34.85,5394.6,1,1.0,0.0,0.0,-0.100,0.719,0.991,49.6,49.6,77.1,77.1,0.0050,0.1572,godot_parity_session,2026-08-15T00:00:00Z,120,PHY-010,res://scenes/tracks/test_field/la_chutana_generated.tscn,VehicleRigidBody,res://scenes/vehicles/f1_94/f1_94.tscn,res://addons/formula90s/scripts/f1_94_rust_vehicle.gd,1,{}
1550,35.03,5413.3,1,1.0,0.0,0.0,0.100,0.719,0.991,49.6,49.6,77.1,77.1,0.0050,0.1568,godot_parity_session,2026-08-15T00:00:00Z,120,PHY-010,res://scenes/tracks/test_field/la_chutana_generated.tscn,VehicleRigidBody,res://scenes/vehicles/f1_94/f1_94.tscn,res://addons/formula90s/scripts/f1_94_rust_vehicle.gd,1,{}
1558,35.21,5432.3,1,1.0,0.0,0.0,-0.100,0.720,0.991,49.6,49.6,77.1,77.1,0.0049,0.1564,godot_parity_session,2026-08-15T00:00:00Z,120,PHY-010,res://scenes/tracks/test_field/la_chutana_generated.tscn,VehicleRigidBody,res://scenes/vehicles/f1_94/f1_94.tscn,res://addons/formula90s/scripts/f1_94_rust_vehicle.gd,1,{}
1566,35.38,5452.2,1,1.0,0.0,0.0,0.099,0.721,0.991,49.6,49.6,77.1,77.1,0.0049,0.1556,godot_parity_session,2026-08-15T00:00:00Z,120,PHY-010,res://scenes/tracks/test_field/la_chutana_generated.tscn,VehicleRigidBody,res://scenes/vehicles/f1_94/f1_94.tscn,res://addons/formula90s/scripts/f1_94_rust_vehicle.gd,1,{}
1575,35.56,5473.1,1,1.0,0.0,0.0,-0.099,0.720,0.991,49.6,49.6,77.1,77.1,0.0049,0.1546,godot_parity_session,2026-08-15T00:00:00Z,120,PHY-010,res://scenes/tracks/test_field/la_chutana_generated.tscn,VehicleRigidBody,res://scenes/vehicles/f1_94/f1_94.tscn,res://addons/formula90s/scripts/f1_94_rust_vehicle.gd,1,{}
1583,35.74,5494.7,1,1.0,0.0,0.0,0.099,0.719,0.991,49.6,49.6,77.1,77.1,0.0048,0.1536,godot_parity_session,2026-08-15T00:00:00Z,120,PHY-010,res://scenes/tracks/test_field/la_chutana_generated.tscn,VehicleRigidBody,res://scenes/vehicles/f1_94/f1_94.tscn,res://addons/formula90s/scripts/f1_94_rust_vehicle.gd,1,{}
1591,35.92,5516.8,1,1.0,0.0,0.0,-0.099,0.719,0.991,49.6,49.6,77.2,77.1,0.0048,0.1526,godot_parity_session,2026-08-15T00:00:00Z,120,PHY-010,res://scenes/tracks/test_field/la_chutana_generated.tscn,VehicleRigidBody,res://scenes/vehicles/f1_94/f1_94.tscn,res://addons/formula90s/scripts/f1_94_rust_vehicle.gd,1,{}
1600,36.10,5539.2,1,1.0,0.0,0.0,0.100,0.718,0.991,49.6,49.6,77.1,77.2,0.0048,0.1518,godot_parity_session,2026-08-15T00:00:00Z,120,PHY-010,res://scenes/tracks/test_field/la_chutana_generated.tscn,VehicleRigidBody,res://scenes/vehicles/f1_94/f1_94.tscn,res://addons/formula90s/scripts/f1_94_rust_vehicle.gd,1,{}
1608,36.28,5562.1,1,1.0,0.0,0.0,-0.100,0.718,0.991,49.6,49.6,77.2,77.1,0.0048,0.1509,godot_parity_session,2026-08-15T00:00:00Z,120,PHY-010,res://scenes/tracks/test_field/la_chutana_generated.tscn,VehicleRigidBody,res://scenes/vehicles/f1_94/f1_94.tscn,res://addons/formula90s/scripts/f1_94_rust_vehicle.gd,1,{}
1616,36.45,5585.3,1,1.0,0.0,0.0,0.100,0.717,0.991,49.6,49.6,77.1,77.2,0.0047,0.1502,godot_parity_session,2026-08-15T00:00:00Z,120,PHY-010,res://scenes/tracks/test_field/la_chutana_generated.tscn,VehicleRigidBody,res://scenes/vehicles/f1_94/f1_94.tscn,res://addons/formula90s/scripts/f1_94_rust_vehicle.gd,1,{}
1625,36.63,5608.9,1,1.0,0.0,0.0,-0.100,0.717,0.991,49.6,49.6,77.2,77.1,0.0047,0.1496,godot_parity_session,2026-08-15T00:00:00Z,120,PHY-010,res://scenes/tracks/test_field/la_chutana_generated.tscn,VehicleRigidBody,res://scenes/vehicles/f1_94/f1_94.tscn,res://addons/formula90s/scripts/f1_94_rust_vehicle.gd,1,{}
1633,36.81,5632.8,1,1.0,0.0,0.0,0.100,0.717,0.991,49.6,49.6,77.1,77.2,0.0047,0.1490,godot_parity_session,2026-08-15T00:00:00Z,120,PHY-010,res://scenes/tracks/test_field/la_chutana_generated.tscn,VehicleRigidBody,res://scenes/vehicles/f1_94/f1_94.tscn,res://addons/formula90s/scripts/f1_94_rust_vehicle.gd,1,{}
1641,36.98,5657.1,1,1.0,0.0,0.0,-0.100,0.717,0.991,49.6,49.6,77.2,77.2,0.0047,0.1485,godot_parity_session,2026-08-15T00:00:00Z,120,PHY-010,res://scenes/tracks/test_field/la_chutana_generated.tscn,VehicleRigidBody,res://scenes/vehicles/f1_94/f1_94.tscn,res://addons/formula90s/scripts/f1_94_rust_vehicle.gd,1,{}
1650,37.16,5681.8,1,1.0,0.0,0.0,0.100,0.718,0.991,49.6,49.6,77.2,77.2,0.0046,0.1481,godot_parity_session,2026-08-15T00:00:00Z,120,PHY-010,res://scenes/tracks/test_field/la_chutana_generated.tscn,VehicleRigidBody,res://scenes/vehicles/f1_94/f1_94.tscn,res://addons/formula90s/scripts/f1_94_rust_vehicle.gd,1,{}
1658,37.34,5706.8,1,1.0,0.0,0.0,-0.100,0.718,0.991,49.6,49.6,77.2,77.2,0.0046,0.1477,godot_parity_session,2026-08-15T00:00:00Z,120,PHY-010,res://scenes/tracks/test_field/la_chutana_generated.tscn,VehicleRigidBody,res://scenes/vehicles/f1_94/f1_94.tscn,res://addons/formula90s/scripts/f1_94_rust_vehicle.gd,1,{}
1666,37.51,5732.2,1,1.0,0.0,0.0,0.100,0.719,0.991,49.6,49.6,77.2,77.2,0.0046,0.1474,godot_parity_session,2026-08-15T00:00:00Z,120,PHY-010,res://scenes/tracks/test_field/la_chutana_generated.tscn,VehicleRigidBody,res://scenes/vehicles/f1_94/f1_94.tscn,res://addons/formula90s/scripts/f1_94_rust_vehicle.gd,1,{}
1675,37.69,5757.9,1,1.0,0.0,0.0,-0.099,0.720,0.991,49.6,49.6,77.2,77.2,0.0046,0.1472,godot_parity_session,2026-08-15T00:00:00Z,120,PHY-010,res://scenes/tracks/test_field/la_chutana_generated.tscn,VehicleRigidBody,res://scenes/vehicles/f1_94/f1_94.tscn,res://addons/formula90s/scripts/f1_94_rust_vehicle.gd,1,{}
1683,37.87,5784.0,1,1.0,0.0,0.0,0.099,0.721,0.991,49.6,49.6,77.2,77.2,0.0045,0.1470,godot_parity_session,2026-08-15T00:00:00Z,120,PHY-010,res://scenes/tracks/test_field/la_chutana_generated.tscn,VehicleRigidBody,res://scenes/vehicles/f1_94/f1_94.tscn,res://addons/formula90s/scripts/f1_94_rust_vehicle.gd,1,{}
1691,38.05,5810.4,1,1.0,0.0,0.0,-0.099,0.722,0.991,49.7,49.6,77.2,77.2,0.0045,0.1469,godot_parity_session,2026-08-15T00:00:00Z,120,PHY-010,res://scenes/tracks/test_field/la_chutana_generated.tscn,VehicleRigidBody,res://scenes/vehicles/f1_94/f1_94.tscn,res://addons/formula90s/scripts/f1_94_rust_vehicle.gd,1,{}
1700,38.22,5837.2,1,1.0,0.0,0.0,0.098,0.723,0.991,49.6,49.7,77.2,77.3,0.0045,0.1469,godot_parity_session,2026-08-15T00:00:00Z,120,PHY-010,res://scenes/tracks/test_field/la_chutana_generated.tscn,VehicleRigidBody,res://scenes/vehicles/f1_94/f1_94.tscn,res://addons/formula90s/scripts/f1_94_rust_vehicle.gd,1,{}
1708,38.40,5864.3,1,1.0,0.0,0.0,-0.098,0.725,0.991,49.7,49.6,77.3,77.2,0.0045,0.1469,godot_parity_session,2026-08-15T00:00:00Z,120,PHY-010,res://scenes/tracks/test_field/la_chutana_generated.tscn,VehicleRigidBody,res://scenes/vehicles/f1_94/f1_94.tscn,res://addons/formula90s/scripts/f1_94_rust_vehicle.gd,1,{}
1716,38.58,5891.7,1,1.0,0.0,0.0,0.097,0.726,0.991,49.6,49.7,77.2,77.3,0.0045,0.1470,godot_parity_session,2026-08-15T00:00:00Z,120,PHY-010,res://scenes/tracks/test_field/la_chutana_generated.tscn,VehicleRigidBody,res://scenes/vehicles/f1_94/f1_94.tscn,res://addons/formula90s/scripts/f1_94_rust_vehicle.gd,1,{}
1725,38.76,5919.5,1,1.0,0.0,0.0,-0.097,0.728,0.991,49.6,49.6,77.3,77.2,0.0044,0.1471,godot_parity_session,2026-08-15T00:00:00Z,120,PHY-010,res://scenes/tracks/test_field/la_chutana_generated.tscn,VehicleRigidBody,res://scenes/vehicles/f1_94/f1_94.tscn,res://addons/formula90s/scripts/f1_94_rust_vehicle.gd,1,{}
1733,38.93,5947.7,1,1.0,0.0,0.0,0.096,0.730,0.991,49.6,49.6,77.3,77.3,0.0044,0.1472,godot_parity_session,2026-08-15T00:00:00Z,120,PHY-010,res://scenes/tracks/test_field/la_chutana_generated.tscn,VehicleRigidBody,res://scenes/vehicles/f1_94/f1_94.tscn,res://addons/formula90s/scripts/f1_94_rust_vehicle.gd,1,{}
1741,39.11,5976.1,1,1.0,0.0,0.0,-0.095,0.732,0.991,49.6,49.6,77.3,77.3,0.0044,0.1474,godot_parity_session,2026-08-15T00:00:00Z,120,PHY-010,res://scenes/tracks/test_field/la_chutana_generated.tscn,VehicleRigidBody,res://scenes/vehicles/f1_94/f1_94.tscn,res://addons/formula90s/scripts/f1_94_rust_vehicle.gd,1,{}
1750,39.29,6004.9,1,1.0,0.0,0.0,0.095,0.734,0.991,49.6,49.6,77.3,77.3,0.0044,0.1477,godot_parity_session,2026-08-15T00:00:00Z,120,PHY-010,res://scenes/tracks/test_field/la_chutana_generated.tscn,VehicleRigidBody,res://scenes/vehicles/f1_94/f1_94.tscn,res://addons/formula90s/scripts/f1_94_rust_vehicle.gd,1,{}
1758,39.47,6034.0,1,1.0,0.0,0.0,-0.094,0.736,0.991,49.6,49.6,77.4,77.3,0.0044,0.1480,godot_parity_session,2026-08-15T00:00:00Z,120,PHY-010,res://scenes/tracks/test_field/la_chutana_generated.tscn,VehicleRigidBody,res://scenes/vehicles/f1_94/f1_94.tscn,res://addons/formula90s/scripts/f1_94_rust_vehicle.gd,1,{}
1766,39.65,6063.5,1,1.0,0.0,0.0,0.093,0.739,0.991,49.6,49.6,77.3,77.4,0.0044,0.1483,godot_parity_session,2026-08-15T00:00:00Z,120,PHY-010,res://scenes/tracks/test_field/la_chutana_generated.tscn,VehicleRigidBody,res://scenes/vehicles/f1_94/f1_94.tscn,res://addons/formula90s/scripts/f1_94_rust_vehicle.gd,1,{}
1775,39.83,6093.3,1,1.0,0.0,0.0,-0.092,0.741,0.991,49.6,49.5,77.4,77.4,0.0043,0.1487,godot_parity_session,2026-08-15T00:00:00Z,120,PHY-010,res://scenes/tracks/test_field/la_chutana_generated.tscn,VehicleRigidBody,res://scenes/vehicles/f1_94/f1_94.tscn,res://addons/formula90s/scripts/f1_94_rust_vehicle.gd,1,{}
1783,40.01,6123.4,1,1.0,0.0,0.0,0.091,0.744,0.991,49.5,49.6,77.4,77.4,0.0043,0.1491,godot_parity_session,2026-08-15T00:00:00Z,120,PHY-010,res://scenes/tracks/test_field/la_chutana_generated.tscn,VehicleRigidBody,res://scenes/vehicles/f1_94/f1_94.tscn,res://addons/formula90s/scripts/f1_94_rust_vehicle.gd,1,{}
1791,40.20,6153.9,1,1.0,0.0,0.0,-0.091,0.747,0.990,49.6,49.5,77.5,77.4,0.0043,0.1496,godot_parity_session,2026-08-15T00:00:00Z,120,PHY-010,res://scenes/tracks/test_field/la_chutana_generated.tscn,VehicleRigidBody,res://scenes/vehicles/f1_94/f1_94.tscn,res://addons/formula90s/scripts/f1_94_rust_vehicle.gd,1,{}
1800,40.38,6184.6,1,1.0,0.0,0.0,0.090,0.749,0.990,49.5,49.5,77.4,77.5,0.0043,0.1501,godot_parity_session,2026-08-15T00:00:00Z,120,PHY-010,res://scenes/tracks/test_field/la_chutana_generated.tscn,VehicleRigidBody,res://scenes/vehicles/f1_94/f1_94.tscn,res://addons/formula90s/scripts/f1_94_rust_vehicle.gd,1,{}
1808,40.56,6215.8,1,1.0,0.0,0.0,-0.089,0.752,0.990,49.5,49.5,77.5,77.5,0.0043,0.1506,godot_parity_session,2026-08-15T00:00:00Z,120,PHY-010,res://scenes/tracks/test_field/la_chutana_generated.tscn,VehicleRigidBody,res://scenes/vehicles/f1_94/f1_94.tscn,res://addons/formula90s/scripts/f1_94_rust_vehicle.gd,1,{}
1816,40.75,6247.2,1,1.0,0.0,0.0,0.087,0.756,0.990,49.4,49.5,77.5,77.6,0.0043,0.1511,godot_parity_session,2026-08-15T00:00:00Z,120,PHY-010,res://scenes/tracks/test_field/la_chutana_generated.tscn,VehicleRigidBody,res://scenes/vehicles/f1_94/f1_94.tscn,res://addons/formula90s/scripts/f1_94_rust_vehicle.gd,1,{}
1825,40.93,6279.0,1,1.0,0.0,0.0,-0.086,0.759,0.990,49.5,49.4,77.6,77.5,0.0043,0.1517,godot_parity_session,2026-08-15T00:00:00Z,120,PHY-010,res://scenes/tracks/test_field/la_chutana_generated.tscn,VehicleRigidBody,res://scenes/vehicles/f1_94/f1_94.tscn,res://addons/formula90s/scripts/f1_94_rust_vehicle.gd,1,{}
1833,41.12,6311.1,1,1.0,0.0,0.0,0.085,0.762,0.990,49.4,49.4,77.6,77.6,0.0042,0.1523,godot_parity_session,2026-08-15T00:00:00Z,120,PHY-010,res://scenes/tracks/test_field/la_chutana_generated.tscn,VehicleRigidBody,res://scenes/vehicles/f1_94/f1_94.tscn,res://addons/formula90s/scripts/f1_94_rust_vehicle.gd,1,{}
1841,41.30,6343.5,1,1.0,0.0,0.0,-0.084,0.766,0.990,49.4,49.3,77.7,77.6,0.0042,0.1530,godot_parity_session,2026-08-15T00:00:00Z,120,PHY-010,res://scenes/tracks/test_field/la_chutana_generated.tscn,VehicleRigidBody,res://scenes/vehicles/f1_94/f1_94.tscn,res://addons/formula90s/scripts/f1_94_rust_vehicle.gd,1,{}
1850,41.49,6376.2,1,1.0,0.0,0.0,0.083,0.769,0.990,49.3,49.4,77.7,77.7,0.0042,0.1537,godot_parity_session,2026-08-15T00:00:00Z,120,PHY-010,res://scenes/tracks/test_field/la_chutana_generated.tscn,VehicleRigidBody,res://scenes/vehicles/f1_94/f1_94.tscn,res://addons/formula90s/scripts/f1_94_rust_vehicle.gd,1,{}
1858,41.68,6409.3,1,1.0,0.0,0.0,-0.082,0.773,0.990,49.3,49.3,77.8,77.7,0.0042,0.1544,godot_parity_session,2026-08-15T00:00:00Z,120,PHY-010,res://scenes/tracks/test_field/la_chutana_generated.tscn,VehicleRigidBody,res://scenes/vehicles/f1_94/f1_94.tscn,res://addons/formula90s/scripts/f1_94_rust_vehicle.gd,1,{}
1866,41.87,6442.7,1,1.0,0.0,0.0,0.080,0.777,0.990,49.2,49.3,77.8,77.8,0.0042,0.1551,godot_parity_session,2026-08-15T00:00:00Z,120,PHY-010,res://scenes/tracks/test_field/la_chutana_generated.tscn,VehicleRigidBody,res://scenes/vehicles/f1_94/f1_94.tscn,res://addons/formula90s/scripts/f1_94_rust_vehicle.gd,1,{}
1875,42.06,6476.4,1,1.0,0.0,0.0,-0.079,0.781,0.990,49.2,49.2,77.8,77.8,0.0042,0.1558,godot_parity_session,2026-08-15T00:00:00Z,120,PHY-010,res://scenes/tracks/test_field/la_chutana_generated.tscn,VehicleRigidBody,res://scenes/vehicles/f1_94/f1_94.tscn,res://addons/formula90s/scripts/f1_94_rust_vehicle.gd,1,{}
1883,42.25,6510.5,1,1.0,0.0,0.0,0.078,0.785,0.990,49.1,49.2,77.9,77.9,0.0042,0.1566,godot_parity_session,2026-08-15T00:00:00Z,120,PHY-010,res://scenes/tracks/test_field/la_chutana_generated.tscn,VehicleRigidBody,res://scenes/vehicles/f1_94/f1_94.tscn,res://addons/formula90s/scripts/f1_94_rust_vehicle.gd,1,{}
1891,42.44,6544.9,1,1.0,0.0,0.0,-0.076,0.789,0.990,49.1,49.1,77.9,77.9,0.0042,0.1574,godot_parity_session,2026-08-15T00:00:00Z,120,PHY-010,res://scenes/tracks/test_field/la_chutana_generated.tscn,VehicleRigidBody,res://scenes/vehicles/f1_94/f1_94.tscn,res://addons/formula90s/scripts/f1_94_rust_vehicle.gd,1,{}
1900,42.63,6579.6,1,1.0,0.0,0.0,0.075,0.793,0.990,49.0,49.1,78.0,78.0,0.0041,0.1582,godot_parity_session,2026-08-15T00:00:00Z,120,PHY-010,res://scenes/tracks/test_field/la_chutana_generated.tscn,VehicleRigidBody,res://scenes/vehicles/f1_94/f1_94.tscn,res://addons/formula90s/scripts/f1_94_rust_vehicle.gd,1,{}
1908,42.83,6614.7,1,1.0,0.0,0.0,-0.073,0.797,0.990,49.0,49.0,78.1,78.0,0.0041,0.1590,godot_parity_session,2026-08-15T00:00:00Z,120,PHY-010,res://scenes/tracks/test_field/la_chutana_generated.tscn,VehicleRigidBody,res://scenes/vehicles/f1_94/f1_94.tscn,res://addons/formula90s/scripts/f1_94_rust_vehicle.gd,1,{}
1916,43.02,6650.0,1,1.0,0.0,0.0,0.072,0.801,0.990,48.9,49.0,78.1,78.1,0.0041,0.1599,godot_parity_session,2026-08-15T00:00:00Z,120,PHY-010,res://scenes/tracks/test_field/la_chutana_generated.tscn,VehicleRigidBody,res://scenes/vehicles/f1_94/f1_94.tscn,res://addons/formula90s/scripts/f1_94_rust_vehicle.gd,1,{}
1925,43.22,6685.7,1,1.0,0.0,0.0,-0.070,0.806,0.990,48.9,48.9,78.2,78.1,0.0041,0.1608,godot_parity_session,2026-08-15T00:00:00Z,120,PHY-010,res://scenes/tracks/test_field/la_chutana_generated.tscn,VehicleRigidBody,res://scenes/vehicles/f1_94/f1_94.tscn,res://addons/formula90s/scripts/f1_94_rust_vehicle.gd,1,{}
1933,43.42,6721.8,1,1.0,0.0,0.0,0.069,0.810,0.990,48.8,48.8,78.2,78.2,0.0041,0.1617,godot_parity_session,2026-08-15T00:00:00Z,120,PHY-010,res://scenes/tracks/test_field/la_chutana_generated.tscn,VehicleRigidBody,res://scenes/vehicles/f1_94/f1_94.tscn,res://addons/formula90s/scripts/f1_94_rust_vehicle.gd,1,{}
1941,43.62,6758.2,1,1.0,0.0,0.0,-0.067,0.815,0.990,48.8,48.7,78.3,78.3,0.0041,0.1626,godot_parity_session,2026-08-15T00:00:00Z,120,PHY-010,res://scenes/tracks/test_field/la_chutana_generated.tscn,VehicleRigidBody,res://scenes/vehicles/f1_94/f1_94.tscn,res://addons/formula90s/scripts/f1_94_rust_vehicle.gd,1,{}
1950,43.82,6794.9,1,1.0,0.0,0.0,0.066,0.820,0.989,48.7,48.7,78.3,78.4,0.0041,0.1635,godot_parity_session,2026-08-15T00:00:00Z,120,PHY-010,res://scenes/tracks/test_field/la_chutana_generated.tscn,VehicleRigidBody,res://scenes/vehicles/f1_94/f1_94.tscn,res://addons/formula90s/scripts/f1_94_rust_vehicle.gd,1,{}
1958,44.02,6831.9,1,1.0,0.0,0.0,-0.064,0.824,0.989,48.6,48.6,78.4,78.4,0.0041,0.1644,godot_parity_session,2026-08-15T00:00:00Z,120,PHY-010,res://scenes/tracks/test_field/la_chutana_generated.tscn,VehicleRigidBody,res://scenes/vehicles/f1_94/f1_94.tscn,res://addons/formula90s/scripts/f1_94_rust_vehicle.gd,1,{}
1966,44.22,6869.3,1,1.0,0.0,0.0,0.062,0.829,0.989,48.5,48.5,78.5,78.5,0.0041,0.1654,godot_parity_session,2026-08-15T00:00:00Z,120,PHY-010,res://scenes/tracks/test_field/la_chutana_generated.tscn,VehicleRigidBody,res://scenes/vehicles/f1_94/f1_94.tscn,res://addons/formula90s/scripts/f1_94_rust_vehicle.gd,1,{}
1975,44.42,6907.0,1,1.0,0.0,0.0,-0.061,0.834,0.989,48.5,48.4,78.6,78.5,0.0041,0.1664,godot_parity_session,2026-08-15T00:00:00Z,120,PHY-010,res://scenes/tracks/test_field/la_chutana_generated.tscn,VehicleRigidBody,res://scenes/vehicles/f1_94/f1_94.tscn,res://addons/formula90s/scripts/f1_94_rust_vehicle.gd,1,{}
1983,44.63,6945.1,1,1.0,0.0,0.0,0.059,0.839,0.989,48.3,48.4,78.6,78.6,0.0040,0.1673,godot_parity_session,2026-08-15T00:00:00Z,120,PHY-010,res://scenes/tracks/test_field/la_chutana_generated.tscn,VehicleRigidBody,res://scenes/vehicles/f1_94/f1_94.tscn,res://addons/formula90s/scripts/f1_94_rust_vehicle.gd,1,{}
1991,44.83,6983.5,1,1.0,0.0,0.0,-0.057,0.844,0.989,48.3,48.3,78.7,78.7,0.0040,0.1683,godot_parity_session,2026-08-15T00:00:00Z,120,PHY-010,res://scenes/tracks/test_field/la_chutana_generated.tscn,VehicleRigidBody,res://scenes/vehicles/f1_94/f1_94.tscn,res://addons/formula90s/scripts/f1_94_rust_vehicle.gd,1,{}
2000,45.04,7022.2,1,1.0,0.0,0.0,0.055,0.849,0.989,48.2,48.2,78.8,78.8,0.0040,0.1694,godot_parity_session,2026-08-15T00:00:00Z,120,PHY-010,res://scenes/tracks/test_field/la_chutana_generated.tscn,VehicleRigidBody,res://scenes/vehicles/f1_94/f1_94.tscn,res://addons/formula90s/scripts/f1_94_rust_vehicle.gd,1,{}
2008,45.25,7061.3,1,1.0,0.0,0.0,-0.053,0.855,0.989,48.1,48.1,78.9,78.8,0.0040,0.1704,godot_parity_session,2026-08-15T00:00:00Z,120,PHY-010,res://scenes/tracks/test_field/la_chutana_generated.tscn,VehicleRigidBody,res://scenes/vehicles/f1_94/f1_94.tscn,res://addons/formula90s/scripts/f1_94_rust_vehicle.gd,1,{}
2016,45.46,7100.7,1,1.0,0.0,0.0,0.051,0.860,0.988,48.0,48.0,78.9,79.0,0.0040,0.1714,godot_parity_session,2026-08-15T00:00:00Z,120,PHY-010,res://scenes/tracks/test_field/la_chutana_generated.tscn,VehicleRigidBody,res://scenes/vehicles/f1_94/f1_94.tscn,res://addons/formula90s/scripts/f1_94_rust_vehicle.gd,1,{}
2025,45.67,7140.5,1,1.0,0.0,0.0,-0.049,0.865,0.988,47.9,47.9,79.0,79.0,0.0040,0.1725,godot_parity_session,2026-08-15T00:00:00Z,120,PHY-010,res://scenes/tracks/test_field/la_chutana_generated.tscn,VehicleRigidBody,res://scenes/vehicles/f1_94/f1_94.tscn,res://addons/formula90s/scripts/f1_94_rust_vehicle.gd,1,{}
2033,45.88,7180.6,1,1.0,0.0,0.0,0.048,0.871,0.988,47.8,47.8,79.1,79.1,0.0040,0.1735,godot_parity_session,2026-08-15T00:00:00Z,120,PHY-010,res://scenes/tracks/test_field/la_chutana_generated.tscn,VehicleRigidBody,res://scenes/vehicles/f1_94/f1_94.tscn,res://addons/formula90s/scripts/f1_94_rust_vehicle.gd,1,{}
2041,46.10,7221.1,1,1.0,0.0,0.0,-0.046,0.876,0.988,47.7,47.7,79.2,79.2,0.0040,0.1746,godot_parity_session,2026-08-15T00:00:00Z,120,PHY-010,res://scenes/tracks/test_field/la_chutana_generated.tscn,VehicleRigidBody,res://scenes/vehicles/f1_94/f1_94.tscn,res://addons/formula90s/scripts/f1_94_rust_vehicle.gd,1,{}
2050,46.31,7261.9,1,1.0,0.0,0.0,0.044,0.882,0.988,47.6,47.6,79.3,79.3,0.0040,0.1757,godot_parity_session,2026-08-15T00:00:00Z,120,PHY-010,res://scenes/tracks/test_field/la_chutana_generated.tscn,VehicleRigidBody,res://scenes/vehicles/f1_94/f1_94.tscn,res://addons/formula90s/scripts/f1_94_rust_vehicle.gd,1,{}
2058,46.53,7303.1,1,1.0,0.0,0.0,-0.041,0.888,0.988,47.5,47.5,79.4,79.4,0.0040,0.1767,godot_parity_session,2026-08-15T00:00:00Z,120,PHY-010,res://scenes/tracks/test_field/la_chutana_generated.tscn,VehicleRigidBody,res://scenes/vehicles/f1_94/f1_94.tscn,res://addons/formula90s/scripts/f1_94_rust_vehicle.gd,1,{}
2066,46.75,7344.6,1,1.0,0.0,0.0,0.039,0.894,0.988,47.4,47.4,79.5,79.5,0.0040,0.1778,godot_parity_session,2026-08-15T00:00:00Z,120,PHY-010,res://scenes/tracks/test_field/la_chutana_generated.tscn,VehicleRigidBody,res://scenes/vehicles/f1_94/f1_94.tscn,res://addons/formula90s/scripts/f1_94_rust_vehicle.gd,1,{}
2075,46.97,7386.5,1,1.0,0.0,0.0,-0.037,0.899,0.987,47.3,47.3,79.6,79.5,0.0040,0.1790,godot_parity_session,2026-08-15T00:00:00Z,120,PHY-010,res://scenes/tracks/test_field/la_chutana_generated.tscn,VehicleRigidBody,res://scenes/vehicles/f1_94/f1_94.tscn,res://addons/formula90s/scripts/f1_94_rust_vehicle.gd,1,{}
2083,47.19,7428.8,1,1.0,0.0,0.0,0.035,0.905,0.987,47.2,47.2,79.6,79.7,0.0039,0.1801,godot_parity_session,2026-08-15T00:00:00Z,120,PHY-010,res://scenes/tracks/test_field/la_chutana_generated.tscn,VehicleRigidBody,res://scenes/vehicles/f1_94/f1_94.tscn,res://addons/formula90s/scripts/f1_94_rust_vehicle.gd,1,{}
2091,47.41,7471.4,1,1.0,0.0,0.0,-0.033,0.911,0.987,47.1,47.1,79.8,79.7,0.0039,0.1812,godot_parity_session,2026-08-15T00:00:00Z,120,PHY-010,res://scenes/tracks/test_field/la_chutana_generated.tscn,VehicleRigidBody,res://scenes/vehicles/f1_94/f1_94.tscn,res://addons/formula90s/scripts/f1_94_rust_vehicle.gd,1,{}
2100,47.64,7514.4,1,1.0,0.0,0.0,0.031,0.917,0.987,46.9,47.0,79.8,79.9,0.0039,0.1823,godot_parity_session,2026-08-15T00:00:00Z,120,PHY-010,res://scenes/tracks/test_field/la_chutana_generated.tscn,VehicleRigidBody,res://scenes/vehicles/f1_94/f1_94.tscn,res://addons/formula90s/scripts/f1_94_rust_vehicle.gd,1,{}
2108,47.86,7557.7,1,1.0,0.0,0.0,-0.028,0.924,0.987,46.8,46.8,80.0,79.9,0.0039,0.1834,godot_parity_session,2026-08-15T00:00:00Z,120,PHY-010,res://scenes/tracks/test_field/la_chutana_generated.tscn,VehicleRigidBody,res://scenes/vehicles/f1_94/f1_94.tscn,res://addons/formula90s/scripts/f1_94_rust_vehicle.gd,1,{}
2116,48.09,7601.2,1,1.0,0.0,0.0,0.026,0.930,0.987,46.7,46.7,80.0,80.1,0.0039,0.1846,godot_parity_session,2026-08-15T00:00:00Z,120,PHY-010,res://scenes/tracks/test_field/la_chutana_generated.tscn,VehicleRigidBody,res://scenes/vehicles/f1_94/f1_94.tscn,res://addons/formula90s/scripts/f1_94_rust_vehicle.gd,1,{}
2125,48.32,7645.1,1,1.0,0.0,0.0,-0.024,0.936,0.986,46.6,46.6,80.2,80.1,0.0039,0.1857,godot_parity_session,2026-08-15T00:00:00Z,120,PHY-010,res://scenes/tracks/test_field/la_chutana_generated.tscn,VehicleRigidBody,res://scenes/vehicles/f1_94/f1_94.tscn,res://addons/formula90s/scripts/f1_94_rust_vehicle.gd,1,{}
2133,48.55,7689.2,1,1.0,0.0,0.0,0.022,0.942,0.986,46.5,46.5,80.2,80.3,0.0039,0.1868,godot_parity_session,2026-08-15T00:00:00Z,120,PHY-010,res://scenes/tracks/test_field/la_chutana_generated.tscn,VehicleRigidBody,res://scenes/vehicles/f1_94/f1_94.tscn,res://addons/formula90s/scripts/f1_94_rust_vehicle.gd,1,{}
2141,48.78,7733.6,1,1.0,0.0,0.0,-0.019,0.948,0.986,46.3,46.3,80.4,80.4,0.0039,0.1879,godot_parity_session,2026-08-15T00:00:00Z,120,PHY-010,res://scenes/tracks/test_field/la_chutana_generated.tscn,VehicleRigidBody,res://scenes/vehicles/f1_94/f1_94.tscn,res://addons/formula90s/scripts/f1_94_rust_vehicle.gd,1,{}
2150,49.02,7778.3,1,1.0,0.0,0.0,0.017,0.955,0.986,46.2,46.2,80.5,80.5,0.0039,0.1890,godot_parity_session,2026-08-15T00:00:00Z,120,PHY-010,res://scenes/tracks/test_field/la_chutana_generated.tscn,VehicleRigidBody,res://scenes/vehicles/f1_94/f1_94.tscn,res://addons/formula90s/scripts/f1_94_rust_vehicle.gd,1,{}
2158,49.25,7823.3,1,1.0,0.0,0.0,-0.014,0.961,0.986,46.1,46.1,80.6,80.6,0.0039,0.1900,godot_parity_session,2026-08-15T00:00:00Z,120,PHY-010,res://scenes/tracks/test_field/la_chutana_generated.tscn,VehicleRigidBody,res://scenes/vehicles/f1_94/f1_94.tscn,res://addons/formula90s/scripts/f1_94_rust_vehicle.gd,1,{}
2166,49.49,7868.6,1,1.0,0.0,0.0,0.012,0.967,0.985,45.9,45.9,80.7,80.7,0.0039,0.1911,godot_parity_session,2026-08-15T00:00:00Z,120,PHY-010,res://scenes/tracks/test_field/la_chutana_generated.tscn,VehicleRigidBody,res://scenes/vehicles/f1_94/f1_94.tscn,res://addons/formula90s/scripts/f1_94_rust_vehicle.gd,1,{}
2175,49.73,7914.2,1,1.0,0.0,0.0,-0.010,0.974,0.985,45.8,45.8,80.8,80.8,0.0039,0.1922,godot_parity_session,2026-08-15T00:00:00Z,120,PHY-010,res://scenes/tracks/test_field/la_chutana_generated.tscn,VehicleRigidBody,res://scenes/vehicles/f1_94/f1_94.tscn,res://addons/formula90s/scripts/f1_94_rust_vehicle.gd,1,{}
2183,49.97,7960.1,1,1.0,0.0,0.0,0.007,0.980,0.985,45.7,45.7,80.9,80.9,0.0039,0.1933,godot_parity_session,2026-08-15T00:00:00Z,120,PHY-010,res://scenes/tracks/test_field/la_chutana_generated.tscn,VehicleRigidBody,res://scenes/vehicles/f1_94/f1_94.tscn,res://addons/formula90s/scripts/f1_94_rust_vehicle.gd,1,{}
2191,50.21,8006.3,1,1.0,0.0,0.0,-0.005,0.987,0.985,45.5,45.5,81.0,81.0,0.0039,0.1943,godot_parity_session,2026-08-15T00:00:00Z,120,PHY-010,res://scenes/tracks/test_field/la_chutana_generated.tscn,VehicleRigidBody,res://scenes/vehicles/f1_94/f1_94.tscn,res://addons/formula90s/scripts/f1_94_rust_vehicle.gd,1,{}
2200,50.46,8052.8,1,1.0,0.0,0.0,0.002,0.992,0.985,45.4,45.4,81.2,81.2,0.0038,0.1954,godot_parity_session,2026-08-15T00:00:00Z,120,PHY-010,res://scenes/tracks/test_field/la_chutana_generated.tscn,VehicleRigidBody,res://scenes/vehicles/f1_94/f1_94.tscn,res://addons/formula90s/scripts/f1_94_rust_vehicle.gd,1,{}
2208,50.70,8099.6,1,1.0,0.0,0.0,-0.000,0.993,0.984,45.3,45.3,81.3,81.3,0.0038,0.1965,godot_parity_session,2026-08-15T00:00:00Z,120,PHY-010,res://scenes/tracks/test_field/la_chutana_generated.tscn,VehicleRigidBody,res://scenes/vehicles/f1_94/f1_94.tscn,res://addons/formula90s/scripts/f1_94_rust_vehicle.gd,1,{}
2216,50.95,8147.1,1,1.0,0.0,0.0,-0.000,0.995,0.984,45.1,45.1,81.4,81.4,0.0038,0.1977,godot_parity_session,2026-08-15T00:00:00Z,120,PHY-010,res://scenes/tracks/test_field/la_chutana_generated.tscn,VehicleRigidBody,res://scenes/vehicles/f1_94/f1_94.tscn,res://addons/formula90s/scripts/f1_94_rust_vehicle.gd,1,{}
2225,51.20,8195.1,1,1.0,0.0,0.0,0.001,0.995,0.984,45.0,45.0,81.5,81.5,0.0038,0.1989,godot_parity_session,2026-08-15T00:00:00Z,120,PHY-010,res://scenes/tracks/test_field/la_chutana_generated.tscn,VehicleRigidBody,res://scenes/vehicles/f1_94/f1_94.tscn,res://addons/formula90s/scripts/f1_94_rust_vehicle.gd,1,{}
2233,51.44,8243.7,1,1.0,0.0,0.0,-0.001,0.996,0.984,44.9,44.9,81.6,81.6,0.0038,0.2002,godot_parity_session,2026-08-15T00:00:00Z,120,PHY-010,res://scenes/tracks/test_field/la_chutana_generated.tscn,VehicleRigidBody,res://scenes/vehicles/f1_94/f1_94.tscn,res://addons/formula90s/scripts/f1_94_rust_vehicle.gd,1,{}
2241,51.69,8292.9,1,1.0,0.0,0.0,0.001,0.997,0.983,44.7,44.7,81.7,81.7,0.0038,0.2016,godot_parity_session,2026-08-15T00:00:00Z,120,PHY-010,res://scenes/tracks/test_field/la_chutana_generated.tscn,VehicleRigidBody,res://scenes/vehicles/f1_94/f1_94.tscn,res://addons/formula90s/scripts/f1_94_rust_vehicle.gd,1,{}
2250,51.93,8342.8,1,1.0,0.0,0.0,-0.001,0.997,0.983,44.6,44.6,81.8,81.8,0.0037,0.2030,godot_parity_session,2026-08-15T00:00:00Z,120,PHY-010,res://scenes/tracks/test_field/la_chutana_generated.tscn,VehicleRigidBody,res://scenes/vehicles/f1_94/f1_94.tscn,res://addons/formula90s/scripts/f1_94_rust_vehicle.gd,1,{}
2258,52.18,8393.3,1,1.0,0.0,0.0,0.001,0.997,0.983,44.5,44.5,81.9,81.9,0.0037,0.2045,godot_parity_session,2026-08-15T00:00:00Z,120,PHY-010,res://scenes/tracks/test_field/la_chutana_generated.tscn,VehicleRigidBody,res://scenes/vehicles/f1_94/f1_94.tscn,res://addons/formula90s/scripts/f1_94_rust_vehicle.gd,1,{}
2266,52.42,8444.5,1,1.0,0.0,0.0,-0.001,0.998,0.983,44.4,44.4,82.0,82.0,0.0037,0.2061,godot_parity_session,2026-08-15T00:00:00Z,120,PHY-010,res://scenes/tracks/test_field/la_chutana_generated.tscn,VehicleRigidBody,res://scenes/vehicles/f1_94/f1_94.tscn,res://addons/formula90s/scripts/f1_94_rust_vehicle.gd,1,{}
2275,52.67,8496.3,1,1.0,0.0,0.0,0.001,0.998,0.983,44.3,44.3,82.1,82.1,0.0037,0.2078,godot_parity_session,2026-08-15T00:00:00Z,120,PHY-010,res://scenes/tracks/test_field/la_chutana_generated.tscn,VehicleRigidBody,res://scenes/vehicles/f1_94/f1_94.tscn,res://addons/formula90s/scripts/f1_94_rust_vehicle.gd,1,{}
2283,52.91,8548.8,1,1.0,0.0,0.0,-0.001,0.998,0.982,44.2,44.2,82.2,82.2,0.0037,0.2096,godot_parity_session,2026-08-15T00:00:00Z,120,PHY-010,res://scenes/tracks/test_field/la_chutana_generated.tscn,VehicleRigidBody,res://scenes/vehicles/f1_94/f1_94.tscn,res://addons/formula90s/scripts/f1_94_rust_vehicle.gd,1,{}
2291,53.16,8601.9,1,1.0,0.0,0.0,0.001,0.998,0.982,44.1,44.1,82.3,82.3,0.0036,0.2114,godot_parity_session,2026-08-15T00:00:00Z,120,PHY-010,res://scenes/tracks/test_field/la_chutana_generated.tscn,VehicleRigidBody,res://scenes/vehicles/f1_94/f1_94.tscn,res://addons/formula90s/scripts/f1_94_rust_vehicle.gd,1,{}
2300,53.40,8655.8,1,1.0,0.0,0.0,-0.001,0.998,0.982,44.0,44.0,82.4,82.4,0.0036,0.2133,godot_parity_session,2026-08-15T00:00:00Z,120,PHY-010,res://scenes/tracks/test_field/la_chutana_generated.tscn,VehicleRigidBody,res://scenes/vehicles/f1_94/f1_94.tscn,res://addons/formula90s/scripts/f1_94_rust_vehicle.gd,1,{}
2308,53.65,8710.4,1,1.0,0.0,0.0,0.001,0.998,0.982,43.9,43.9,82.5,82.5,0.0036,0.2153,godot_parity_session,2026-08-15T00:00:00Z,120,PHY-010,res://scenes/tracks/test_field/la_chutana_generated.tscn,VehicleRigidBody,res://scenes/vehicles/f1_94/f1_94.tscn,res://addons/formula90s/scripts/f1_94_rust_vehicle.gd,1,{}
2316,53.89,8765.7,1,1.0,0.0,0.0,-0.001,0.998,0.982,43.9,43.9,82.6,82.6,0.0036,0.2174,godot_parity_session,2026-08-15T00:00:00Z,120,PHY-010,res://scenes/tracks/test_field/la_chutana_generated.tscn,VehicleRigidBody,res://scenes/vehicles/f1_94/f1_94.tscn,res://addons/formula90s/scripts/f1_94_rust_vehicle.gd,1,{}
2325,54.14,8821.7,1,1.0,0.0,0.0,0.001,0.998,0.982,43.8,43.8,82.6,82.6,0.0036,0.2195,godot_parity_session,2026-08-15T00:00:00Z,120,PHY-010,res://scenes/tracks/test_field/la_chutana_generated.tscn,VehicleRigidBody,res://scenes/vehicles/f1_94/f1_94.tscn,res://addons/formula90s/scripts/f1_94_rust_vehicle.gd,1,{}
2333,54.38,8878.4,1,1.0,0.0,0.0,-0.001,0.999,0.982,43.7,43.7,82.7,82.7,0.0035,0.2217,godot_parity_session,2026-08-15T00:00:00Z,120,PHY-010,res://scenes/tracks/test_field/la_chutana_generated.tscn,VehicleRigidBody,res://scenes/vehicles/f1_94/f1_94.tscn,res://addons/formula90s/scripts/f1_94_rust_vehicle.gd,1,{}
2341,54.63,8935.9,1,1.0,0.0,0.0,0.001,0.999,0.982,43.7,43.7,82.8,82.8,0.0035,0.2240,godot_parity_session,2026-08-15T00:00:00Z,120,PHY-010,res://scenes/tracks/test_field/la_chutana_generated.tscn,VehicleRigidBody,res://scenes/vehicles/f1_94/f1_94.tscn,res://addons/formula90s/scripts/f1_94_rust_vehicle.gd,1,{}
2350,54.87,8994.1,1,1.0,0.0,0.0,-0.001,0.999,0.982,43.6,43.6,82.9,82.9,0.0035,0.2264,godot_parity_session,2026-08-15T00:00:00Z,120,PHY-010,res://scenes/tracks/test_field/la_chutana_generated.tscn,VehicleRigidBody,res://scenes/vehicles/f1_94/f1_94.tscn,res://addons/formula90s/scripts/f1_94_rust_vehicle.gd,1,{}
2358,55.11,9053.1,1,1.0,0.0,0.0,0.001,0.999,0.982,43.6,43.6,82.9,82.9,0.0035,0.2289,godot_parity_session,2026-08-15T00:00:00Z,120,PHY-010,res://scenes/tracks/test_field/la_chutana_generated.tscn,VehicleRigidBody,res://scenes/vehicles/f1_94/f1_94.tscn,res://addons/formula90s/scripts/f1_94_rust_vehicle.gd,1,{}
2366,55.36,9112.9,1,1.0,0.0,0.0,-0.001,0.999,0.982,43.6,43.6,83.0,83.0,0.0035,0.2315,godot_parity_session,2026-08-15T00:00:00Z,120,PHY-010,res://scenes/tracks/test_field/la_chutana_generated.tscn,VehicleRigidBody,res://scenes/vehicles/f1_94/f1_94.tscn,res://addons/formula90s/scripts/f1_94_rust_vehicle.gd,1,{}
2375,55.60,9173.4,1,1.0,0.0,0.0,0.001,0.999,0.982,43.5,43.5,83.1,83.1,0.0034,0.2341,godot_parity_session,2026-08-15T00:00:00Z,120,PHY-010,res://scenes/tracks/test_field/la_chutana_generated.tscn,VehicleRigidBody,res://scenes/vehicles/f1_94/f1_94.tscn,res://addons/formula90s/scripts/f1_94_rust_vehicle.gd,1,{}
2383,55.84,9234.7,1,1.0,0.0,0.0,-0.001,1.000,0.982,43.5,43.5,83.1,83.1,0.0034,0.2368,godot_parity_session,2026-08-15T00:00:00Z,120,PHY-010,res://scenes/tracks/test_field/la_chutana_generated.tscn,VehicleRigidBody,res://scenes/vehicles/f1_94/f1_94.tscn,res://addons/formula90s/scripts/f1_94_rust_vehicle.gd,1,{}
2391,56.09,9296.8,1,1.0,0.0,0.0,0.001,1.000,0.982,43.5,43.5,83.2,83.2,0.0034,0.2396,godot_parity_session,2026-08-15T00:00:00Z,120,PHY-010,res://scenes/tracks/test_field/la_chutana_generated.tscn,VehicleRigidBody,res://scenes/vehicles/f1_94/f1_94.tscn,res://addons/formula90s/scripts/f1_94_rust_vehicle.gd,1,{}
2400,56.33,9359.8,1,1.0,0.0,0.0,-0.001,1.000,0.982,43.5,43.5,83.2,83.2,0.0034,0.2425,godot_parity_session,2026-08-15T00:00:00Z,120,PHY-010,res://scenes/tracks/test_field/la_chutana_generated.tscn,VehicleRigidBody,res://scenes/vehicles/f1_94/f1_94.tscn,res://addons/formula90s/scripts/f1_94_rust_vehicle.gd,1,{}
2408,56.57,9423.5,1,1.0,0.0,0.0,0.001,1.001,0.982,43.4,43.4,83.3,83.3,0.0034,0.2454,godot_parity_session,2026-08-15T00:00:00Z,120,PHY-010,res://scenes/tracks/test_field/la_chutana_generated.tscn,VehicleRigidBody,res://scenes/vehicles/f1_94/f1_94.tscn,res://addons/formula90s/scripts/f1_94_rust_vehicle.gd,1,{}
2416,56.81,9488.0,1,1.0,0.0,0.0,-0.001,1.001,0.982,43.4,43.4,83.4,83.4,0.0034,0.2485,godot_parity_session,2026-08-15T00:00:00Z,120,PHY-010,res://scenes/tracks/test_field/la_chutana_generated.tscn,VehicleRigidBody,res://scenes/vehicles/f1_94/f1_94.tscn,res://addons/formula90s/scripts/f1_94_rust_vehicle.gd,1,{}
2425,57.06,9553.4,1,1.0,0.0,0.0,0.000,1.001,0.982,43.4,43.4,83.4,83.4,0.0033,0.2516,godot_parity_session,2026-08-15T00:00:00Z,120,PHY-010,res://scenes/tracks/test_field/la_chutana_generated.tscn,VehicleRigidBody,res://scenes/vehicles/f1_94/f1_94.tscn,res://addons/formula90s/scripts/f1_94_rust_vehicle.gd,1,{}
2433,57.30,9619.7,1,1.0,0.0,0.0,-0.000,1.001,0.982,43.4,43.4,83.5,83.5,0.0033,0.2548,godot_parity_session,2026-08-15T00:00:00Z,120,PHY-010,res://scenes/tracks/test_field/la_chutana_generated.tscn,VehicleRigidBody,res://scenes/vehicles/f1_94/f1_94.tscn,res://addons/formula90s/scripts/f1_94_rust_vehicle.gd,1,{}
2441,57.54,9686.8,1,1.0,0.0,0.0,0.000,1.002,0.982,43.4,43.4,83.5,83.5,0.0033,0.2581,godot_parity_session,2026-08-15T00:00:00Z,120,PHY-010,res://scenes/tracks/test_field/la_chutana_generated.tscn,VehicleRigidBody,res://scenes/vehicles/f1_94/f1_94.tscn,res://addons/formula90s/scripts/f1_94_rust_vehicle.gd,1,{}
2450,57.78,9754.8,1,1.0,0.0,0.0,-0.000,1.002,0.982,43.4,43.4,83.6,83.6,0.0033,0.2615,godot_parity_session,2026-08-15T00:00:00Z,120,PHY-010,res://scenes/tracks/test_field/la_chutana_generated.tscn,VehicleRigidBody,res://scenes/vehicles/f1_94/f1_94.tscn,res://addons/formula90s/scripts/f1_94_rust_vehicle.gd,1,{}
2458,58.02,9823.6,1,1.0,0.0,0.0,0.000,1.002,0.982,43.4,43.4,83.6,83.6,0.0033,0.2649,godot_parity_session,2026-08-15T00:00:00Z,120,PHY-010,res://scenes/tracks/test_field/la_chutana_generated.tscn,VehicleRigidBody,res://scenes/vehicles/f1_94/f1_94.tscn,res://addons/formula90s/scripts/f1_94_rust_vehicle.gd,1,{}
2466,58.27,9893.3,1,1.0,0.0,0.0,-0.000,1.003,0.982,43.4,43.4,83.7,83.7,0.0033,0.2684,godot_parity_session,2026-08-15T00:00:00Z,120,PHY-010,res://scenes/tracks/test_field/la_chutana_generated.tscn,VehicleRigidBody,res://scenes/vehicles/f1_94/f1_94.tscn,res://addons/formula90s/scripts/f1_94_rust_vehicle.gd,1,{}
2475,58.51,9964.0,1,1.0,0.0,0.0,0.000,1.003,0.982,43.4,43.4,83.8,83.8,0.0032,0.2720,godot_parity_session,2026-08-15T00:00:00Z,120,PHY-010,res://scenes/tracks/test_field/la_chutana_generated.tscn,VehicleRigidBody,res://scenes/vehicles/f1_94/f1_94.tscn,res://addons/formula90s/scripts/f1_94_rust_vehicle.gd,1,{}
2483,58.75,10035.5,1,1.0,0.0,0.0,-0.000,1.004,0.982,43.4,43.4,83.8,83.8,0.0032,0.2758,godot_parity_session,2026-08-15T00:00:00Z,120,PHY-010,res://scenes/tracks/test_field/la_chutana_generated.tscn,VehicleRigidBody,res://scenes/vehicles/f1_94/f1_94.tscn,res://addons/formula90s/scripts/f1_94_rust_vehicle.gd,1,{}
2491,58.99,10108.0,1,1.0,0.0,0.0,0.000,1.004,0.982,43.4,43.4,83.9,83.9,0.0032,0.2795,godot_parity_session,2026-08-15T00:00:00Z,120,PHY-010,res://scenes/tracks/test_field/la_chutana_generated.tscn,VehicleRigidBody,res://scenes/vehicles/f1_94/f1_94.tscn,res://addons/formula90s/scripts/f1_94_rust_vehicle.gd,1,{}
2500,59.23,10181.4,1,1.0,0.0,0.0,-0.000,1.004,0.982,43.4,43.4,83.9,83.9,0.0032,0.2834,godot_parity_session,2026-08-15T00:00:00Z,120,PHY-010,res://scenes/tracks/test_field/la_chutana_generated.tscn,VehicleRigidBody,res://scenes/vehicles/f1_94/f1_94.tscn,res://addons/formula90s/scripts/f1_94_rust_vehicle.gd,1,{}
2508,59.47,10255.8,1,1.0,0.0,0.0,0.000,1.005,0.982,43.4,43.4,84.0,84.0,0.0032,0.2873,godot_parity_session,2026-08-15T00:00:00Z,120,PHY-010,res://scenes/tracks/test_field/la_chutana_generated.tscn,VehicleRigidBody,res://scenes/vehicles/f1_94/f1_94.tscn,res://addons/formula90s/scripts/f1_94_rust_vehicle.gd,1,{}
2516,59.72,10331.1,1,1.0,0.0,0.0,-0.000,1.005,0.982,43.5,43.5,84.0,84.0,0.0032,0.2914,godot_parity_session,2026-08-15T00:00:00Z,120,PHY-010,res://scenes/tracks/test_field/la_chutana_generated.tscn,VehicleRigidBody,res://scenes/vehicles/f1_94/f1_94.tscn,res://addons/formula90s/scripts/f1_94_rust_vehicle.gd,1,{}
2525,59.96,10407.4,1,1.0,0.0,0.0,0.000,1.006,0.982,43.5,43.5,84.1,84.1,0.0032,0.2955,godot_parity_session,2026-08-15T00:00:00Z,120,PHY-010,res://scenes/tracks/test_field/la_chutana_generated.tscn,VehicleRigidBody,res://scenes/vehicles/f1_94/f1_94.tscn,res://addons/formula90s/scripts/f1_94_rust_vehicle.gd,1,{}
2533,60.20,10484.6,1,1.0,0.0,0.0,-0.000,1.006,0.982,43.5,43.5,84.1,84.1,0.0031,0.2997,godot_parity_session,2026-08-15T00:00:00Z,120,PHY-010,res://scenes/tracks/test_field/la_chutana_generated.tscn,VehicleRigidBody,res://scenes/vehicles/f1_94/f1_94.tscn,res://addons/formula90s/scripts/f1_94_rust_vehicle.gd,1,{}
2541,60.44,10562.9,1,1.0,0.0,0.0,0.000,1.006,0.982,43.5,43.5,84.2,84.2,0.0031,0.3040,godot_parity_session,2026-08-15T00:00:00Z,120,PHY-010,res://scenes/tracks/test_field/la_chutana_generated.tscn,VehicleRigidBody,res://scenes/vehicles/f1_94/f1_94.tscn,res://addons/formula90s/scripts/f1_94_rust_vehicle.gd,1,{}
2550,60.68,10642.0,1,1.0,0.0,0.0,-0.000,1.007,0.982,43.5,43.5,84.2,84.2,0.0031,0.3084,godot_parity_session,2026-08-15T00:00:00Z,120,PHY-010,res://scenes/tracks/test_field/la_chutana_generated.tscn,VehicleRigidBody,res://scenes/vehicles/f1_94/f1_94.tscn,res://addons/formula90s/scripts/f1_94_rust_vehicle.gd,1,{}
2558,60.92,10721.7,1,1.0,0.0,0.0,0.000,1.007,0.982,43.5,43.5,84.3,84.3,0.0031,0.3127,godot_parity_session,2026-08-15T00:00:00Z,120,PHY-010,res://scenes/tracks/test_field/la_chutana_generated.tscn,VehicleRigidBody,res://scenes/vehicles/f1_94/f1_94.tscn,res://addons/formula90s/scripts/f1_94_rust_vehicle.gd,1,{}
2566,61.16,10801.8,1,1.0,0.0,0.0,-0.000,1.008,0.982,43.5,43.5,84.3,84.3,0.0031,0.3171,godot_parity_session,2026-08-15T00:00:00Z,120,PHY-010,res://scenes/tracks/test_field/la_chutana_generated.tscn,VehicleRigidBody,res://scenes/vehicles/f1_94/f1_94.tscn,res://addons/formula90s/scripts/f1_94_rust_vehicle.gd,1,{}
2575,61.40,10882.4,1,1.0,0.0,0.0,0.000,1.008,0.982,43.6,43.6,84.4,84.4,0.0031,0.3215,godot_parity_session,2026-08-15T00:00:00Z,120,PHY-010,res://scenes/tracks/test_field/la_chutana_generated.tscn,VehicleRigidBody,res://scenes/vehicles/f1_94/f1_94.tscn,res://addons/formula90s/scripts/f1_94_rust_vehicle.gd,1,{}
2583,61.64,10963.5,1,1.0,0.0,0.0,-0.000,1.009,0.982,43.6,43.6,84.4,84.4,0.0031,0.3259,godot_parity_session,2026-08-15T00:00:00Z,120,PHY-010,res://scenes/tracks/test_field/la_chutana_generated.tscn,VehicleRigidBody,res://scenes/vehicles/f1_94/f1_94.tscn,res://addons/formula90s/scripts/f1_94_rust_vehicle.gd,1,{}
2591,61.88,11045.1,1,1.0,0.0,0.0,0.000,1.009,0.982,43.6,43.6,84.5,84.5,0.0030,0.3303,godot_parity_session,2026-08-15T00:00:00Z,120,PHY-010,res://scenes/tracks/test_field/la_chutana_generated.tscn,VehicleRigidBody,res://scenes/vehicles/f1_94/f1_94.tscn,res://addons/formula90s/scripts/f1_94_rust_vehicle.gd,1,{}
2600,62.12,11127.2,1,1.0,0.0,0.0,-0.000,1.010,0.982,43.6,43.6,84.5,84.5,0.0030,0.3348,godot_parity_session,2026-08-15T00:00:00Z,120,PHY-010,res://scenes/tracks/test_field/la_chutana_generated.tscn,VehicleRigidBody,res://scenes/vehicles/f1_94/f1_94.tscn,res://addons/formula90s/scripts/f1_94_rust_vehicle.gd,1,{}
2608,62.36,11209.8,1,1.0,0.0,0.0,0.000,1.010,0.982,43.6,43.6,84.6,84.6,0.0030,0.3393,godot_parity_session,2026-08-15T00:00:00Z,120,PHY-010,res://scenes/tracks/test_field/la_chutana_generated.tscn,VehicleRigidBody,res://scenes/vehicles/f1_94/f1_94.tscn,res://addons/formula90s/scripts/f1_94_rust_vehicle.gd,1,{}
2616,62.61,11292.8,1,1.0,0.0,0.0,-0.000,1.011,0.982,43.7,43.7,84.7,84.7,0.0030,0.3438,godot_parity_session,2026-08-15T00:00:00Z,120,PHY-010,res://scenes/tracks/test_field/la_chutana_generated.tscn,VehicleRigidBody,res://scenes/vehicles/f1_94/f1_94.tscn,res://addons/formula90s/scripts/f1_94_rust_vehicle.gd,1,{}
2625,62.85,11376.3,1,1.0,0.0,0.0,0.000,1.011,0.982,43.7,43.7,84.7,84.7,0.0030,0.3484,godot_parity_session,2026-08-15T00:00:00Z,120,PHY-010,res://scenes/tracks/test_field/la_chutana_generated.tscn,VehicleRigidBody,res://scenes/vehicles/f1_94/f1_94.tscn,res://addons/formula90s/scripts/f1_94_rust_vehicle.gd,1,{}
2633,63.09,11460.4,1,1.0,0.0,0.0,-0.000,1.012,0.982,43.7,43.7,84.8,84.8,0.0030,0.3529,godot_parity_session,2026-08-15T00:00:00Z,120,PHY-010,res://scenes/tracks/test_field/la_chutana_generated.tscn,VehicleRigidBody,res://scenes/vehicles/f1_94/f1_94.tscn,res://addons/formula90s/scripts/f1_94_rust_vehicle.gd,1,{}
2641,63.33,11544.9,1,1.0,0.0,0.0,0.000,1.012,0.982,43.7,43.7,84.8,84.8,0.0030,0.3575,godot_parity_session,2026-08-15T00:00:00Z,120,PHY-010,res://scenes/tracks/test_field/la_chutana_generated.tscn,VehicleRigidBody,res://scenes/vehicles/f1_94/f1_94.tscn,res://addons/formula90s/scripts/f1_94_rust_vehicle.gd,1,{}
2650,63.57,11629.9,1,1.0,0.0,0.0,-0.000,1.013,0.982,43.8,43.8,84.9,84.9,0.0030,0.3621,godot_parity_session,2026-08-15T00:00:00Z,120,PHY-010,res://scenes/tracks/test_field/la_chutana_generated.tscn,VehicleRigidBody,res://scenes/vehicles/f1_94/f1_94.tscn,res://addons/formula90s/scripts/f1_94_rust_vehicle.gd,1,{}
2658,63.81,11715.4,1,1.0,0.0,0.0,0.000,1.013,0.982,43.8,43.8,84.9,84.9,0.0029,0.3667,godot_parity_session,2026-08-15T00:00:00Z,120,PHY-010,res://scenes/tracks/test_field/la_chutana_generated.tscn,VehicleRigidBody,res://scenes/vehicles/f1_94/f1_94.tscn,res://addons/formula90s/scripts/f1_94_rust_vehicle.gd,1,{}
2666,64.05,11801.5,1,1.0,0.0,0.0,-0.000,1.014,0.982,43.8,43.8,85.0,85.0,0.0029,0.3714,godot_parity_session,2026-08-15T00:00:00Z,120,PHY-010,res://scenes/tracks/test_field/la_chutana_generated.tscn,VehicleRigidBody,res://scenes/vehicles/f1_94/f1_94.tscn,res://addons/formula90s/scripts/f1_94_rust_vehicle.gd,1,{}
2675,64.29,11888.0,1,1.0,0.0,0.0,0.000,1.014,0.982,43.8,43.8,85.0,85.0,0.0029,0.3761,godot_parity_session,2026-08-15T00:00:00Z,120,PHY-010,res://scenes/tracks/test_field/la_chutana_generated.tscn,VehicleRigidBody,res://scenes/vehicles/f1_94/f1_94.tscn,res://addons/formula90s/scripts/f1_94_rust_vehicle.gd,1,{}
2683,64.53,11975.1,1,1.0,0.0,0.0,-0.000,1.015,0.982,43.9,43.9,85.1,85.1,0.0029,0.3808,godot_parity_session,2026-08-15T00:00:00Z,120,PHY-010,res://scenes/tracks/test_field/la_chutana_generated.tscn,VehicleRigidBody,res://scenes/vehicles/f1_94/f1_94.tscn,res://addons/formula90s/scripts/f1_94_rust_vehicle.gd,1,{}
2691,64.77,12062.6,1,1.0,0.0,0.0,0.000,1.015,0.982,43.9,43.9,85.1,85.1,0.0029,0.3855,godot_parity_session,2026-08-15T00:00:00Z,120,PHY-010,res://scenes/tracks/test_field/la_chutana_generated.tscn,VehicleRigidBody,res://scenes/vehicles/f1_94/f1_94.tscn,res://addons/formula90s/scripts/f1_94_rust_vehicle.gd,1,{}
2700,65.01,12150.7,1,1.0,0.0,0.0,-0.000,1.016,0.982,43.9,43.9,85.2,85.2,0.0029,0.3903,godot_parity_session,2026-08-15T00:00:00Z,120,PHY-010,res://scenes/tracks/test_field/la_chutana_generated.tscn,VehicleRigidBody,res://scenes/vehicles/f1_94/f1_94.tscn,res://addons/formula90s/scripts/f1_94_rust_vehicle.gd,1,{}
2708,65.25,12239.3,1,1.0,0.0,0.0,0.000,1.016,0.982,43.9,43.9,85.3,85.3,0.0029,0.3950,godot_parity_session,2026-08-15T00:00:00Z,120,PHY-010,res://scenes/tracks/test_field/la_chutana_generated.tscn,VehicleRigidBody,res://scenes/vehicles/f1_94/f1_94.tscn,res://addons/formula90s/scripts/f1_94_rust_vehicle.gd,1,{}
2716,65.49,12328.5,1,1.0,0.0,0.0,-0.000,1.017,0.982,44.0,44.0,85.3,85.3,0.0029,0.3999,godot_parity_session,2026-08-15T00:00:00Z,120,PHY-010,res://scenes/tracks/test_field/la_chutana_generated.tscn,VehicleRigidBody,res://scenes/vehicles/f1_94/f1_94.tscn,res://addons/formula90s/scripts/f1_94_rust_vehicle.gd,1,{}
2725,65.73,12418.1,1,1.0,0.0,0.0,0.000,1.017,0.982,44.0,44.0,85.4,85.4,0.0028,0.4047,godot_parity_session,2026-08-15T00:00:00Z,120,PHY-010,res://scenes/tracks/test_field/la_chutana_generated.tscn,VehicleRigidBody,res://scenes/vehicles/f1_94/f1_94.tscn,res://addons/formula90s/scripts/f1_94_rust_vehicle.gd,1,{}
2733,65.97,12508.3,1,1.0,0.0,0.0,-0.000,1.018,0.982,44.0,44.0,85.4,85.4,0.0028,0.4096,godot_parity_session,2026-08-15T00:00:00Z,120,PHY-010,res://scenes/tracks/test_field/la_chutana_generated.tscn,VehicleRigidBody,res://scenes/vehicles/f1_94/f1_94.tscn,res://addons/formula90s/scripts/f1_94_rust_vehicle.gd,1,{}
2741,66.21,12599.0,1,1.0,0.0,0.0,0.000,1.018,0.982,44.1,44.1,85.5,85.5,0.0028,0.4144,godot_parity_session,2026-08-15T00:00:00Z,120,PHY-010,res://scenes/tracks/test_field/la_chutana_generated.tscn,VehicleRigidBody,res://scenes/vehicles/f1_94/f1_94.tscn,res://addons/formula90s/scripts/f1_94_rust_vehicle.gd,1,{}
2750,66.44,12690.3,1,1.0,0.0,0.0,-0.000,1.019,0.982,44.1,44.1,85.6,85.6,0.0028,0.4193,godot_parity_session,2026-08-15T00:00:00Z,120,PHY-010,res://scenes/tracks/test_field/la_chutana_generated.tscn,VehicleRigidBody,res://scenes/vehicles/f1_94/f1_94.tscn,res://addons/formula90s/scripts/f1_94_rust_vehicle.gd,1,{}
2758,66.68,12782.0,1,1.0,0.0,0.0,0.000,1.020,0.982,44.1,44.1,85.6,85.6,0.0028,0.4242,godot_parity_session,2026-08-15T00:00:00Z,120,PHY-010,res://scenes/tracks/test_field/la_chutana_generated.tscn,VehicleRigidBody,res://scenes/vehicles/f1_94/f1_94.tscn,res://addons/formula90s/scripts/f1_94_rust_vehicle.gd,1,{}
2766,66.92,12874.4,1,1.0,0.0,0.0,-0.000,1.020,0.982,44.1,44.1,85.7,85.7,0.0028,0.4292,godot_parity_session,2026-08-15T00:00:00Z,120,PHY-010,res://scenes/tracks/test_field/la_chutana_generated.tscn,VehicleRigidBody,res://scenes/vehicles/f1_94/f1_94.tscn,res://addons/formula90s/scripts/f1_94_rust_vehicle.gd,1,{}
2775,67.16,12967.3,1,1.0,0.0,0.0,0.000,1.021,0.982,44.2,44.2,85.7,85.7,0.0028,0.4342,godot_parity_session,2026-08-15T00:00:00Z,120,PHY-010,res://scenes/tracks/test_field/la_chutana_generated.tscn,VehicleRigidBody,res://scenes/vehicles/f1_94/f1_94.tscn,res://addons/formula90s/scripts/f1_94_rust_vehicle.gd,1,{}
2783,67.40,13060.7,1,1.0,0.0,0.0,-0.000,1.021,0.982,44.2,44.2,85.8,85.8,0.0028,0.4392,godot_parity_session,2026-08-15T00:00:00Z,120,PHY-010,res://scenes/tracks/test_field/la_chutana_generated.tscn,VehicleRigidBody,res://scenes/vehicles/f1_94/f1_94.tscn,res://addons/formula90s/scripts/f1_94_rust_vehicle.gd,1,{}
2791,67.64,13154.7,1,1.0,0.0,0.0,0.000,1.022,0.982,44.2,44.2,85.9,85.9,0.0028,0.4442,godot_parity_session,2026-08-15T00:00:00Z,120,PHY-010,res://scenes/tracks/test_field/la_chutana_generated.tscn,VehicleRigidBody,res://scenes/vehicles/f1_94/f1_94.tscn,res://addons/formula90s/scripts/f1_94_rust_vehicle.gd,1,{}
2800,67.88,13249.2,1,1.0,0.0,0.0,-0.000,1.023,0.982,44.3,44.3,85.9,85.9,0.0027,0.4493,godot_parity_session,2026-08-15T00:00:00Z,120,PHY-010,res://scenes/tracks/test_field/la_chutana_generated.tscn,VehicleRigidBody,res://scenes/vehicles/f1_94/f1_94.tscn,res://addons/formula90s/scripts/f1_94_rust_vehicle.gd,1,{}
2808,68.12,13344.3,1,1.0,0.0,0.0,0.000,1.023,0.982,44.3,44.3,86.0,86.0,0.0027,0.4543,godot_parity_session,2026-08-15T00:00:00Z,120,PHY-010,res://scenes/tracks/test_field/la_chutana_generated.tscn,VehicleRigidBody,res://scenes/vehicles/f1_94/f1_94.tscn,res://addons/formula90s/scripts/f1_94_rust_vehicle.gd,1,{}
2816,68.36,13439.9,1,1.0,0.0,0.0,-0.000,1.024,0.982,44.3,44.3,86.0,86.0,0.0027,0.4594,godot_parity_session,2026-08-15T00:00:00Z,120,PHY-010,res://scenes/tracks/test_field/la_chutana_generated.tscn,VehicleRigidBody,res://scenes/vehicles/f1_94/f1_94.tscn,res://addons/formula90s/scripts/f1_94_rust_vehicle.gd,1,{}
2825,68.60,13536.1,1,1.0,0.0,0.0,0.000,1.024,0.982,44.4,44.4,86.1,86.1,0.0027,0.4645,godot_parity_session,2026-08-15T00:00:00Z,120,PHY-010,res://scenes/tracks/test_field/la_chutana_generated.tscn,VehicleRigidBody,res://scenes/vehicles/f1_94/f1_94.tscn,res://addons/formula90s/scripts/f1_94_rust_vehicle.gd,1,{}
2833,68.84,13632.4,1,1.0,0.0,0.0,-0.000,1.025,0.982,44.4,44.4,86.2,86.2,0.0027,0.4696,godot_parity_session,2026-08-15T00:00:00Z,120,PHY-010,res://scenes/tracks/test_field/la_chutana_generated.tscn,VehicleRigidBody,res://scenes/vehicles/f1_94/f1_94.tscn,res://addons/formula90s/scripts/f1_94_rust_vehicle.gd,1,{}
2841,69.08,13728.8,1,1.0,0.0,0.0,0.000,1.026,0.982,44.4,44.4,86.2,86.2,0.0027,0.4746,godot_parity_session,2026-08-15T00:00:00Z,120,PHY-010,res://scenes/tracks/test_field/la_chutana_generated.tscn,VehicleRigidBody,res://scenes/vehicles/f1_94/f1_94.tscn,res://addons/formula90s/scripts/f1_94_rust_vehicle.gd,1,{}
2850,69.32,13825.2,1,1.0,0.0,0.0,-0.000,1.026,0.982,44.5,44.5,86.3,86.3,0.0027,0.4796,godot_parity_session,2026-08-15T00:00:00Z,120,PHY-010,res://scenes/tracks/test_field/la_chutana_generated.tscn,VehicleRigidBody,res://scenes/vehicles/f1_94/f1_94.tscn,res://addons/formula90s/scripts/f1_94_rust_vehicle.gd,1,{}
2858,69.56,13921.8,1,1.0,0.0,0.0,0.000,1.027,0.982,44.5,44.5,86.4,86.4,0.0027,0.4846,godot_parity_session,2026-08-15T00:00:00Z,120,PHY-010,res://scenes/tracks/test_field/la_chutana_generated.tscn,VehicleRigidBody,res://scenes/vehicles/f1_94/f1_94.tscn,res://addons/formula90s/scripts/f1_94_rust_vehicle.gd,1,{}
2866,69.80,14018.4,1,1.0,0.0,0.0,-0.000,1.027,0.982,44.5,44.5,86.4,86.4,0.0027,0.4896,godot_parity_session,2026-08-15T00:00:00Z,120,PHY-010,res://scenes/tracks/test_field/la_chutana_generated.tscn,VehicleRigidBody,res://scenes/vehicles/f1_94/f1_94.tscn,res://addons/formula90s/scripts/f1_94_rust_vehicle.gd,1,{}
2875,70.04,14115.0,1,1.0,0.0,0.0,0.000,1.028,0.982,44.6,44.6,86.5,86.5,0.0026,0.4945,godot_parity_session,2026-08-15T00:00:00Z,120,PHY-010,res://scenes/tracks/test_field/la_chutana_generated.tscn,VehicleRigidBody,res://scenes/vehicles/f1_94/f1_94.tscn,res://addons/formula90s/scripts/f1_94_rust_vehicle.gd,1,{}
2883,70.28,14211.8,1,1.0,0.0,0.0,-0.000,1.029,0.982,44.6,44.6,86.5,86.5,0.0026,0.4994,godot_parity_session,2026-08-15T00:00:00Z,120,PHY-010,res://scenes/tracks/test_field/la_chutana_generated.tscn,VehicleRigidBody,res://scenes/vehicles/f1_94/f1_94.tscn,res://addons/formula90s/scripts/f1_94_rust_vehicle.gd,1,{}
2891,70.51,14308.6,1,1.0,0.0,0.0,0.000,1.029,0.982,44.7,44.7,86.6,86.6,0.0026,0.5043,godot_parity_session,2026-08-15T00:00:00Z,120,PHY-010,res://scenes/tracks/test_field/la_chutana_generated.tscn,VehicleRigidBody,res://scenes/vehicles/f1_94/f1_94.tscn,res://addons/formula90s/scripts/f1_94_rust_vehicle.gd,1,{}
2900,70.75,14405.5,1,1.0,0.0,0.0,-0.000,1.030,0.982,44.7,44.7,86.7,86.7,0.0026,0.5091,godot_parity_session,2026-08-15T00:00:00Z,120,PHY-010,res://scenes/tracks/test_field/la_chutana_generated.tscn,VehicleRigidBody,res://scenes/vehicles/f1_94/f1_94.tscn,res://addons/formula90s/scripts/f1_94_rust_vehicle.gd,1,{}
2908,70.99,14502.4,1,1.0,0.0,0.0,0.000,1.031,0.981,44.7,44.7,86.7,86.7,0.0026,0.5140,godot_parity_session,2026-08-15T00:00:00Z,120,PHY-010,res://scenes/tracks/test_field/la_chutana_generated.tscn,VehicleRigidBody,res://scenes/vehicles/f1_94/f1_94.tscn,res://addons/formula90s/scripts/f1_94_rust_vehicle.gd,1,{}
2916,71.23,14599.4,1,1.0,0.0,0.0,-0.000,1.031,0.981,44.8,44.8,86.8,86.8,0.0026,0.5188,godot_parity_session,2026-08-15T00:00:00Z,120,PHY-010,res://scenes/tracks/test_field/la_chutana_generated.tscn,VehicleRigidBody,res://scenes/vehicles/f1_94/f1_94.tscn,res://addons/formula90s/scripts/f1_94_rust_vehicle.gd,1,{}
2925,71.47,14696.5,1,1.0,0.0,0.0,0.000,1.032,0.981,44.8,44.8,86.9,86.9,0.0026,0.5236,godot_parity_session,2026-08-15T00:00:00Z,120,PHY-010,res://scenes/tracks/test_field/la_chutana_generated.tscn,VehicleRigidBody,res://scenes/vehicles/f1_94/f1_94.tscn,res://addons/formula90s/scripts/f1_94_rust_vehicle.gd,1,{}
2933,71.71,14793.7,1,1.0,0.0,0.0,-0.000,1.033,0.981,44.8,44.8,87.0,87.0,0.0026,0.5283,godot_parity_session,2026-08-15T00:00:00Z,120,PHY-010,res://scenes/tracks/test_field/la_chutana_generated.tscn,VehicleRigidBody,res://scenes/vehicles/f1_94/f1_94.tscn,res://addons/formula90s/scripts/f1_94_rust_vehicle.gd,1,{}
2941,71.95,14890.9,1,1.0,0.0,0.0,0.000,1.033,0.981,44.9,44.9,87.0,87.0,0.0026,0.5331,godot_parity_session,2026-08-15T00:00:00Z,120,PHY-010,res://scenes/tracks/test_field/la_chutana_generated.tscn,VehicleRigidBody,res://scenes/vehicles/f1_94/f1_94.tscn,res://addons/formula90s/scripts/f1_94_rust_vehicle.gd,1,{}
2950,72.19,14988.2,1,1.0,0.0,0.0,-0.000,1.034,0.981,44.9,44.9,87.1,87.1,0.0026,0.5378,godot_parity_session,2026-08-15T00:00:00Z,120,PHY-010,res://scenes/tracks/test_field/la_chutana_generated.tscn,VehicleRigidBody,res://scenes/vehicles/f1_94/f1_94.tscn,res://addons/formula90s/scripts/f1_94_rust_vehicle.gd,1,{}
2958,72.43,15085.4,1,1.0,0.0,0.0,0.000,1.035,0.981,45.0,45.0,87.2,87.2,0.0025,0.5424,godot_parity_session,2026-08-15T00:00:00Z,120,PHY-010,res://scenes/tracks/test_field/la_chutana_generated.tscn,VehicleRigidBody,res://scenes/vehicles/f1_94/f1_94.tscn,res://addons/formula90s/scripts/f1_94_rust_vehicle.gd,1,{}
2966,72.67,15182.0,1,1.0,0.0,0.0,-0.000,1.035,0.981,45.0,45.0,87.2,87.2,0.0025,0.5470,godot_parity_session,2026-08-15T00:00:00Z,120,PHY-010,res://scenes/tracks/test_field/la_chutana_generated.tscn,VehicleRigidBody,res://scenes/vehicles/f1_94/f1_94.tscn,res://addons/formula90s/scripts/f1_94_rust_vehicle.gd,1,{}
2975,72.91,15278.0,1,1.0,0.0,0.0,0.000,1.036,0.981,45.0,45.0,87.3,87.3,0.0025,0.5514,godot_parity_session,2026-08-15T00:00:00Z,120,PHY-010,res://scenes/tracks/test_field/la_chutana_generated.tscn,VehicleRigidBody,res://scenes/vehicles/f1_94/f1_94.tscn,res://addons/formula90s/scripts/f1_94_rust_vehicle.gd,1,{}
2983,73.15,15373.3,1,1.0,0.0,0.0,-0.000,1.037,0.981,45.1,45.1,87.4,87.4,0.0025,0.5558,godot_parity_session,2026-08-15T00:00:00Z,120,PHY-010,res://scenes/tracks/test_field/la_chutana_generated.tscn,VehicleRigidBody,res://scenes/vehicles/f1_94/f1_94.tscn,res://addons/formula90s/scripts/f1_94_rust_vehicle.gd,1,{}
2991,73.38,15468.0,1,1.0,0.0,0.0,0.000,1.037,0.981,45.1,45.1,87.4,87.4,0.0025,0.5600,godot_parity_session,2026-08-15T00:00:00Z,120,PHY-010,res://scenes/tracks/test_field/la_chutana_generated.tscn,VehicleRigidBody,res://scenes/vehicles/f1_94/f1_94.tscn,res://addons/formula90s/scripts/f1_94_rust_vehicle.gd,1,{}
3000,73.62,15562.1,1,1.0,0.0,0.0,-0.000,1.038,0.981,45.2,45.2,87.5,87.5,0.0025,0.5642,godot_parity_session,2026-08-15T00:00:00Z,120,PHY-010,res://scenes/tracks/test_field/la_chutana_generated.tscn,VehicleRigidBody,res://scenes/vehicles/f1_94/f1_94.tscn,res://addons/formula90s/scripts/f1_94_rust_vehicle.gd,1,{}
3008,73.86,15655.5,1,1.0,0.0,0.0,0.000,1.039,0.981,45.2,45.2,87.6,87.6,0.0025,0.5683,godot_parity_session,2026-08-15T00:00:00Z,120,PHY-010,res://scenes/tracks/test_field/la_chutana_generated.tscn,VehicleRigidBody,res://scenes/vehicles/f1_94/f1_94.tscn,res://addons/formula90s/scripts/f1_94_rust_vehicle.gd,1,{}
3016,74.10,15655.5,1,1.0,0.0,0.0,0.000,1.039,0.981,45.3,45.3,87.7,87.7,0.0025,0.5440,godot_parity_session,2026-08-15T00:00:00Z,120,PHY-010,res://scenes/tracks/test_field/la_chutana_generated.tscn,VehicleRigidBody,res://scenes/vehicles/f1_94/f1_94.tscn,res://addons/formula90s/scripts/f1_94_rust_vehicle.gd,1,{}
3025,74.34,15655.5,1,1.0,0.0,0.0,0.000,1.040,0.981,45.3,45.3,87.7,87.7,0.0025,0.5198,godot_parity_session,2026-08-15T00:00:00Z,120,PHY-010,res://scenes/tracks/test_field/la_chutana_generated.tscn,VehicleRigidBody,res://scenes/vehicles/f1_94/f1_94.tscn,res://addons/formula90s/scripts/f1_94_rust_vehicle.gd,1,{}
3033,74.58,15655.5,1,1.0,0.0,0.0,0.000,1.041,0.981,45.3,45.3,87.8,87.8,0.0025,0.4961,godot_parity_session,2026-08-15T00:00:00Z,120,PHY-010,res://scenes/tracks/test_field/la_chutana_generated.tscn,VehicleRigidBody,res://scenes/vehicles/f1_94/f1_94.tscn,res://addons/formula90s/scripts/f1_94_rust_vehicle.gd,1,{}
3041,74.82,15655.5,1,1.0,0.0,0.0,-0.000,1.041,0.981,45.4,45.4,87.9,87.9,0.0025,0.4738,godot_parity_session,2026-08-15T00:00:00Z,120,PHY-010,res://scenes/tracks/test_field/la_chutana_generated.tscn,VehicleRigidBody,res://scenes/vehicles/f1_94/f1_94.tscn,res://addons/formula90s/scripts/f1_94_rust_vehicle.gd,1,{}
3050,75.06,15655.5,1,1.0,0.0,0.0,-0.000,1.042,0.981,45.4,45.4,88.0,88.0,0.0024,0.4520,godot_parity_session,2026-08-15T00:00:00Z,120,PHY-010,res://scenes/tracks/test_field/la_chutana_generated.tscn,VehicleRigidBody,res://scenes/vehicles/f1_94/f1_94.tscn,res://addons/formula90s/scripts/f1_94_rust_vehicle.gd,1,{}
3058,75.30,15655.5,1,1.0,0.0,0.0,-0.000,1.042,0.981,45.5,45.5,88.0,88.0,0.0024,0.4305,godot_parity_session,2026-08-15T00:00:00Z,120,PHY-010,res://scenes/tracks/test_field/la_chutana_generated.tscn,VehicleRigidBody,res://scenes/vehicles/f1_94/f1_94.tscn,res://addons/formula90s/scripts/f1_94_rust_vehicle.gd,1,{}
3066,75.54,15655.5,1,1.0,0.0,0.0,-0.000,1.043,0.981,45.5,45.5,88.1,88.1,0.0024,0.4092,godot_parity_session,2026-08-15T00:00:00Z,120,PHY-010,res://scenes/tracks/test_field/la_chutana_generated.tscn,VehicleRigidBody,res://scenes/vehicles/f1_94/f1_94.tscn,res://addons/formula90s/scripts/f1_94_rust_vehicle.gd,1,{}
3075,75.77,15655.5,1,1.0,0.0,0.0,-0.000,1.044,0.981,45.6,45.6,88.2,88.2,0.0024,0.3880,godot_parity_session,2026-08-15T00:00:00Z,120,PHY-010,res://scenes/tracks/test_field/la_chutana_generated.tscn,VehicleRigidBody,res://scenes/vehicles/f1_94/f1_94.tscn,res://addons/formula90s/scripts/f1_94_rust_vehicle.gd,1,{}
3083,76.01,15655.5,1,1.0,0.0,0.0,-0.000,1.044,0.981,45.6,45.6,88.3,88.3,0.0024,0.3669,godot_parity_session,2026-08-15T00:00:00Z,120,PHY-010,res://scenes/tracks/test_field/la_chutana_generated.tscn,VehicleRigidBody,res://scenes/vehicles/f1_94/f1_94.tscn,res://addons/formula90s/scripts/f1_94_rust_vehicle.gd,1,{}
3091,76.25,15655.5,1,1.0,0.0,0.0,-0.000,1.045,0.981,45.6,45.6,88.3,88.3,0.0024,0.3460,godot_parity_session,2026-08-15T00:00:00Z,120,PHY-010,res://scenes/tracks/test_field/la_chutana_generated.tscn,VehicleRigidBody,res://scenes/vehicles/f1_94/f1_94.tscn,res://addons/formula90s/scripts/f1_94_rust_vehicle.gd,1,{}
3100,76.49,15655.5,1,1.0,0.0,0.0,-0.000,1.045,0.981,45.7,45.7,88.4,88.4,0.0024,0.3252,godot_parity_session,2026-08-15T00:00:00Z,120,PHY-010,res://scenes/tracks/test_field/la_chutana_generated.tscn,VehicleRigidBody,res://scenes/vehicles/f1_94/f1_94.tscn,res://addons/formula90s/scripts/f1_94_rust_vehicle.gd,1,{}
3108,76.73,15655.5,1,1.0,0.0,0.0,-0.000,1.046,0.981,45.7,45.7,88.5,88.5,0.0024,0.3044,godot_parity_session,2026-08-15T00:00:00Z,120,PHY-010,res://scenes/tracks/test_field/la_chutana_generated.tscn,VehicleRigidBody,res://scenes/vehicles/f1_94/f1_94.tscn,res://addons/formula90s/scripts/f1_94_rust_vehicle.gd,1,{}
3116,76.97,15655.5,1,1.0,0.0,0.0,-0.000,1.046,0.981,45.8,45.8,88.6,88.6,0.0024,0.2838,godot_parity_session,2026-08-15T00:00:00Z,120,PHY-010,res://scenes/tracks/test_field/la_chutana_generated.tscn,VehicleRigidBody,res://scenes/vehicles/f1_94/f1_94.tscn,res://addons/formula90s/scripts/f1_94_rust_vehicle.gd,1,{}
3125,77.21,15655.5,1,1.0,0.0,0.0,-0.000,1.046,0.981,45.8,45.8,88.6,88.6,0.0024,0.2634,godot_parity_session,2026-08-15T00:00:00Z,120,PHY-010,res://scenes/tracks/test_field/la_chutana_generated.tscn,VehicleRigidBody,res://scenes/vehicles/f1_94/f1_94.tscn,res://addons/formula90s/scripts/f1_94_rust_vehicle.gd,1,{}
3133,77.45,15655.5,1,1.0,0.0,0.0,-0.000,1.047,0.981,45.9,45.9,88.7,88.7,0.0024,0.2430,godot_parity_session,2026-08-15T00:00:00Z,120,PHY-010,res://scenes/tracks/test_field/la_chutana_generated.tscn,VehicleRigidBody,res://scenes/vehicles/f1_94/f1_94.tscn,res://addons/formula90s/scripts/f1_94_rust_vehicle.gd,1,{}
3141,77.68,9080.1,2,1.0,0.0,0.0,-0.000,1.047,0.981,45.9,45.9,88.8,88.8,0.0023,0.2367,godot_parity_session,2026-08-15T00:00:00Z,120,PHY-010,res://scenes/tracks/test_field/la_chutana_generated.tscn,VehicleRigidBody,res://scenes/vehicles/f1_94/f1_94.tscn,res://addons/formula90s/scripts/f1_94_rust_vehicle.gd,1,{}
3150,77.92,9149.2,2,1.0,0.0,0.0,-0.000,1.048,0.981,46.0,46.0,88.9,88.9,0.0023,0.2308,godot_parity_session,2026-08-15T00:00:00Z,120,PHY-010,res://scenes/tracks/test_field/la_chutana_generated.tscn,VehicleRigidBody,res://scenes/vehicles/f1_94/f1_94.tscn,res://addons/formula90s/scripts/f1_94_rust_vehicle.gd,1,{}
3158,78.16,9218.3,2,1.0,0.0,0.0,-0.000,1.049,0.981,46.0,46.0,89.0,89.0,0.0023,0.2252,godot_parity_session,2026-08-15T00:00:00Z,120,PHY-010,res://scenes/tracks/test_field/la_chutana_generated.tscn,VehicleRigidBody,res://scenes/vehicles/f1_94/f1_94.tscn,res://addons/formula90s/scripts/f1_94_rust_vehicle.gd,1,{}
3166,78.40,9287.6,2,1.0,0.0,0.0,-0.000,1.049,0.981,46.1,46.1,89.0,89.0,0.0023,0.2199,godot_parity_session,2026-08-15T00:00:00Z,120,PHY-010,res://scenes/tracks/test_field/la_chutana_generated.tscn,VehicleRigidBody,res://scenes/vehicles/f1_94/f1_94.tscn,res://addons/formula90s/scripts/f1_94_rust_vehicle.gd,1,{}
3175,78.64,9356.9,2,1.0,0.0,0.0,-0.000,1.050,0.981,46.1,46.1,89.1,89.1,0.0023,0.2151,godot_parity_session,2026-08-15T00:00:00Z,120,PHY-010,res://scenes/tracks/test_field/la_chutana_generated.tscn,VehicleRigidBody,res://scenes/vehicles/f1_94/f1_94.tscn,res://addons/formula90s/scripts/f1_94_rust_vehicle.gd,1,{}
3183,78.88,9426.3,2,1.0,0.0,0.0,-0.000,1.050,0.981,46.2,46.2,89.2,89.2,0.0023,0.2106,godot_parity_session,2026-08-15T00:00:00Z,120,PHY-010,res://scenes/tracks/test_field/la_chutana_generated.tscn,VehicleRigidBody,res://scenes/vehicles/f1_94/f1_94.tscn,res://addons/formula90s/scripts/f1_94_rust_vehicle.gd,1,{}
3191,79.11,9495.7,2,1.0,0.0,0.0,0.000,1.051,0.981,46.2,46.2,89.3,89.3,0.0023,0.2067,godot_parity_session,2026-08-15T00:00:00Z,120,PHY-010,res://scenes/tracks/test_field/la_chutana_generated.tscn,VehicleRigidBody,res://scenes/vehicles/f1_94/f1_94.tscn,res://addons/formula90s/scripts/f1_94_rust_vehicle.gd,1,{}
3200,79.35,9565.0,2,1.0,0.0,0.0,-0.000,1.052,0.981,46.3,46.3,89.4,89.4,0.0023,0.2039,godot_parity_session,2026-08-15T00:00:00Z,120,PHY-010,res://scenes/tracks/test_field/la_chutana_generated.tscn,VehicleRigidBody,res://scenes/vehicles/f1_94/f1_94.tscn,res://addons/formula90s/scripts/f1_94_rust_vehicle.gd,1,{}
3208,79.59,9634.4,2,1.0,0.0,0.0,0.000,1.052,0.981,46.3,46.3,89.4,89.4,0.0023,0.2039,godot_parity_session,2026-08-15T00:00:00Z,120,PHY-010,res://scenes/tracks/test_field/la_chutana_generated.tscn,VehicleRigidBody,res://scenes/vehicles/f1_94/f1_94.tscn,res://addons/formula90s/scripts/f1_94_rust_vehicle.gd,1,{}
3216,79.83,9703.8,2,1.0,0.0,0.0,-0.001,1.053,0.981,46.4,46.4,89.5,89.5,0.0023,0.2057,godot_parity_session,2026-08-15T00:00:00Z,120,PHY-010,res://scenes/tracks/test_field/la_chutana_generated.tscn,VehicleRigidBody,res://scenes/vehicles/f1_94/f1_94.tscn,res://addons/formula90s/scripts/f1_94_rust_vehicle.gd,1,{}
3225,80.07,9773.0,2,1.0,0.0,0.0,0.000,1.054,0.981,46.5,46.5,89.6,89.6,0.0023,0.1980,godot_parity_session,2026-08-15T00:00:00Z,120,PHY-010,res://scenes/tracks/test_field/la_chutana_generated.tscn,VehicleRigidBody,res://scenes/vehicles/f1_94/f1_94.tscn,res://addons/formula90s/scripts/f1_94_rust_vehicle.gd,1,{}
3233,80.31,9842.1,2,1.0,0.0,0.0,-0.001,1.054,0.981,46.5,46.5,89.7,89.7,0.0023,0.2005,godot_parity_session,2026-08-15T00:00:00Z,120,PHY-010,res://scenes/tracks/test_field/la_chutana_generated.tscn,VehicleRigidBody,res://scenes/vehicles/f1_94/f1_94.tscn,res://addons/formula90s/scripts/f1_94_rust_vehicle.gd,1,{}
3241,80.54,9911.0,2,1.0,0.0,0.0,0.001,1.055,0.981,46.6,46.6,89.8,89.8,0.0022,0.1936,godot_parity_session,2026-08-15T00:00:00Z,120,PHY-010,res://scenes/tracks/test_field/la_chutana_generated.tscn,VehicleRigidBody,res://scenes/vehicles/f1_94/f1_94.tscn,res://addons/formula90s/scripts/f1_94_rust_vehicle.gd,1,{}
3250,80.78,9979.7,2,1.0,0.0,0.0,-0.001,1.056,0.981,46.6,46.6,89.8,89.8,0.0022,0.1968,godot_parity_session,2026-08-15T00:00:00Z,120,PHY-010,res://scenes/tracks/test_field/la_chutana_generated.tscn,VehicleRigidBody,res://scenes/vehicles/f1_94/f1_94.tscn,res://addons/formula90s/scripts/f1_94_rust_vehicle.gd,1,{}
3258,81.02,10048.0,2,1.0,0.0,0.0,0.001,1.056,0.981,46.7,46.7,89.9,89.9,0.0022,0.1908,godot_parity_session,2026-08-15T00:00:00Z,120,PHY-010,res://scenes/tracks/test_field/la_chutana_generated.tscn,VehicleRigidBody,res://scenes/vehicles/f1_94/f1_94.tscn,res://addons/formula90s/scripts/f1_94_rust_vehicle.gd,1,{}
3266,81.26,10115.8,2,1.0,0.0,0.0,-0.001,1.057,0.981,46.7,46.7,90.0,90.0,0.0022,0.1949,godot_parity_session,2026-08-15T00:00:00Z,120,PHY-010,res://scenes/tracks/test_field/la_chutana_generated.tscn,VehicleRigidBody,res://scenes/vehicles/f1_94/f1_94.tscn,res://addons/formula90s/scripts/f1_94_rust_vehicle.gd,1,{}
3275,81.50,10182.7,2,1.0,0.0,0.0,0.001,1.058,0.981,46.8,46.8,90.1,90.1,0.0022,0.1899,godot_parity_session,2026-08-15T00:00:00Z,120,PHY-010,res://scenes/tracks/test_field/la_chutana_generated.tscn,VehicleRigidBody,res://scenes/vehicles/f1_94/f1_94.tscn,res://addons/formula90s/scripts/f1_94_rust_vehicle.gd,1,{}
3283,81.74,10247.9,2,1.0,0.0,0.0,-0.001,1.059,0.981,46.8,46.8,90.2,90.2,0.0022,0.1953,godot_parity_session,2026-08-15T00:00:00Z,120,PHY-010,res://scenes/tracks/test_field/la_chutana_generated.tscn,VehicleRigidBody,res://scenes/vehicles/f1_94/f1_94.tscn,res://addons/formula90s/scripts/f1_94_rust_vehicle.gd,1,{}
3291,81.97,10307.2,2,1.0,0.0,0.0,0.001,1.059,0.981,46.9,46.9,90.3,90.3,0.0022,0.1934,godot_parity_session,2026-08-15T00:00:00Z,120,PHY-010,res://scenes/tracks/test_field/la_chutana_generated.tscn,VehicleRigidBody,res://scenes/vehicles/f1_94/f1_94.tscn,res://addons/formula90s/scripts/f1_94_rust_vehicle.gd,1,{}
3300,82.21,10365.2,2,1.0,0.0,0.0,-0.001,1.060,0.981,46.9,46.9,90.3,90.3,0.0022,0.2005,godot_parity_session,2026-08-15T00:00:00Z,120,PHY-010,res://scenes/tracks/test_field/la_chutana_generated.tscn,VehicleRigidBody,res://scenes/vehicles/f1_94/f1_94.tscn,res://addons/formula90s/scripts/f1_94_rust_vehicle.gd,1,{}
3308,82.45,10423.4,2,1.0,0.0,0.0,0.001,1.061,0.981,47.0,47.0,90.4,90.4,0.0022,0.1993,godot_parity_session,2026-08-15T00:00:00Z,120,PHY-010,res://scenes/tracks/test_field/la_chutana_generated.tscn,VehicleRigidBody,res://scenes/vehicles/f1_94/f1_94.tscn,res://addons/formula90s/scripts/f1_94_rust_vehicle.gd,1,{}
3316,82.69,10482.0,2,1.0,0.0,0.0,-0.001,1.062,0.981,47.1,47.1,90.5,90.5,0.0022,0.2066,godot_parity_session,2026-08-15T00:00:00Z,120,PHY-010,res://scenes/tracks/test_field/la_chutana_generated.tscn,VehicleRigidBody,res://scenes/vehicles/f1_94/f1_94.tscn,res://addons/formula90s/scripts/f1_94_rust_vehicle.gd,1,{}
3325,82.93,10541.2,2,1.0,0.0,0.0,0.001,1.063,0.981,47.1,47.1,90.6,90.6,0.0022,0.2056,godot_parity_session,2026-08-15T00:00:00Z,120,PHY-010,res://scenes/tracks/test_field/la_chutana_generated.tscn,VehicleRigidBody,res://scenes/vehicles/f1_94/f1_94.tscn,res://addons/formula90s/scripts/f1_94_rust_vehicle.gd,1,{}
3333,83.17,10601.1,2,1.0,0.0,0.0,-0.001,1.064,0.981,47.2,47.2,90.7,90.7,0.0022,0.2131,godot_parity_session,2026-08-15T00:00:00Z,120,PHY-010,res://scenes/tracks/test_field/la_chutana_generated.tscn,VehicleRigidBody,res://scenes/vehicles/f1_94/f1_94.tscn,res://addons/formula90s/scripts/f1_94_rust_vehicle.gd,1,{}
3341,83.40,10661.4,2,1.0,0.0,0.0,0.001,1.065,0.981,47.2,47.2,90.8,90.8,0.0022,0.2121,godot_parity_session,2026-08-15T00:00:00Z,120,PHY-010,res://scenes/tracks/test_field/la_chutana_generated.tscn,VehicleRigidBody,res://scenes/vehicles/f1_94/f1_94.tscn,res://addons/formula90s/scripts/f1_94_rust_vehicle.gd,1,{}
3350,83.64,10722.0,2,1.0,0.0,0.0,-0.000,1.066,0.981,47.3,47.3,90.9,90.9,0.0022,0.2195,godot_parity_session,2026-08-15T00:00:00Z,120,PHY-010,res://scenes/tracks/test_field/la_chutana_generated.tscn,VehicleRigidBody,res://scenes/vehicles/f1_94/f1_94.tscn,res://addons/formula90s/scripts/f1_94_rust_vehicle.gd,1,{}
3358,83.88,10782.8,2,1.0,0.0,0.0,0.001,1.067,0.981,47.3,47.3,90.9,90.9,0.0021,0.2186,godot_parity_session,2026-08-15T00:00:00Z,120,PHY-010,res://scenes/tracks/test_field/la_chutana_generated.tscn,VehicleRigidBody,res://scenes/vehicles/f1_94/f1_94.tscn,res://addons/formula90s/scripts/f1_94_rust_vehicle.gd,1,{}
3366,84.12,10844.0,2,1.0,0.0,0.0,-0.000,1.067,0.981,47.4,47.4,91.0,91.0,0.0021,0.2260,godot_parity_session,2026-08-15T00:00:00Z,120,PHY-010,res://scenes/tracks/test_field/la_chutana_generated.tscn,VehicleRigidBody,res://scenes/vehicles/f1_94/f1_94.tscn,res://addons/formula90s/scripts/f1_94_rust_vehicle.gd,1,{}
3375,84.36,10905.5,2,1.0,0.0,0.0,0.001,1.068,0.980,47.5,47.4,91.1,91.1,0.0021,0.2251,godot_parity_session,2026-08-15T00:00:00Z,120,PHY-010,res://scenes/tracks/test_field/la_chutana_generated.tscn,VehicleRigidBody,res://scenes/vehicles/f1_94/f1_94.tscn,res://addons/formula90s/scripts/f1_94_rust_vehicle.gd,1,{}
3383,84.60,10967.3,2,1.0,0.0,0.0,-0.000,1.069,0.980,47.5,47.5,91.2,91.2,0.0021,0.2326,godot_parity_session,2026-08-15T00:00:00Z,120,PHY-010,res://scenes/tracks/test_field/la_chutana_generated.tscn,VehicleRigidBody,res://scenes/vehicles/f1_94/f1_94.tscn,res://addons/formula90s/scripts/f1_94_rust_vehicle.gd,1,{}
3391,84.84,11029.5,2,1.0,0.0,0.0,0.001,1.070,0.980,47.6,47.6,91.3,91.3,0.0021,0.2318,godot_parity_session,2026-08-15T00:00:00Z,120,PHY-010,res://scenes/tracks/test_field/la_chutana_generated.tscn,VehicleRigidBody,res://scenes/vehicles/f1_94/f1_94.tscn,res://addons/formula90s/scripts/f1_94_rust_vehicle.gd,1,{}
3400,85.08,11091.9,2,1.0,0.0,0.0,-0.000,1.071,0.980,47.6,47.6,91.4,91.4,0.0021,0.2392,godot_parity_session,2026-08-15T00:00:00Z,120,PHY-010,res://scenes/tracks/test_field/la_chutana_generated.tscn,VehicleRigidBody,res://scenes/vehicles/f1_94/f1_94.tscn,res://addons/formula90s/scripts/f1_94_rust_vehicle.gd,1,{}
3408,85.32,11154.6,2,1.0,0.0,0.0,0.001,1.072,0.980,47.7,47.7,91.5,91.5,0.0021,0.2384,godot_parity_session,2026-08-15T00:00:00Z,120,PHY-010,res://scenes/tracks/test_field/la_chutana_generated.tscn,VehicleRigidBody,res://scenes/vehicles/f1_94/f1_94.tscn,res://addons/formula90s/scripts/f1_94_rust_vehicle.gd,1,{}
3416,85.56,11217.7,2,1.0,0.0,0.0,-0.000,1.073,0.980,47.7,47.7,91.6,91.6,0.0021,0.2459,godot_parity_session,2026-08-15T00:00:00Z,120,PHY-010,res://scenes/tracks/test_field/la_chutana_generated.tscn,VehicleRigidBody,res://scenes/vehicles/f1_94/f1_94.tscn,res://addons/formula90s/scripts/f1_94_rust_vehicle.gd,1,{}
3425,85.79,11281.1,2,1.0,0.0,0.0,0.001,1.074,0.980,47.8,47.8,91.7,91.7,0.0021,0.2452,godot_parity_session,2026-08-15T00:00:00Z,120,PHY-010,res://scenes/tracks/test_field/la_chutana_generated.tscn,VehicleRigidBody,res://scenes/vehicles/f1_94/f1_94.tscn,res://addons/formula90s/scripts/f1_94_rust_vehicle.gd,1,{}
3433,86.03,11344.8,2,1.0,0.0,0.0,-0.000,1.075,0.980,47.8,47.8,91.8,91.8,0.0021,0.2526,godot_parity_session,2026-08-15T00:00:00Z,120,PHY-010,res://scenes/tracks/test_field/la_chutana_generated.tscn,VehicleRigidBody,res://scenes/vehicles/f1_94/f1_94.tscn,res://addons/formula90s/scripts/f1_94_rust_vehicle.gd,1,{}
3441,86.27,11408.8,2,1.0,0.0,0.0,0.001,1.076,0.980,47.9,47.9,91.8,91.8,0.0021,0.2520,godot_parity_session,2026-08-15T00:00:00Z,120,PHY-010,res://scenes/tracks/test_field/la_chutana_generated.tscn,VehicleRigidBody,res://scenes/vehicles/f1_94/f1_94.tscn,res://addons/formula90s/scripts/f1_94_rust_vehicle.gd,1,{}
3450,86.51,11473.2,2,1.0,0.0,0.0,0.000,1.076,0.980,48.0,47.9,91.9,91.9,0.0021,0.2594,godot_parity_session,2026-08-15T00:00:00Z,120,PHY-010,res://scenes/tracks/test_field/la_chutana_generated.tscn,VehicleRigidBody,res://scenes/vehicles/f1_94/f1_94.tscn,res://addons/formula90s/scripts/f1_94_rust_vehicle.gd,1,{}
3458,86.75,11537.8,2,1.0,0.0,0.0,0.001,1.077,0.980,48.0,48.0,92.0,92.0,0.0021,0.2588,godot_parity_session,2026-08-15T00:00:00Z,120,PHY-010,res://scenes/tracks/test_field/la_chutana_generated.tscn,VehicleRigidBody,res://scenes/vehicles/f1_94/f1_94.tscn,res://addons/formula90s/scripts/f1_94_rust_vehicle.gd,1,{}
3466,86.99,11602.8,2,1.0,0.0,0.0,0.000,1.078,0.980,48.1,48.1,92.1,92.1,0.0021,0.2663,godot_parity_session,2026-08-15T00:00:00Z,120,PHY-010,res://scenes/tracks/test_field/la_chutana_generated.tscn,VehicleRigidBody,res://scenes/vehicles/f1_94/f1_94.tscn,res://addons/formula90s/scripts/f1_94_rust_vehicle.gd,1,{}
3475,87.23,11668.2,2,1.0,0.0,0.0,0.001,1.079,0.980,48.1,48.1,92.2,92.2,0.0021,0.2658,godot_parity_session,2026-08-15T00:00:00Z,120,PHY-010,res://scenes/tracks/test_field/la_chutana_generated.tscn,VehicleRigidBody,res://scenes/vehicles/f1_94/f1_94.tscn,res://addons/formula90s/scripts/f1_94_rust_vehicle.gd,1,{}
3483,87.47,11733.8,2,1.0,0.0,0.0,0.000,1.080,0.980,48.2,48.2,92.3,92.3,0.0020,0.2732,godot_parity_session,2026-08-15T00:00:00Z,120,PHY-010,res://scenes/tracks/test_field/la_chutana_generated.tscn,VehicleRigidBody,res://scenes/vehicles/f1_94/f1_94.tscn,res://addons/formula90s/scripts/f1_94_rust_vehicle.gd,1,{}
3491,87.71,11799.8,2,1.0,0.0,0.0,0.001,1.081,0.980,48.2,48.2,92.4,92.4,0.0020,0.2727,godot_parity_session,2026-08-15T00:00:00Z,120,PHY-010,res://scenes/tracks/test_field/la_chutana_generated.tscn,VehicleRigidBody,res://scenes/vehicles/f1_94/f1_94.tscn,res://addons/formula90s/scripts/f1_94_rust_vehicle.gd,1,{}
3500,87.95,11866.1,2,1.0,0.0,0.0,0.000,1.082,0.980,48.3,48.3,92.5,92.5,0.0020,0.2802,godot_parity_session,2026-08-15T00:00:00Z,120,PHY-010,res://scenes/tracks/test_field/la_chutana_generated.tscn,VehicleRigidBody,res://scenes/vehicles/f1_94/f1_94.tscn,res://addons/formula90s/scripts/f1_94_rust_vehicle.gd,1,{}
3508,88.19,11932.8,2,1.0,0.0,0.0,0.001,1.083,0.980,48.4,48.3,92.6,92.6,0.0020,0.2798,godot_parity_session,2026-08-15T00:00:00Z,120,PHY-010,res://scenes/tracks/test_field/la_chutana_generated.tscn,VehicleRigidBody,res://scenes/vehicles/f1_94/f1_94.tscn,res://addons/formula90s/scripts/f1_94_rust_vehicle.gd,1,{}
3516,88.43,11999.8,2,1.0,0.0,0.0,0.000,1.084,0.980,48.4,48.4,92.7,92.7,0.0020,0.2872,godot_parity_session,2026-08-15T00:00:00Z,120,PHY-010,res://scenes/tracks/test_field/la_chutana_generated.tscn,VehicleRigidBody,res://scenes/vehicles/f1_94/f1_94.tscn,res://addons/formula90s/scripts/f1_94_rust_vehicle.gd,1,{}
3525,88.67,12067.2,2,1.0,0.0,0.0,0.001,1.084,0.980,48.5,48.5,92.8,92.8,0.0020,0.2869,godot_parity_session,2026-08-15T00:00:00Z,120,PHY-010,res://scenes/tracks/test_field/la_chutana_generated.tscn,VehicleRigidBody,res://scenes/vehicles/f1_94/f1_94.tscn,res://addons/formula90s/scripts/f1_94_rust_vehicle.gd,1,{}
3533,88.91,12134.9,2,1.0,0.0,0.0,0.000,1.085,0.980,48.5,48.5,92.9,92.9,0.0020,0.2943,godot_parity_session,2026-08-15T00:00:00Z,120,PHY-010,res://scenes/tracks/test_field/la_chutana_generated.tscn,VehicleRigidBody,res://scenes/vehicles/f1_94/f1_94.tscn,res://addons/formula90s/scripts/f1_94_rust_vehicle.gd,1,{}
3541,89.15,12202.9,2,1.0,0.0,0.0,0.001,1.086,0.980,48.6,48.6,93.0,93.0,0.0020,0.2941,godot_parity_session,2026-08-15T00:00:00Z,120,PHY-010,res://scenes/tracks/test_field/la_chutana_generated.tscn,VehicleRigidBody,res://scenes/vehicles/f1_94/f1_94.tscn,res://addons/formula90s/scripts/f1_94_rust_vehicle.gd,1,{}
3550,89.39,12271.3,2,1.0,0.0,0.0,0.001,1.087,0.980,48.6,48.6,93.1,93.1,0.0020,0.3015,godot_parity_session,2026-08-15T00:00:00Z,120,PHY-010,res://scenes/tracks/test_field/la_chutana_generated.tscn,VehicleRigidBody,res://scenes/vehicles/f1_94/f1_94.tscn,res://addons/formula90s/scripts/f1_94_rust_vehicle.gd,1,{}
3558,89.63,12340.1,2,1.0,0.0,0.0,0.001,1.088,0.980,48.7,48.7,93.2,93.2,0.0020,0.3013,godot_parity_session,2026-08-15T00:00:00Z,120,PHY-010,res://scenes/tracks/test_field/la_chutana_generated.tscn,VehicleRigidBody,res://scenes/vehicles/f1_94/f1_94.tscn,res://addons/formula90s/scripts/f1_94_rust_vehicle.gd,1,{}
3566,89.87,12409.2,2,1.0,0.0,0.0,0.001,1.089,0.980,48.8,48.7,93.3,93.2,0.0020,0.3087,godot_parity_session,2026-08-15T00:00:00Z,120,PHY-010,res://scenes/tracks/test_field/la_chutana_generated.tscn,VehicleRigidBody,res://scenes/vehicles/f1_94/f1_94.tscn,res://addons/formula90s/scripts/f1_94_rust_vehicle.gd,1,{}
3575,90.11,12478.6,2,1.0,0.0,0.0,0.001,1.090,0.980,48.8,48.8,93.4,93.3,0.0020,0.3086,godot_parity_session,2026-08-15T00:00:00Z,120,PHY-010,res://scenes/tracks/test_field/la_chutana_generated.tscn,VehicleRigidBody,res://scenes/vehicles/f1_94/f1_94.tscn,res://addons/formula90s/scripts/f1_94_rust_vehicle.gd,1,{}
3583,90.35,12548.4,2,1.0,0.0,0.0,0.001,1.090,0.980,48.9,48.9,93.5,93.4,0.0020,0.3160,godot_parity_session,2026-08-15T00:00:00Z,120,PHY-010,res://scenes/tracks/test_field/la_chutana_generated.tscn,VehicleRigidBody,res://scenes/vehicles/f1_94/f1_94.tscn,res://addons/formula90s/scripts/f1_94_rust_vehicle.gd,1,{}
3591,90.59,12618.6,2,1.0,0.0,0.0,0.001,1.091,0.980,48.9,48.9,93.6,93.5,0.0020,0.3160,godot_parity_session,2026-08-15T00:00:00Z,120,PHY-010,res://scenes/tracks/test_field/la_chutana_generated.tscn,VehicleRigidBody,res://scenes/vehicles/f1_94/f1_94.tscn,res://addons/formula90s/scripts/f1_94_rust_vehicle.gd,1,{}
3600,90.83,12689.1,2,1.0,0.0,0.0,0.001,1.092,0.980,49.0,49.0,93.6,93.6,0.0020,0.3234,godot_parity_session,2026-08-15T00:00:00Z,120,PHY-010,res://scenes/tracks/test_field/la_chutana_generated.tscn,VehicleRigidBody,res://scenes/vehicles/f1_94/f1_94.tscn,res://addons/formula90s/scripts/f1_94_rust_vehicle.gd,1,{}
3608,91.07,12760.0,2,1.0,0.0,0.0,0.001,1.093,0.980,49.0,49.0,93.7,93.7,0.0020,0.3234,godot_parity_session,2026-08-15T00:00:00Z,120,PHY-010,res://scenes/tracks/test_field/la_chutana_generated.tscn,VehicleRigidBody,res://scenes/vehicles/f1_94/f1_94.tscn,res://addons/formula90s/scripts/f1_94_rust_vehicle.gd,1,{}
3616,91.31,12831.3,2,1.0,0.0,0.0,0.001,1.094,0.980,49.1,49.1,93.8,93.8,0.0019,0.3308,godot_parity_session,2026-08-15T00:00:00Z,120,PHY-010,res://scenes/tracks/test_field/la_chutana_generated.tscn,VehicleRigidBody,res://scenes/vehicles/f1_94/f1_94.tscn,res://addons/formula90s/scripts/f1_94_rust_vehicle.gd,1,{}
3625,91.55,12902.9,2,1.0,0.0,0.0,0.002,1.095,0.980,49.2,49.1,93.9,93.9,0.0019,0.3309,godot_parity_session,2026-08-15T00:00:00Z,120,PHY-010,res://scenes/tracks/test_field/la_chutana_generated.tscn,VehicleRigidBody,res://scenes/vehicles/f1_94/f1_94.tscn,res://addons/formula90s/scripts/f1_94_rust_vehicle.gd,1,{}
3633,91.79,12975.0,2,1.0,0.0,0.0,0.001,1.096,0.980,49.2,49.2,94.0,94.0,0.0019,0.3383,godot_parity_session,2026-08-15T00:00:00Z,120,PHY-010,res://scenes/tracks/test_field/la_chutana_generated.tscn,VehicleRigidBody,res://scenes/vehicles/f1_94/f1_94.tscn,res://addons/formula90s/scripts/f1_94_rust_vehicle.gd,1,{}
3641,92.04,13047.3,2,1.0,0.0,0.0,0.002,1.096,0.980,49.3,49.3,94.1,94.1,0.0019,0.3385,godot_parity_session,2026-08-15T00:00:00Z,120,PHY-010,res://scenes/tracks/test_field/la_chutana_generated.tscn,VehicleRigidBody,res://scenes/vehicles/f1_94/f1_94.tscn,res://addons/formula90s/scripts/f1_94_rust_vehicle.gd,1,{}
3650,92.28,13120.1,2,1.0,0.0,0.0,0.001,1.097,0.980,49.3,49.3,94.2,94.2,0.0019,0.3459,godot_parity_session,2026-08-15T00:00:00Z,120,PHY-010,res://scenes/tracks/test_field/la_chutana_generated.tscn,VehicleRigidBody,res://scenes/vehicles/f1_94/f1_94.tscn,res://addons/formula90s/scripts/f1_94_rust_vehicle.gd,1,{}
3658,92.52,13193.2,2,1.0,0.0,0.0,0.002,1.098,0.980,49.4,49.4,94.3,94.3,0.0019,0.3462,godot_parity_session,2026-08-15T00:00:00Z,120,PHY-010,res://scenes/tracks/test_field/la_chutana_generated.tscn,VehicleRigidBody,res://scenes/vehicles/f1_94/f1_94.tscn,res://addons/formula90s/scripts/f1_94_rust_vehicle.gd,1,{}
3666,92.76,13266.8,2,1.0,0.0,0.0,0.001,1.099,0.980,49.5,49.4,94.4,94.4,0.0019,0.3535,godot_parity_session,2026-08-15T00:00:00Z,120,PHY-010,res://scenes/tracks/test_field/la_chutana_generated.tscn,VehicleRigidBody,res://scenes/vehicles/f1_94/f1_94.tscn,res://addons/formula90s/scripts/f1_94_rust_vehicle.gd,1,{}
3675,93.00,13340.7,2,1.0,0.0,0.0,0.002,1.100,0.980,49.5,49.5,94.5,94.5,0.0019,0.3539,godot_parity_session,2026-08-15T00:00:00Z,120,PHY-010,res://scenes/tracks/test_field/la_chutana_generated.tscn,VehicleRigidBody,res://scenes/vehicles/f1_94/f1_94.tscn,res://addons/formula90s/scripts/f1_94_rust_vehicle.gd,1,{}
3683,93.24,13415.0,2,1.0,0.0,0.0,0.001,1.101,0.980,49.6,49.5,94.6,94.6,0.0019,0.3612,godot_parity_session,2026-08-15T00:00:00Z,120,PHY-010,res://scenes/tracks/test_field/la_chutana_generated.tscn,VehicleRigidBody,res://scenes/vehicles/f1_94/f1_94.tscn,res://addons/formula90s/scripts/f1_94_rust_vehicle.gd,1,{}
3691,93.48,13489.7,2,1.0,0.0,0.0,0.002,1.101,0.980,49.6,49.6,94.7,94.7,0.0019,0.3617,godot_parity_session,2026-08-15T00:00:00Z,120,PHY-010,res://scenes/tracks/test_field/la_chutana_generated.tscn,VehicleRigidBody,res://scenes/vehicles/f1_94/f1_94.tscn,res://addons/formula90s/scripts/f1_94_rust_vehicle.gd,1,{}
3700,93.72,13564.5,2,1.0,0.0,0.0,0.002,1.102,0.980,49.7,49.7,94.8,94.8,0.0019,0.3689,godot_parity_session,2026-08-15T00:00:00Z,120,PHY-010,res://scenes/tracks/test_field/la_chutana_generated.tscn,VehicleRigidBody,res://scenes/vehicles/f1_94/f1_94.tscn,res://addons/formula90s/scripts/f1_94_rust_vehicle.gd,1,{}
3708,93.96,13639.3,2,1.0,0.0,0.0,0.002,1.103,0.980,49.8,49.7,94.9,94.9,0.0019,0.3694,godot_parity_session,2026-08-15T00:00:00Z,120,PHY-010,res://scenes/tracks/test_field/la_chutana_generated.tscn,VehicleRigidBody,res://scenes/vehicles/f1_94/f1_94.tscn,res://addons/formula90s/scripts/f1_94_rust_vehicle.gd,1,{}
3716,94.20,13714.2,2,1.0,0.0,0.0,0.002,1.104,0.980,49.8,49.8,95.0,95.0,0.0019,0.3766,godot_parity_session,2026-08-15T00:00:00Z,120,PHY-010,res://scenes/tracks/test_field/la_chutana_generated.tscn,VehicleRigidBody,res://scenes/vehicles/f1_94/f1_94.tscn,res://addons/formula90s/scripts/f1_94_rust_vehicle.gd,1,{}
3725,94.44,13789.1,2,1.0,0.0,0.0,0.002,1.105,0.980,49.9,49.8,95.1,95.1,0.0019,0.3770,godot_parity_session,2026-08-15T00:00:00Z,120,PHY-010,res://scenes/tracks/test_field/la_chutana_generated.tscn,VehicleRigidBody,res://scenes/vehicles/f1_94/f1_94.tscn,res://addons/formula90s/scripts/f1_94_rust_vehicle.gd,1,{}
3733,94.69,13864.1,2,1.0,0.0,0.0,0.002,1.105,0.980,49.9,49.9,95.2,95.2,0.0019,0.3841,godot_parity_session,2026-08-15T00:00:00Z,120,PHY-010,res://scenes/tracks/test_field/la_chutana_generated.tscn,VehicleRigidBody,res://scenes/vehicles/f1_94/f1_94.tscn,res://addons/formula90s/scripts/f1_94_rust_vehicle.gd,1,{}
3741,94.93,13939.0,2,1.0,0.0,0.0,0.002,1.106,0.980,50.0,50.0,95.3,95.3,0.0019,0.3846,godot_parity_session,2026-08-15T00:00:00Z,120,PHY-010,res://scenes/tracks/test_field/la_chutana_generated.tscn,VehicleRigidBody,res://scenes/vehicles/f1_94/f1_94.tscn,res://addons/formula90s/scripts/f1_94_rust_vehicle.gd,1,{}
3750,95.17,14014.0,2,1.0,0.0,0.0,0.002,1.107,0.980,50.1,50.0,95.4,95.4,0.0019,0.3916,godot_parity_session,2026-08-15T00:00:00Z,120,PHY-010,res://scenes/tracks/test_field/la_chutana_generated.tscn,VehicleRigidBody,res://scenes/vehicles/f1_94/f1_94.tscn,res://addons/formula90s/scripts/f1_94_rust_vehicle.gd,1,{}
3758,95.41,14089.0,2,1.0,0.0,0.0,0.003,1.108,0.980,50.1,50.1,95.5,95.5,0.0018,0.3921,godot_parity_session,2026-08-15T00:00:00Z,120,PHY-010,res://scenes/tracks/test_field/la_chutana_generated.tscn,VehicleRigidBody,res://scenes/vehicles/f1_94/f1_94.tscn,res://addons/formula90s/scripts/f1_94_rust_vehicle.gd,1,{}
3766,95.65,14164.0,2,1.0,0.0,0.0,0.002,1.109,0.980,50.2,50.1,95.6,95.6,0.0018,0.3990,godot_parity_session,2026-08-15T00:00:00Z,120,PHY-010,res://scenes/tracks/test_field/la_chutana_generated.tscn,VehicleRigidBody,res://scenes/vehicles/f1_94/f1_94.tscn,res://addons/formula90s/scripts/f1_94_rust_vehicle.gd,1,{}
3775,95.89,14239.0,2,1.0,0.0,0.0,0.003,1.109,0.980,50.2,50.2,95.7,95.6,0.0018,0.3996,godot_parity_session,2026-08-15T00:00:00Z,120,PHY-010,res://scenes/tracks/test_field/la_chutana_generated.tscn,VehicleRigidBody,res://scenes/vehicles/f1_94/f1_94.tscn,res://addons/formula90s/scripts/f1_94_rust_vehicle.gd,1,{}
3783,96.13,14314.0,2,1.0,0.0,0.0,0.003,1.110,0.980,50.3,50.2,95.8,95.7,0.0018,0.4064,godot_parity_session,2026-08-15T00:00:00Z,120,PHY-010,res://scenes/tracks/test_field/la_chutana_generated.tscn,VehicleRigidBody,res://scenes/vehicles/f1_94/f1_94.tscn,res://addons/formula90s/scripts/f1_94_rust_vehicle.gd,1,{}
3791,96.37,14389.1,2,1.0,0.0,0.0,0.003,1.111,0.980,50.4,50.3,95.9,95.8,0.0018,0.4069,godot_parity_session,2026-08-15T00:00:00Z,120,PHY-010,res://scenes/tracks/test_field/la_chutana_generated.tscn,VehicleRigidBody,res://scenes/vehicles/f1_94/f1_94.tscn,res://addons/formula90s/scripts/f1_94_rust_vehicle.gd,1,{}
3800,96.61,14464.1,2,1.0,0.0,0.0,0.003,1.112,0.979,50.4,50.4,96.0,95.9,0.0018,0.4137,godot_parity_session,2026-08-15T00:00:00Z,120,PHY-010,res://scenes/tracks/test_field/la_chutana_generated.tscn,VehicleRigidBody,res://scenes/vehicles/f1_94/f1_94.tscn,res://addons/formula90s/scripts/f1_94_rust_vehicle.gd,1,{}
3808,96.86,14539.2,2,1.0,0.0,0.0,0.003,1.112,0.979,50.5,50.4,96.1,96.0,0.0018,0.4143,godot_parity_session,2026-08-15T00:00:00Z,120,PHY-010,res://scenes/tracks/test_field/la_chutana_generated.tscn,VehicleRigidBody,res://scenes/vehicles/f1_94/f1_94.tscn,res://addons/formula90s/scripts/f1_94_rust_vehicle.gd,1,{}
3816,97.10,14614.4,2,1.0,0.0,0.0,0.003,1.113,0.979,50.5,50.5,96.2,96.1,0.0018,0.4209,godot_parity_session,2026-08-15T00:00:00Z,120,PHY-010,res://scenes/tracks/test_field/la_chutana_generated.tscn,VehicleRigidBody,res://scenes/vehicles/f1_94/f1_94.tscn,res://addons/formula90s/scripts/f1_94_rust_vehicle.gd,1,{}
3825,97.34,14689.5,2,1.0,0.0,0.0,0.004,1.114,0.979,50.6,50.5,96.3,96.2,0.0018,0.4215,godot_parity_session,2026-08-15T00:00:00Z,120,PHY-010,res://scenes/tracks/test_field/la_chutana_generated.tscn,VehicleRigidBody,res://scenes/vehicles/f1_94/f1_94.tscn,res://addons/formula90s/scripts/f1_94_rust_vehicle.gd,1,{}
3833,97.58,14764.6,2,1.0,0.0,0.0,0.004,1.115,0.979,50.7,50.6,96.4,96.3,0.0018,0.4280,godot_parity_session,2026-08-15T00:00:00Z,120,PHY-010,res://scenes/tracks/test_field/la_chutana_generated.tscn,VehicleRigidBody,res://scenes/vehicles/f1_94/f1_94.tscn,res://addons/formula90s/scripts/f1_94_rust_vehicle.gd,1,{}
3841,97.82,14839.8,2,1.0,0.0,0.0,0.004,1.115,0.979,50.7,50.7,96.5,96.4,0.0018,0.4287,godot_parity_session,2026-08-15T00:00:00Z,120,PHY-010,res://scenes/tracks/test_field/la_chutana_generated.tscn,VehicleRigidBody,res://scenes/vehicles/f1_94/f1_94.tscn,res://addons/formula90s/scripts/f1_94_rust_vehicle.gd,1,{}
3850,98.06,14915.0,2,1.0,0.0,0.0,0.004,1.116,0.979,50.8,50.7,96.6,96.5,0.0018,0.4351,godot_parity_session,2026-08-15T00:00:00Z,120,PHY-010,res://scenes/tracks/test_field/la_chutana_generated.tscn,VehicleRigidBody,res://scenes/vehicles/f1_94/f1_94.tscn,res://addons/formula90s/scripts/f1_94_rust_vehicle.gd,1,{}
3858,98.30,14990.2,2,1.0,0.0,0.0,0.005,1.117,0.979,50.8,50.8,96.7,96.6,0.0018,0.4359,godot_parity_session,2026-08-15T00:00:00Z,120,PHY-010,res://scenes/tracks/test_field/la_chutana_generated.tscn,VehicleRigidBody,res://scenes/vehicles/f1_94/f1_94.tscn,res://addons/formula90s/scripts/f1_94_rust_vehicle.gd,1,{}
3866,98.55,15065.3,2,1.0,0.0,0.0,0.004,1.117,0.979,50.9,50.8,96.8,96.7,0.0018,0.4421,godot_parity_session,2026-08-15T00:00:00Z,120,PHY-010,res://scenes/tracks/test_field/la_chutana_generated.tscn,VehicleRigidBody,res://scenes/vehicles/f1_94/f1_94.tscn,res://addons/formula90s/scripts/f1_94_rust_vehicle.gd,1,{}
3875,98.79,15139.9,2,1.0,0.0,0.0,0.005,1.118,0.979,51.0,50.9,96.9,96.8,0.0018,0.4428,godot_parity_session,2026-08-15T00:00:00Z,120,PHY-010,res://scenes/tracks/test_field/la_chutana_generated.tscn,VehicleRigidBody,res://scenes/vehicles/f1_94/f1_94.tscn,res://addons/formula90s/scripts/f1_94_rust_vehicle.gd,1,{}
3883,99.03,15214.0,2,1.0,0.0,0.0,0.005,1.119,0.979,51.0,50.9,96.9,96.9,0.0018,0.4488,godot_parity_session,2026-08-15T00:00:00Z,120,PHY-010,res://scenes/tracks/test_field/la_chutana_generated.tscn,VehicleRigidBody,res://scenes/vehicles/f1_94/f1_94.tscn,res://addons/formula90s/scripts/f1_94_rust_vehicle.gd,1,{}
3891,99.27,15287.6,2,1.0,0.0,0.0,0.006,1.120,0.979,51.1,51.0,97.0,97.0,0.0018,0.4495,godot_parity_session,2026-08-15T00:00:00Z,120,PHY-010,res://scenes/tracks/test_field/la_chutana_generated.tscn,VehicleRigidBody,res://scenes/vehicles/f1_94/f1_94.tscn,res://addons/formula90s/scripts/f1_94_rust_vehicle.gd,1,{}
3900,99.51,15360.7,2,1.0,0.0,0.0,0.006,1.120,0.979,51.1,51.1,97.1,97.1,0.0018,0.4552,godot_parity_session,2026-08-15T00:00:00Z,120,PHY-010,res://scenes/tracks/test_field/la_chutana_generated.tscn,VehicleRigidBody,res://scenes/vehicles/f1_94/f1_94.tscn,res://addons/formula90s/scripts/f1_94_rust_vehicle.gd,1,{}
3908,99.75,15433.2,2,1.0,0.0,0.0,0.006,1.121,0.979,51.2,51.1,97.2,97.1,0.0017,0.4559,godot_parity_session,2026-08-15T00:00:00Z,120,PHY-010,res://scenes/tracks/test_field/la_chutana_generated.tscn,VehicleRigidBody,res://scenes/vehicles/f1_94/f1_94.tscn,res://addons/formula90s/scripts/f1_94_rust_vehicle.gd,1,{}
3916,99.99,15505.3,2,1.0,0.0,0.0,0.006,1.121,0.979,51.3,51.2,97.3,97.2,0.0017,0.4614,godot_parity_session,2026-08-15T00:00:00Z,120,PHY-010,res://scenes/tracks/test_field/la_chutana_generated.tscn,VehicleRigidBody,res://scenes/vehicles/f1_94/f1_94.tscn,res://addons/formula90s/scripts/f1_94_rust_vehicle.gd,1,{}
3925,100.24,15576.9,2,1.0,0.0,0.0,0.007,1.122,0.979,51.3,51.2,97.4,97.3,0.0017,0.4621,godot_parity_session,2026-08-15T00:00:00Z,120,PHY-010,res://scenes/tracks/test_field/la_chutana_generated.tscn,VehicleRigidBody,res://scenes/vehicles/f1_94/f1_94.tscn,res://addons/formula90s/scripts/f1_94_rust_vehicle.gd,1,{}
3933,100.48,15648.0,2,1.0,0.0,0.0,0.007,1.123,0.979,51.4,51.3,97.5,97.4,0.0017,0.4674,godot_parity_session,2026-08-15T00:00:00Z,120,PHY-010,res://scenes/tracks/test_field/la_chutana_generated.tscn,VehicleRigidBody,res://scenes/vehicles/f1_94/f1_94.tscn,res://addons/formula90s/scripts/f1_94_rust_vehicle.gd,1,{}
3941,100.72,15718.5,2,1.0,0.0,0.0,0.008,1.123,0.979,51.4,51.3,97.6,97.5,0.0017,0.4680,godot_parity_session,2026-08-15T00:00:00Z,120,PHY-010,res://scenes/tracks/test_field/la_chutana_generated.tscn,VehicleRigidBody,res://scenes/vehicles/f1_94/f1_94.tscn,res://addons/formula90s/scripts/f1_94_rust_vehicle.gd,1,{}
3950,100.96,15788.6,2,1.0,0.0,0.0,0.008,1.124,0.979,51.5,51.4,97.7,97.6,0.0017,0.4731,godot_parity_session,2026-08-15T00:00:00Z,120,PHY-010,res://scenes/tracks/test_field/la_chutana_generated.tscn,VehicleRigidBody,res://scenes/vehicles/f1_94/f1_94.tscn,res://addons/formula90s/scripts/f1_94_rust_vehicle.gd,1,{}
3958,101.20,15858.2,2,1.0,0.0,0.0,0.008,1.125,0.979,51.6,51.4,97.8,97.7,0.0017,0.4738,godot_parity_session,2026-08-15T00:00:00Z,120,PHY-010,res://scenes/tracks/test_field/la_chutana_generated.tscn,VehicleRigidBody,res://scenes/vehicles/f1_94/f1_94.tscn,res://addons/formula90s/scripts/f1_94_rust_vehicle.gd,1,{}
3966,101.44,15927.4,2,1.0,0.0,0.0,0.009,1.125,0.979,51.6,51.5,97.9,97.8,0.0017,0.4786,godot_parity_session,2026-08-15T00:00:00Z,120,PHY-010,res://scenes/tracks/test_field/la_chutana_generated.tscn,VehicleRigidBody,res://scenes/vehicles/f1_94/f1_94.tscn,res://addons/formula90s/scripts/f1_94_rust_vehicle.gd,1,{}
3975,101.68,15996.0,2,1.0,0.0,0.0,0.009,1.126,0.979,51.7,51.5,98.0,97.9,0.0017,0.4793,godot_parity_session,2026-08-15T00:00:00Z,120,PHY-010,res://scenes/tracks/test_field/la_chutana_generated.tscn,VehicleRigidBody,res://scenes/vehicles/f1_94/f1_94.tscn,res://addons/formula90s/scripts/f1_94_rust_vehicle.gd,1,{}
3983,101.92,16064.2,2,1.0,0.0,0.0,0.010,1.126,0.979,51.7,51.6,98.1,97.9,0.0017,0.4838,godot_parity_session,2026-08-15T00:00:00Z,120,PHY-010,res://scenes/tracks/test_field/la_chutana_generated.tscn,VehicleRigidBody,res://scenes/vehicles/f1_94/f1_94.tscn,res://addons/formula90s/scripts/f1_94_rust_vehicle.gd,1,{}
3991,102.16,16131.9,2,1.0,0.0,0.0,0.011,1.127,0.979,51.8,51.7,98.2,98.0,0.0017,0.4846,godot_parity_session,2026-08-15T00:00:00Z,120,PHY-010,res://scenes/tracks/test_field/la_chutana_generated.tscn,VehicleRigidBody,res://scenes/vehicles/f1_94/f1_94.tscn,res://addons/formula90s/scripts/f1_94_rust_vehicle.gd,1,{}
4000,102.41,16199.1,2,1.0,0.0,0.0,0.011,1.128,0.979,51.9,51.7,98.3,98.1,0.0017,0.4889,godot_parity_session,2026-08-15T00:00:00Z,120,PHY-010,res://scenes/tracks/test_field/la_chutana_generated.tscn,VehicleRigidBody,res://scenes/vehicles/f1_94/f1_94.tscn,res://addons/formula90s/scripts/f1_94_rust_vehicle.gd,1,{}
4008,102.65,16265.8,2,1.0,0.0,0.0,0.012,1.128,0.979,51.9,51.8,98.4,98.2,0.0017,0.4898,godot_parity_session,2026-08-15T00:00:00Z,120,PHY-010,res://scenes/tracks/test_field/la_chutana_generated.tscn,VehicleRigidBody,res://scenes/vehicles/f1_94/f1_94.tscn,res://addons/formula90s/scripts/f1_94_rust_vehicle.gd,1,{}
4016,102.89,16332.1,2,1.0,0.0,0.0,0.012,1.129,0.979,52.0,51.8,98.5,98.3,0.0017,0.4937,godot_parity_session,2026-08-15T00:00:00Z,120,PHY-010,res://scenes/tracks/test_field/la_chutana_generated.tscn,VehicleRigidBody,res://scenes/vehicles/f1_94/f1_94.tscn,res://addons/formula90s/scripts/f1_94_rust_vehicle.gd,1,{}
4025,103.13,16398.0,2,1.0,0.0,0.0,0.013,1.129,0.979,52.0,51.9,98.6,98.4,0.0017,0.4947,godot_parity_session,2026-08-15T00:00:00Z,120,PHY-010,res://scenes/tracks/test_field/la_chutana_generated.tscn,VehicleRigidBody,res://scenes/vehicles/f1_94/f1_94.tscn,res://addons/formula90s/scripts/f1_94_rust_vehicle.gd,1,{}
4033,103.37,16463.3,2,1.0,0.0,0.0,0.014,1.130,0.979,52.1,51.9,98.6,98.5,0.0017,0.4983,godot_parity_session,2026-08-15T00:00:00Z,120,PHY-010,res://scenes/tracks/test_field/la_chutana_generated.tscn,VehicleRigidBody,res://scenes/vehicles/f1_94/f1_94.tscn,res://addons/formula90s/scripts/f1_94_rust_vehicle.gd,1,{}
4041,103.61,16528.2,2,1.0,0.0,0.0,0.015,1.130,0.979,52.2,52.0,98.7,98.5,0.0017,0.4994,godot_parity_session,2026-08-15T00:00:00Z,120,PHY-010,res://scenes/tracks/test_field/la_chutana_generated.tscn,VehicleRigidBody,res://scenes/vehicles/f1_94/f1_94.tscn,res://addons/formula90s/scripts/f1_94_rust_vehicle.gd,1,{}
4050,103.85,16528.2,2,1.0,0.0,0.0,0.016,1.131,0.979,52.2,52.0,98.8,98.6,0.0017,0.4732,godot_parity_session,2026-08-15T00:00:00Z,120,PHY-010,res://scenes/tracks/test_field/la_chutana_generated.tscn,VehicleRigidBody,res://scenes/vehicles/f1_94/f1_94.tscn,res://addons/formula90s/scripts/f1_94_rust_vehicle.gd,1,{}
4058,104.09,16528.2,2,1.0,0.0,0.0,0.017,1.131,0.979,52.3,52.1,98.9,98.7,0.0017,0.4471,godot_parity_session,2026-08-15T00:00:00Z,120,PHY-010,res://scenes/tracks/test_field/la_chutana_generated.tscn,VehicleRigidBody,res://scenes/vehicles/f1_94/f1_94.tscn,res://addons/formula90s/scripts/f1_94_rust_vehicle.gd,1,{}
4066,104.33,16528.2,2,1.0,0.0,0.0,0.019,1.132,0.979,52.4,52.1,99.0,98.8,0.0016,0.4217,godot_parity_session,2026-08-15T00:00:00Z,120,PHY-010,res://scenes/tracks/test_field/la_chutana_generated.tscn,VehicleRigidBody,res://scenes/vehicles/f1_94/f1_94.tscn,res://addons/formula90s/scripts/f1_94_rust_vehicle.gd,1,{}
4075,104.57,16528.2,2,1.0,0.0,0.0,0.020,1.132,0.979,52.4,52.2,99.1,98.9,0.0016,0.3980,godot_parity_session,2026-08-15T00:00:00Z,120,PHY-010,res://scenes/tracks/test_field/la_chutana_generated.tscn,VehicleRigidBody,res://scenes/vehicles/f1_94/f1_94.tscn,res://addons/formula90s/scripts/f1_94_rust_vehicle.gd,1,{}
4083,104.81,16528.2,2,1.0,0.0,0.0,0.022,1.132,0.979,52.5,52.2,99.2,98.9,0.0016,0.3746,godot_parity_session,2026-08-15T00:00:00Z,120,PHY-010,res://scenes/tracks/test_field/la_chutana_generated.tscn,VehicleRigidBody,res://scenes/vehicles/f1_94/f1_94.tscn,res://addons/formula90s/scripts/f1_94_rust_vehicle.gd,1,{}
4091,105.05,16528.2,2,1.0,0.0,0.0,0.024,1.133,0.979,52.6,52.3,99.3,99.0,0.0016,0.3513,godot_parity_session,2026-08-15T00:00:00Z,120,PHY-010,res://scenes/tracks/test_field/la_chutana_generated.tscn,VehicleRigidBody,res://scenes/vehicles/f1_94/f1_94.tscn,res://addons/formula90s/scripts/f1_94_rust_vehicle.gd,1,{}
4100,105.30,16528.2,2,1.0,0.0,0.0,0.026,1.133,0.979,52.6,52.3,99.4,99.1,0.0016,0.3281,godot_parity_session,2026-08-15T00:00:00Z,120,PHY-010,res://scenes/tracks/test_field/la_chutana_generated.tscn,VehicleRigidBody,res://scenes/vehicles/f1_94/f1_94.tscn,res://addons/formula90s/scripts/f1_94_rust_vehicle.gd,1,{}
4108,105.54,16528.2,2,1.0,0.0,0.0,0.028,1.133,0.979,52.7,52.3,99.5,99.2,0.0016,0.3050,godot_parity_session,2026-08-15T00:00:00Z,120,PHY-010,res://scenes/tracks/test_field/la_chutana_generated.tscn,VehicleRigidBody,res://scenes/vehicles/f1_94/f1_94.tscn,res://addons/formula90s/scripts/f1_94_rust_vehicle.gd,1,{}
4116,105.78,16528.2,2,1.0,0.0,0.0,0.031,1.133,0.979,52.8,52.4,99.6,99.2,0.0016,0.2819,godot_parity_session,2026-08-15T00:00:00Z,120,PHY-010,res://scenes/tracks/test_field/la_chutana_generated.tscn,VehicleRigidBody,res://scenes/vehicles/f1_94/f1_94.tscn,res://addons/formula90s/scripts/f1_94_rust_vehicle.gd,1,{}
4125,106.02,16528.2,2,1.0,0.0,0.0,0.033,1.133,0.979,52.8,52.4,99.7,99.3,0.0016,0.2590,godot_parity_session,2026-08-15T00:00:00Z,120,PHY-010,res://scenes/tracks/test_field/la_chutana_generated.tscn,VehicleRigidBody,res://scenes/vehicles/f1_94/f1_94.tscn,res://addons/formula90s/scripts/f1_94_rust_vehicle.gd,1,{}
4133,106.25,16528.2,2,1.0,0.0,0.0,0.036,1.133,0.978,52.9,52.5,99.8,99.4,0.0016,0.2361,godot_parity_session,2026-08-15T00:00:00Z,120,PHY-010,res://scenes/tracks/test_field/la_chutana_generated.tscn,VehicleRigidBody,res://scenes/vehicles/f1_94/f1_94.tscn,res://addons/formula90s/scripts/f1_94_rust_vehicle.gd,1,{}
4141,106.49,16528.2,2,1.0,0.0,0.0,0.039,1.133,0.978,53.0,52.5,99.9,99.5,0.0016,0.2134,godot_parity_session,2026-08-15T00:00:00Z,120,PHY-010,res://scenes/tracks/test_field/la_chutana_generated.tscn,VehicleRigidBody,res://scenes/vehicles/f1_94/f1_94.tscn,res://addons/formula90s/scripts/f1_94_rust_vehicle.gd,1,{}
4150,106.73,16528.2,2,1.0,0.0,0.0,0.043,1.133,0.978,53.1,52.6,100.0,99.5,0.0016,0.1907,godot_parity_session,2026-08-15T00:00:00Z,120,PHY-010,res://scenes/tracks/test_field/la_chutana_generated.tscn,VehicleRigidBody,res://scenes/vehicles/f1_94/f1_94.tscn,res://addons/formula90s/scripts/f1_94_rust_vehicle.gd,1,{}
4158,106.97,16528.2,2,1.0,0.0,0.0,0.047,1.132,0.978,53.1,52.6,100.1,99.6,0.0016,0.1682,godot_parity_session,2026-08-15T00:00:00Z,120,PHY-010,res://scenes/tracks/test_field/la_chutana_generated.tscn,VehicleRigidBody,res://scenes/vehicles/f1_94/f1_94.tscn,res://addons/formula90s/scripts/f1_94_rust_vehicle.gd,1,{}
4166,107.21,16528.2,2,1.0,0.0,0.0,0.052,1.132,0.978,53.2,52.6,100.2,99.6,0.0016,0.1457,godot_parity_session,2026-08-15T00:00:00Z,120,PHY-010,res://scenes/tracks/test_field/la_chutana_generated.tscn,VehicleRigidBody,res://scenes/vehicles/f1_94/f1_94.tscn,res://addons/formula90s/scripts/f1_94_rust_vehicle.gd,1,{}
4175,107.45,10097.8,3,1.0,0.0,0.0,0.053,1.132,0.978,53.3,52.7,100.3,99.7,0.0016,0.1408,godot_parity_session,2026-08-15T00:00:00Z,120,PHY-010,res://scenes/tracks/test_field/la_chutana_generated.tscn,VehicleRigidBody,res://scenes/vehicles/f1_94/f1_94.tscn,res://addons/formula90s/scripts/f1_94_rust_vehicle.gd,1,{}
4183,107.69,10153.5,3,1.0,0.0,0.0,0.055,1.132,0.978,53.4,52.7,100.4,99.8,0.0016,0.1398,godot_parity_session,2026-08-15T00:00:00Z,120,PHY-010,res://scenes/tracks/test_field/la_chutana_generated.tscn,VehicleRigidBody,res://scenes/vehicles/f1_94/f1_94.tscn,res://addons/formula90s/scripts/f1_94_rust_vehicle.gd,1,{}
4191,107.93,10208.9,3,1.0,0.0,0.0,0.052,1.132,0.978,53.5,52.8,100.5,99.8,0.0015,0.1445,godot_parity_session,2026-08-15T00:00:00Z,120,PHY-010,res://scenes/tracks/test_field/la_chutana_generated.tscn,VehicleRigidBody,res://scenes/vehicles/f1_94/f1_94.tscn,res://addons/formula90s/scripts/f1_94_rust_vehicle.gd,1,{}
4200,108.16,10264.1,3,1.0,0.0,0.0,0.056,1.132,0.978,53.6,52.8,100.6,99.9,0.0015,0.1342,godot_parity_session,2026-08-15T00:00:00Z,120,PHY-010,res://scenes/tracks/test_field/la_chutana_generated.tscn,VehicleRigidBody,res://scenes/vehicles/f1_94/f1_94.tscn,res://addons/formula90s/scripts/f1_94_rust_vehicle.gd,1,{}
4208,108.40,10319.0,3,1.0,0.0,0.0,0.052,1.132,0.978,53.6,52.8,100.7,99.9,0.0015,0.1377,godot_parity_session,2026-08-15T00:00:00Z,120,PHY-010,res://scenes/tracks/test_field/la_chutana_generated.tscn,VehicleRigidBody,res://scenes/vehicles/f1_94/f1_94.tscn,res://addons/formula90s/scripts/f1_94_rust_vehicle.gd,1,{}
4216,108.64,10373.6,3,1.0,0.0,0.0,0.056,1.133,0.978,53.7,52.9,100.8,100.0,0.0015,0.1288,godot_parity_session,2026-08-15T00:00:00Z,120,PHY-010,res://scenes/tracks/test_field/la_chutana_generated.tscn,VehicleRigidBody,res://scenes/vehicles/f1_94/f1_94.tscn,res://addons/formula90s/scripts/f1_94_rust_vehicle.gd,1,{}
4225,108.88,10427.8,3,1.0,0.0,0.0,0.052,1.133,0.978,53.8,52.9,100.9,100.1,0.0015,0.1320,godot_parity_session,2026-08-15T00:00:00Z,120,PHY-010,res://scenes/tracks/test_field/la_chutana_generated.tscn,VehicleRigidBody,res://scenes/vehicles/f1_94/f1_94.tscn,res://addons/formula90s/scripts/f1_94_rust_vehicle.gd,1,{}
4233,109.11,10481.6,3,1.0,0.0,0.0,0.056,1.133,0.978,53.9,53.0,101.0,100.1,0.0015,0.1245,godot_parity_session,2026-08-15T00:00:00Z,120,PHY-010,res://scenes/tracks/test_field/la_chutana_generated.tscn,VehicleRigidBody,res://scenes/vehicles/f1_94/f1_94.tscn,res://addons/formula90s/scripts/f1_94_rust_vehicle.gd,1,{}
4241,109.35,10534.9,3,1.0,0.0,0.0,0.051,1.133,0.978,54.0,53.0,101.1,100.2,0.0015,0.1275,godot_parity_session,2026-08-15T00:00:00Z,120,PHY-010,res://scenes/tracks/test_field/la_chutana_generated.tscn,VehicleRigidBody,res://scenes/vehicles/f1_94/f1_94.tscn,res://addons/formula90s/scripts/f1_94_rust_vehicle.gd,1,{}
4250,109.59,10587.7,3,1.0,0.0,0.0,0.055,1.134,0.978,54.0,53.1,101.2,100.3,0.0015,0.1214,godot_parity_session,2026-08-15T00:00:00Z,120,PHY-010,res://scenes/tracks/test_field/la_chutana_generated.tscn,VehicleRigidBody,res://scenes/vehicles/f1_94/f1_94.tscn,res://addons/formula90s/scripts/f1_94_rust_vehicle.gd,1,{}
4258,109.82,10639.6,3,1.0,0.0,0.0,0.050,1.134,0.978,54.1,53.1,101.3,100.3,0.0015,0.1243,godot_parity_session,2026-08-15T00:00:00Z,120,PHY-010,res://scenes/tracks/test_field/la_chutana_generated.tscn,VehicleRigidBody,res://scenes/vehicles/f1_94/f1_94.tscn,res://addons/formula90s/scripts/f1_94_rust_vehicle.gd,1,{}
4266,110.06,10690.3,3,1.0,0.0,0.0,0.054,1.135,0.978,54.2,53.2,101.4,100.4,0.0015,0.1196,godot_parity_session,2026-08-15T00:00:00Z,120,PHY-010,res://scenes/tracks/test_field/la_chutana_generated.tscn,VehicleRigidBody,res://scenes/vehicles/f1_94/f1_94.tscn,res://addons/formula90s/scripts/f1_94_rust_vehicle.gd,1,{}
4275,110.30,10739.8,3,1.0,0.0,0.0,0.048,1.135,0.978,54.3,53.3,101.5,100.5,0.0015,0.1225,godot_parity_session,2026-08-15T00:00:00Z,120,PHY-010,res://scenes/tracks/test_field/la_chutana_generated.tscn,VehicleRigidBody,res://scenes/vehicles/f1_94/f1_94.tscn,res://addons/formula90s/scripts/f1_94_rust_vehicle.gd,1,{}
4283,110.53,10787.5,3,1.0,0.0,0.0,0.052,1.136,0.978,54.3,53.3,101.5,100.5,0.0015,0.1193,godot_parity_session,2026-08-15T00:00:00Z,120,PHY-010,res://scenes/tracks/test_field/la_chutana_generated.tscn,VehicleRigidBody,res://scenes/vehicles/f1_94/f1_94.tscn,res://addons/formula90s/scripts/f1_94_rust_vehicle.gd,1,{}
4291,110.77,10830.9,3,1.0,0.0,0.0,0.045,1.136,0.978,54.4,53.4,101.6,100.6,0.0015,0.1232,godot_parity_session,2026-08-15T00:00:00Z,120,PHY-010,res://scenes/tracks/test_field/la_chutana_generated.tscn,VehicleRigidBody,res://scenes/vehicles/f1_94/f1_94.tscn,res://addons/formula90s/scripts/f1_94_rust_vehicle.gd,1,{}
4300,111.01,10871.6,3,1.0,0.0,0.0,0.049,1.137,0.978,54.5,53.4,101.7,100.7,0.0015,0.1220,godot_parity_session,2026-08-15T00:00:00Z,120,PHY-010,res://scenes/tracks/test_field/la_chutana_generated.tscn,VehicleRigidBody,res://scenes/vehicles/f1_94/f1_94.tscn,res://addons/formula90s/scripts/f1_94_rust_vehicle.gd,1,{}
4308,111.24,10911.7,3,1.0,0.0,0.0,0.042,1.138,0.978,54.6,53.5,101.8,100.8,0.0015,0.1258,godot_parity_session,2026-08-15T00:00:00Z,120,PHY-010,res://scenes/tracks/test_field/la_chutana_generated.tscn,VehicleRigidBody,res://scenes/vehicles/f1_94/f1_94.tscn,res://addons/formula90s/scripts/f1_94_rust_vehicle.gd,1,{}
4316,111.48,10951.7,3,1.0,0.0,0.0,0.046,1.138,0.978,54.6,53.6,101.9,100.9,0.0015,0.1255,godot_parity_session,2026-08-15T00:00:00Z,120,PHY-010,res://scenes/tracks/test_field/la_chutana_generated.tscn,VehicleRigidBody,res://scenes/vehicles/f1_94/f1_94.tscn,res://addons/formula90s/scripts/f1_94_rust_vehicle.gd,1,{}
4325,111.72,10991.8,3,1.0,0.0,0.0,0.040,1.139,0.978,54.7,53.6,102.0,100.9,0.0015,0.1288,godot_parity_session,2026-08-15T00:00:00Z,120,PHY-010,res://scenes/tracks/test_field/la_chutana_generated.tscn,VehicleRigidBody,res://scenes/vehicles/f1_94/f1_94.tscn,res://addons/formula90s/scripts/f1_94_rust_vehicle.gd,1,{}
4333,111.95,11032.1,3,1.0,0.0,0.0,0.043,1.140,0.978,54.8,53.7,102.1,101.0,0.0014,0.1291,godot_parity_session,2026-08-15T00:00:00Z,120,PHY-010,res://scenes/tracks/test_field/la_chutana_generated.tscn,VehicleRigidBody,res://scenes/vehicles/f1_94/f1_94.tscn,res://addons/formula90s/scripts/f1_94_rust_vehicle.gd,1,{}
4341,112.19,11072.5,3,1.0,0.0,0.0,0.038,1.141,0.978,54.8,53.7,102.1,101.1,0.0015,0.1318,godot_parity_session,2026-08-15T00:00:00Z,120,PHY-010,res://scenes/tracks/test_field/la_chutana_generated.tscn,VehicleRigidBody,res://scenes/vehicles/f1_94/f1_94.tscn,res://addons/formula90s/scripts/f1_94_rust_vehicle.gd,1,{}
4350,112.43,11113.0,3,1.0,0.0,0.0,0.041,1.142,0.978,54.9,53.8,102.2,101.2,0.0014,0.1327,godot_parity_session,2026-08-15T00:00:00Z,120,PHY-010,res://scenes/tracks/test_field/la_chutana_generated.tscn,VehicleRigidBody,res://scenes/vehicles/f1_94/f1_94.tscn,res://addons/formula90s/scripts/f1_94_rust_vehicle.gd,1,{}
4358,112.66,11153.8,3,1.0,0.0,0.0,0.036,1.142,0.978,54.9,53.9,102.3,101.3,0.0014,0.1349,godot_parity_session,2026-08-15T00:00:00Z,120,PHY-010,res://scenes/tracks/test_field/la_chutana_generated.tscn,VehicleRigidBody,res://scenes/vehicles/f1_94/f1_94.tscn,res://addons/formula90s/scripts/f1_94_rust_vehicle.gd,1,{}
4366,112.90,11194.6,3,1.0,0.0,0.0,0.040,1.143,0.978,55.0,53.9,102.4,101.4,0.0014,0.1363,godot_parity_session,2026-08-15T00:00:00Z,120,PHY-010,res://scenes/tracks/test_field/la_chutana_generated.tscn,VehicleRigidBody,res://scenes/vehicles/f1_94/f1_94.tscn,res://addons/formula90s/scripts/f1_94_rust_vehicle.gd,1,{}
4375,113.14,11235.7,3,1.0,0.0,0.0,0.035,1.144,0.978,55.1,54.0,102.5,101.4,0.0014,0.1380,godot_parity_session,2026-08-15T00:00:00Z,120,PHY-010,res://scenes/tracks/test_field/la_chutana_generated.tscn,VehicleRigidBody,res://scenes/vehicles/f1_94/f1_94.tscn,res://addons/formula90s/scripts/f1_94_rust_vehicle.gd,1,{}
4383,113.37,11276.9,3,1.0,0.0,0.0,0.038,1.145,0.978,55.1,54.1,102.5,101.5,0.0014,0.1399,godot_parity_session,2026-08-15T00:00:00Z,120,PHY-010,res://scenes/tracks/test_field/la_chutana_generated.tscn,VehicleRigidBody,res://scenes/vehicles/f1_94/f1_94.tscn,res://addons/formula90s/scripts/f1_94_rust_vehicle.gd,1,{}
4391,113.61,11318.3,3,1.0,0.0,0.0,0.034,1.145,0.978,55.2,54.1,102.6,101.6,0.0014,0.1412,godot_parity_session,2026-08-15T00:00:00Z,120,PHY-010,res://scenes/tracks/test_field/la_chutana_generated.tscn,VehicleRigidBody,res://scenes/vehicles/f1_94/f1_94.tscn,res://addons/formula90s/scripts/f1_94_rust_vehicle.gd,1,{}
4400,113.85,11359.8,3,1.0,0.0,0.0,0.037,1.146,0.978,55.2,54.2,102.7,101.7,0.0014,0.1435,godot_parity_session,2026-08-15T00:00:00Z,120,PHY-010,res://scenes/tracks/test_field/la_chutana_generated.tscn,VehicleRigidBody,res://scenes/vehicles/f1_94/f1_94.tscn,res://addons/formula90s/scripts/f1_94_rust_vehicle.gd,1,{}
4408,114.08,11401.5,3,1.0,0.0,0.0,0.033,1.147,0.978,55.3,54.3,102.8,101.8,0.0014,0.1444,godot_parity_session,2026-08-15T00:00:00Z,120,PHY-010,res://scenes/tracks/test_field/la_chutana_generated.tscn,VehicleRigidBody,res://scenes/vehicles/f1_94/f1_94.tscn,res://addons/formula90s/scripts/f1_94_rust_vehicle.gd,1,{}
4416,114.32,11443.3,3,1.0,0.0,0.0,0.036,1.148,0.978,55.3,54.3,102.9,101.9,0.0014,0.1472,godot_parity_session,2026-08-15T00:00:00Z,120,PHY-010,res://scenes/tracks/test_field/la_chutana_generated.tscn,VehicleRigidBody,res://scenes/vehicles/f1_94/f1_94.tscn,res://addons/formula90s/scripts/f1_94_rust_vehicle.gd,1,{}
4425,114.56,11485.4,3,1.0,0.0,0.0,0.032,1.149,0.978,55.4,54.4,103.0,102.0,0.0014,0.1477,godot_parity_session,2026-08-15T00:00:00Z,120,PHY-010,res://scenes/tracks/test_field/la_chutana_generated.tscn,VehicleRigidBody,res://scenes/vehicles/f1_94/f1_94.tscn,res://addons/formula90s/scripts/f1_94_rust_vehicle.gd,1,{}
4433,114.79,11527.6,3,1.0,0.0,0.0,0.035,1.149,0.978,55.4,54.4,103.0,102.1,0.0014,0.1509,godot_parity_session,2026-08-15T00:00:00Z,120,PHY-010,res://scenes/tracks/test_field/la_chutana_generated.tscn,VehicleRigidBody,res://scenes/vehicles/f1_94/f1_94.tscn,res://addons/formula90s/scripts/f1_94_rust_vehicle.gd,1,{}
4441,115.03,11570.0,3,1.0,0.0,0.0,0.032,1.150,0.978,55.5,54.5,103.1,102.2,0.0014,0.1510,godot_parity_session,2026-08-15T00:00:00Z,120,PHY-010,res://scenes/tracks/test_field/la_chutana_generated.tscn,VehicleRigidBody,res://scenes/vehicles/f1_94/f1_94.tscn,res://addons/formula90s/scripts/f1_94_rust_vehicle.gd,1,{}
4450,115.27,11612.5,3,1.0,0.0,0.0,0.035,1.151,0.978,55.6,54.6,103.2,102.3,0.0014,0.1546,godot_parity_session,2026-08-15T00:00:00Z,120,PHY-010,res://scenes/tracks/test_field/la_chutana_generated.tscn,VehicleRigidBody,res://scenes/vehicles/f1_94/f1_94.tscn,res://addons/formula90s/scripts/f1_94_rust_vehicle.gd,1,{}
4458,115.51,11655.2,3,1.0,0.0,0.0,0.031,1.152,0.978,55.6,54.6,103.3,102.4,0.0014,0.1543,godot_parity_session,2026-08-15T00:00:00Z,120,PHY-010,res://scenes/tracks/test_field/la_chutana_generated.tscn,VehicleRigidBody,res://scenes/vehicles/f1_94/f1_94.tscn,res://addons/formula90s/scripts/f1_94_rust_vehicle.gd,1,{}
4466,115.74,11698.1,3,1.0,0.0,0.0,0.035,1.152,0.978,55.7,54.7,103.4,102.5,0.0014,0.1583,godot_parity_session,2026-08-15T00:00:00Z,120,PHY-010,res://scenes/tracks/test_field/la_chutana_generated.tscn,VehicleRigidBody,res://scenes/vehicles/f1_94/f1_94.tscn,res://addons/formula90s/scripts/f1_94_rust_vehicle.gd,1,{}
4475,115.98,11741.2,3,1.0,0.0,0.0,0.031,1.153,0.978,55.7,54.8,103.5,102.5,0.0014,0.1577,godot_parity_session,2026-08-15T00:00:00Z,120,PHY-010,res://scenes/tracks/test_field/la_chutana_generated.tscn,VehicleRigidBody,res://scenes/vehicles/f1_94/f1_94.tscn,res://addons/formula90s/scripts/f1_94_rust_vehicle.gd,1,{}
4483,116.22,11784.4,3,1.0,0.0,0.0,0.034,1.154,0.978,55.8,54.8,103.5,102.6,0.0014,0.1621,godot_parity_session,2026-08-15T00:00:00Z,120,PHY-010,res://scenes/tracks/test_field/la_chutana_generated.tscn,VehicleRigidBody,res://scenes/vehicles/f1_94/f1_94.tscn,res://addons/formula90s/scripts/f1_94_rust_vehicle.gd,1,{}
4491,116.45,11827.9,3,1.0,0.0,0.0,0.032,1.155,0.978,55.8,54.9,103.6,102.7,0.0014,0.1611,godot_parity_session,2026-08-15T00:00:00Z,120,PHY-010,res://scenes/tracks/test_field/la_chutana_generated.tscn,VehicleRigidBody,res://scenes/vehicles/f1_94/f1_94.tscn,res://addons/formula90s/scripts/f1_94_rust_vehicle.gd,1,{}
4500,116.69,11871.5,3,1.0,0.0,0.0,0.035,1.155,0.978,55.9,54.9,103.7,102.8,0.0014,0.1660,godot_parity_session,2026-08-15T00:00:00Z,120,PHY-010,res://scenes/tracks/test_field/la_chutana_generated.tscn,VehicleRigidBody,res://scenes/vehicles/f1_94/f1_94.tscn,res://addons/formula90s/scripts/f1_94_rust_vehicle.gd,1,{}
4508,116.93,11915.2,3,1.0,0.0,0.0,0.032,1.156,0.978,55.9,55.0,103.8,102.9,0.0014,0.1646,godot_parity_session,2026-08-15T00:00:00Z,120,PHY-010,res://scenes/tracks/test_field/la_chutana_generated.tscn,VehicleRigidBody,res://scenes/vehicles/f1_94/f1_94.tscn,res://addons/formula90s/scripts/f1_94_rust_vehicle.gd,1,{}
4516,117.17,11959.2,3,1.0,0.0,0.0,0.035,1.157,0.977,56.0,55.1,103.9,103.0,0.0013,0.1698,godot_parity_session,2026-08-15T00:00:00Z,120,PHY-010,res://scenes/tracks/test_field/la_chutana_generated.tscn,VehicleRigidBody,res://scenes/vehicles/f1_94/f1_94.tscn,res://addons/formula90s/scripts/f1_94_rust_vehicle.gd,1,{}
4525,117.40,12003.3,3,1.0,0.0,0.0,0.032,1.158,0.977,56.0,55.1,104.0,103.1,0.0014,0.1680,godot_parity_session,2026-08-15T00:00:00Z,120,PHY-010,res://scenes/tracks/test_field/la_chutana_generated.tscn,VehicleRigidBody,res://scenes/vehicles/f1_94/f1_94.tscn,res://addons/formula90s/scripts/f1_94_rust_vehicle.gd,1,{}
4533,117.64,12047.7,3,1.0,0.0,0.0,0.035,1.158,0.977,56.1,55.2,104.1,103.2,0.0013,0.1738,godot_parity_session,2026-08-15T00:00:00Z,120,PHY-010,res://scenes/tracks/test_field/la_chutana_generated.tscn,VehicleRigidBody,res://scenes/vehicles/f1_94/f1_94.tscn,res://addons/formula90s/scripts/f1_94_rust_vehicle.gd,1,{}
4541,117.88,12092.2,3,1.0,0.0,0.0,0.033,1.159,0.977,56.2,55.2,104.2,103.3,0.0013,0.1716,godot_parity_session,2026-08-15T00:00:00Z,120,PHY-010,res://scenes/tracks/test_field/la_chutana_generated.tscn,VehicleRigidBody,res://scenes/vehicles/f1_94/f1_94.tscn,res://addons/formula90s/scripts/f1_94_rust_vehicle.gd,1,{}
4550,118.12,12136.9,3,1.0,0.0,0.0,0.036,1.160,0.977,56.2,55.3,104.3,103.4,0.0013,0.1777,godot_parity_session,2026-08-15T00:00:00Z,120,PHY-010,res://scenes/tracks/test_field/la_chutana_generated.tscn,VehicleRigidBody,res://scenes/vehicles/f1_94/f1_94.tscn,res://addons/formula90s/scripts/f1_94_rust_vehicle.gd,1,{}
4558,118.35,12181.8,3,1.0,0.0,0.0,0.034,1.161,0.977,56.3,55.4,104.3,103.5,0.0013,0.1751,godot_parity_session,2026-08-15T00:00:00Z,120,PHY-010,res://scenes/tracks/test_field/la_chutana_generated.tscn,VehicleRigidBody,res://scenes/vehicles/f1_94/f1_94.tscn,res://addons/formula90s/scripts/f1_94_rust_vehicle.gd,1,{}
4566,118.59,12226.8,3,1.0,0.0,0.0,0.037,1.161,0.977,56.3,55.4,104.4,103.6,0.0013,0.1817,godot_parity_session,2026-08-15T00:00:00Z,120,PHY-010,res://scenes/tracks/test_field/la_chutana_generated.tscn,VehicleRigidBody,res://scenes/vehicles/f1_94/f1_94.tscn,res://addons/formula90s/scripts/f1_94_rust_vehicle.gd,1,{}
4575,118.83,12272.1,3,1.0,0.0,0.0,0.035,1.162,0.977,56.4,55.5,104.5,103.7,0.0013,0.1787,godot_parity_session,2026-08-15T00:00:00Z,120,PHY-010,res://scenes/tracks/test_field/la_chutana_generated.tscn,VehicleRigidBody,res://scenes/vehicles/f1_94/f1_94.tscn,res://addons/formula90s/scripts/f1_94_rust_vehicle.gd,1,{}
4583,119.06,12317.5,3,1.0,0.0,0.0,0.038,1.163,0.977,56.4,55.5,104.6,103.7,0.0013,0.1858,godot_parity_session,2026-08-15T00:00:00Z,120,PHY-010,res://scenes/tracks/test_field/la_chutana_generated.tscn,VehicleRigidBody,res://scenes/vehicles/f1_94/f1_94.tscn,res://addons/formula90s/scripts/f1_94_rust_vehicle.gd,1,{}
4591,119.30,12363.2,3,1.0,0.0,0.0,0.036,1.164,0.977,56.5,55.6,104.7,103.8,0.0013,0.1824,godot_parity_session,2026-08-15T00:00:00Z,120,PHY-010,res://scenes/tracks/test_field/la_chutana_generated.tscn,VehicleRigidBody,res://scenes/vehicles/f1_94/f1_94.tscn,res://addons/formula90s/scripts/f1_94_rust_vehicle.gd,1,{}
4600,119.54,12409.0,3,1.0,0.0,0.0,0.039,1.164,0.977,56.6,55.6,104.8,103.9,0.0013,0.1899,godot_parity_session,2026-08-15T00:00:00Z,120,PHY-010,res://scenes/tracks/test_field/la_chutana_generated.tscn,VehicleRigidBody,res://scenes/vehicles/f1_94/f1_94.tscn,res://addons/formula90s/scripts/f1_94_rust_vehicle.gd,1,{}
4608,119.78,12455.0,3,1.0,0.0,0.0,0.038,1.165,0.977,56.6,55.7,104.9,104.0,0.0013,0.1860,godot_parity_session,2026-08-15T00:00:00Z,120,PHY-010,res://scenes/tracks/test_field/la_chutana_generated.tscn,VehicleRigidBody,res://scenes/vehicles/f1_94/f1_94.tscn,res://addons/formula90s/scripts/f1_94_rust_vehicle.gd,1,{}
4616,120.01,12501.3,3,1.0,0.0,0.0,0.041,1.166,0.977,56.7,55.8,105.0,104.1,0.0013,0.1940,godot_parity_session,2026-08-15T00:00:00Z,120,PHY-010,res://scenes/tracks/test_field/la_chutana_generated.tscn,VehicleRigidBody,res://scenes/vehicles/f1_94/f1_94.tscn,res://addons/formula90s/scripts/f1_94_rust_vehicle.gd,1,{}
4625,120.25,12547.7,3,1.0,0.0,0.0,0.040,1.166,0.977,56.7,55.8,105.1,104.2,0.0013,0.1897,godot_parity_session,2026-08-15T00:00:00Z,120,PHY-010,res://scenes/tracks/test_field/la_chutana_generated.tscn,VehicleRigidBody,res://scenes/vehicles/f1_94/f1_94.tscn,res://addons/formula90s/scripts/f1_94_rust_vehicle.gd,1,{}
4633,120.49,12594.3,3,1.0,0.0,0.0,0.043,1.167,0.977,56.8,55.9,105.2,104.3,0.0013,0.1982,godot_parity_session,2026-08-15T00:00:00Z,120,PHY-010,res://scenes/tracks/test_field/la_chutana_generated.tscn,VehicleRigidBody,res://scenes/vehicles/f1_94/f1_94.tscn,res://addons/formula90s/scripts/f1_94_rust_vehicle.gd,1,{}
4641,120.73,12641.1,3,1.0,0.0,0.0,0.042,1.168,0.977,56.9,55.9,105.3,104.4,0.0013,0.1934,godot_parity_session,2026-08-15T00:00:00Z,120,PHY-010,res://scenes/tracks/test_field/la_chutana_generated.tscn,VehicleRigidBody,res://scenes/vehicles/f1_94/f1_94.tscn,res://addons/formula90s/scripts/f1_94_rust_vehicle.gd,1,{}
4650,120.96,12688.1,3,1.0,0.0,0.0,0.045,1.169,0.977,56.9,56.0,105.4,104.5,0.0013,0.2025,godot_parity_session,2026-08-15T00:00:00Z,120,PHY-010,res://scenes/tracks/test_field/la_chutana_generated.tscn,VehicleRigidBody,res://scenes/vehicles/f1_94/f1_94.tscn,res://addons/formula90s/scripts/f1_94_rust_vehicle.gd,1,{}
4658,121.20,12735.3,3,1.0,0.0,0.0,0.044,1.169,0.977,57.0,56.0,105.5,104.6,0.0013,0.1972,godot_parity_session,2026-08-15T00:00:00Z,120,PHY-010,res://scenes/tracks/test_field/la_chutana_generated.tscn,VehicleRigidBody,res://scenes/vehicles/f1_94/f1_94.tscn,res://addons/formula90s/scripts/f1_94_rust_vehicle.gd,1,{}
4666,121.44,12782.7,3,1.0,0.0,0.0,0.047,1.170,0.977,57.1,56.1,105.6,104.6,0.0013,0.2068,godot_parity_session,2026-08-15T00:00:00Z,120,PHY-010,res://scenes/tracks/test_field/la_chutana_generated.tscn,VehicleRigidBody,res://scenes/vehicles/f1_94/f1_94.tscn,res://addons/formula90s/scripts/f1_94_rust_vehicle.gd,1,{}
4675,121.68,12830.4,3,1.0,0.0,0.0,0.047,1.171,0.977,57.1,56.1,105.7,104.7,0.0013,0.2009,godot_parity_session,2026-08-15T00:00:00Z,120,PHY-010,res://scenes/tracks/test_field/la_chutana_generated.tscn,VehicleRigidBody,res://scenes/vehicles/f1_94/f1_94.tscn,res://addons/formula90s/scripts/f1_94_rust_vehicle.gd,1,{}
4683,121.91,12878.2,3,1.0,0.0,0.0,0.050,1.172,0.977,57.2,56.2,105.8,104.8,0.0013,0.2112,godot_parity_session,2026-08-15T00:00:00Z,120,PHY-010,res://scenes/tracks/test_field/la_chutana_generated.tscn,VehicleRigidBody,res://scenes/vehicles/f1_94/f1_94.tscn,res://addons/formula90s/scripts/f1_94_rust_vehicle.gd,1,{}
4691,122.15,12926.2,3,1.0,0.0,0.0,0.050,1.172,0.977,57.3,56.2,105.9,104.9,0.0013,0.2047,godot_parity_session,2026-08-15T00:00:00Z,120,PHY-010,res://scenes/tracks/test_field/la_chutana_generated.tscn,VehicleRigidBody,res://scenes/vehicles/f1_94/f1_94.tscn,res://addons/formula90s/scripts/f1_94_rust_vehicle.gd,1,{}
4700,122.39,12974.4,3,1.0,0.0,0.0,0.053,1.173,0.977,57.3,56.3,106.0,105.0,0.0013,0.2156,godot_parity_session,2026-08-15T00:00:00Z,120,PHY-010,res://scenes/tracks/test_field/la_chutana_generated.tscn,VehicleRigidBody,res://scenes/vehicles/f1_94/f1_94.tscn,res://addons/formula90s/scripts/f1_94_rust_vehicle.gd,1,{}
4708,122.63,13022.9,3,1.0,0.0,0.0,0.053,1.174,0.977,57.4,56.3,106.1,105.1,0.0013,0.2085,godot_parity_session,2026-08-15T00:00:00Z,120,PHY-010,res://scenes/tracks/test_field/la_chutana_generated.tscn,VehicleRigidBody,res://scenes/vehicles/f1_94/f1_94.tscn,res://addons/formula90s/scripts/f1_94_rust_vehicle.gd,1,{}
4716,122.86,13071.5,3,1.0,0.0,0.0,0.057,1.174,0.977,57.5,56.4,106.2,105.2,0.0013,0.2201,godot_parity_session,2026-08-15T00:00:00Z,120,PHY-010,res://scenes/tracks/test_field/la_chutana_generated.tscn,VehicleRigidBody,res://scenes/vehicles/f1_94/f1_94.tscn,res://addons/formula90s/scripts/f1_94_rust_vehicle.gd,1,{}
4725,123.10,13120.4,3,1.0,0.0,0.0,0.057,1.175,0.977,57.5,56.4,106.3,105.3,0.0013,0.2124,godot_parity_session,2026-08-15T00:00:00Z,120,PHY-010,res://scenes/tracks/test_field/la_chutana_generated.tscn,VehicleRigidBody,res://scenes/vehicles/f1_94/f1_94.tscn,res://addons/formula90s/scripts/f1_94_rust_vehicle.gd,1,{}
4733,123.34,13169.5,3,1.0,0.0,0.0,0.061,1.176,0.977,57.6,56.5,106.4,105.3,0.0013,0.2247,godot_parity_session,2026-08-15T00:00:00Z,120,PHY-010,res://scenes/tracks/test_field/la_chutana_generated.tscn,VehicleRigidBody,res://scenes/vehicles/f1_94/f1_94.tscn,res://addons/formula90s/scripts/f1_94_rust_vehicle.gd,1,{}
4741,123.58,13218.7,3,1.0,0.0,0.0,0.061,1.177,0.977,57.7,56.5,106.5,105.4,0.0012,0.2162,godot_parity_session,2026-08-15T00:00:00Z,120,PHY-010,res://scenes/tracks/test_field/la_chutana_generated.tscn,VehicleRigidBody,res://scenes/vehicles/f1_94/f1_94.tscn,res://addons/formula90s/scripts/f1_94_rust_vehicle.gd,1,{}
4750,123.81,13268.2,3,1.0,0.0,0.0,0.065,1.177,0.977,57.7,56.6,106.6,105.5,0.0012,0.2293,godot_parity_session,2026-08-15T00:00:00Z,120,PHY-010,res://scenes/tracks/test_field/la_chutana_generated.tscn,VehicleRigidBody,res://scenes/vehicles/f1_94/f1_94.tscn,res://addons/formula90s/scripts/f1_94_rust_vehicle.gd,1,{}
4758,124.05,13317.9,3,1.0,0.0,0.0,0.066,1.178,0.977,57.8,56.6,106.7,105.6,0.0012,0.2201,godot_parity_session,2026-08-15T00:00:00Z,120,PHY-010,res://scenes/tracks/test_field/la_chutana_generated.tscn,VehicleRigidBody,res://scenes/vehicles/f1_94/f1_94.tscn,res://addons/formula90s/scripts/f1_94_rust_vehicle.gd,1,{}
4766,124.29,13367.9,3,1.0,0.0,0.0,0.070,1.179,0.977,57.9,56.7,106.8,105.7,0.0012,0.2341,godot_parity_session,2026-08-15T00:00:00Z,120,PHY-010,res://scenes/tracks/test_field/la_chutana_generated.tscn,VehicleRigidBody,res://scenes/vehicles/f1_94/f1_94.tscn,res://addons/formula90s/scripts/f1_94_rust_vehicle.gd,1,{}
4775,124.53,13418.0,3,1.0,0.0,0.0,0.072,1.180,0.977,58.0,56.7,107.0,105.7,0.0012,0.2239,godot_parity_session,2026-08-15T00:00:00Z,120,PHY-010,res://scenes/tracks/test_field/la_chutana_generated.tscn,VehicleRigidBody,res://scenes/vehicles/f1_94/f1_94.tscn,res://addons/formula90s/scripts/f1_94_rust_vehicle.gd,1,{}
4783,124.76,13468.4,3,1.0,0.0,0.0,0.076,1.180,0.976,58.1,56.7,107.1,105.8,0.0012,0.2389,godot_parity_session,2026-08-15T00:00:00Z,120,PHY-010,res://scenes/tracks/test_field/la_chutana_generated.tscn,VehicleRigidBody,res://scenes/vehicles/f1_94/f1_94.tscn,res://addons/formula90s/scripts/f1_94_rust_vehicle.gd,1,{}
4791,125.00,13518.8,3,1.0,0.0,0.0,0.078,1.181,0.976,58.1,56.8,107.2,105.9,0.0012,0.2278,godot_parity_session,2026-08-15T00:00:00Z,120,PHY-010,res://scenes/tracks/test_field/la_chutana_generated.tscn,VehicleRigidBody,res://scenes/vehicles/f1_94/f1_94.tscn,res://addons/formula90s/scripts/f1_94_rust_vehicle.gd,1,{}
4800,125.24,13569.2,3,1.0,0.0,0.0,0.083,1.182,0.976,58.2,56.8,107.3,106.0,0.0012,0.2437,godot_parity_session,2026-08-15T00:00:00Z,120,PHY-010,res://scenes/tracks/test_field/la_chutana_generated.tscn,VehicleRigidBody,res://scenes/vehicles/f1_94/f1_94.tscn,res://addons/formula90s/scripts/f1_94_rust_vehicle.gd,1,{}
4808,125.48,13619.7,3,1.0,0.0,0.0,0.085,1.182,0.976,58.3,56.9,107.4,106.1,0.0012,0.2315,godot_parity_session,2026-08-15T00:00:00Z,120,PHY-010,res://scenes/tracks/test_field/la_chutana_generated.tscn,VehicleRigidBody,res://scenes/vehicles/f1_94/f1_94.tscn,res://addons/formula90s/scripts/f1_94_rust_vehicle.gd,1,{}
4816,125.72,13670.0,3,1.0,0.0,0.0,0.090,1.183,0.976,58.4,56.9,107.5,106.1,0.0012,0.2473,godot_parity_session,2026-08-15T00:00:00Z,120,PHY-010,res://scenes/tracks/test_field/la_chutana_generated.tscn,VehicleRigidBody,res://scenes/vehicles/f1_94/f1_94.tscn,res://addons/formula90s/scripts/f1_94_rust_vehicle.gd,1,{}
4825,125.95,13720.4,3,1.0,0.0,0.0,0.093,1.184,0.976,58.5,56.9,107.7,106.2,0.0012,0.2364,godot_parity_session,2026-08-15T00:00:00Z,120,PHY-010,res://scenes/tracks/test_field/la_chutana_generated.tscn,VehicleRigidBody,res://scenes/vehicles/f1_94/f1_94.tscn,res://addons/formula90s/scripts/f1_94_rust_vehicle.gd,1,{}
4833,126.19,13770.7,3,1.0,0.0,0.0,0.099,1.184,0.976,58.6,57.0,107.8,106.3,0.0012,0.2521,godot_parity_session,2026-08-15T00:00:00Z,120,PHY-010,res://scenes/tracks/test_field/la_chutana_generated.tscn,VehicleRigidBody,res://scenes/vehicles/f1_94/f1_94.tscn,res://addons/formula90s/scripts/f1_94_rust_vehicle.gd,1,{}
4841,126.43,13821.1,3,1.0,0.0,0.0,0.102,1.185,0.976,58.6,57.0,107.9,106.3,0.0012,0.2399,godot_parity_session,2026-08-15T00:00:00Z,120,PHY-010,res://scenes/tracks/test_field/la_chutana_generated.tscn,VehicleRigidBody,res://scenes/vehicles/f1_94/f1_94.tscn,res://addons/formula90s/scripts/f1_94_rust_vehicle.gd,1,{}
4850,126.67,13871.3,3,1.0,0.0,0.0,0.109,1.186,0.976,58.7,57.0,108.0,106.4,0.0012,0.2567,godot_parity_session,2026-08-15T00:00:00Z,120,PHY-010,res://scenes/tracks/test_field/la_chutana_generated.tscn,VehicleRigidBody,res://scenes/vehicles/f1_94/f1_94.tscn,res://addons/formula90s/scripts/f1_94_rust_vehicle.gd,1,{}
4858,126.90,13921.6,3,1.0,0.0,0.0,0.113,1.187,0.976,58.8,57.1,108.2,106.5,0.0012,0.2437,godot_parity_session,2026-08-15T00:00:00Z,120,PHY-010,res://scenes/tracks/test_field/la_chutana_generated.tscn,VehicleRigidBody,res://scenes/vehicles/f1_94/f1_94.tscn,res://addons/formula90s/scripts/f1_94_rust_vehicle.gd,1,{}
4866,127.14,13971.8,3,1.0,0.0,0.0,0.119,1.187,0.976,58.9,57.1,108.3,106.5,0.0012,0.2591,godot_parity_session,2026-08-15T00:00:00Z,120,PHY-010,res://scenes/tracks/test_field/la_chutana_generated.tscn,VehicleRigidBody,res://scenes/vehicles/f1_94/f1_94.tscn,res://addons/formula90s/scripts/f1_94_rust_vehicle.gd,1,{}
4875,127.38,14022.0,3,1.0,0.0,0.0,0.124,1.188,0.976,59.0,57.1,108.4,106.6,0.0012,0.2494,godot_parity_session,2026-08-15T00:00:00Z,120,PHY-010,res://scenes/tracks/test_field/la_chutana_generated.tscn,VehicleRigidBody,res://scenes/vehicles/f1_94/f1_94.tscn,res://addons/formula90s/scripts/f1_94_rust_vehicle.gd,1,{}
4883,127.62,14072.2,3,1.0,0.0,0.0,0.132,1.189,0.976,59.1,57.1,108.6,106.7,0.0012,0.2641,godot_parity_session,2026-08-15T00:00:00Z,120,PHY-010,res://scenes/tracks/test_field/la_chutana_generated.tscn,VehicleRigidBody,res://scenes/vehicles/f1_94/f1_94.tscn,res://addons/formula90s/scripts/f1_94_rust_vehicle.gd,1,{}
4891,127.85,14122.4,3,1.0,0.0,0.0,0.137,1.189,0.976,59.2,57.2,108.7,106.7,0.0012,0.2526,godot_parity_session,2026-08-15T00:00:00Z,120,PHY-010,res://scenes/tracks/test_field/la_chutana_generated.tscn,VehicleRigidBody,res://scenes/vehicles/f1_94/f1_94.tscn,res://addons/formula90s/scripts/f1_94_rust_vehicle.gd,1,{}
4900,128.09,14172.5,3,1.0,0.0,0.0,0.146,1.190,0.976,59.3,57.2,108.8,106.8,0.0012,0.2691,godot_parity_session,2026-08-15T00:00:00Z,120,PHY-010,res://scenes/tracks/test_field/la_chutana_generated.tscn,VehicleRigidBody,res://scenes/vehicles/f1_94/f1_94.tscn,res://addons/formula90s/scripts/f1_94_rust_vehicle.gd,1,{}
4908,128.33,14222.6,3,1.0,0.0,0.0,0.152,1.191,0.976,59.5,57.2,109.0,106.8,0.0012,0.2557,godot_parity_session,2026-08-15T00:00:00Z,120,PHY-010,res://scenes/tracks/test_field/la_chutana_generated.tscn,VehicleRigidBody,res://scenes/vehicles/f1_94/f1_94.tscn,res://addons/formula90s/scripts/f1_94_rust_vehicle.gd,1,{}
4916,128.57,14272.7,3,1.0,0.0,0.0,0.162,1.191,0.976,59.6,57.2,109.1,106.9,0.0012,0.2730,godot_parity_session,2026-08-15T00:00:00Z,120,PHY-010,res://scenes/tracks/test_field/la_chutana_generated.tscn,VehicleRigidBody,res://scenes/vehicles/f1_94/f1_94.tscn,res://addons/formula90s/scripts/f1_94_rust_vehicle.gd,1,{}
4925,128.80,14322.8,3,1.0,0.0,0.0,0.169,1.192,0.976,59.7,57.2,109.3,106.9,0.0012,0.2597,godot_parity_session,2026-08-15T00:00:00Z,120,PHY-010,res://scenes/tracks/test_field/la_chutana_generated.tscn,VehicleRigidBody,res://scenes/vehicles/f1_94/f1_94.tscn,res://addons/formula90s/scripts/f1_94_rust_vehicle.gd,1,{}
4933,129.04,14372.8,3,1.0,0.0,0.0,0.180,1.193,0.976,59.8,57.2,109.4,107.0,0.0012,0.2781,godot_parity_session,2026-08-15T00:00:00Z,120,PHY-010,res://scenes/tracks/test_field/la_chutana_generated.tscn,VehicleRigidBody,res://scenes/vehicles/f1_94/f1_94.tscn,res://addons/formula90s/scripts/f1_94_rust_vehicle.gd,1,{}
4941,129.28,14422.8,3,1.0,0.0,0.0,0.188,1.193,0.976,59.9,57.2,109.6,107.0,0.0012,0.2640,godot_parity_session,2026-08-15T00:00:00Z,120,PHY-010,res://scenes/tracks/test_field/la_chutana_generated.tscn,VehicleRigidBody,res://scenes/vehicles/f1_94/f1_94.tscn,res://addons/formula90s/scripts/f1_94_rust_vehicle.gd,1,{}
4950,129.52,14472.8,3,1.0,0.0,0.0,0.199,1.194,0.976,60.1,57.2,109.8,107.0,0.0012,0.2765,godot_parity_session,2026-08-15T00:00:00Z,120,PHY-010,res://scenes/tracks/test_field/la_chutana_generated.tscn,VehicleRigidBody,res://scenes/vehicles/f1_94/f1_94.tscn,res://addons/formula90s/scripts/f1_94_rust_vehicle.gd,1,{}
4958,129.75,14522.8,3,1.0,0.0,0.0,0.209,1.195,0.976,60.2,57.2,109.9,107.1,0.0012,0.2719,godot_parity_session,2026-08-15T00:00:00Z,120,PHY-010,res://scenes/tracks/test_field/la_chutana_generated.tscn,VehicleRigidBody,res://scenes/vehicles/f1_94/f1_94.tscn,res://addons/formula90s/scripts/f1_94_rust_vehicle.gd,1,{}
4966,129.99,14572.7,3,1.0,0.0,0.0,0.222,1.195,0.976,60.3,57.2,110.1,107.1,0.0012,0.2819,godot_parity_session,2026-08-15T00:00:00Z,120,PHY-010,res://scenes/tracks/test_field/la_chutana_generated.tscn,VehicleRigidBody,res://scenes/vehicles/f1_94/f1_94.tscn,res://addons/formula90s/scripts/f1_94_rust_vehicle.gd,1,{}
4975,130.23,14622.6,3,1.0,0.0,0.0,0.234,1.196,0.976,60.5,57.2,110.3,107.1,0.0012,0.2742,godot_parity_session,2026-08-15T00:00:00Z,120,PHY-010,res://scenes/tracks/test_field/la_chutana_generated.tscn,VehicleRigidBody,res://scenes/vehicles/f1_94/f1_94.tscn,res://addons/formula90s/scripts/f1_94_rust_vehicle.gd,1,{}
4983,130.47,14672.5,3,1.0,0.0,0.0,0.248,1.197,0.976,60.6,57.2,110.4,107.1,0.0012,0.2874,godot_parity_session,2026-08-15T00:00:00Z,120,PHY-010,res://scenes/tracks/test_field/la_chutana_generated.tscn,VehicleRigidBody,res://scenes/vehicles/f1_94/f1_94.tscn,res://addons/formula90s/scripts/f1_94_rust_vehicle.gd,1,{}
4991,130.70,14722.4,3,1.0,0.0,0.0,0.261,1.197,0.976,60.8,57.1,110.6,107.1,0.0012,0.2764,godot_parity_session,2026-08-15T00:00:00Z,120,PHY-010,res://scenes/tracks/test_field/la_chutana_generated.tscn,VehicleRigidBody,res://scenes/vehicles/f1_94/f1_94.tscn,res://addons/formula90s/scripts/f1_94_rust_vehicle.gd,1,{}
