Time_ms,Speed_kmh,RPM,Gear,Throttle,Brake,Steering,Lat_G,Long_G,Vert_G,FL_Comp,FR_Comp,RL_Comp,RR_Comp,Front_Slip,Rear_Slip,Session_Id,Session_Timestamp_UTC,Physics_Hz,Test_Id,Track_Scene,Vehicle_Node_Path,Vehicle_Scene,Vehicle_Script,Setup_Schema_Version,Setup_JSON
8,0.00,4500.8,1,0.167,0.000,0.000,0.000,-0.000,0.000,70.00,70.00,63.00,63.00,0.0000,0.0000,"rust_gevp_tri_ray","",120,"GEVP_TRI_RAY","","VehicleRigidBody","","Rust GEVP-aligned force solver",2,"{}"
16,0.00,4512.9,1,0.333,0.000,0.000,0.000,-0.000,0.000,70.00,70.00,63.00,63.00,0.0000,0.0000,"rust_gevp_tri_ray","",120,"GEVP_TRI_RAY","","VehicleRigidBody","","Rust GEVP-aligned force solver",2,"{}"
25,0.00,4536.3,1,0.500,0.000,0.000,0.000,-0.000,0.000,70.00,70.00,63.00,63.00,0.0000,0.0000,"rust_gevp_tri_ray","",120,"GEVP_TRI_RAY","","VehicleRigidBody","","Rust GEVP-aligned force solver",2,"{}"
33,0.04,4563.2,1,0.667,0.000,0.000,0.000,0.125,-0.000,70.00,70.00,63.00,63.00,0.0000,0.0426,"rust_gevp_tri_ray","",120,"GEVP_TRI_RAY","","VehicleRigidBody","","Rust GEVP-aligned force solver",2,"{}"
41,0.14,4587.3,1,0.833,0.000,0.000,0.000,0.349,0.002,69.91,69.91,63.07,63.07,0.0114,0.1073,"rust_gevp_tri_ray","",120,"GEVP_TRI_RAY","","VehicleRigidBody","","Rust GEVP-aligned force solver",2,"{}"
49,0.30,4609.7,1,1.000,0.000,0.000,0.000,0.555,0.008,69.62,69.62,63.30,63.30,0.0303,0.1429,"rust_gevp_tri_ray","",120,"GEVP_TRI_RAY","","VehicleRigidBody","","Rust GEVP-aligned force solver",2,"{}"
58,0.50,4623.9,1,1.000,0.000,0.000,0.000,0.674,0.013,69.09,69.09,63.73,63.73,0.0449,0.1335,"rust_gevp_tri_ray","",120,"GEVP_TRI_RAY","","VehicleRigidBody","","Rust GEVP-aligned force solver",2,"{}"
66,0.73,4632.8,1,1.000,0.000,0.000,0.000,0.760,0.016,68.36,68.36,64.30,64.30,0.0390,0.1034,"rust_gevp_tri_ray","",120,"GEVP_TRI_RAY","","VehicleRigidBody","","Rust GEVP-aligned force solver",2,"{}"
75,0.96,4638.5,1,1.000,0.000,0.000,0.000,0.812,0.017,67.48,67.48,64.97,64.97,0.0429,0.0620,"rust_gevp_tri_ray","",120,"GEVP_TRI_RAY","","VehicleRigidBody","","Rust GEVP-aligned force solver",2,"{}"
83,1.21,4642.1,1,1.000,0.000,0.000,0.000,0.845,0.015,66.50,66.50,65.70,65.70,0.0439,0.0169,"rust_gevp_tri_ray","",120,"GEVP_TRI_RAY","","VehicleRigidBody","","Rust GEVP-aligned force solver",2,"{}"
91,0.94,4644.4,1,1.000,0.000,0.000,0.000,-0.920,0.013,65.46,65.46,66.45,66.45,0.0436,0.0283,"rust_gevp_tri_ray","",120,"GEVP_TRI_RAY","","VehicleRigidBody","","Rust GEVP-aligned force solver",2,"{}"
99,1.17,4645.9,1,1.000,0.000,0.000,0.000,0.783,-0.014,65.65,65.65,66.18,66.18,0.0832,0.5331,"rust_gevp_tri_ray","",120,"GEVP_TRI_RAY","","VehicleRigidBody","","Rust GEVP-aligned force solver",2,"{}"
108,1.42,4646.8,1,1.000,0.000,0.000,0.000,0.843,-0.007,65.29,65.29,66.39,66.39,0.0430,0.4902,"rust_gevp_tri_ray","",120,"GEVP_TRI_RAY","","VehicleRigidBody","","Rust GEVP-aligned force solver",2,"{}"
116,1.68,4647.4,1,1.000,0.000,0.000,0.000,0.893,0.002,64.61,64.61,66.85,66.85,0.0434,0.4260,"rust_gevp_tri_ray","",120,"GEVP_TRI_RAY","","VehicleRigidBody","","Rust GEVP-aligned force solver",2,"{}"
124,1.95,4647.7,1,1.000,0.000,0.000,0.000,0.896,0.006,63.75,63.75,67.47,67.47,0.0434,0.3554,"rust_gevp_tri_ray","",120,"GEVP_TRI_RAY","","VehicleRigidBody","","Rust GEVP-aligned force solver",2,"{}"
133,2.21,4648.0,1,1.000,0.000,0.000,0.000,0.898,0.006,62.80,62.80,68.13,68.13,0.0410,0.2927,"rust_gevp_tri_ray","",120,"GEVP_TRI_RAY","","VehicleRigidBody","","Rust GEVP-aligned force solver",2,"{}"
141,2.48,4648.1,1,1.000,0.000,0.000,0.000,0.900,0.004,61.84,61.84,68.80,68.80,0.0390,0.2360,"rust_gevp_tri_ray","",120,"GEVP_TRI_RAY","","VehicleRigidBody","","Rust GEVP-aligned force solver",2,"{}"
150,2.74,4648.2,1,1.000,0.000,0.000,0.000,0.900,0.001,60.88,60.88,69.46,69.46,0.0373,0.1844,"rust_gevp_tri_ray","",120,"GEVP_TRI_RAY","","VehicleRigidBody","","Rust GEVP-aligned force solver",2,"{}"
158,3.01,4648.3,1,1.000,0.000,0.000,0.000,0.901,-0.001,59.94,59.94,70.08,70.08,0.0358,0.1370,"rust_gevp_tri_ray","",120,"GEVP_TRI_RAY","","VehicleRigidBody","","Rust GEVP-aligned force solver",2,"{}"
166,3.27,4648.3,1,1.000,0.000,0.000,0.000,0.901,-0.004,59.05,59.05,70.67,70.67,0.0344,0.0935,"rust_gevp_tri_ray","",120,"GEVP_TRI_RAY","","VehicleRigidBody","","Rust GEVP-aligned force solver",2,"{}"
175,3.54,4648.3,1,1.000,0.000,0.000,0.000,0.902,-0.006,58.19,58.19,71.23,71.23,0.0331,0.0532,"rust_gevp_tri_ray","",120,"GEVP_TRI_RAY","","VehicleRigidBody","","Rust GEVP-aligned force solver",2,"{}"
183,3.80,4648.3,1,1.000,0.000,0.000,0.000,0.902,-0.008,57.37,57.37,71.75,71.75,0.0319,0.0158,"rust_gevp_tri_ray","",120,"GEVP_TRI_RAY","","VehicleRigidBody","","Rust GEVP-aligned force solver",2,"{}"
191,3.52,4648.4,1,1.000,0.000,0.000,0.000,-0.959,-0.010,56.59,56.59,72.24,72.24,0.0308,0.0189,"rust_gevp_tri_ray","",120,"GEVP_TRI_RAY","","VehicleRigidBody","","Rust GEVP-aligned force solver",2,"{}"
199,3.75,4648.4,1,1.000,0.000,0.000,0.000,0.785,-0.018,57.14,57.14,71.66,71.66,0.0554,0.3528,"rust_gevp_tri_ray","",120,"GEVP_TRI_RAY","","VehicleRigidBody","","Rust GEVP-aligned force solver",2,"{}"
208,3.99,4648.4,1,1.000,0.000,0.000,0.000,0.829,-0.024,57.17,57.17,71.53,71.53,0.0283,0.3337,"rust_gevp_tri_ray","",120,"GEVP_TRI_RAY","","VehicleRigidBody","","Rust GEVP-aligned force solver",2,"{}"
216,4.26,4648.4,1,1.000,0.000,0.000,0.000,0.889,-0.017,56.90,56.90,71.66,71.66,0.0283,0.3012,"rust_gevp_tri_ray","",120,"GEVP_TRI_RAY","","VehicleRigidBody","","Rust GEVP-aligned force solver",2,"{}"
224,4.52,4648.4,1,1.000,0.000,0.000,0.000,0.902,-0.010,56.44,56.44,71.96,71.96,0.0294,0.2595,"rust_gevp_tri_ray","",120,"GEVP_TRI_RAY","","VehicleRigidBody","","Rust GEVP-aligned force solver",2,"{}"
233,4.79,4648.4,1,1.000,0.000,0.000,0.000,0.902,-0.007,55.89,55.89,72.34,72.34,0.0285,0.2188,"rust_gevp_tri_ray","",120,"GEVP_TRI_RAY","","VehicleRigidBody","","Rust GEVP-aligned force solver",2,"{}"
241,5.05,4648.4,1,1.000,0.000,0.000,0.000,0.902,-0.006,55.30,55.30,72.74,72.74,0.0274,0.1811,"rust_gevp_tri_ray","",120,"GEVP_TRI_RAY","","VehicleRigidBody","","Rust GEVP-aligned force solver",2,"{}"
249,5.32,4648.4,1,1.000,0.000,0.000,0.000,0.902,-0.007,54.70,54.70,73.15,73.15,0.0265,0.1460,"rust_gevp_tri_ray","",120,"GEVP_TRI_RAY","","VehicleRigidBody","","Rust GEVP-aligned force solver",2,"{}"
258,5.58,4648.4,1,1.000,0.000,0.000,0.000,0.902,-0.007,54.12,54.12,73.55,73.55,0.0256,0.1131,"rust_gevp_tri_ray","",120,"GEVP_TRI_RAY","","VehicleRigidBody","","Rust GEVP-aligned force solver",2,"{}"
266,5.85,4648.4,1,1.000,0.000,0.000,0.000,0.902,-0.009,53.56,53.56,73.93,73.93,0.0249,0.0821,"rust_gevp_tri_ray","",120,"GEVP_TRI_RAY","","VehicleRigidBody","","Rust GEVP-aligned force solver",2,"{}"
275,6.11,4648.4,1,1.000,0.000,0.000,0.000,0.902,-0.010,53.02,53.02,74.29,74.29,0.0242,0.0529,"rust_gevp_tri_ray","",120,"GEVP_TRI_RAY","","VehicleRigidBody","","Rust GEVP-aligned force solver",2,"{}"
283,6.38,4648.4,1,1.000,0.000,0.000,0.000,0.902,-0.010,52.51,52.51,74.63,74.63,0.0235,0.0252,"rust_gevp_tri_ray","",120,"GEVP_TRI_RAY","","VehicleRigidBody","","Rust GEVP-aligned force solver",2,"{}"
291,6.29,4648.4,1,1.000,0.000,0.000,0.000,-0.316,-0.011,52.03,52.03,74.95,74.95,0.0229,0.0009,"rust_gevp_tri_ray","",120,"GEVP_TRI_RAY","","VehicleRigidBody","","Rust GEVP-aligned force solver",2,"{}"
300,6.53,4648.4,1,1.000,0.000,0.000,0.000,0.845,-0.016,52.41,52.41,74.58,74.58,0.0181,0.1652,"rust_gevp_tri_ray","",120,"GEVP_TRI_RAY","","VehicleRigidBody","","Rust GEVP-aligned force solver",2,"{}"
308,6.79,4648.4,1,1.000,0.000,0.000,0.000,0.874,-0.020,52.43,52.43,74.51,74.51,0.0219,0.1460,"rust_gevp_tri_ray","",120,"GEVP_TRI_RAY","","VehicleRigidBody","","Rust GEVP-aligned force solver",2,"{}"
316,7.06,4648.4,1,1.000,0.000,0.000,0.000,0.902,-0.014,52.25,52.25,74.62,74.62,0.0219,0.1206,"rust_gevp_tri_ray","",120,"GEVP_TRI_RAY","","VehicleRigidBody","","Rust GEVP-aligned force solver",2,"{}"
325,7.32,4648.4,1,1.000,0.000,0.000,0.000,0.901,-0.010,51.95,51.95,74.83,74.83,0.0219,0.0928,"rust_gevp_tri_ray","",120,"GEVP_TRI_RAY","","VehicleRigidBody","","Rust GEVP-aligned force solver",2,"{}"
333,7.59,4648.4,1,1.000,0.000,0.000,0.000,0.901,-0.008,51.61,51.61,75.08,75.08,0.0211,0.0668,"rust_gevp_tri_ray","",120,"GEVP_TRI_RAY","","VehicleRigidBody","","Rust GEVP-aligned force solver",2,"{}"
341,7.85,4648.4,1,1.000,0.000,0.000,0.000,0.901,-0.008,51.24,51.24,75.35,75.35,0.0205,0.0423,"rust_gevp_tri_ray","",120,"GEVP_TRI_RAY","","VehicleRigidBody","","Rust GEVP-aligned force solver",2,"{}"
350,8.12,4648.4,1,1.000,0.000,0.000,0.000,0.901,-0.008,50.87,50.87,75.62,75.62,0.0200,0.0189,"rust_gevp_tri_ray","",120,"GEVP_TRI_RAY","","VehicleRigidBody","","Rust GEVP-aligned force solver",2,"{}"
358,7.90,4648.4,1,1.000,0.000,0.000,0.000,-0.730,-0.009,50.51,50.51,75.88,75.88,0.0195,0.0033,"rust_gevp_tri_ray","",120,"GEVP_TRI_RAY","","VehicleRigidBody","","Rust GEVP-aligned force solver",2,"{}"
366,8.14,4648.4,1,1.000,0.000,0.000,0.000,0.807,-0.005,51.28,51.28,75.23,75.23,0.0277,0.1956,"rust_gevp_tri_ray","",120,"GEVP_TRI_RAY","","VehicleRigidBody","","Rust GEVP-aligned force solver",2,"{}"
375,8.39,4648.4,1,1.000,0.000,0.000,0.000,0.845,-0.013,51.55,51.55,74.98,74.98,0.0182,0.1839,"rust_gevp_tri_ray","",120,"GEVP_TRI_RAY","","VehicleRigidBody","","Rust GEVP-aligned force solver",2,"{}"
383,8.65,4648.4,1,1.000,0.000,0.000,0.000,0.892,-0.016,51.55,51.55,74.97,74.97,0.0183,0.1645,"rust_gevp_tri_ray","",120,"GEVP_TRI_RAY","","VehicleRigidBody","","Rust GEVP-aligned force solver",2,"{}"
391,8.92,4648.4,1,1.000,0.000,0.000,0.000,0.901,-0.010,51.37,51.37,75.11,75.11,0.0189,0.1404,"rust_gevp_tri_ray","",120,"GEVP_TRI_RAY","","VehicleRigidBody","","Rust GEVP-aligned force solver",2,"{}"
400,9.18,4648.4,1,1.000,0.000,0.000,0.000,0.901,-0.007,51.10,51.10,75.33,75.33,0.0185,0.1165,"rust_gevp_tri_ray","",120,"GEVP_TRI_RAY","","VehicleRigidBody","","Rust GEVP-aligned force solver",2,"{}"
408,9.45,4648.4,1,1.000,0.000,0.000,0.000,0.901,-0.007,50.79,50.79,75.57,75.57,0.0180,0.0938,"rust_gevp_tri_ray","",120,"GEVP_TRI_RAY","","VehicleRigidBody","","Rust GEVP-aligned force solver",2,"{}"
416,9.71,4648.4,1,1.000,0.000,0.000,0.000,0.901,-0.007,50.47,50.47,75.83,75.83,0.0176,0.0722,"rust_gevp_tri_ray","",120,"GEVP_TRI_RAY","","VehicleRigidBody","","Rust GEVP-aligned force solver",2,"{}"
425,9.98,4648.4,1,1.000,0.000,0.000,0.000,0.901,-0.007,50.15,50.15,76.08,76.08,0.0172,0.0516,"rust_gevp_tri_ray","",120,"GEVP_TRI_RAY","","VehicleRigidBody","","Rust GEVP-aligned force solver",2,"{}"
433,10.24,4648.4,1,1.000,0.000,0.000,0.000,0.901,-0.008,49.83,49.83,76.31,76.31,0.0169,0.0317,"rust_gevp_tri_ray","",120,"GEVP_TRI_RAY","","VehicleRigidBody","","Rust GEVP-aligned force solver",2,"{}"
441,10.51,4648.4,1,1.000,0.000,0.000,0.000,0.901,-0.009,49.52,49.52,76.54,76.54,0.0165,0.0127,"rust_gevp_tri_ray","",120,"GEVP_TRI_RAY","","VehicleRigidBody","","Rust GEVP-aligned force solver",2,"{}"
450,10.25,4648.4,1,1.000,0.000,0.000,0.000,-0.860,-0.010,49.23,49.23,76.76,76.76,0.0162,0.0057,"rust_gevp_tri_ray","",120,"GEVP_TRI_RAY","","VehicleRigidBody","","Rust GEVP-aligned force solver",2,"{}"
458,10.49,4648.4,1,1.000,0.000,0.000,0.000,0.795,-0.001,50.16,50.16,75.99,75.99,0.0262,0.1740,"rust_gevp_tri_ray","",120,"GEVP_TRI_RAY","","VehicleRigidBody","","Rust GEVP-aligned force solver",2,"{}"
466,10.73,4648.4,1,1.000,0.000,0.000,0.000,0.834,-0.011,50.55,50.55,75.66,75.66,0.0149,0.1662,"rust_gevp_tri_ray","",120,"GEVP_TRI_RAY","","VehicleRigidBody","","Rust GEVP-aligned force solver",2,"{}"
475,10.99,4648.4,1,1.000,0.000,0.000,0.000,0.885,-0.015,50.64,50.64,75.58,75.58,0.0151,0.1512,"rust_gevp_tri_ray","",120,"GEVP_TRI_RAY","","VehicleRigidBody","","Rust GEVP-aligned force solver",2,"{}"
483,11.26,4648.4,1,1.000,0.000,0.000,0.000,0.901,-0.012,50.54,50.54,75.66,75.66,0.0157,0.1319,"rust_gevp_tri_ray","",120,"GEVP_TRI_RAY","","VehicleRigidBody","","Rust GEVP-aligned force solver",2,"{}"
491,11.52,4648.4,1,1.000,0.000,0.000,0.000,0.901,-0.009,50.33,50.33,75.83,75.83,0.0156,0.1119,"rust_gevp_tri_ray","",120,"GEVP_TRI_RAY","","VehicleRigidBody","","Rust GEVP-aligned force solver",2,"{}"
500,11.79,4648.4,1,1.000,0.000,0.000,0.000,0.901,-0.007,50.07,50.07,76.04,76.04,0.0152,0.0928,"rust_gevp_tri_ray","",120,"GEVP_TRI_RAY","","VehicleRigidBody","","Rust GEVP-aligned force solver",2,"{}"
508,12.05,4648.4,1,1.000,0.000,0.000,0.000,0.901,-0.007,49.79,49.79,76.26,76.26,0.0149,0.0745,"rust_gevp_tri_ray","",120,"GEVP_TRI_RAY","","VehicleRigidBody","","Rust GEVP-aligned force solver",2,"{}"
516,12.32,4648.4,1,1.000,0.000,0.000,0.000,0.901,-0.008,49.51,49.51,76.48,76.48,0.0146,0.0569,"rust_gevp_tri_ray","",120,"GEVP_TRI_RAY","","VehicleRigidBody","","Rust GEVP-aligned force solver",2,"{}"
525,12.58,4648.4,1,1.000,0.000,0.000,0.000,0.901,-0.008,49.23,49.23,76.70,76.70,0.0144,0.0399,"rust_gevp_tri_ray","",120,"GEVP_TRI_RAY","","VehicleRigidBody","","Rust GEVP-aligned force solver",2,"{}"
533,12.85,4648.4,1,1.000,0.000,0.000,0.000,0.901,-0.009,48.97,48.97,76.90,76.90,0.0141,0.0234,"rust_gevp_tri_ray","",120,"GEVP_TRI_RAY","","VehicleRigidBody","","Rust GEVP-aligned force solver",2,"{}"
541,13.10,4648.4,1,1.000,0.000,0.000,0.000,0.845,-0.010,48.71,48.71,77.09,77.09,0.0139,0.0075,"rust_gevp_tri_ray","",120,"GEVP_TRI_RAY","","VehicleRigidBody","","Rust GEVP-aligned force solver",2,"{}"
550,12.90,4648.4,1,1.000,0.000,0.000,0.000,-0.663,-0.012,48.50,48.50,77.25,77.25,0.0126,0.0027,"rust_gevp_tri_ray","",120,"GEVP_TRI_RAY","","VehicleRigidBody","","Rust GEVP-aligned force solver",2,"{}"
558,13.14,4648.4,1,1.000,0.000,0.000,0.000,0.808,-0.001,49.36,49.36,76.54,76.54,0.0179,0.1294,"rust_gevp_tri_ray","",120,"GEVP_TRI_RAY","","VehicleRigidBody","","Rust GEVP-aligned force solver",2,"{}"
566,13.39,4648.4,1,1.000,0.000,0.000,0.000,0.845,-0.010,49.73,49.73,76.24,76.24,0.0127,0.1220,"rust_gevp_tri_ray","",120,"GEVP_TRI_RAY","","VehicleRigidBody","","Rust GEVP-aligned force solver",2,"{}"
575,13.65,4648.4,1,1.000,0.000,0.000,0.000,0.890,-0.014,49.81,49.81,76.16,76.16,0.0129,0.1092,"rust_gevp_tri_ray","",120,"GEVP_TRI_RAY","","VehicleRigidBody","","Rust GEVP-aligned force solver",2,"{}"
583,13.91,4648.4,1,1.000,0.000,0.000,0.000,0.900,-0.012,49.73,49.73,76.23,76.23,0.0134,0.0930,"rust_gevp_tri_ray","",120,"GEVP_TRI_RAY","","VehicleRigidBody","","Rust GEVP-aligned force solver",2,"{}"
591,14.18,4648.4,1,1.000,0.000,0.000,0.000,0.900,-0.009,49.55,49.55,76.38,76.38,0.0132,0.0766,"rust_gevp_tri_ray","",120,"GEVP_TRI_RAY","","VehicleRigidBody","","Rust GEVP-aligned force solver",2,"{}"
600,14.44,4648.4,1,1.000,0.000,0.000,0.000,0.900,-0.008,49.33,49.33,76.56,76.56,0.0129,0.0610,"rust_gevp_tri_ray","",120,"GEVP_TRI_RAY","","VehicleRigidBody","","Rust GEVP-aligned force solver",2,"{}"
608,14.71,4648.4,1,1.000,0.000,0.000,0.000,0.900,-0.008,49.09,49.09,76.76,76.76,0.0127,0.0458,"rust_gevp_tri_ray","",120,"GEVP_TRI_RAY","","VehicleRigidBody","","Rust GEVP-aligned force solver",2,"{}"
616,14.97,4648.4,1,1.000,0.000,0.000,0.000,0.900,-0.008,48.85,48.85,76.95,76.95,0.0125,0.0312,"rust_gevp_tri_ray","",120,"GEVP_TRI_RAY","","VehicleRigidBody","","Rust GEVP-aligned force solver",2,"{}"
625,15.24,4648.4,1,1.000,0.000,0.000,0.000,0.900,-0.009,48.61,48.61,77.14,77.14,0.0123,0.0170,"rust_gevp_tri_ray","",120,"GEVP_TRI_RAY","","VehicleRigidBody","","Rust GEVP-aligned force solver",2,"{}"
633,15.43,4648.4,1,1.000,0.000,0.000,0.000,0.657,-0.009,48.38,48.38,77.32,77.32,0.0121,0.0032,"rust_gevp_tri_ray","",120,"GEVP_TRI_RAY","","VehicleRigidBody","","Rust GEVP-aligned force solver",2,"{}"
641,15.68,4648.4,1,1.000,0.000,0.000,0.000,0.852,-0.014,48.32,48.32,77.35,77.35,0.0077,0.0096,"rust_gevp_tri_ray","",120,"GEVP_TRI_RAY","","VehicleRigidBody","","Rust GEVP-aligned force solver",2,"{}"
650,15.70,4648.4,1,1.000,0.000,0.000,0.000,0.071,-0.012,48.23,48.23,77.43,77.43,0.0111,0.0003,"rust_gevp_tri_ray","",120,"GEVP_TRI_RAY","","VehicleRigidBody","","Rust GEVP-aligned force solver",2,"{}"
658,15.96,4648.4,1,1.000,0.000,0.000,0.000,0.862,-0.007,48.65,48.65,77.09,77.09,0.0025,0.0538,"rust_gevp_tri_ray","",120,"GEVP_TRI_RAY","","VehicleRigidBody","","Rust GEVP-aligned force solver",2,"{}"
666,16.22,4648.4,1,1.000,0.000,0.000,0.000,0.883,-0.012,48.78,48.78,76.98,76.98,0.0115,0.0435,"rust_gevp_tri_ray","",120,"GEVP_TRI_RAY","","VehicleRigidBody","","Rust GEVP-aligned force solver",2,"{}"
675,16.48,4648.4,1,1.000,0.000,0.000,0.000,0.900,-0.012,48.75,48.75,77.01,77.01,0.0115,0.0308,"rust_gevp_tri_ray","",120,"GEVP_TRI_RAY","","VehicleRigidBody","","Rust GEVP-aligned force solver",2,"{}"
683,16.75,4648.4,1,1.000,0.000,0.000,0.000,0.899,-0.009,48.63,48.63,77.12,77.12,0.0115,0.0174,"rust_gevp_tri_ray","",120,"GEVP_TRI_RAY","","VehicleRigidBody","","Rust GEVP-aligned force solver",2,"{}"
691,16.96,4648.4,1,1.000,0.000,0.000,0.000,0.743,-0.008,48.46,48.46,77.26,77.26,0.0113,0.0045,"rust_gevp_tri_ray","",120,"GEVP_TRI_RAY","","VehicleRigidBody","","Rust GEVP-aligned force solver",2,"{}"
700,17.17,4648.4,1,1.000,0.000,0.000,0.000,0.696,-0.011,48.39,48.39,77.33,77.33,0.0086,0.0038,"rust_gevp_tri_ray","",120,"GEVP_TRI_RAY","","VehicleRigidBody","","Rust GEVP-aligned force solver",2,"{}"
708,17.41,4648.4,1,1.000,0.000,0.000,0.000,0.801,-0.013,48.39,48.39,77.34,77.34,0.0078,0.0068,"rust_gevp_tri_ray","",120,"GEVP_TRI_RAY","","VehicleRigidBody","","Rust GEVP-aligned force solver",2,"{}"
716,17.54,4648.4,1,1.000,0.000,0.000,0.000,0.461,-0.011,48.36,48.36,77.37,77.37,0.0094,0.0018,"rust_gevp_tri_ray","",120,"GEVP_TRI_RAY","","VehicleRigidBody","","Rust GEVP-aligned force solver",2,"{}"
724,17.80,4648.4,1,1.000,0.000,0.000,0.000,0.872,-0.008,48.55,48.55,77.23,77.23,0.0040,0.0219,"rust_gevp_tri_ray","",120,"GEVP_TRI_RAY","","VehicleRigidBody","","Rust GEVP-aligned force solver",2,"{}"
733,18.05,4648.4,1,1.000,0.000,0.000,0.000,0.854,-0.011,48.56,48.56,77.23,77.23,0.0105,0.0118,"rust_gevp_tri_ray","",120,"GEVP_TRI_RAY","","VehicleRigidBody","","Rust GEVP-aligned force solver",2,"{}"
741,18.23,4648.4,1,1.000,0.000,0.000,0.000,0.605,-0.009,48.50,48.50,77.30,77.30,0.0100,0.0028,"rust_gevp_tri_ray","",120,"GEVP_TRI_RAY","","VehicleRigidBody","","Rust GEVP-aligned force solver",2,"{}"
749,18.48,4648.4,1,1.000,0.000,0.000,0.000,0.855,-0.010,48.58,48.58,77.26,77.26,0.0060,0.0119,"rust_gevp_tri_ray","",120,"GEVP_TRI_RAY","","VehicleRigidBody","","Rust GEVP-aligned force solver",2,"{}"
758,18.67,4648.4,1,1.000,0.000,0.000,0.000,0.660,-0.009,48.54,48.54,77.30,77.30,0.0098,0.0034,"rust_gevp_tri_ray","",120,"GEVP_TRI_RAY","","VehicleRigidBody","","Rust GEVP-aligned force solver",2,"{}"
766,18.92,4648.4,1,1.000,0.000,0.000,0.000,0.825,-0.010,48.59,48.59,77.28,77.28,0.0068,0.0085,"rust_gevp_tri_ray","",120,"GEVP_TRI_RAY","","VehicleRigidBody","","Rust GEVP-aligned force solver",2,"{}"
774,19.07,4648.4,1,1.000,0.000,0.000,0.000,0.517,-0.009,48.57,48.57,77.31,77.31,0.0092,0.0022,"rust_gevp_tri_ray","",120,"GEVP_TRI_RAY","","VehicleRigidBody","","Rust GEVP-aligned force solver",2,"{}"
783,19.32,4648.4,1,1.000,0.000,0.000,0.000,0.866,-0.008,48.72,48.72,77.21,77.21,0.0045,0.0169,"rust_gevp_tri_ray","",120,"GEVP_TRI_RAY","","VehicleRigidBody","","Rust GEVP-aligned force solver",2,"{}"
791,19.56,4648.4,1,1.000,0.000,0.000,0.000,0.818,-0.010,48.72,48.72,77.23,77.23,0.0097,0.0079,"rust_gevp_tri_ray","",120,"GEVP_TRI_RAY","","VehicleRigidBody","","Rust GEVP-aligned force solver",2,"{}"
799,19.71,4648.4,1,1.000,0.000,0.000,0.000,0.488,-0.008,48.67,48.67,77.28,77.28,0.0088,0.0020,"rust_gevp_tri_ray","",120,"GEVP_TRI_RAY","","VehicleRigidBody","","Rust GEVP-aligned force solver",2,"{}"
808,19.96,4648.4,1,1.000,0.000,0.000,0.000,0.869,-0.007,48.83,48.83,77.17,77.17,0.0040,0.0183,"rust_gevp_tri_ray","",120,"GEVP_TRI_RAY","","VehicleRigidBody","","Rust GEVP-aligned force solver",2,"{}"
816,20.21,4648.4,1,1.000,0.000,0.000,0.000,0.836,-0.009,48.82,48.82,77.19,77.19,0.0095,0.0094,"rust_gevp_tri_ray","",120,"GEVP_TRI_RAY","","VehicleRigidBody","","Rust GEVP-aligned force solver",2,"{}"
824,20.37,4648.4,1,1.000,0.000,0.000,0.000,0.548,-0.008,48.76,48.76,77.26,77.26,0.0088,0.0024,"rust_gevp_tri_ray","",120,"GEVP_TRI_RAY","","VehicleRigidBody","","Rust GEVP-aligned force solver",2,"{}"
833,20.62,4648.4,1,1.000,0.000,0.000,0.000,0.862,-0.008,48.86,48.86,77.19,77.19,0.0047,0.0143,"rust_gevp_tri_ray","",120,"GEVP_TRI_RAY","","VehicleRigidBody","","Rust GEVP-aligned force solver",2,"{}"
841,20.85,4648.4,1,1.000,0.000,0.000,0.000,0.783,-0.009,48.83,48.83,77.23,77.23,0.0091,0.0061,"rust_gevp_tri_ray","",120,"GEVP_TRI_RAY","","VehicleRigidBody","","Rust GEVP-aligned force solver",2,"{}"
849,21.03,4648.4,1,1.000,0.000,0.000,0.000,0.593,-0.008,48.79,48.79,77.27,77.27,0.0078,0.0027,"rust_gevp_tri_ray","",120,"GEVP_TRI_RAY","","VehicleRigidBody","","Rust GEVP-aligned force solver",2,"{}"
858,21.28,4648.4,1,1.000,0.000,0.000,0.000,0.848,-0.009,48.88,48.88,77.22,77.22,0.0052,0.0115,"rust_gevp_tri_ray","",120,"GEVP_TRI_RAY","","VehicleRigidBody","","Rust GEVP-aligned force solver",2,"{}"
866,21.49,4648.4,1,1.000,0.000,0.000,0.000,0.717,-0.009,48.85,48.85,77.25,77.25,0.0087,0.0043,"rust_gevp_tri_ray","",120,"GEVP_TRI_RAY","","VehicleRigidBody","","Rust GEVP-aligned force solver",2,"{}"
874,21.71,4648.4,1,1.000,0.000,0.000,0.000,0.755,-0.010,48.85,48.85,77.26,77.26,0.0068,0.0052,"rust_gevp_tri_ray","",120,"GEVP_TRI_RAY","","VehicleRigidBody","","Rust GEVP-aligned force solver",2,"{}"
883,21.91,4648.4,1,1.000,0.000,0.000,0.000,0.689,-0.009,48.85,48.85,77.27,77.27,0.0072,0.0039,"rust_gevp_tri_ray","",120,"GEVP_TRI_RAY","","VehicleRigidBody","","Rust GEVP-aligned force solver",2,"{}"
891,22.15,4648.4,1,1.000,0.000,0.000,0.000,0.789,-0.009,48.89,48.89,77.26,77.26,0.0063,0.0065,"rust_gevp_tri_ray","",120,"GEVP_TRI_RAY","","VehicleRigidBody","","Rust GEVP-aligned force solver",2,"{}"
899,22.33,4648.4,1,1.000,0.000,0.000,0.000,0.628,-0.009,48.88,48.88,77.28,77.28,0.0076,0.0031,"rust_gevp_tri_ray","",120,"GEVP_TRI_RAY","","VehicleRigidBody","","Rust GEVP-aligned force solver",2,"{}"
908,22.57,4648.9,1,1.000,0.000,0.000,0.000,0.825,-0.008,48.95,48.95,77.23,77.23,0.0054,0.0089,"rust_gevp_tri_ray","",120,"GEVP_TRI_RAY","","VehicleRigidBody","","Rust GEVP-aligned force solver",2,"{}"
916,22.77,4648.9,1,1.000,0.000,0.000,0.000,0.657,-0.009,48.93,48.93,77.26,77.26,0.0079,0.0034,"rust_gevp_tri_ray","",120,"GEVP_TRI_RAY","","VehicleRigidBody","","Rust GEVP-aligned force solver",2,"{}"
924,23.00,4650.8,1,1.000,0.000,0.000,0.000,0.786,-0.009,48.98,48.98,77.23,77.23,0.0057,0.0065,"rust_gevp_tri_ray","",120,"GEVP_TRI_RAY","","VehicleRigidBody","","Rust GEVP-aligned force solver",2,"{}"
933,23.16,4651.9,1,1.000,0.000,0.000,0.000,0.564,-0.009,48.97,48.97,77.25,77.25,0.0073,0.0025,"rust_gevp_tri_ray","",120,"GEVP_TRI_RAY","","VehicleRigidBody","","Rust GEVP-aligned force solver",2,"{}"
941,23.41,4655.2,1,1.000,0.000,0.000,0.000,0.831,-0.007,49.09,49.09,77.16,77.16,0.0044,0.0100,"rust_gevp_tri_ray","",120,"GEVP_TRI_RAY","","VehicleRigidBody","","Rust GEVP-aligned force solver",2,"{}"
949,23.61,4656.3,1,1.000,0.000,0.000,0.000,0.669,-0.009,49.09,49.09,77.18,77.18,0.0078,0.0036,"rust_gevp_tri_ray","",120,"GEVP_TRI_RAY","","VehicleRigidBody","","Rust GEVP-aligned force solver",2,"{}"
958,23.83,4658.8,1,1.000,0.000,0.000,0.000,0.758,-0.009,49.13,49.13,77.15,77.15,0.0057,0.0055,"rust_gevp_tri_ray","",120,"GEVP_TRI_RAY","","VehicleRigidBody","","Rust GEVP-aligned force solver",2,"{}"
966,24.01,4660.7,1,1.000,0.000,0.000,0.000,0.603,-0.009,49.14,49.14,77.16,77.16,0.0067,0.0029,"rust_gevp_tri_ray","",120,"GEVP_TRI_RAY","","VehicleRigidBody","","Rust GEVP-aligned force solver",2,"{}"
974,24.24,4664.0,1,1.000,0.000,0.000,0.000,0.809,-0.008,49.23,49.23,77.09,77.09,0.0048,0.0080,"rust_gevp_tri_ray","",120,"GEVP_TRI_RAY","","VehicleRigidBody","","Rust GEVP-aligned force solver",2,"{}"
983,24.42,4665.6,1,1.000,0.000,0.000,0.000,0.602,-0.009,49.23,49.23,77.11,77.11,0.0073,0.0029,"rust_gevp_tri_ray","",120,"GEVP_TRI_RAY","","VehicleRigidBody","","Rust GEVP-aligned force solver",2,"{}"
991,24.66,4669.0,1,1.000,0.000,0.000,0.000,0.808,-0.008,49.32,49.32,77.05,77.05,0.0047,0.0079,"rust_gevp_tri_ray","",120,"GEVP_TRI_RAY","","VehicleRigidBody","","Rust GEVP-aligned force solver",2,"{}"
999,24.84,4670.7,1,1.000,0.000,0.000,0.000,0.605,-0.009,49.31,49.31,77.06,77.06,0.0071,0.0029,"rust_gevp_tri_ray","",120,"GEVP_TRI_RAY","","VehicleRigidBody","","Rust GEVP-aligned force solver",2,"{}"
1008,25.07,4674.3,1,1.000,0.000,0.000,0.000,0.804,-0.008,49.39,49.39,77.01,77.01,0.0047,0.0077,"rust_gevp_tri_ray","",120,"GEVP_TRI_RAY","","VehicleRigidBody","","Rust GEVP-aligned force solver",2,"{}"
1016,25.25,4676.2,1,1.000,0.000,0.000,0.000,0.605,-0.008,49.37,49.37,77.03,77.03,0.0070,0.0029,"rust_gevp_tri_ray","",120,"GEVP_TRI_RAY","","VehicleRigidBody","","Rust GEVP-aligned force solver",2,"{}"
1024,25.49,4679.9,1,1.000,0.000,0.000,0.000,0.802,-0.008,49.45,49.45,76.98,76.98,0.0046,0.0076,"rust_gevp_tri_ray","",120,"GEVP_TRI_RAY","","VehicleRigidBody","","Rust GEVP-aligned force solver",2,"{}"
1033,25.67,4681.9,1,1.000,0.000,0.000,0.000,0.609,-0.008,49.43,49.43,77.00,77.00,0.0069,0.0029,"rust_gevp_tri_ray","",120,"GEVP_TRI_RAY","","VehicleRigidBody","","Rust GEVP-aligned force solver",2,"{}"
1041,25.90,4685.8,1,1.000,0.000,0.000,0.000,0.798,-0.008,49.51,49.51,76.95,76.95,0.0046,0.0073,"rust_gevp_tri_ray","",120,"GEVP_TRI_RAY","","VehicleRigidBody","","Rust GEVP-aligned force solver",2,"{}"
1049,26.08,4688.0,1,1.000,0.000,0.000,0.000,0.609,-0.008,49.49,49.49,76.97,76.97,0.0067,0.0029,"rust_gevp_tri_ray","",120,"GEVP_TRI_RAY","","VehicleRigidBody","","Rust GEVP-aligned force solver",2,"{}"
1058,26.31,4692.1,1,1.000,0.000,0.000,0.000,0.796,-0.008,49.56,49.56,76.92,76.92,0.0045,0.0072,"rust_gevp_tri_ray","",120,"GEVP_TRI_RAY","","VehicleRigidBody","","Rust GEVP-aligned force solver",2,"{}"
1066,26.49,4694.4,1,1.000,0.000,0.000,0.000,0.613,-0.008,49.54,49.54,76.95,76.95,0.0066,0.0030,"rust_gevp_tri_ray","",120,"GEVP_TRI_RAY","","VehicleRigidBody","","Rust GEVP-aligned force solver",2,"{}"
1074,26.73,4698.6,1,1.000,0.000,0.000,0.000,0.791,-0.008,49.61,49.61,76.90,76.90,0.0045,0.0070,"rust_gevp_tri_ray","",120,"GEVP_TRI_RAY","","VehicleRigidBody","","Rust GEVP-aligned force solver",2,"{}"
1083,26.91,4701.1,1,1.000,0.000,0.000,0.000,0.613,-0.008,49.59,49.59,76.93,76.93,0.0065,0.0030,"rust_gevp_tri_ray","",120,"GEVP_TRI_RAY","","VehicleRigidBody","","Rust GEVP-aligned force solver",2,"{}"
1091,27.14,4705.6,1,1.000,0.000,0.000,0.000,0.789,-0.008,49.65,49.65,76.88,76.88,0.0044,0.0069,"rust_gevp_tri_ray","",120,"GEVP_TRI_RAY","","VehicleRigidBody","","Rust GEVP-aligned force solver",2,"{}"
1099,27.32,4708.3,1,1.000,0.000,0.000,0.000,0.616,-0.008,49.64,49.64,76.91,76.91,0.0063,0.0030,"rust_gevp_tri_ray","",120,"GEVP_TRI_RAY","","VehicleRigidBody","","Rust GEVP-aligned force solver",2,"{}"
1108,27.55,4712.9,1,1.000,0.000,0.000,0.000,0.785,-0.008,49.70,49.70,76.86,76.86,0.0044,0.0067,"rust_gevp_tri_ray","",120,"GEVP_TRI_RAY","","VehicleRigidBody","","Rust GEVP-aligned force solver",2,"{}"
1116,27.73,4715.8,1,1.000,0.000,0.000,0.000,0.618,-0.008,49.68,49.68,76.89,76.89,0.0062,0.0030,"rust_gevp_tri_ray","",120,"GEVP_TRI_RAY","","VehicleRigidBody","","Rust GEVP-aligned force solver",2,"{}"
1124,27.96,4720.7,1,1.000,0.000,0.000,0.000,0.781,-0.008,49.74,49.74,76.85,76.85,0.0044,0.0065,"rust_gevp_tri_ray","",120,"GEVP_TRI_RAY","","VehicleRigidBody","","Rust GEVP-aligned force solver",2,"{}"
1133,28.15,4723.9,1,1.000,0.000,0.000,0.000,0.620,-0.008,49.72,49.72,76.87,76.87,0.0061,0.0031,"rust_gevp_tri_ray","",120,"GEVP_TRI_RAY","","VehicleRigidBody","","Rust GEVP-aligned force solver",2,"{}"
1141,28.37,4728.9,1,1.000,0.000,0.000,0.000,0.777,-0.008,49.78,49.78,76.83,76.83,0.0043,0.0063,"rust_gevp_tri_ray","",120,"GEVP_TRI_RAY","","VehicleRigidBody","","Rust GEVP-aligned force solver",2,"{}"
1149,28.56,4732.3,1,1.000,0.000,0.000,0.000,0.622,-0.008,49.76,49.76,76.85,76.85,0.0060,0.0031,"rust_gevp_tri_ray","",120,"GEVP_TRI_RAY","","VehicleRigidBody","","Rust GEVP-aligned force solver",2,"{}"
1158,28.78,4737.7,1,1.000,0.000,0.000,0.000,0.773,-0.008,49.81,49.81,76.82,76.82,0.0043,0.0062,"rust_gevp_tri_ray","",120,"GEVP_TRI_RAY","","VehicleRigidBody","","Rust GEVP-aligned force solver",2,"{}"
1166,28.97,4741.4,1,1.000,0.000,0.000,0.000,0.624,-0.008,49.80,49.80,76.84,76.84,0.0058,0.0031,"rust_gevp_tri_ray","",120,"GEVP_TRI_RAY","","VehicleRigidBody","","Rust GEVP-aligned force solver",2,"{}"
1174,29.19,4747.0,1,1.000,0.000,0.000,0.000,0.769,-0.008,49.85,49.85,76.81,76.81,0.0043,0.0060,"rust_gevp_tri_ray","",120,"GEVP_TRI_RAY","","VehicleRigidBody","","Rust GEVP-aligned force solver",2,"{}"
1183,29.38,4750.9,1,1.000,0.000,0.000,0.000,0.626,-0.008,49.84,49.84,76.83,76.83,0.0057,0.0031,"rust_gevp_tri_ray","",120,"GEVP_TRI_RAY","","VehicleRigidBody","","Rust GEVP-aligned force solver",2,"{}"
1191,29.60,4756.8,1,1.000,0.000,0.000,0.000,0.764,-0.008,49.89,49.89,76.79,76.79,0.0042,0.0059,"rust_gevp_tri_ray","",120,"GEVP_TRI_RAY","","VehicleRigidBody","","Rust GEVP-aligned force solver",2,"{}"
1199,29.79,4761.1,1,1.000,0.000,0.000,0.000,0.628,-0.008,49.87,49.87,76.81,76.81,0.0056,0.0032,"rust_gevp_tri_ray","",120,"GEVP_TRI_RAY","","VehicleRigidBody","","Rust GEVP-aligned force solver",2,"{}"
1208,30.01,4767.2,1,1.000,0.000,0.000,0.000,0.760,-0.008,49.92,49.92,76.78,76.78,0.0042,0.0057,"rust_gevp_tri_ray","",120,"GEVP_TRI_RAY","","VehicleRigidBody","","Rust GEVP-aligned force solver",2,"{}"
1216,30.20,4771.8,1,1.000,0.000,0.000,0.000,0.630,-0.008,49.91,49.91,76.80,76.80,0.0055,0.0032,"rust_gevp_tri_ray","",120,"GEVP_TRI_RAY","","VehicleRigidBody","","Rust GEVP-aligned force solver",2,"{}"
1224,30.42,4778.4,1,1.000,0.000,0.000,0.000,0.755,-0.008,49.96,49.96,76.77,76.77,0.0042,0.0056,"rust_gevp_tri_ray","",120,"GEVP_TRI_RAY","","VehicleRigidBody","","Rust GEVP-aligned force solver",2,"{}"
1233,30.60,4783.3,1,1.000,0.000,0.000,0.000,0.631,-0.008,49.95,49.95,76.78,76.78,0.0054,0.0032,"rust_gevp_tri_ray","",120,"GEVP_TRI_RAY","","VehicleRigidBody","","Rust GEVP-aligned force solver",2,"{}"
1241,30.83,4790.2,1,1.000,0.000,0.000,0.000,0.750,-0.008,50.00,50.00,76.76,76.76,0.0041,0.0054,"rust_gevp_tri_ray","",120,"GEVP_TRI_RAY","","VehicleRigidBody","","Rust GEVP-aligned force solver",2,"{}"
1249,31.01,4795.5,1,1.000,0.000,0.000,0.000,0.633,-0.008,49.99,49.99,76.77,76.77,0.0053,0.0032,"rust_gevp_tri_ray","",120,"GEVP_TRI_RAY","","VehicleRigidBody","","Rust GEVP-aligned force solver",2,"{}"
1258,31.23,4802.7,1,1.000,0.000,0.000,0.000,0.744,-0.008,50.04,50.04,76.74,76.74,0.0041,0.0053,"rust_gevp_tri_ray","",120,"GEVP_TRI_RAY","","VehicleRigidBody","","Rust GEVP-aligned force solver",2,"{}"
1266,31.42,4808.4,1,1.000,0.000,0.000,0.000,0.635,-0.008,50.03,50.03,76.76,76.76,0.0052,0.0033,"rust_gevp_tri_ray","",120,"GEVP_TRI_RAY","","VehicleRigidBody","","Rust GEVP-aligned force solver",2,"{}"
1274,31.63,4816.0,1,1.000,0.000,0.000,0.000,0.739,-0.008,50.08,50.08,76.73,76.73,0.0041,0.0051,"rust_gevp_tri_ray","",120,"GEVP_TRI_RAY","","VehicleRigidBody","","Rust GEVP-aligned force solver",2,"{}"
1283,31.82,4822.2,1,1.000,0.000,0.000,0.000,0.638,-0.008,50.07,50.07,76.74,76.74,0.0050,0.0033,"rust_gevp_tri_ray","",120,"GEVP_TRI_RAY","","VehicleRigidBody","","Rust GEVP-aligned force solver",2,"{}"
1291,32.04,4830.2,1,1.000,0.000,0.000,0.000,0.733,-0.008,50.12,50.12,76.72,76.72,0.0040,0.0050,"rust_gevp_tri_ray","",120,"GEVP_TRI_RAY","","VehicleRigidBody","","Rust GEVP-aligned force solver",2,"{}"
1299,32.23,4836.9,1,1.000,0.000,0.000,0.000,0.640,-0.008,50.12,50.12,76.73,76.73,0.0049,0.0033,"rust_gevp_tri_ray","",120,"GEVP_TRI_RAY","","VehicleRigidBody","","Rust GEVP-aligned force solver",2,"{}"
1308,32.44,4845.3,1,1.000,0.000,0.000,0.000,0.727,-0.008,50.16,50.16,76.70,76.70,0.0040,0.0048,"rust_gevp_tri_ray","",120,"GEVP_TRI_RAY","","VehicleRigidBody","","Rust GEVP-aligned force solver",2,"{}"
1316,32.63,4852.4,1,1.000,0.000,0.000,0.000,0.642,-0.008,50.16,50.16,76.71,76.71,0.0048,0.0034,"rust_gevp_tri_ray","",120,"GEVP_TRI_RAY","","VehicleRigidBody","","Rust GEVP-aligned force solver",2,"{}"
1324,32.84,4861.3,1,1.000,0.000,0.000,0.000,0.720,-0.008,50.20,50.20,76.69,76.69,0.0040,0.0047,"rust_gevp_tri_ray","",120,"GEVP_TRI_RAY","","VehicleRigidBody","","Rust GEVP-aligned force solver",2,"{}"
1333,33.03,4869.0,1,1.000,0.000,0.000,0.000,0.645,-0.008,50.21,50.21,76.69,76.69,0.0047,0.0034,"rust_gevp_tri_ray","",120,"GEVP_TRI_RAY","","VehicleRigidBody","","Rust GEVP-aligned force solver",2,"{}"
1341,33.24,4878.3,1,1.000,0.000,0.000,0.000,0.713,-0.008,50.25,50.25,76.67,76.67,0.0040,0.0045,"rust_gevp_tri_ray","",120,"GEVP_TRI_RAY","","VehicleRigidBody","","Rust GEVP-aligned force solver",2,"{}"
1349,33.43,4886.5,1,1.000,0.000,0.000,0.000,0.648,-0.008,50.26,50.26,76.68,76.68,0.0046,0.0034,"rust_gevp_tri_ray","",120,"GEVP_TRI_RAY","","VehicleRigidBody","","Rust GEVP-aligned force solver",2,"{}"
1358,33.64,4896.3,1,1.000,0.000,0.000,0.000,0.706,-0.008,50.30,50.30,76.66,76.66,0.0040,0.0044,"rust_gevp_tri_ray","",120,"GEVP_TRI_RAY","","VehicleRigidBody","","Rust GEVP-aligned force solver",2,"{}"
1366,33.83,4905.1,1,1.000,0.000,0.000,0.000,0.651,-0.008,50.31,50.31,76.66,76.66,0.0045,0.0035,"rust_gevp_tri_ray","",120,"GEVP_TRI_RAY","","VehicleRigidBody","","Rust GEVP-aligned force solver",2,"{}"
1374,34.04,4915.4,1,1.000,0.000,0.000,0.000,0.699,-0.008,50.35,50.35,76.64,76.64,0.0039,0.0043,"rust_gevp_tri_ray","",120,"GEVP_TRI_RAY","","VehicleRigidBody","","Rust GEVP-aligned force solver",2,"{}"
1383,34.23,4924.9,1,1.000,0.000,0.000,0.000,0.654,-0.008,50.36,50.36,76.64,76.64,0.0044,0.0035,"rust_gevp_tri_ray","",120,"GEVP_TRI_RAY","","VehicleRigidBody","","Rust GEVP-aligned force solver",2,"{}"
1391,34.43,4935.6,1,1.000,0.000,0.000,0.000,0.692,-0.008,50.40,50.40,76.63,76.63,0.0039,0.0041,"rust_gevp_tri_ray","",120,"GEVP_TRI_RAY","","VehicleRigidBody","","Rust GEVP-aligned force solver",2,"{}"
1399,34.63,4945.8,1,1.000,0.000,0.000,0.000,0.656,-0.008,50.41,50.41,76.62,76.62,0.0043,0.0036,"rust_gevp_tri_ray","",120,"GEVP_TRI_RAY","","VehicleRigidBody","","Rust GEVP-aligned force solver",2,"{}"
1408,34.83,4957.1,1,1.000,0.000,0.000,0.000,0.685,-0.008,50.45,50.45,76.61,76.61,0.0039,0.0040,"rust_gevp_tri_ray","",120,"GEVP_TRI_RAY","","VehicleRigidBody","","Rust GEVP-aligned force solver",2,"{}"
1416,35.02,4967.9,1,1.000,0.000,0.000,0.000,0.659,-0.008,50.47,50.47,76.60,76.60,0.0041,0.0036,"rust_gevp_tri_ray","",120,"GEVP_TRI_RAY","","VehicleRigidBody","","Rust GEVP-aligned force solver",2,"{}"
1424,35.22,4979.7,1,1.000,0.000,0.000,0.000,0.679,-0.008,50.50,50.50,76.59,76.59,0.0039,0.0039,"rust_gevp_tri_ray","",120,"GEVP_TRI_RAY","","VehicleRigidBody","","Rust GEVP-aligned force solver",2,"{}"
1433,35.41,4991.3,1,1.000,0.000,0.000,0.000,0.661,-0.008,50.53,50.53,76.59,76.59,0.0040,0.0037,"rust_gevp_tri_ray","",120,"GEVP_TRI_RAY","","VehicleRigidBody","","Rust GEVP-aligned force solver",2,"{}"
1441,35.61,5003.6,1,1.000,0.000,0.000,0.000,0.674,-0.008,50.56,50.56,76.57,76.57,0.0039,0.0038,"rust_gevp_tri_ray","",120,"GEVP_TRI_RAY","","VehicleRigidBody","","Rust GEVP-aligned force solver",2,"{}"
1449,35.81,5015.9,1,1.000,0.000,0.000,0.000,0.663,-0.008,50.58,50.58,76.57,76.57,0.0040,0.0037,"rust_gevp_tri_ray","",120,"GEVP_TRI_RAY","","VehicleRigidBody","","Rust GEVP-aligned force solver",2,"{}"
1458,36.01,5028.7,1,1.000,0.000,0.000,0.000,0.670,-0.008,50.61,50.61,76.56,76.56,0.0038,0.0038,"rust_gevp_tri_ray","",120,"GEVP_TRI_RAY","","VehicleRigidBody","","Rust GEVP-aligned force solver",2,"{}"
1466,36.20,5041.7,1,1.000,0.000,0.000,0.000,0.664,-0.008,50.64,50.64,76.55,76.55,0.0039,0.0037,"rust_gevp_tri_ray","",120,"GEVP_TRI_RAY","","VehicleRigidBody","","Rust GEVP-aligned force solver",2,"{}"
1474,36.40,5055.2,1,1.000,0.000,0.000,0.000,0.667,-0.008,50.67,50.67,76.54,76.54,0.0038,0.0037,"rust_gevp_tri_ray","",120,"GEVP_TRI_RAY","","VehicleRigidBody","","Rust GEVP-aligned force solver",2,"{}"
1483,36.59,5068.9,1,1.000,0.000,0.000,0.000,0.664,-0.008,50.69,50.69,76.53,76.53,0.0038,0.0037,"rust_gevp_tri_ray","",120,"GEVP_TRI_RAY","","VehicleRigidBody","","Rust GEVP-aligned force solver",2,"{}"
1491,36.79,5082.9,1,1.000,0.000,0.000,0.000,0.665,-0.008,50.72,50.72,76.53,76.53,0.0038,0.0037,"rust_gevp_tri_ray","",120,"GEVP_TRI_RAY","","VehicleRigidBody","","Rust GEVP-aligned force solver",2,"{}"
1499,36.98,5097.3,1,1.000,0.000,0.000,0.000,0.664,-0.008,50.74,50.74,76.52,76.52,0.0038,0.0037,"rust_gevp_tri_ray","",120,"GEVP_TRI_RAY","","VehicleRigidBody","","Rust GEVP-aligned force solver",2,"{}"
1508,37.18,5111.9,1,1.000,0.000,0.000,0.000,0.664,-0.008,50.77,50.77,76.52,76.52,0.0037,0.0037,"rust_gevp_tri_ray","",120,"GEVP_TRI_RAY","","VehicleRigidBody","","Rust GEVP-aligned force solver",2,"{}"
1516,37.37,5126.9,1,1.000,0.000,0.000,0.000,0.664,-0.008,50.80,50.80,76.51,76.51,0.0037,0.0037,"rust_gevp_tri_ray","",120,"GEVP_TRI_RAY","","VehicleRigidBody","","Rust GEVP-aligned force solver",2,"{}"
1524,37.57,5142.2,1,1.000,0.000,0.000,0.000,0.664,-0.008,50.82,50.82,76.51,76.51,0.0037,0.0037,"rust_gevp_tri_ray","",120,"GEVP_TRI_RAY","","VehicleRigidBody","","Rust GEVP-aligned force solver",2,"{}"
1533,37.76,5157.9,1,1.000,0.000,0.000,0.000,0.664,-0.008,50.84,50.84,76.50,76.50,0.0037,0.0037,"rust_gevp_tri_ray","",120,"GEVP_TRI_RAY","","VehicleRigidBody","","Rust GEVP-aligned force solver",2,"{}"
1541,37.96,5173.8,1,1.000,0.000,0.000,0.000,0.664,-0.008,50.87,50.87,76.50,76.50,0.0037,0.0037,"rust_gevp_tri_ray","",120,"GEVP_TRI_RAY","","VehicleRigidBody","","Rust GEVP-aligned force solver",2,"{}"
1549,38.16,5190.0,1,1.000,0.000,0.000,0.000,0.665,-0.008,50.89,50.89,76.50,76.50,0.0037,0.0037,"rust_gevp_tri_ray","",120,"GEVP_TRI_RAY","","VehicleRigidBody","","Rust GEVP-aligned force solver",2,"{}"
1558,38.35,5206.6,1,1.000,0.000,0.000,0.000,0.665,-0.008,50.91,50.91,76.50,76.50,0.0036,0.0037,"rust_gevp_tri_ray","",120,"GEVP_TRI_RAY","","VehicleRigidBody","","Rust GEVP-aligned force solver",2,"{}"
1566,38.55,5223.4,1,1.000,0.000,0.000,0.000,0.666,-0.008,50.93,50.93,76.50,76.50,0.0036,0.0037,"rust_gevp_tri_ray","",120,"GEVP_TRI_RAY","","VehicleRigidBody","","Rust GEVP-aligned force solver",2,"{}"
1574,38.74,5240.6,1,1.000,0.000,0.000,0.000,0.667,-0.008,50.95,50.95,76.50,76.50,0.0036,0.0038,"rust_gevp_tri_ray","",120,"GEVP_TRI_RAY","","VehicleRigidBody","","Rust GEVP-aligned force solver",2,"{}"
1583,38.94,5258.0,1,1.000,0.000,0.000,0.000,0.667,-0.008,50.96,50.96,76.50,76.50,0.0036,0.0038,"rust_gevp_tri_ray","",120,"GEVP_TRI_RAY","","VehicleRigidBody","","Rust GEVP-aligned force solver",2,"{}"
1591,39.14,5275.7,1,1.000,0.000,0.000,0.000,0.668,-0.008,50.98,50.98,76.51,76.51,0.0036,0.0038,"rust_gevp_tri_ray","",120,"GEVP_TRI_RAY","","VehicleRigidBody","","Rust GEVP-aligned force solver",2,"{}"
1599,39.33,5293.7,1,1.000,0.000,0.000,0.000,0.670,-0.007,50.99,50.99,76.51,76.51,0.0036,0.0038,"rust_gevp_tri_ray","",120,"GEVP_TRI_RAY","","VehicleRigidBody","","Rust GEVP-aligned force solver",2,"{}"
1608,39.53,5312.0,1,1.000,0.000,0.000,0.000,0.671,-0.007,51.00,51.00,76.52,76.52,0.0036,0.0038,"rust_gevp_tri_ray","",120,"GEVP_TRI_RAY","","VehicleRigidBody","","Rust GEVP-aligned force solver",2,"{}"
1616,39.73,5330.6,1,1.000,0.000,0.000,0.000,0.672,-0.007,51.01,51.01,76.53,76.53,0.0036,0.0038,"rust_gevp_tri_ray","",120,"GEVP_TRI_RAY","","VehicleRigidBody","","Rust GEVP-aligned force solver",2,"{}"
1624,39.93,5349.4,1,1.000,0.000,0.000,0.000,0.674,-0.007,51.02,51.02,76.54,76.54,0.0036,0.0039,"rust_gevp_tri_ray","",120,"GEVP_TRI_RAY","","VehicleRigidBody","","Rust GEVP-aligned force solver",2,"{}"
1633,40.12,5368.5,1,1.000,0.000,0.000,0.000,0.675,-0.008,51.03,51.03,76.55,76.55,0.0035,0.0039,"rust_gevp_tri_ray","",120,"GEVP_TRI_RAY","","VehicleRigidBody","","Rust GEVP-aligned force solver",2,"{}"
1641,40.32,5387.9,1,1.000,0.000,0.000,0.000,0.677,-0.008,51.03,51.03,76.57,76.57,0.0035,0.0039,"rust_gevp_tri_ray","",120,"GEVP_TRI_RAY","","VehicleRigidBody","","Rust GEVP-aligned force solver",2,"{}"
1649,40.52,5407.5,1,1.000,0.000,0.000,0.000,0.679,-0.008,51.03,51.03,76.58,76.58,0.0035,0.0039,"rust_gevp_tri_ray","",120,"GEVP_TRI_RAY","","VehicleRigidBody","","Rust GEVP-aligned force solver",2,"{}"
1658,40.72,5427.4,1,1.000,0.000,0.000,0.000,0.681,-0.008,51.03,51.03,76.60,76.60,0.0035,0.0040,"rust_gevp_tri_ray","",120,"GEVP_TRI_RAY","","VehicleRigidBody","","Rust GEVP-aligned force solver",2,"{}"
1666,40.92,5447.8,1,1.000,0.000,0.000,0.000,0.676,-0.008,51.03,51.03,76.62,76.62,0.0035,0.0039,"rust_gevp_tri_ray","",120,"GEVP_TRI_RAY","","VehicleRigidBody","","Rust GEVP-aligned force solver",2,"{}"
1674,41.11,5469.9,1,1.000,0.000,0.000,0.000,0.645,-0.008,51.03,51.03,76.63,76.63,0.0035,0.0034,"rust_gevp_tri_ray","",120,"GEVP_TRI_RAY","","VehicleRigidBody","","Rust GEVP-aligned force solver",2,"{}"
1683,41.30,5494.3,1,1.000,0.000,0.000,0.000,0.632,-0.008,51.06,51.06,76.63,76.63,0.0032,0.0033,"rust_gevp_tri_ray","",120,"GEVP_TRI_RAY","","VehicleRigidBody","","Rust GEVP-aligned force solver",2,"{}"
1691,41.49,5519.8,1,1.000,0.000,0.000,0.000,0.636,-0.007,51.10,51.10,76.62,76.62,0.0031,0.0034,"rust_gevp_tri_ray","",120,"GEVP_TRI_RAY","","VehicleRigidBody","","Rust GEVP-aligned force solver",2,"{}"
1699,41.67,5545.4,1,1.000,0.000,0.000,0.000,0.643,-0.007,51.15,51.15,76.59,76.59,0.0032,0.0035,"rust_gevp_tri_ray","",120,"GEVP_TRI_RAY","","VehicleRigidBody","","Rust GEVP-aligned force solver",2,"{}"
1708,41.87,5571.0,1,1.000,0.000,0.000,0.000,0.648,-0.007,51.19,51.19,76.58,76.58,0.0032,0.0036,"rust_gevp_tri_ray","",120,"GEVP_TRI_RAY","","VehicleRigidBody","","Rust GEVP-aligned force solver",2,"{}"
1716,42.06,5596.7,1,1.000,0.000,0.000,0.000,0.653,-0.007,51.23,51.23,76.56,76.56,0.0032,0.0036,"rust_gevp_tri_ray","",120,"GEVP_TRI_RAY","","VehicleRigidBody","","Rust GEVP-aligned force solver",2,"{}"
1724,42.25,5622.6,1,1.000,0.000,0.000,0.000,0.657,-0.008,51.27,51.27,76.55,76.55,0.0032,0.0037,"rust_gevp_tri_ray","",120,"GEVP_TRI_RAY","","VehicleRigidBody","","Rust GEVP-aligned force solver",2,"{}"
1733,42.45,5648.7,1,1.000,0.000,0.000,0.000,0.662,-0.008,51.29,51.29,76.55,76.55,0.0032,0.0037,"rust_gevp_tri_ray","",120,"GEVP_TRI_RAY","","VehicleRigidBody","","Rust GEVP-aligned force solver",2,"{}"
1741,42.64,5675.0,1,1.000,0.000,0.000,0.000,0.666,-0.008,51.31,51.31,76.56,76.56,0.0033,0.0038,"rust_gevp_tri_ray","",120,"GEVP_TRI_RAY","","VehicleRigidBody","","Rust GEVP-aligned force solver",2,"{}"
1749,42.84,5701.5,1,1.000,0.000,0.000,0.000,0.671,-0.008,51.32,51.32,76.57,76.57,0.0033,0.0038,"rust_gevp_tri_ray","",120,"GEVP_TRI_RAY","","VehicleRigidBody","","Rust GEVP-aligned force solver",2,"{}"
1758,43.04,5728.2,1,1.000,0.000,0.000,0.000,0.675,-0.007,51.33,51.33,76.58,76.58,0.0033,0.0039,"rust_gevp_tri_ray","",120,"GEVP_TRI_RAY","","VehicleRigidBody","","Rust GEVP-aligned force solver",2,"{}"
1766,43.24,5755.0,1,1.000,0.000,0.000,0.000,0.680,-0.007,51.33,51.33,76.60,76.60,0.0033,0.0040,"rust_gevp_tri_ray","",120,"GEVP_TRI_RAY","","VehicleRigidBody","","Rust GEVP-aligned force solver",2,"{}"
1774,43.44,5782.0,1,1.000,0.000,0.000,0.000,0.684,-0.007,51.33,51.33,76.63,76.63,0.0033,0.0040,"rust_gevp_tri_ray","",120,"GEVP_TRI_RAY","","VehicleRigidBody","","Rust GEVP-aligned force solver",2,"{}"
1783,43.64,5809.3,1,1.000,0.000,0.000,0.000,0.689,-0.007,51.31,51.31,76.66,76.66,0.0033,0.0041,"rust_gevp_tri_ray","",120,"GEVP_TRI_RAY","","VehicleRigidBody","","Rust GEVP-aligned force solver",2,"{}"
1791,43.85,5836.7,1,1.000,0.000,0.000,0.000,0.693,-0.007,51.30,51.30,76.69,76.69,0.0034,0.0042,"rust_gevp_tri_ray","",120,"GEVP_TRI_RAY","","VehicleRigidBody","","Rust GEVP-aligned force solver",2,"{}"
1799,44.05,5864.3,1,1.000,0.000,0.000,0.000,0.698,-0.007,51.28,51.28,76.73,76.73,0.0034,0.0042,"rust_gevp_tri_ray","",120,"GEVP_TRI_RAY","","VehicleRigidBody","","Rust GEVP-aligned force solver",2,"{}"
1808,44.26,5892.1,1,1.000,0.000,0.000,0.000,0.702,-0.007,51.25,51.25,76.77,76.77,0.0034,0.0043,"rust_gevp_tri_ray","",120,"GEVP_TRI_RAY","","VehicleRigidBody","","Rust GEVP-aligned force solver",2,"{}"
1816,44.47,5920.1,1,1.000,0.000,0.000,0.000,0.707,-0.007,51.22,51.22,76.82,76.82,0.0034,0.0044,"rust_gevp_tri_ray","",120,"GEVP_TRI_RAY","","VehicleRigidBody","","Rust GEVP-aligned force solver",2,"{}"
1824,44.67,5948.3,1,1.000,0.000,0.000,0.000,0.712,-0.007,51.18,51.18,76.86,76.86,0.0034,0.0045,"rust_gevp_tri_ray","",120,"GEVP_TRI_RAY","","VehicleRigidBody","","Rust GEVP-aligned force solver",2,"{}"
1833,44.89,5976.8,1,1.000,0.000,0.000,0.000,0.716,-0.007,51.14,51.14,76.91,76.91,0.0034,0.0045,"rust_gevp_tri_ray","",120,"GEVP_TRI_RAY","","VehicleRigidBody","","Rust GEVP-aligned force solver",2,"{}"
1841,45.10,6005.4,1,1.000,0.000,0.000,0.000,0.721,-0.008,51.09,51.09,76.97,76.97,0.0034,0.0046,"rust_gevp_tri_ray","",120,"GEVP_TRI_RAY","","VehicleRigidBody","","Rust GEVP-aligned force solver",2,"{}"
1849,45.31,6034.2,1,1.000,0.000,0.000,0.000,0.726,-0.008,51.04,51.04,77.03,77.03,0.0035,0.0047,"rust_gevp_tri_ray","",120,"GEVP_TRI_RAY","","VehicleRigidBody","","Rust GEVP-aligned force solver",2,"{}"
1858,45.53,6063.3,1,1.000,0.000,0.000,0.000,0.730,-0.008,50.98,50.98,77.09,77.09,0.0035,0.0048,"rust_gevp_tri_ray","",120,"GEVP_TRI_RAY","","VehicleRigidBody","","Rust GEVP-aligned force solver",2,"{}"
1866,45.74,6092.5,1,1.000,0.000,0.000,0.000,0.735,-0.008,50.92,50.92,77.15,77.15,0.0035,0.0049,"rust_gevp_tri_ray","",120,"GEVP_TRI_RAY","","VehicleRigidBody","","Rust GEVP-aligned force solver",2,"{}"
1874,45.96,6122.0,1,1.000,0.000,0.000,0.000,0.740,-0.008,50.86,50.86,77.21,77.21,0.0035,0.0050,"rust_gevp_tri_ray","",120,"GEVP_TRI_RAY","","VehicleRigidBody","","Rust GEVP-aligned force solver",2,"{}"
1883,46.18,6151.7,1,1.000,0.000,0.000,0.000,0.745,-0.008,50.80,50.80,77.28,77.28,0.0035,0.0051,"rust_gevp_tri_ray","",120,"GEVP_TRI_RAY","","VehicleRigidBody","","Rust GEVP-aligned force solver",2,"{}"
1891,46.40,6181.6,1,1.000,0.000,0.000,0.000,0.749,-0.008,50.73,50.73,77.35,77.35,0.0035,0.0052,"rust_gevp_tri_ray","",120,"GEVP_TRI_RAY","","VehicleRigidBody","","Rust GEVP-aligned force solver",2,"{}"
1899,46.62,6211.8,1,1.000,0.000,0.000,0.000,0.754,-0.008,50.65,50.65,77.42,77.42,0.0035,0.0053,"rust_gevp_tri_ray","",120,"GEVP_TRI_RAY","","VehicleRigidBody","","Rust GEVP-aligned force solver",2,"{}"
1908,46.84,6242.1,1,1.000,0.000,0.000,0.000,0.759,-0.009,50.58,50.58,77.49,77.49,0.0036,0.0055,"rust_gevp_tri_ray","",120,"GEVP_TRI_RAY","","VehicleRigidBody","","Rust GEVP-aligned force solver",2,"{}"
1916,47.07,6272.7,1,1.000,0.000,0.000,0.000,0.764,-0.009,50.50,50.50,77.57,77.57,0.0036,0.0056,"rust_gevp_tri_ray","",120,"GEVP_TRI_RAY","","VehicleRigidBody","","Rust GEVP-aligned force solver",2,"{}"
1924,47.30,6303.6,1,1.000,0.000,0.000,0.000,0.769,-0.009,50.42,50.42,77.64,77.64,0.0036,0.0057,"rust_gevp_tri_ray","",120,"GEVP_TRI_RAY","","VehicleRigidBody","","Rust GEVP-aligned force solver",2,"{}"
1933,47.52,6334.6,1,1.000,0.000,0.000,0.000,0.774,-0.009,50.33,50.33,77.72,77.72,0.0036,0.0058,"rust_gevp_tri_ray","",120,"GEVP_TRI_RAY","","VehicleRigidBody","","Rust GEVP-aligned force solver",2,"{}"
1941,47.75,6365.9,1,1.000,0.000,0.000,0.000,0.778,-0.009,50.25,50.25,77.80,77.80,0.0036,0.0060,"rust_gevp_tri_ray","",120,"GEVP_TRI_RAY","","VehicleRigidBody","","Rust GEVP-aligned force solver",2,"{}"
1949,47.98,6397.5,1,1.000,0.000,0.000,0.000,0.783,-0.009,50.16,50.16,77.88,77.88,0.0036,0.0061,"rust_gevp_tri_ray","",120,"GEVP_TRI_RAY","","VehicleRigidBody","","Rust GEVP-aligned force solver",2,"{}"
1958,48.21,6429.3,1,1.000,0.000,0.000,0.000,0.788,-0.009,50.07,50.07,77.97,77.97,0.0036,0.0063,"rust_gevp_tri_ray","",120,"GEVP_TRI_RAY","","VehicleRigidBody","","Rust GEVP-aligned force solver",2,"{}"
1966,48.45,6461.3,1,1.000,0.000,0.000,0.000,0.793,-0.010,49.98,49.98,78.05,78.05,0.0036,0.0064,"rust_gevp_tri_ray","",120,"GEVP_TRI_RAY","","VehicleRigidBody","","Rust GEVP-aligned force solver",2,"{}"
1974,48.68,6493.6,1,1.000,0.000,0.000,0.000,0.798,-0.010,49.89,49.89,78.14,78.14,0.0037,0.0066,"rust_gevp_tri_ray","",120,"GEVP_TRI_RAY","","VehicleRigidBody","","Rust GEVP-aligned force solver",2,"{}"
1983,48.92,6526.1,1,1.000,0.000,0.000,0.000,0.802,-0.010,49.79,49.79,78.23,78.23,0.0037,0.0068,"rust_gevp_tri_ray","",120,"GEVP_TRI_RAY","","VehicleRigidBody","","Rust GEVP-aligned force solver",2,"{}"
1991,49.16,6559.0,1,1.000,0.000,0.000,0.000,0.807,-0.010,49.69,49.69,78.31,78.31,0.0037,0.0070,"rust_gevp_tri_ray","",120,"GEVP_TRI_RAY","","VehicleRigidBody","","Rust GEVP-aligned force solver",2,"{}"
1999,49.39,6592.0,1,1.000,0.000,0.000,0.000,0.812,-0.010,49.60,49.60,78.40,78.40,0.0037,0.0072,"rust_gevp_tri_ray","",120,"GEVP_TRI_RAY","","VehicleRigidBody","","Rust GEVP-aligned force solver",2,"{}"
2008,49.64,6625.4,1,1.000,0.000,0.000,0.000,0.817,-0.010,49.50,49.50,78.50,78.50,0.0037,0.0074,"rust_gevp_tri_ray","",120,"GEVP_TRI_RAY","","VehicleRigidBody","","Rust GEVP-aligned force solver",2,"{}"
2016,49.88,6659.0,1,1.000,0.000,0.000,0.000,0.822,-0.010,49.40,49.40,78.59,78.59,0.0037,0.0076,"rust_gevp_tri_ray","",120,"GEVP_TRI_RAY","","VehicleRigidBody","","Rust GEVP-aligned force solver",2,"{}"
2024,50.12,6692.9,1,1.000,0.000,0.000,0.000,0.826,-0.011,49.30,49.30,78.68,78.68,0.0037,0.0078,"rust_gevp_tri_ray","",120,"GEVP_TRI_RAY","","VehicleRigidBody","","Rust GEVP-aligned force solver",2,"{}"
2033,50.36,6727.1,1,1.000,0.000,0.000,0.000,0.831,-0.011,49.20,49.20,78.78,78.78,0.0037,0.0080,"rust_gevp_tri_ray","",120,"GEVP_TRI_RAY","","VehicleRigidBody","","Rust GEVP-aligned force solver",2,"{}"
2041,50.61,6761.6,1,1.000,0.000,0.000,0.000,0.836,-0.011,49.09,49.09,78.87,78.87,0.0037,0.0083,"rust_gevp_tri_ray","",120,"GEVP_TRI_RAY","","VehicleRigidBody","","Rust GEVP-aligned force solver",2,"{}"
2049,50.86,6796.4,1,1.000,0.000,0.000,0.000,0.840,-0.011,48.99,48.99,78.97,78.97,0.0038,0.0086,"rust_gevp_tri_ray","",120,"GEVP_TRI_RAY","","VehicleRigidBody","","Rust GEVP-aligned force solver",2,"{}"
2058,51.11,6831.4,1,1.000,0.000,0.000,0.000,0.845,-0.011,48.89,48.89,79.06,79.06,0.0038,0.0088,"rust_gevp_tri_ray","",120,"GEVP_TRI_RAY","","VehicleRigidBody","","Rust GEVP-aligned force solver",2,"{}"
2066,51.36,6866.8,1,1.000,0.000,0.000,0.000,0.849,-0.011,48.78,48.78,79.16,79.16,0.0038,0.0091,"rust_gevp_tri_ray","",120,"GEVP_TRI_RAY","","VehicleRigidBody","","Rust GEVP-aligned force solver",2,"{}"
2074,51.61,6902.5,1,1.000,0.000,0.000,0.000,0.854,-0.012,48.68,48.68,79.26,79.26,0.0038,0.0094,"rust_gevp_tri_ray","",120,"GEVP_TRI_RAY","","VehicleRigidBody","","Rust GEVP-aligned force solver",2,"{}"
2083,51.86,6938.6,1,1.000,0.000,0.000,0.000,0.858,-0.012,48.58,48.58,79.36,79.36,0.0038,0.0098,"rust_gevp_tri_ray","",120,"GEVP_TRI_RAY","","VehicleRigidBody","","Rust GEVP-aligned force solver",2,"{}"
2091,52.11,6974.9,1,1.000,0.000,0.000,0.000,0.863,-0.012,48.47,48.47,79.46,79.46,0.0038,0.0101,"rust_gevp_tri_ray","",120,"GEVP_TRI_RAY","","VehicleRigidBody","","Rust GEVP-aligned force solver",2,"{}"
2099,52.37,7011.7,1,1.000,0.000,0.000,0.000,0.867,-0.012,48.37,48.37,79.56,79.56,0.0038,0.0105,"rust_gevp_tri_ray","",120,"GEVP_TRI_RAY","","VehicleRigidBody","","Rust GEVP-aligned force solver",2,"{}"
2108,52.63,7048.7,1,1.000,0.000,0.000,0.000,0.871,-0.012,48.27,48.27,79.66,79.66,0.0038,0.0109,"rust_gevp_tri_ray","",120,"GEVP_TRI_RAY","","VehicleRigidBody","","Rust GEVP-aligned force solver",2,"{}"
2116,52.88,7086.1,1,1.000,0.000,0.000,0.000,0.875,-0.012,48.17,48.17,79.76,79.76,0.0038,0.0113,"rust_gevp_tri_ray","",120,"GEVP_TRI_RAY","","VehicleRigidBody","","Rust GEVP-aligned force solver",2,"{}"
2124,53.14,7123.9,1,1.000,0.000,0.000,0.000,0.879,-0.012,48.06,48.06,79.86,79.86,0.0038,0.0117,"rust_gevp_tri_ray","",120,"GEVP_TRI_RAY","","VehicleRigidBody","","Rust GEVP-aligned force solver",2,"{}"
2133,53.40,7162.1,1,1.000,0.000,0.000,0.000,0.884,-0.013,47.96,47.96,79.96,79.96,0.0038,0.0121,"rust_gevp_tri_ray","",120,"GEVP_TRI_RAY","","VehicleRigidBody","","Rust GEVP-aligned force solver",2,"{}"
2141,53.66,7200.6,1,1.000,0.000,0.000,0.000,0.887,-0.013,47.86,47.86,80.07,80.07,0.0038,0.0126,"rust_gevp_tri_ray","",120,"GEVP_TRI_RAY","","VehicleRigidBody","","Rust GEVP-aligned force solver",2,"{}"
2149,53.92,7239.5,1,1.000,0.000,0.000,0.000,0.891,-0.013,47.76,47.76,80.17,80.17,0.0038,0.0131,"rust_gevp_tri_ray","",120,"GEVP_TRI_RAY","","VehicleRigidBody","","Rust GEVP-aligned force solver",2,"{}"
2158,54.19,7278.9,1,1.000,0.000,0.000,0.000,0.895,-0.013,47.66,47.66,80.27,80.27,0.0038,0.0136,"rust_gevp_tri_ray","",120,"GEVP_TRI_RAY","","VehicleRigidBody","","Rust GEVP-aligned force solver",2,"{}"
2166,54.45,7318.6,1,1.000,0.000,0.000,0.000,0.899,-0.013,47.57,47.57,80.37,80.37,0.0038,0.0142,"rust_gevp_tri_ray","",120,"GEVP_TRI_RAY","","VehicleRigidBody","","Rust GEVP-aligned force solver",2,"{}"
2174,54.72,7358.8,1,1.000,0.000,0.000,0.000,0.902,-0.013,47.47,47.47,80.48,80.48,0.0038,0.0148,"rust_gevp_tri_ray","",120,"GEVP_TRI_RAY","","VehicleRigidBody","","Rust GEVP-aligned force solver",2,"{}"
2183,54.98,7399.4,1,1.000,0.000,0.000,0.000,0.906,-0.013,47.38,47.38,80.58,80.58,0.0038,0.0154,"rust_gevp_tri_ray","",120,"GEVP_TRI_RAY","","VehicleRigidBody","","Rust GEVP-aligned force solver",2,"{}"
2191,55.25,7440.5,1,1.000,0.000,0.000,0.000,0.909,-0.014,47.28,47.28,80.68,80.68,0.0038,0.0161,"rust_gevp_tri_ray","",120,"GEVP_TRI_RAY","","VehicleRigidBody","","Rust GEVP-aligned force solver",2,"{}"
2199,55.52,7482.0,1,1.000,0.000,0.000,0.000,0.912,-0.014,47.19,47.19,80.78,80.78,0.0038,0.0168,"rust_gevp_tri_ray","",120,"GEVP_TRI_RAY","","VehicleRigidBody","","Rust GEVP-aligned force solver",2,"{}"
2208,55.79,7524.0,1,1.000,0.000,0.000,0.000,0.915,-0.014,47.10,47.10,80.88,80.88,0.0038,0.0175,"rust_gevp_tri_ray","",120,"GEVP_TRI_RAY","","VehicleRigidBody","","Rust GEVP-aligned force solver",2,"{}"
2216,56.06,7566.4,1,1.000,0.000,0.000,0.000,0.919,-0.014,47.02,47.02,80.99,80.99,0.0038,0.0183,"rust_gevp_tri_ray","",120,"GEVP_TRI_RAY","","VehicleRigidBody","","Rust GEVP-aligned force solver",2,"{}"
2224,56.33,7609.2,1,1.000,0.000,0.000,0.000,0.921,-0.014,46.93,46.93,81.09,81.09,0.0038,0.0190,"rust_gevp_tri_ray","",120,"GEVP_TRI_RAY","","VehicleRigidBody","","Rust GEVP-aligned force solver",2,"{}"
2233,56.60,7652.4,1,1.000,0.000,0.000,0.000,0.924,-0.014,46.85,46.85,81.19,81.19,0.0038,0.0198,"rust_gevp_tri_ray","",120,"GEVP_TRI_RAY","","VehicleRigidBody","","Rust GEVP-aligned force solver",2,"{}"
2241,56.88,7696.1,1,1.000,0.000,0.000,0.000,0.927,-0.014,46.77,46.77,81.29,81.29,0.0038,0.0207,"rust_gevp_tri_ray","",120,"GEVP_TRI_RAY","","VehicleRigidBody","","Rust GEVP-aligned force solver",2,"{}"
2249,57.15,7740.2,1,1.000,0.000,0.000,0.000,0.929,-0.014,46.69,46.69,81.39,81.39,0.0038,0.0216,"rust_gevp_tri_ray","",120,"GEVP_TRI_RAY","","VehicleRigidBody","","Rust GEVP-aligned force solver",2,"{}"
2258,57.42,7784.7,1,1.000,0.000,0.000,0.000,0.932,-0.015,46.61,46.61,81.48,81.48,0.0038,0.0225,"rust_gevp_tri_ray","",120,"GEVP_TRI_RAY","","VehicleRigidBody","","Rust GEVP-aligned force solver",2,"{}"
2266,57.70,7829.8,1,1.000,0.000,0.000,0.000,0.934,-0.015,46.54,46.54,81.58,81.58,0.0038,0.0234,"rust_gevp_tri_ray","",120,"GEVP_TRI_RAY","","VehicleRigidBody","","Rust GEVP-aligned force solver",2,"{}"
2274,57.97,7875.3,1,1.000,0.000,0.000,0.000,0.937,-0.015,46.47,46.47,81.68,81.68,0.0038,0.0244,"rust_gevp_tri_ray","",120,"GEVP_TRI_RAY","","VehicleRigidBody","","Rust GEVP-aligned force solver",2,"{}"
2283,58.25,7921.2,1,1.000,0.000,0.000,0.000,0.939,-0.015,46.40,46.40,81.78,81.78,0.0038,0.0254,"rust_gevp_tri_ray","",120,"GEVP_TRI_RAY","","VehicleRigidBody","","Rust GEVP-aligned force solver",2,"{}"
2291,58.53,7967.7,1,1.000,0.000,0.000,0.000,0.941,-0.015,46.33,46.33,81.87,81.87,0.0038,0.0265,"rust_gevp_tri_ray","",120,"GEVP_TRI_RAY","","VehicleRigidBody","","Rust GEVP-aligned force solver",2,"{}"
2299,58.80,8014.7,1,1.000,0.000,0.000,0.000,0.943,-0.015,46.27,46.27,81.97,81.97,0.0038,0.0276,"rust_gevp_tri_ray","",120,"GEVP_TRI_RAY","","VehicleRigidBody","","Rust GEVP-aligned force solver",2,"{}"
2308,59.08,8062.2,1,1.000,0.000,0.000,0.000,0.945,-0.015,46.21,46.21,82.06,82.06,0.0038,0.0287,"rust_gevp_tri_ray","",120,"GEVP_TRI_RAY","","VehicleRigidBody","","Rust GEVP-aligned force solver",2,"{}"
2316,59.36,8110.2,1,1.000,0.000,0.000,0.000,0.947,-0.015,46.15,46.15,82.16,82.16,0.0038,0.0299,"rust_gevp_tri_ray","",120,"GEVP_TRI_RAY","","VehicleRigidBody","","Rust GEVP-aligned force solver",2,"{}"
2324,59.64,8158.8,1,1.000,0.000,0.000,0.000,0.949,-0.015,46.09,46.09,82.25,82.25,0.0038,0.0312,"rust_gevp_tri_ray","",120,"GEVP_TRI_RAY","","VehicleRigidBody","","Rust GEVP-aligned force solver",2,"{}"
2333,59.92,8207.9,1,1.000,0.000,0.000,0.000,0.950,-0.015,46.04,46.04,82.34,82.34,0.0037,0.0324,"rust_gevp_tri_ray","",120,"GEVP_TRI_RAY","","VehicleRigidBody","","Rust GEVP-aligned force solver",2,"{}"
2341,60.20,8257.6,1,1.000,0.000,0.000,0.000,0.952,-0.016,45.99,45.99,82.44,82.44,0.0037,0.0338,"rust_gevp_tri_ray","",120,"GEVP_TRI_RAY","","VehicleRigidBody","","Rust GEVP-aligned force solver",2,"{}"
2349,60.48,8307.8,1,1.000,0.000,0.000,0.000,0.954,-0.016,45.95,45.95,82.53,82.53,0.0037,0.0351,"rust_gevp_tri_ray","",120,"GEVP_TRI_RAY","","VehicleRigidBody","","Rust GEVP-aligned force solver",2,"{}"
2358,60.76,8358.6,1,1.000,0.000,0.000,0.000,0.955,-0.016,45.90,45.90,82.62,82.62,0.0037,0.0366,"rust_gevp_tri_ray","",120,"GEVP_TRI_RAY","","VehicleRigidBody","","Rust GEVP-aligned force solver",2,"{}"
2366,61.04,8410.0,1,1.000,0.000,0.000,0.000,0.957,-0.016,45.86,45.86,82.71,82.71,0.0037,0.0380,"rust_gevp_tri_ray","",120,"GEVP_TRI_RAY","","VehicleRigidBody","","Rust GEVP-aligned force solver",2,"{}"
2374,61.33,8462.0,1,1.000,0.000,0.000,0.000,0.959,-0.016,45.82,45.82,82.80,82.80,0.0037,0.0395,"rust_gevp_tri_ray","",120,"GEVP_TRI_RAY","","VehicleRigidBody","","Rust GEVP-aligned force solver",2,"{}"
2383,61.61,8514.6,1,1.000,0.000,0.000,0.000,0.960,-0.016,45.79,45.79,82.89,82.89,0.0037,0.0411,"rust_gevp_tri_ray","",120,"GEVP_TRI_RAY","","VehicleRigidBody","","Rust GEVP-aligned force solver",2,"{}"
2391,61.89,8567.8,1,1.000,0.000,0.000,0.000,0.962,-0.016,45.75,45.75,82.98,82.98,0.0037,0.0427,"rust_gevp_tri_ray","",120,"GEVP_TRI_RAY","","VehicleRigidBody","","Rust GEVP-aligned force solver",2,"{}"
2399,62.17,8621.6,1,1.000,0.000,0.000,0.000,0.963,-0.016,45.72,45.72,83.06,83.06,0.0037,0.0444,"rust_gevp_tri_ray","",120,"GEVP_TRI_RAY","","VehicleRigidBody","","Rust GEVP-aligned force solver",2,"{}"
2408,62.46,8676.1,1,1.000,0.000,0.000,0.000,0.964,-0.016,45.70,45.70,83.15,83.15,0.0037,0.0461,"rust_gevp_tri_ray","",120,"GEVP_TRI_RAY","","VehicleRigidBody","","Rust GEVP-aligned force solver",2,"{}"
2416,62.74,8731.2,1,1.000,0.000,0.000,0.000,0.966,-0.016,45.67,45.67,83.24,83.24,0.0036,0.0478,"rust_gevp_tri_ray","",120,"GEVP_TRI_RAY","","VehicleRigidBody","","Rust GEVP-aligned force solver",2,"{}"
2424,63.03,8787.0,1,1.000,0.000,0.000,0.000,0.967,-0.016,45.65,45.65,83.33,83.33,0.0036,0.0497,"rust_gevp_tri_ray","",120,"GEVP_TRI_RAY","","VehicleRigidBody","","Rust GEVP-aligned force solver",2,"{}"
2433,63.31,8843.5,1,1.000,0.000,0.000,0.000,0.968,-0.016,45.63,45.63,83.41,83.41,0.0036,0.0515,"rust_gevp_tri_ray","",120,"GEVP_TRI_RAY","","VehicleRigidBody","","Rust GEVP-aligned force solver",2,"{}"
2441,63.60,8900.6,1,1.000,0.000,0.000,0.000,0.969,-0.016,45.61,45.61,83.50,83.50,0.0036,0.0535,"rust_gevp_tri_ray","",120,"GEVP_TRI_RAY","","VehicleRigidBody","","Rust GEVP-aligned force solver",2,"{}"
2449,63.88,8958.4,1,1.000,0.000,0.000,0.000,0.971,-0.016,45.59,45.59,83.59,83.59,0.0036,0.0554,"rust_gevp_tri_ray","",120,"GEVP_TRI_RAY","","VehicleRigidBody","","Rust GEVP-aligned force solver",2,"{}"
2458,64.17,9016.9,1,1.000,0.000,0.000,0.000,0.972,-0.016,45.58,45.58,83.67,83.67,0.0036,0.0575,"rust_gevp_tri_ray","",120,"GEVP_TRI_RAY","","VehicleRigidBody","","Rust GEVP-aligned force solver",2,"{}"
2466,64.45,9076.1,1,1.000,0.000,0.000,0.000,0.973,-0.016,45.57,45.57,83.76,83.76,0.0036,0.0596,"rust_gevp_tri_ray","",120,"GEVP_TRI_RAY","","VehicleRigidBody","","Rust GEVP-aligned force solver",2,"{}"
2474,64.74,9136.0,1,1.000,0.000,0.000,0.000,0.974,-0.016,45.56,45.56,83.84,83.84,0.0036,0.0617,"rust_gevp_tri_ray","",120,"GEVP_TRI_RAY","","VehicleRigidBody","","Rust GEVP-aligned force solver",2,"{}"
2483,65.03,9196.7,1,1.000,0.000,0.000,0.000,0.975,-0.016,45.55,45.55,83.93,83.93,0.0036,0.0639,"rust_gevp_tri_ray","",120,"GEVP_TRI_RAY","","VehicleRigidBody","","Rust GEVP-aligned force solver",2,"{}"
2491,65.32,9258.1,1,1.000,0.000,0.000,0.000,0.976,-0.016,45.55,45.55,84.01,84.01,0.0035,0.0662,"rust_gevp_tri_ray","",120,"GEVP_TRI_RAY","","VehicleRigidBody","","Rust GEVP-aligned force solver",2,"{}"
2499,65.60,9320.2,1,1.000,0.000,0.000,0.000,0.978,-0.017,45.54,45.54,84.10,84.10,0.0035,0.0685,"rust_gevp_tri_ray","",120,"GEVP_TRI_RAY","","VehicleRigidBody","","Rust GEVP-aligned force solver",2,"{}"
2508,65.89,9383.1,1,1.000,0.000,0.000,0.000,0.979,-0.017,45.54,45.54,84.18,84.18,0.0035,0.0709,"rust_gevp_tri_ray","",120,"GEVP_TRI_RAY","","VehicleRigidBody","","Rust GEVP-aligned force solver",2,"{}"
2516,66.18,9446.8,1,1.000,0.000,0.000,0.000,0.980,-0.017,45.54,45.54,84.27,84.27,0.0035,0.0733,"rust_gevp_tri_ray","",120,"GEVP_TRI_RAY","","VehicleRigidBody","","Rust GEVP-aligned force solver",2,"{}"
2524,66.47,9511.3,1,1.000,0.000,0.000,0.000,0.981,-0.017,45.55,45.55,84.35,84.35,0.0035,0.0758,"rust_gevp_tri_ray","",120,"GEVP_TRI_RAY","","VehicleRigidBody","","Rust GEVP-aligned force solver",2,"{}"
2533,66.76,9576.5,1,1.000,0.000,0.000,0.000,0.982,-0.017,45.55,45.55,84.43,84.43,0.0035,0.0784,"rust_gevp_tri_ray","",120,"GEVP_TRI_RAY","","VehicleRigidBody","","Rust GEVP-aligned force solver",2,"{}"
2541,67.05,9642.6,1,1.000,0.000,0.000,0.000,0.983,-0.017,45.56,45.56,84.52,84.52,0.0035,0.0810,"rust_gevp_tri_ray","",120,"GEVP_TRI_RAY","","VehicleRigidBody","","Rust GEVP-aligned force solver",2,"{}"
2549,67.34,9709.4,1,1.000,0.000,0.000,0.000,0.984,-0.017,45.57,45.57,84.60,84.60,0.0035,0.0836,"rust_gevp_tri_ray","",120,"GEVP_TRI_RAY","","VehicleRigidBody","","Rust GEVP-aligned force solver",2,"{}"
2558,67.63,9777.1,1,1.000,0.000,0.000,0.000,0.985,-0.017,45.57,45.57,84.69,84.69,0.0035,0.0864,"rust_gevp_tri_ray","",120,"GEVP_TRI_RAY","","VehicleRigidBody","","Rust GEVP-aligned force solver",2,"{}"
2566,67.92,9845.7,1,1.000,0.000,0.000,0.000,0.986,-0.017,45.59,45.59,84.77,84.77,0.0034,0.0892,"rust_gevp_tri_ray","",120,"GEVP_TRI_RAY","","VehicleRigidBody","","Rust GEVP-aligned force solver",2,"{}"
2574,68.21,9915.0,1,1.000,0.000,0.000,0.000,0.987,-0.017,45.60,45.60,84.86,84.86,0.0034,0.0920,"rust_gevp_tri_ray","",120,"GEVP_TRI_RAY","","VehicleRigidBody","","Rust GEVP-aligned force solver",2,"{}"
2583,68.50,9985.3,1,1.000,0.000,0.000,0.000,0.988,-0.017,45.61,45.61,84.94,84.94,0.0034,0.0949,"rust_gevp_tri_ray","",120,"GEVP_TRI_RAY","","VehicleRigidBody","","Rust GEVP-aligned force solver",2,"{}"
2591,68.79,10056.4,1,1.000,0.000,0.000,0.000,0.989,-0.017,45.63,45.63,85.03,85.03,0.0034,0.0979,"rust_gevp_tri_ray","",120,"GEVP_TRI_RAY","","VehicleRigidBody","","Rust GEVP-aligned force solver",2,"{}"
2599,69.08,10128.4,1,1.000,0.000,0.000,0.000,0.990,-0.017,45.64,45.64,85.12,85.12,0.0034,0.1010,"rust_gevp_tri_ray","",120,"GEVP_TRI_RAY","","VehicleRigidBody","","Rust GEVP-aligned force solver",2,"{}"
2608,69.37,10201.3,1,1.000,0.000,0.000,0.000,0.991,-0.017,45.66,45.66,85.20,85.20,0.0034,0.1041,"rust_gevp_tri_ray","",120,"GEVP_TRI_RAY","","VehicleRigidBody","","Rust GEVP-aligned force solver",2,"{}"
2616,69.66,10275.0,1,1.000,0.000,0.000,0.000,0.992,-0.017,45.68,45.68,85.29,85.29,0.0034,0.1072,"rust_gevp_tri_ray","",120,"GEVP_TRI_RAY","","VehicleRigidBody","","Rust GEVP-aligned force solver",2,"{}"
2624,69.95,10349.8,1,1.000,0.000,0.000,0.000,0.993,-0.017,45.70,45.70,85.37,85.37,0.0034,0.1105,"rust_gevp_tri_ray","",120,"GEVP_TRI_RAY","","VehicleRigidBody","","Rust GEVP-aligned force solver",2,"{}"
2633,70.25,10425.4,1,1.000,0.000,0.000,0.000,0.994,-0.017,45.72,45.72,85.46,85.46,0.0034,0.1138,"rust_gevp_tri_ray","",120,"GEVP_TRI_RAY","","VehicleRigidBody","","Rust GEVP-aligned force solver",2,"{}"
2641,70.54,10502.0,1,1.000,0.000,0.000,0.000,0.995,-0.017,45.75,45.75,85.55,85.55,0.0033,0.1171,"rust_gevp_tri_ray","",120,"GEVP_TRI_RAY","","VehicleRigidBody","","Rust GEVP-aligned force solver",2,"{}"
2649,70.83,10579.5,1,1.000,0.000,0.000,0.000,0.996,-0.017,45.77,45.77,85.63,85.63,0.0033,0.1206,"rust_gevp_tri_ray","",120,"GEVP_TRI_RAY","","VehicleRigidBody","","Rust GEVP-aligned force solver",2,"{}"
2658,71.13,10657.8,1,1.000,0.000,0.000,0.000,0.997,-0.017,45.79,45.79,85.72,85.72,0.0033,0.1240,"rust_gevp_tri_ray","",120,"GEVP_TRI_RAY","","VehicleRigidBody","","Rust GEVP-aligned force solver",2,"{}"
2666,71.42,10736.6,1,1.000,0.000,0.000,0.000,0.998,-0.017,45.82,45.82,85.81,85.81,0.0033,0.1275,"rust_gevp_tri_ray","",120,"GEVP_TRI_RAY","","VehicleRigidBody","","Rust GEVP-aligned force solver",2,"{}"
2674,71.71,10815.8,1,1.000,0.000,0.000,0.000,0.999,-0.017,45.85,45.85,85.90,85.90,0.0033,0.1310,"rust_gevp_tri_ray","",120,"GEVP_TRI_RAY","","VehicleRigidBody","","Rust GEVP-aligned force solver",2,"{}"
2683,72.01,10895.4,1,1.000,0.000,0.000,0.000,0.999,-0.017,45.88,45.88,85.98,85.98,0.0033,0.1344,"rust_gevp_tri_ray","",120,"GEVP_TRI_RAY","","VehicleRigidBody","","Rust GEVP-aligned force solver",2,"{}"
2691,72.30,10975.5,1,1.000,0.000,0.000,0.000,1.000,-0.017,45.91,45.91,86.07,86.07,0.0033,0.1379,"rust_gevp_tri_ray","",120,"GEVP_TRI_RAY","","VehicleRigidBody","","Rust GEVP-aligned force solver",2,"{}"
2699,72.60,11056.0,1,1.000,0.000,0.000,0.000,1.001,-0.017,45.94,45.94,86.16,86.16,0.0033,0.1414,"rust_gevp_tri_ray","",120,"GEVP_TRI_RAY","","VehicleRigidBody","","Rust GEVP-aligned force solver",2,"{}"
2708,72.89,11137.0,1,1.000,0.000,0.000,0.000,1.002,-0.017,45.97,45.97,86.25,86.25,0.0033,0.1450,"rust_gevp_tri_ray","",120,"GEVP_TRI_RAY","","VehicleRigidBody","","Rust GEVP-aligned force solver",2,"{}"
2716,73.19,11218.4,1,1.000,0.000,0.000,0.000,1.003,-0.017,46.00,46.00,86.34,86.34,0.0032,0.1485,"rust_gevp_tri_ray","",120,"GEVP_TRI_RAY","","VehicleRigidBody","","Rust GEVP-aligned force solver",2,"{}"
2724,73.48,11300.3,1,1.000,0.000,0.000,0.000,1.004,-0.017,46.04,46.04,86.43,86.43,0.0032,0.1520,"rust_gevp_tri_ray","",120,"GEVP_TRI_RAY","","VehicleRigidBody","","Rust GEVP-aligned force solver",2,"{}"
2733,73.78,11382.7,1,1.000,0.000,0.000,0.000,1.005,-0.017,46.07,46.07,86.52,86.52,0.0032,0.1556,"rust_gevp_tri_ray","",120,"GEVP_TRI_RAY","","VehicleRigidBody","","Rust GEVP-aligned force solver",2,"{}"
2741,74.07,11465.5,1,1.000,0.000,0.000,0.000,1.006,-0.017,46.11,46.11,86.61,86.61,0.0032,0.1592,"rust_gevp_tri_ray","",120,"GEVP_TRI_RAY","","VehicleRigidBody","","Rust GEVP-aligned force solver",2,"{}"
2749,74.37,11548.7,1,1.000,0.000,0.000,0.000,1.007,-0.017,46.15,46.15,86.70,86.70,0.0032,0.1628,"rust_gevp_tri_ray","",120,"GEVP_TRI_RAY","","VehicleRigidBody","","Rust GEVP-aligned force solver",2,"{}"
2758,74.67,11632.4,1,1.000,0.000,0.000,0.000,1.008,-0.017,46.19,46.19,86.80,86.80,0.0032,0.1663,"rust_gevp_tri_ray","",120,"GEVP_TRI_RAY","","VehicleRigidBody","","Rust GEVP-aligned force solver",2,"{}"
2766,74.96,11716.6,1,1.000,0.000,0.000,0.000,1.009,-0.018,46.22,46.22,86.89,86.89,0.0032,0.1700,"rust_gevp_tri_ray","",120,"GEVP_TRI_RAY","","VehicleRigidBody","","Rust GEVP-aligned force solver",2,"{}"
2774,75.26,11801.3,1,1.000,0.000,0.000,0.000,1.010,-0.018,46.26,46.26,86.98,86.98,0.0032,0.1736,"rust_gevp_tri_ray","",120,"GEVP_TRI_RAY","","VehicleRigidBody","","Rust GEVP-aligned force solver",2,"{}"
2783,75.56,11886.4,1,1.000,0.000,0.000,0.000,1.011,-0.018,46.31,46.31,87.07,87.07,0.0032,0.1772,"rust_gevp_tri_ray","",120,"GEVP_TRI_RAY","","VehicleRigidBody","","Rust GEVP-aligned force solver",2,"{}"
2791,75.86,11972.1,1,1.000,0.000,0.000,0.000,1.012,-0.018,46.35,46.35,87.17,87.17,0.0032,0.1809,"rust_gevp_tri_ray","",120,"GEVP_TRI_RAY","","VehicleRigidBody","","Rust GEVP-aligned force solver",2,"{}"
2799,76.15,12058.1,1,1.000,0.000,0.000,0.000,1.013,-0.018,46.39,46.39,87.26,87.26,0.0031,0.1845,"rust_gevp_tri_ray","",120,"GEVP_TRI_RAY","","VehicleRigidBody","","Rust GEVP-aligned force solver",2,"{}"
2808,76.45,12144.7,1,1.000,0.000,0.000,0.000,1.014,-0.018,46.44,46.44,87.36,87.36,0.0031,0.1882,"rust_gevp_tri_ray","",120,"GEVP_TRI_RAY","","VehicleRigidBody","","Rust GEVP-aligned force solver",2,"{}"
2816,76.75,12231.8,1,1.000,0.000,0.000,0.000,1.015,-0.018,46.48,46.48,87.45,87.45,0.0031,0.1919,"rust_gevp_tri_ray","",120,"GEVP_TRI_RAY","","VehicleRigidBody","","Rust GEVP-aligned force solver",2,"{}"
2824,77.05,12319.3,1,1.000,0.000,0.000,0.000,1.015,-0.018,46.53,46.53,87.55,87.55,0.0031,0.1956,"rust_gevp_tri_ray","",120,"GEVP_TRI_RAY","","VehicleRigidBody","","Rust GEVP-aligned force solver",2,"{}"
2833,77.35,12407.3,1,1.000,0.000,0.000,0.000,1.016,-0.018,46.57,46.57,87.65,87.65,0.0031,0.1993,"rust_gevp_tri_ray","",120,"GEVP_TRI_RAY","","VehicleRigidBody","","Rust GEVP-aligned force solver",2,"{}"
2841,77.65,12495.9,1,1.000,0.000,0.000,0.000,1.017,-0.018,46.62,46.62,87.74,87.74,0.0031,0.2031,"rust_gevp_tri_ray","",120,"GEVP_TRI_RAY","","VehicleRigidBody","","Rust GEVP-aligned force solver",2,"{}"
2849,77.95,12584.9,1,1.000,0.000,0.000,0.000,1.018,-0.018,46.67,46.67,87.84,87.84,0.0031,0.2068,"rust_gevp_tri_ray","",120,"GEVP_TRI_RAY","","VehicleRigidBody","","Rust GEVP-aligned force solver",2,"{}"
2858,78.25,12674.4,1,1.000,0.000,0.000,0.000,1.019,-0.018,46.72,46.72,87.94,87.94,0.0031,0.2106,"rust_gevp_tri_ray","",120,"GEVP_TRI_RAY","","VehicleRigidBody","","Rust GEVP-aligned force solver",2,"{}"
2866,78.55,12764.4,1,1.000,0.000,0.000,0.000,1.020,-0.018,46.77,46.77,88.04,88.04,0.0031,0.2143,"rust_gevp_tri_ray","",120,"GEVP_TRI_RAY","","VehicleRigidBody","","Rust GEVP-aligned force solver",2,"{}"
2874,78.85,12855.0,1,1.000,0.000,0.000,0.000,1.021,-0.018,46.82,46.82,88.14,88.14,0.0031,0.2181,"rust_gevp_tri_ray","",120,"GEVP_TRI_RAY","","VehicleRigidBody","","Rust GEVP-aligned force solver",2,"{}"
2883,79.15,12946.0,1,1.000,0.000,0.000,0.000,1.022,-0.018,46.87,46.87,88.24,88.24,0.0030,0.2219,"rust_gevp_tri_ray","",120,"GEVP_TRI_RAY","","VehicleRigidBody","","Rust GEVP-aligned force solver",2,"{}"
2891,79.45,13037.5,1,1.000,0.000,0.000,0.000,1.023,-0.018,46.92,46.92,88.34,88.34,0.0030,0.2257,"rust_gevp_tri_ray","",120,"GEVP_TRI_RAY","","VehicleRigidBody","","Rust GEVP-aligned force solver",2,"{}"
2899,79.75,13129.6,1,1.000,0.000,0.000,0.000,1.024,-0.018,46.97,46.97,88.44,88.44,0.0030,0.2296,"rust_gevp_tri_ray","",120,"GEVP_TRI_RAY","","VehicleRigidBody","","Rust GEVP-aligned force solver",2,"{}"
2908,80.05,13222.2,1,1.000,0.000,0.000,0.000,1.025,-0.018,47.03,47.03,88.54,88.54,0.0030,0.2334,"rust_gevp_tri_ray","",120,"GEVP_TRI_RAY","","VehicleRigidBody","","Rust GEVP-aligned force solver",2,"{}"
2916,80.35,13315.3,1,1.000,0.000,0.000,0.000,1.026,-0.018,47.08,47.08,88.64,88.64,0.0030,0.2373,"rust_gevp_tri_ray","",120,"GEVP_TRI_RAY","","VehicleRigidBody","","Rust GEVP-aligned force solver",2,"{}"
2924,80.66,13408.9,1,1.000,0.000,0.000,0.000,1.027,-0.018,47.14,47.14,88.75,88.75,0.0030,0.2411,"rust_gevp_tri_ray","",120,"GEVP_TRI_RAY","","VehicleRigidBody","","Rust GEVP-aligned force solver",2,"{}"
2933,80.96,13503.0,1,1.000,0.000,0.000,0.000,1.028,-0.018,47.19,47.19,88.85,88.85,0.0030,0.2450,"rust_gevp_tri_ray","",120,"GEVP_TRI_RAY","","VehicleRigidBody","","Rust GEVP-aligned force solver",2,"{}"
2941,81.26,13597.3,1,1.000,0.000,0.000,0.000,1.029,-0.018,47.25,47.25,88.95,88.95,0.0030,0.2489,"rust_gevp_tri_ray","",120,"GEVP_TRI_RAY","","VehicleRigidBody","","Rust GEVP-aligned force solver",2,"{}"
2949,81.57,13691.7,1,1.000,0.000,0.000,0.000,1.030,-0.018,47.31,47.31,89.06,89.06,0.0030,0.2527,"rust_gevp_tri_ray","",120,"GEVP_TRI_RAY","","VehicleRigidBody","","Rust GEVP-aligned force solver",2,"{}"
2958,81.87,13786.2,1,1.000,0.000,0.000,0.000,1.031,-0.018,47.37,47.37,89.16,89.16,0.0030,0.2565,"rust_gevp_tri_ray","",120,"GEVP_TRI_RAY","","VehicleRigidBody","","Rust GEVP-aligned force solver",2,"{}"
2966,82.17,13880.7,1,1.000,0.000,0.000,0.000,1.032,-0.018,47.42,47.42,89.27,89.27,0.0030,0.2603,"rust_gevp_tri_ray","",120,"GEVP_TRI_RAY","","VehicleRigidBody","","Rust GEVP-aligned force solver",2,"{}"
2974,82.48,13975.2,1,1.000,0.000,0.000,0.000,1.033,-0.018,47.48,47.48,89.37,89.37,0.0029,0.2640,"rust_gevp_tri_ray","",120,"GEVP_TRI_RAY","","VehicleRigidBody","","Rust GEVP-aligned force solver",2,"{}"
2983,82.78,14069.8,1,1.000,0.000,0.000,0.000,1.034,-0.018,47.54,47.54,89.48,89.48,0.0029,0.2677,"rust_gevp_tri_ray","",120,"GEVP_TRI_RAY","","VehicleRigidBody","","Rust GEVP-aligned force solver",2,"{}"
2991,83.09,14164.4,1,1.000,0.000,0.000,0.000,1.035,-0.018,47.60,47.60,89.59,89.59,0.0029,0.2714,"rust_gevp_tri_ray","",120,"GEVP_TRI_RAY","","VehicleRigidBody","","Rust GEVP-aligned force solver",2,"{}"
2999,83.39,14259.1,1,1.000,0.000,0.000,0.000,1.036,-0.018,47.67,47.67,89.70,89.70,0.0029,0.2751,"rust_gevp_tri_ray","",120,"GEVP_TRI_RAY","","VehicleRigidBody","","Rust GEVP-aligned force solver",2,"{}"
3008,83.70,14353.8,1,1.000,0.000,0.000,0.000,1.037,-0.018,47.73,47.73,89.80,89.80,0.0029,0.2787,"rust_gevp_tri_ray","",120,"GEVP_TRI_RAY","","VehicleRigidBody","","Rust GEVP-aligned force solver",2,"{}"
3016,84.00,14448.6,1,1.000,0.000,0.000,0.000,1.038,-0.018,47.79,47.79,89.91,89.91,0.0029,0.2823,"rust_gevp_tri_ray","",120,"GEVP_TRI_RAY","","VehicleRigidBody","","Rust GEVP-aligned force solver",2,"{}"
3024,84.31,14543.4,1,1.000,0.000,0.000,0.000,1.039,-0.018,47.85,47.85,90.02,90.02,0.0029,0.2859,"rust_gevp_tri_ray","",120,"GEVP_TRI_RAY","","VehicleRigidBody","","Rust GEVP-aligned force solver",2,"{}"
3033,84.61,14638.2,1,1.000,0.000,0.000,0.000,1.040,-0.018,47.92,47.92,90.13,90.13,0.0029,0.2894,"rust_gevp_tri_ray","",120,"GEVP_TRI_RAY","","VehicleRigidBody","","Rust GEVP-aligned force solver",2,"{}"
3041,84.92,14733.1,1,1.000,0.000,0.000,0.000,1.042,-0.018,47.98,47.98,90.24,90.24,0.0029,0.2930,"rust_gevp_tri_ray","",120,"GEVP_TRI_RAY","","VehicleRigidBody","","Rust GEVP-aligned force solver",2,"{}"
3049,85.23,14828.0,1,1.000,0.000,0.000,0.000,1.043,-0.018,48.04,48.04,90.36,90.36,0.0029,0.2965,"rust_gevp_tri_ray","",120,"GEVP_TRI_RAY","","VehicleRigidBody","","Rust GEVP-aligned force solver",2,"{}"
3058,85.53,14922.9,1,1.000,0.000,0.000,0.000,1.044,-0.018,48.11,48.11,90.47,90.47,0.0029,0.2999,"rust_gevp_tri_ray","",120,"GEVP_TRI_RAY","","VehicleRigidBody","","Rust GEVP-aligned force solver",2,"{}"
3066,85.84,15017.9,1,1.000,0.000,0.000,0.000,1.045,-0.018,48.18,48.18,90.58,90.58,0.0029,0.3034,"rust_gevp_tri_ray","",120,"GEVP_TRI_RAY","","VehicleRigidBody","","Rust GEVP-aligned force solver",2,"{}"
3074,86.15,15112.6,1,1.000,0.000,0.000,0.000,1.046,-0.018,48.24,48.24,90.69,90.69,0.0028,0.3068,"rust_gevp_tri_ray","",120,"GEVP_TRI_RAY","","VehicleRigidBody","","Rust GEVP-aligned force solver",2,"{}"
3083,86.46,15206.6,1,1.000,0.000,0.000,0.000,1.047,-0.018,48.31,48.31,90.81,90.81,0.0028,0.3101,"rust_gevp_tri_ray","",120,"GEVP_TRI_RAY","","VehicleRigidBody","","Rust GEVP-aligned force solver",2,"{}"
3091,86.76,15300.0,1,1.000,0.000,0.000,0.000,1.048,-0.019,48.38,48.38,90.92,90.92,0.0028,0.3133,"rust_gevp_tri_ray","",120,"GEVP_TRI_RAY","","VehicleRigidBody","","Rust GEVP-aligned force solver",2,"{}"
3099,87.07,15392.8,1,1.000,0.000,0.000,0.000,1.049,-0.019,48.44,48.44,91.03,91.03,0.0028,0.3164,"rust_gevp_tri_ray","",120,"GEVP_TRI_RAY","","VehicleRigidBody","","Rust GEVP-aligned force solver",2,"{}"
3108,87.38,15484.9,1,1.000,0.000,0.000,0.000,1.050,-0.019,48.51,48.51,91.15,91.15,0.0028,0.3194,"rust_gevp_tri_ray","",120,"GEVP_TRI_RAY","","VehicleRigidBody","","Rust GEVP-aligned force solver",2,"{}"
3116,87.69,15576.3,1,1.000,0.000,0.000,0.000,1.051,-0.019,48.58,48.58,91.26,91.26,0.0028,0.3224,"rust_gevp_tri_ray","",120,"GEVP_TRI_RAY","","VehicleRigidBody","","Rust GEVP-aligned force solver",2,"{}"
3124,88.00,15667.1,1,1.000,0.000,0.000,0.000,1.052,-0.019,48.65,48.65,91.38,91.38,0.0028,0.3253,"rust_gevp_tri_ray","",120,"GEVP_TRI_RAY","","VehicleRigidBody","","Rust GEVP-aligned force solver",2,"{}"
3133,88.31,15667.1,1,1.000,0.000,0.000,0.000,1.053,-0.019,48.72,48.72,91.50,91.50,0.0028,0.3055,"rust_gevp_tri_ray","",120,"GEVP_TRI_RAY","","VehicleRigidBody","","Rust GEVP-aligned force solver",2,"{}"
3141,88.62,15667.1,1,1.000,0.000,0.000,0.000,1.053,-0.019,48.79,48.79,91.61,91.61,0.0028,0.2858,"rust_gevp_tri_ray","",120,"GEVP_TRI_RAY","","VehicleRigidBody","","Rust GEVP-aligned force solver",2,"{}"
3149,88.93,15667.1,1,1.000,0.000,0.000,0.000,1.054,-0.019,48.86,48.86,91.73,91.73,0.0028,0.2662,"rust_gevp_tri_ray","",120,"GEVP_TRI_RAY","","VehicleRigidBody","","Rust GEVP-aligned force solver",2,"{}"
3158,89.24,15667.1,1,1.000,0.000,0.000,0.000,1.055,-0.019,48.93,48.93,91.85,91.85,0.0028,0.2468,"rust_gevp_tri_ray","",120,"GEVP_TRI_RAY","","VehicleRigidBody","","Rust GEVP-aligned force solver",2,"{}"
3166,89.55,15667.1,1,1.000,0.000,0.000,0.000,1.055,-0.019,49.01,49.01,91.96,91.96,0.0027,0.2275,"rust_gevp_tri_ray","",120,"GEVP_TRI_RAY","","VehicleRigidBody","","Rust GEVP-aligned force solver",2,"{}"
3174,89.86,15667.1,1,1.000,0.000,0.000,0.000,1.056,-0.019,49.08,49.08,92.08,92.08,0.0027,0.2082,"rust_gevp_tri_ray","",120,"GEVP_TRI_RAY","","VehicleRigidBody","","Rust GEVP-aligned force solver",2,"{}"
3183,90.17,15667.1,1,1.000,0.000,0.000,0.000,1.056,-0.019,49.15,49.15,92.20,92.20,0.0027,0.1891,"rust_gevp_tri_ray","",120,"GEVP_TRI_RAY","","VehicleRigidBody","","Rust GEVP-aligned force solver",2,"{}"
3191,90.48,15667.1,1,1.000,0.000,0.000,0.000,1.056,-0.019,49.23,49.23,92.31,92.31,0.0027,0.1701,"rust_gevp_tri_ray","",120,"GEVP_TRI_RAY","","VehicleRigidBody","","Rust GEVP-aligned force solver",2,"{}"
3199,90.79,15667.1,1,1.000,0.000,0.000,0.000,1.056,-0.019,49.31,49.31,92.43,92.43,0.0027,0.1512,"rust_gevp_tri_ray","",120,"GEVP_TRI_RAY","","VehicleRigidBody","","Rust GEVP-aligned force solver",2,"{}"
3208,91.11,15667.1,1,1.000,0.000,0.000,0.000,1.056,-0.019,49.38,49.38,92.55,92.55,0.0027,0.1325,"rust_gevp_tri_ray","",120,"GEVP_TRI_RAY","","VehicleRigidBody","","Rust GEVP-aligned force solver",2,"{}"
3216,91.41,15667.1,1,1.000,0.000,0.000,0.000,1.052,-0.019,49.46,49.46,92.66,92.66,0.0027,0.1138,"rust_gevp_tri_ray","",120,"GEVP_TRI_RAY","","VehicleRigidBody","","Rust GEVP-aligned force solver",2,"{}"
3224,91.67,15667.1,1,1.000,0.000,0.000,0.000,0.866,-0.019,49.55,49.55,92.77,92.77,0.0027,0.0954,"rust_gevp_tri_ray","",120,"GEVP_TRI_RAY","","VehicleRigidBody","","Rust GEVP-aligned force solver",2,"{}"
3233,91.88,15667.1,1,1.000,0.000,0.000,0.000,0.717,-0.019,49.76,49.76,92.79,92.79,0.0020,0.0801,"rust_gevp_tri_ray","",120,"GEVP_TRI_RAY","","VehicleRigidBody","","Rust GEVP-aligned force solver",2,"{}"
3241,92.05,15667.1,1,1.000,0.000,0.000,0.000,0.591,-0.016,50.13,50.13,92.68,92.68,0.0015,0.0674,"rust_gevp_tri_ray","",120,"GEVP_TRI_RAY","","VehicleRigidBody","","Rust GEVP-aligned force solver",2,"{}"
3249,92.20,15667.1,1,1.000,0.000,0.000,0.000,0.486,-0.013,50.65,50.65,92.45,92.45,0.0011,0.0568,"rust_gevp_tri_ray","",120,"GEVP_TRI_RAY","","VehicleRigidBody","","Rust GEVP-aligned force solver",2,"{}"
3258,92.48,10461.2,2,1.000,0.000,0.000,0.000,0.959,-0.010,51.31,51.31,92.11,92.11,0.0007,0.0694,"rust_gevp_tri_ray","",120,"GEVP_TRI_RAY","","VehicleRigidBody","","Rust GEVP-aligned force solver",2,"{}"
3266,92.77,10513.6,2,1.000,0.000,0.000,0.000,0.987,-0.015,51.72,51.72,91.98,91.98,0.0023,0.0749,"rust_gevp_tri_ray","",120,"GEVP_TRI_RAY","","VehicleRigidBody","","Rust GEVP-aligned force solver",2,"{}"
3274,93.07,10571.6,2,1.000,0.000,0.000,0.000,1.013,-0.017,51.96,51.96,91.98,91.98,0.0024,0.0785,"rust_gevp_tri_ray","",120,"GEVP_TRI_RAY","","VehicleRigidBody","","Rust GEVP-aligned force solver",2,"{}"
3283,93.37,10631.0,2,1.000,0.000,0.000,0.000,1.033,-0.016,52.10,52.10,92.06,92.06,0.0025,0.0814,"rust_gevp_tri_ray","",120,"GEVP_TRI_RAY","","VehicleRigidBody","","Rust GEVP-aligned force solver",2,"{}"
3291,93.68,10690.4,2,1.000,0.000,0.000,0.000,1.046,-0.015,52.19,52.19,92.19,92.19,0.0025,0.0840,"rust_gevp_tri_ray","",120,"GEVP_TRI_RAY","","VehicleRigidBody","","Rust GEVP-aligned force solver",2,"{}"
3299,93.99,10749.8,2,1.000,0.000,0.000,0.000,1.055,-0.015,52.23,52.23,92.35,92.35,0.0026,0.0864,"rust_gevp_tri_ray","",120,"GEVP_TRI_RAY","","VehicleRigidBody","","Rust GEVP-aligned force solver",2,"{}"
3308,94.30,10809.1,2,1.000,0.000,0.000,0.000,1.060,-0.015,52.26,52.26,92.53,92.53,0.0026,0.0887,"rust_gevp_tri_ray","",120,"GEVP_TRI_RAY","","VehicleRigidBody","","Rust GEVP-aligned force solver",2,"{}"
3316,94.62,10868.5,2,1.000,0.000,0.000,0.000,1.064,-0.015,52.27,52.27,92.71,92.71,0.0026,0.0910,"rust_gevp_tri_ray","",120,"GEVP_TRI_RAY","","VehicleRigidBody","","Rust GEVP-aligned force solver",2,"{}"
3324,94.93,10928.1,2,1.000,0.000,0.000,0.000,1.067,-0.016,52.27,52.27,92.90,92.90,0.0026,0.0933,"rust_gevp_tri_ray","",120,"GEVP_TRI_RAY","","VehicleRigidBody","","Rust GEVP-aligned force solver",2,"{}"
3333,95.24,10987.9,2,1.000,0.000,0.000,0.000,1.068,-0.016,52.27,52.27,93.08,93.08,0.0026,0.0955,"rust_gevp_tri_ray","",120,"GEVP_TRI_RAY","","VehicleRigidBody","","Rust GEVP-aligned force solver",2,"{}"
3341,95.56,11047.9,2,1.000,0.000,0.000,0.000,1.070,-0.016,52.27,52.27,93.27,93.27,0.0026,0.0978,"rust_gevp_tri_ray","",120,"GEVP_TRI_RAY","","VehicleRigidBody","","Rust GEVP-aligned force solver",2,"{}"
3349,95.87,11108.2,2,1.000,0.000,0.000,0.000,1.071,-0.016,52.28,52.28,93.45,93.45,0.0026,0.1000,"rust_gevp_tri_ray","",120,"GEVP_TRI_RAY","","VehicleRigidBody","","Rust GEVP-aligned force solver",2,"{}"
3358,96.19,11168.8,2,1.000,0.000,0.000,0.000,1.072,-0.017,52.28,52.28,93.63,93.63,0.0026,0.1023,"rust_gevp_tri_ray","",120,"GEVP_TRI_RAY","","VehicleRigidBody","","Rust GEVP-aligned force solver",2,"{}"
3366,96.50,11229.6,2,1.000,0.000,0.000,0.000,1.073,-0.017,52.29,52.29,93.80,93.80,0.0026,0.1045,"rust_gevp_tri_ray","",120,"GEVP_TRI_RAY","","VehicleRigidBody","","Rust GEVP-aligned force solver",2,"{}"
3374,96.82,11290.8,2,1.000,0.000,0.000,0.000,1.074,-0.017,52.30,52.30,93.97,93.97,0.0026,0.1068,"rust_gevp_tri_ray","",120,"GEVP_TRI_RAY","","VehicleRigidBody","","Rust GEVP-aligned force solver",2,"{}"
3383,97.14,11352.2,2,1.000,0.000,0.000,0.000,1.075,-0.017,52.31,52.31,94.14,94.14,0.0025,0.1091,"rust_gevp_tri_ray","",120,"GEVP_TRI_RAY","","VehicleRigidBody","","Rust GEVP-aligned force solver",2,"{}"
3391,97.45,11414.0,2,1.000,0.000,0.000,0.000,1.076,-0.018,52.32,52.32,94.30,94.30,0.0025,0.1114,"rust_gevp_tri_ray","",120,"GEVP_TRI_RAY","","VehicleRigidBody","","Rust GEVP-aligned force solver",2,"{}"
3399,97.77,11476.0,2,1.000,0.000,0.000,0.000,1.077,-0.018,52.34,52.34,94.46,94.46,0.0025,0.1137,"rust_gevp_tri_ray","",120,"GEVP_TRI_RAY","","VehicleRigidBody","","Rust GEVP-aligned force solver",2,"{}"
3408,98.09,11538.4,2,1.000,0.000,0.000,0.000,1.078,-0.018,52.36,52.36,94.62,94.62,0.0025,0.1160,"rust_gevp_tri_ray","",120,"GEVP_TRI_RAY","","VehicleRigidBody","","Rust GEVP-aligned force solver",2,"{}"
3416,98.40,11601.0,2,1.000,0.000,0.000,0.000,1.078,-0.018,52.38,52.38,94.78,94.78,0.0025,0.1184,"rust_gevp_tri_ray","",120,"GEVP_TRI_RAY","","VehicleRigidBody","","Rust GEVP-aligned force solver",2,"{}"
3424,98.72,11663.9,2,1.000,0.000,0.000,0.000,1.079,-0.018,52.41,52.41,94.93,94.93,0.0025,0.1207,"rust_gevp_tri_ray","",120,"GEVP_TRI_RAY","","VehicleRigidBody","","Rust GEVP-aligned force solver",2,"{}"
3433,99.04,11727.2,2,1.000,0.000,0.000,0.000,1.080,-0.018,52.44,52.44,95.08,95.08,0.0025,0.1231,"rust_gevp_tri_ray","",120,"GEVP_TRI_RAY","","VehicleRigidBody","","Rust GEVP-aligned force solver",2,"{}"
3441,99.36,11790.8,2,1.000,0.000,0.000,0.000,1.081,-0.018,52.47,52.47,95.23,95.23,0.0025,0.1254,"rust_gevp_tri_ray","",120,"GEVP_TRI_RAY","","VehicleRigidBody","","Rust GEVP-aligned force solver",2,"{}"
3449,99.68,11854.6,2,1.000,0.000,0.000,0.000,1.082,-0.018,52.50,52.50,95.38,95.38,0.0025,0.1278,"rust_gevp_tri_ray","",120,"GEVP_TRI_RAY","","VehicleRigidBody","","Rust GEVP-aligned force solver",2,"{}"
3458,100.00,11918.8,2,1.000,0.000,0.000,0.000,1.083,-0.018,52.53,52.53,95.52,95.52,0.0025,0.1302,"rust_gevp_tri_ray","",120,"GEVP_TRI_RAY","","VehicleRigidBody","","Rust GEVP-aligned force solver",2,"{}"
3466,100.31,11983.3,2,1.000,0.000,0.000,0.000,1.084,-0.018,52.57,52.57,95.67,95.67,0.0025,0.1326,"rust_gevp_tri_ray","",120,"GEVP_TRI_RAY","","VehicleRigidBody","","Rust GEVP-aligned force solver",2,"{}"
3474,100.63,12048.2,2,1.000,0.000,0.000,0.000,1.085,-0.019,52.61,52.61,95.81,95.81,0.0025,0.1350,"rust_gevp_tri_ray","",120,"GEVP_TRI_RAY","","VehicleRigidBody","","Rust GEVP-aligned force solver",2,"{}"
3483,100.95,12113.3,2,1.000,0.000,0.000,0.000,1.085,-0.019,52.65,52.65,95.95,95.95,0.0025,0.1374,"rust_gevp_tri_ray","",120,"GEVP_TRI_RAY","","VehicleRigidBody","","Rust GEVP-aligned force solver",2,"{}"
3491,101.27,12178.8,2,1.000,0.000,0.000,0.000,1.086,-0.019,52.69,52.69,96.09,96.09,0.0024,0.1398,"rust_gevp_tri_ray","",120,"GEVP_TRI_RAY","","VehicleRigidBody","","Rust GEVP-aligned force solver",2,"{}"
3499,101.59,12244.5,2,1.000,0.000,0.000,0.000,1.087,-0.019,52.73,52.73,96.22,96.22,0.0024,0.1423,"rust_gevp_tri_ray","",120,"GEVP_TRI_RAY","","VehicleRigidBody","","Rust GEVP-aligned force solver",2,"{}"
3508,101.91,12310.6,2,1.000,0.000,0.000,0.000,1.088,-0.019,52.78,52.78,96.36,96.36,0.0024,0.1447,"rust_gevp_tri_ray","",120,"GEVP_TRI_RAY","","VehicleRigidBody","","Rust GEVP-aligned force solver",2,"{}"
3516,102.23,12377.1,2,1.000,0.000,0.000,0.000,1.089,-0.019,52.82,52.82,96.49,96.49,0.0024,0.1472,"rust_gevp_tri_ray","",120,"GEVP_TRI_RAY","","VehicleRigidBody","","Rust GEVP-aligned force solver",2,"{}"
3524,102.55,12443.8,2,1.000,0.000,0.000,0.000,1.089,-0.019,52.87,52.87,96.63,96.63,0.0024,0.1497,"rust_gevp_tri_ray","",120,"GEVP_TRI_RAY","","VehicleRigidBody","","Rust GEVP-aligned force solver",2,"{}"
3533,102.87,12510.9,2,1.000,0.000,0.000,0.000,1.090,-0.019,52.92,52.92,96.76,96.76,0.0024,0.1522,"rust_gevp_tri_ray","",120,"GEVP_TRI_RAY","","VehicleRigidBody","","Rust GEVP-aligned force solver",2,"{}"
3541,103.19,12578.4,2,1.000,0.000,0.000,0.000,1.091,-0.019,52.97,52.97,96.89,96.89,0.0024,0.1547,"rust_gevp_tri_ray","",120,"GEVP_TRI_RAY","","VehicleRigidBody","","Rust GEVP-aligned force solver",2,"{}"
3549,103.52,12646.1,2,1.000,0.000,0.000,0.000,1.092,-0.019,53.02,53.02,97.02,97.02,0.0024,0.1572,"rust_gevp_tri_ray","",120,"GEVP_TRI_RAY","","VehicleRigidBody","","Rust GEVP-aligned force solver",2,"{}"
3558,103.84,12714.2,2,1.000,0.000,0.000,0.000,1.093,-0.019,53.07,53.07,97.15,97.15,0.0024,0.1597,"rust_gevp_tri_ray","",120,"GEVP_TRI_RAY","","VehicleRigidBody","","Rust GEVP-aligned force solver",2,"{}"
3566,104.16,12782.7,2,1.000,0.000,0.000,0.000,1.093,-0.019,53.12,53.12,97.27,97.27,0.0024,0.1622,"rust_gevp_tri_ray","",120,"GEVP_TRI_RAY","","VehicleRigidBody","","Rust GEVP-aligned force solver",2,"{}"
3574,104.48,12851.5,2,1.000,0.000,0.000,0.000,1.094,-0.019,53.18,53.18,97.40,97.40,0.0024,0.1648,"rust_gevp_tri_ray","",120,"GEVP_TRI_RAY","","VehicleRigidBody","","Rust GEVP-aligned force solver",2,"{}"
3583,104.80,12920.6,2,1.000,0.000,0.000,0.000,1.095,-0.019,53.23,53.23,97.52,97.52,0.0024,0.1673,"rust_gevp_tri_ray","",120,"GEVP_TRI_RAY","","VehicleRigidBody","","Rust GEVP-aligned force solver",2,"{}"
3591,105.13,12990.1,2,1.000,0.000,0.000,0.000,1.096,-0.019,53.29,53.29,97.65,97.65,0.0024,0.1699,"rust_gevp_tri_ray","",120,"GEVP_TRI_RAY","","VehicleRigidBody","","Rust GEVP-aligned force solver",2,"{}"
3599,105.45,13059.9,2,1.000,0.000,0.000,0.000,1.097,-0.019,53.34,53.34,97.77,97.77,0.0024,0.1725,"rust_gevp_tri_ray","",120,"GEVP_TRI_RAY","","VehicleRigidBody","","Rust GEVP-aligned force solver",2,"{}"
3608,105.77,13130.1,2,1.000,0.000,0.000,0.000,1.097,-0.019,53.40,53.40,97.90,97.90,0.0024,0.1751,"rust_gevp_tri_ray","",120,"GEVP_TRI_RAY","","VehicleRigidBody","","Rust GEVP-aligned force solver",2,"{}"
3616,106.09,13200.6,2,1.000,0.000,0.000,0.000,1.098,-0.019,53.46,53.46,98.02,98.02,0.0023,0.1777,"rust_gevp_tri_ray","",120,"GEVP_TRI_RAY","","VehicleRigidBody","","Rust GEVP-aligned force solver",2,"{}"
3624,106.42,13271.5,2,1.000,0.000,0.000,0.000,1.099,-0.020,53.52,53.52,98.14,98.14,0.0023,0.1803,"rust_gevp_tri_ray","",120,"GEVP_TRI_RAY","","VehicleRigidBody","","Rust GEVP-aligned force solver",2,"{}"
3633,106.74,13342.7,2,1.000,0.000,0.000,0.000,1.100,-0.020,53.58,53.58,98.26,98.26,0.0023,0.1830,"rust_gevp_tri_ray","",120,"GEVP_TRI_RAY","","VehicleRigidBody","","Rust GEVP-aligned force solver",2,"{}"
3641,107.07,13414.3,2,1.000,0.000,0.000,0.000,1.101,-0.020,53.64,53.64,98.38,98.38,0.0023,0.1856,"rust_gevp_tri_ray","",120,"GEVP_TRI_RAY","","VehicleRigidBody","","Rust GEVP-aligned force solver",2,"{}"
3649,107.39,13486.3,2,1.000,0.000,0.000,0.000,1.101,-0.020,53.70,53.70,98.50,98.50,0.0023,0.1883,"rust_gevp_tri_ray","",120,"GEVP_TRI_RAY","","VehicleRigidBody","","Rust GEVP-aligned force solver",2,"{}"
3658,107.71,13558.4,2,1.000,0.000,0.000,0.000,1.102,-0.020,53.76,53.76,98.62,98.62,0.0023,0.1909,"rust_gevp_tri_ray","",120,"GEVP_TRI_RAY","","VehicleRigidBody","","Rust GEVP-aligned force solver",2,"{}"
3666,108.04,13630.5,2,1.000,0.000,0.000,0.000,1.103,-0.020,53.82,53.82,98.74,98.74,0.0023,0.1935,"rust_gevp_tri_ray","",120,"GEVP_TRI_RAY","","VehicleRigidBody","","Rust GEVP-aligned force solver",2,"{}"
3674,108.36,13702.6,2,1.000,0.000,0.000,0.000,1.104,-0.020,53.89,53.89,98.86,98.86,0.0023,0.1961,"rust_gevp_tri_ray","",120,"GEVP_TRI_RAY","","VehicleRigidBody","","Rust GEVP-aligned force solver",2,"{}"
3683,108.69,13774.7,2,1.000,0.000,0.000,0.000,1.105,-0.020,53.95,53.95,98.98,98.98,0.0023,0.1987,"rust_gevp_tri_ray","",120,"GEVP_TRI_RAY","","VehicleRigidBody","","Rust GEVP-aligned force solver",2,"{}"
3691,109.01,13846.9,2,1.000,0.000,0.000,0.000,1.105,-0.020,54.01,54.01,99.10,99.10,0.0023,0.2013,"rust_gevp_tri_ray","",120,"GEVP_TRI_RAY","","VehicleRigidBody","","Rust GEVP-aligned force solver",2,"{}"
3699,109.34,13919.0,2,1.000,0.000,0.000,0.000,1.106,-0.020,54.08,54.08,99.22,99.22,0.0023,0.2038,"rust_gevp_tri_ray","",120,"GEVP_TRI_RAY","","VehicleRigidBody","","Rust GEVP-aligned force solver",2,"{}"
3708,109.66,13991.1,2,1.000,0.000,0.000,0.000,1.107,-0.020,54.14,54.14,99.34,99.34,0.0023,0.2063,"rust_gevp_tri_ray","",120,"GEVP_TRI_RAY","","VehicleRigidBody","","Rust GEVP-aligned force solver",2,"{}"
3716,109.99,14063.2,2,1.000,0.000,0.000,0.000,1.108,-0.020,54.21,54.21,99.46,99.46,0.0023,0.2089,"rust_gevp_tri_ray","",120,"GEVP_TRI_RAY","","VehicleRigidBody","","Rust GEVP-aligned force solver",2,"{}"
3724,110.32,14135.3,2,1.000,0.000,0.000,0.000,1.109,-0.020,54.27,54.27,99.58,99.58,0.0023,0.2114,"rust_gevp_tri_ray","",120,"GEVP_TRI_RAY","","VehicleRigidBody","","Rust GEVP-aligned force solver",2,"{}"
3733,110.64,14207.5,2,1.000,0.000,0.000,0.000,1.109,-0.020,54.34,54.34,99.70,99.70,0.0023,0.2138,"rust_gevp_tri_ray","",120,"GEVP_TRI_RAY","","VehicleRigidBody","","Rust GEVP-aligned force solver",2,"{}"
3741,110.97,14279.6,2,1.000,0.000,0.000,0.000,1.110,-0.020,54.41,54.41,99.81,99.81,0.0022,0.2163,"rust_gevp_tri_ray","",120,"GEVP_TRI_RAY","","VehicleRigidBody","","Rust GEVP-aligned force solver",2,"{}"
3749,111.30,14351.7,2,1.000,0.000,0.000,0.000,1.111,-0.020,54.48,54.48,99.93,99.93,0.0022,0.2187,"rust_gevp_tri_ray","",120,"GEVP_TRI_RAY","","VehicleRigidBody","","Rust GEVP-aligned force solver",2,"{}"
3758,111.62,14423.8,2,1.000,0.000,0.000,0.000,1.112,-0.020,54.55,54.55,100.05,100.05,0.0022,0.2212,"rust_gevp_tri_ray","",120,"GEVP_TRI_RAY","","VehicleRigidBody","","Rust GEVP-aligned force solver",2,"{}"
3766,111.95,14495.9,2,1.000,0.000,0.000,0.000,1.113,-0.020,54.61,54.61,100.17,100.17,0.0022,0.2236,"rust_gevp_tri_ray","",120,"GEVP_TRI_RAY","","VehicleRigidBody","","Rust GEVP-aligned force solver",2,"{}"
3774,112.28,14568.0,2,1.000,0.000,0.000,0.000,1.114,-0.020,54.68,54.68,100.29,100.29,0.0022,0.2260,"rust_gevp_tri_ray","",120,"GEVP_TRI_RAY","","VehicleRigidBody","","Rust GEVP-aligned force solver",2,"{}"
3783,112.61,14640.1,2,1.000,0.000,0.000,0.000,1.114,-0.021,54.75,54.75,100.41,100.41,0.0022,0.2283,"rust_gevp_tri_ray","",120,"GEVP_TRI_RAY","","VehicleRigidBody","","Rust GEVP-aligned force solver",2,"{}"
3791,112.94,14712.2,2,1.000,0.000,0.000,0.000,1.115,-0.021,54.82,54.82,100.53,100.53,0.0022,0.2307,"rust_gevp_tri_ray","",120,"GEVP_TRI_RAY","","VehicleRigidBody","","Rust GEVP-aligned force solver",2,"{}"
3799,113.26,14784.3,2,1.000,0.000,0.000,0.000,1.116,-0.021,54.90,54.90,100.64,100.64,0.0022,0.2331,"rust_gevp_tri_ray","",120,"GEVP_TRI_RAY","","VehicleRigidBody","","Rust GEVP-aligned force solver",2,"{}"
3808,113.59,14856.4,2,1.000,0.000,0.000,0.000,1.117,-0.021,54.97,54.97,100.76,100.76,0.0022,0.2354,"rust_gevp_tri_ray","",120,"GEVP_TRI_RAY","","VehicleRigidBody","","Rust GEVP-aligned force solver",2,"{}"
3816,113.92,14928.5,2,1.000,0.000,0.000,0.000,1.118,-0.021,55.04,55.04,100.88,100.88,0.0022,0.2377,"rust_gevp_tri_ray","",120,"GEVP_TRI_RAY","","VehicleRigidBody","","Rust GEVP-aligned force solver",2,"{}"
3824,114.25,15000.6,2,1.000,0.000,0.000,0.000,1.119,-0.021,55.11,55.11,101.00,101.00,0.0022,0.2400,"rust_gevp_tri_ray","",120,"GEVP_TRI_RAY","","VehicleRigidBody","","Rust GEVP-aligned force solver",2,"{}"
3833,114.58,15072.4,2,1.000,0.000,0.000,0.000,1.119,-0.021,55.18,55.18,101.12,101.12,0.0022,0.2422,"rust_gevp_tri_ray","",120,"GEVP_TRI_RAY","","VehicleRigidBody","","Rust GEVP-aligned force solver",2,"{}"
3841,114.91,15143.8,2,1.000,0.000,0.000,0.000,1.120,-0.021,55.26,55.26,101.24,101.24,0.0022,0.2444,"rust_gevp_tri_ray","",120,"GEVP_TRI_RAY","","VehicleRigidBody","","Rust GEVP-aligned force solver",2,"{}"
3849,115.24,15214.6,2,1.000,0.000,0.000,0.000,1.121,-0.021,55.33,55.33,101.36,101.36,0.0022,0.2466,"rust_gevp_tri_ray","",120,"GEVP_TRI_RAY","","VehicleRigidBody","","Rust GEVP-aligned force solver",2,"{}"
3858,115.57,15284.9,2,1.000,0.000,0.000,0.000,1.122,-0.021,55.40,55.40,101.48,101.48,0.0022,0.2486,"rust_gevp_tri_ray","",120,"GEVP_TRI_RAY","","VehicleRigidBody","","Rust GEVP-aligned force solver",2,"{}"
3866,115.90,15354.8,2,1.000,0.000,0.000,0.000,1.123,-0.021,55.48,55.48,101.60,101.60,0.0021,0.2506,"rust_gevp_tri_ray","",120,"GEVP_TRI_RAY","","VehicleRigidBody","","Rust GEVP-aligned force solver",2,"{}"
3874,116.23,15424.1,2,1.000,0.000,0.000,0.000,1.124,-0.021,55.55,55.55,101.72,101.72,0.0021,0.2526,"rust_gevp_tri_ray","",120,"GEVP_TRI_RAY","","VehicleRigidBody","","Rust GEVP-aligned force solver",2,"{}"
3883,116.56,15492.9,2,1.000,0.000,0.000,0.000,1.124,-0.021,55.63,55.63,101.85,101.85,0.0021,0.2545,"rust_gevp_tri_ray","",120,"GEVP_TRI_RAY","","VehicleRigidBody","","Rust GEVP-aligned force solver",2,"{}"
3891,116.89,15561.2,2,1.000,0.000,0.000,0.000,1.125,-0.021,55.71,55.71,101.97,101.97,0.0021,0.2564,"rust_gevp_tri_ray","",120,"GEVP_TRI_RAY","","VehicleRigidBody","","Rust GEVP-aligned force solver",2,"{}"
3899,117.22,15628.9,2,1.000,0.000,0.000,0.000,1.126,-0.021,55.78,55.78,102.09,102.09,0.0021,0.2582,"rust_gevp_tri_ray","",120,"GEVP_TRI_RAY","","VehicleRigidBody","","Rust GEVP-aligned force solver",2,"{}"
3908,117.56,15696.2,2,1.000,0.000,0.000,0.000,1.127,-0.021,55.86,55.86,102.21,102.21,0.0021,0.2599,"rust_gevp_tri_ray","",120,"GEVP_TRI_RAY","","VehicleRigidBody","","Rust GEVP-aligned force solver",2,"{}"
3916,117.89,15696.2,2,1.000,0.000,0.000,0.000,1.127,-0.021,55.94,55.94,102.33,102.33,0.0021,0.2376,"rust_gevp_tri_ray","",120,"GEVP_TRI_RAY","","VehicleRigidBody","","Rust GEVP-aligned force solver",2,"{}"
3924,118.22,15696.2,2,1.000,0.000,0.000,0.000,1.128,-0.021,56.01,56.01,102.45,102.45,0.0021,0.2154,"rust_gevp_tri_ray","",120,"GEVP_TRI_RAY","","VehicleRigidBody","","Rust GEVP-aligned force solver",2,"{}"
3933,118.55,15696.2,2,1.000,0.000,0.000,0.000,1.128,-0.021,56.09,56.09,102.58,102.58,0.0021,0.1934,"rust_gevp_tri_ray","",120,"GEVP_TRI_RAY","","VehicleRigidBody","","Rust GEVP-aligned force solver",2,"{}"
3941,118.88,15696.2,2,1.000,0.000,0.000,0.000,1.127,-0.021,56.17,56.17,102.70,102.70,0.0021,0.1714,"rust_gevp_tri_ray","",120,"GEVP_TRI_RAY","","VehicleRigidBody","","Rust GEVP-aligned force solver",2,"{}"
3949,119.21,15696.2,2,1.000,0.000,0.000,0.000,1.127,-0.021,56.25,56.25,102.82,102.82,0.0021,0.1495,"rust_gevp_tri_ray","",120,"GEVP_TRI_RAY","","VehicleRigidBody","","Rust GEVP-aligned force solver",2,"{}"
3958,119.55,15696.2,2,1.000,0.000,0.000,0.000,1.126,-0.021,56.34,56.34,102.94,102.94,0.0021,0.1278,"rust_gevp_tri_ray","",120,"GEVP_TRI_RAY","","VehicleRigidBody","","Rust GEVP-aligned force solver",2,"{}"
3966,119.88,15696.2,2,1.000,0.000,0.000,0.000,1.124,-0.021,56.42,56.42,103.06,103.06,0.0021,0.1062,"rust_gevp_tri_ray","",120,"GEVP_TRI_RAY","","VehicleRigidBody","","Rust GEVP-aligned force solver",2,"{}"
3974,120.16,15696.2,2,1.000,0.000,0.000,0.000,0.959,-0.021,56.51,56.51,103.18,103.18,0.0020,0.0847,"rust_gevp_tri_ray","",120,"GEVP_TRI_RAY","","VehicleRigidBody","","Rust GEVP-aligned force solver",2,"{}"
3983,120.37,15696.2,2,1.000,0.000,0.000,0.000,0.718,-0.021,56.71,56.71,103.21,103.21,0.0016,0.0662,"rust_gevp_tri_ray","",120,"GEVP_TRI_RAY","","VehicleRigidBody","","Rust GEVP-aligned force solver",2,"{}"
3991,120.53,15696.2,2,1.000,0.000,0.000,0.000,0.534,-0.018,57.12,57.12,103.08,103.08,0.0010,0.0519,"rust_gevp_tri_ray","",120,"GEVP_TRI_RAY","","VehicleRigidBody","","Rust GEVP-aligned force solver",2,"{}"
3999,120.64,15696.2,2,1.000,0.000,0.000,0.000,0.392,-0.014,57.74,57.74,102.78,102.78,0.0005,0.0409,"rust_gevp_tri_ray","",120,"GEVP_TRI_RAY","","VehicleRigidBody","","Rust GEVP-aligned force solver",2,"{}"
4008,120.72,15696.2,2,1.000,0.000,0.000,0.000,0.281,-0.010,58.55,58.55,102.34,102.34,0.0001,0.0323,"rust_gevp_tri_ray","",120,"GEVP_TRI_RAY","","VehicleRigidBody","","Rust GEVP-aligned force solver",2,"{}"
4016,120.78,15696.2,2,1.000,0.000,0.000,0.000,0.194,-0.007,59.51,59.51,101.78,101.78,0.0002,0.0256,"rust_gevp_tri_ray","",120,"GEVP_TRI_RAY","","VehicleRigidBody","","Rust GEVP-aligned force solver",2,"{}"
4024,120.82,15696.2,2,1.000,0.000,0.000,0.000,0.126,-0.005,60.58,60.58,101.13,101.13,0.0004,0.0204,"rust_gevp_tri_ray","",120,"GEVP_TRI_RAY","","VehicleRigidBody","","Rust GEVP-aligned force solver",2,"{}"
4033,120.84,15696.2,2,1.000,0.000,0.000,0.000,0.073,-0.009,61.73,61.73,100.43,100.43,0.0006,0.0164,"rust_gevp_tri_ray","",120,"GEVP_TRI_RAY","","VehicleRigidBody","","Rust GEVP-aligned force solver",2,"{}"
4041,121.09,10998.2,3,1.000,0.000,0.000,0.000,0.853,-0.010,62.94,62.94,99.68,99.68,0.0008,0.0312,"rust_gevp_tri_ray","",120,"GEVP_TRI_RAY","","VehicleRigidBody","","Rust GEVP-aligned force solver",2,"{}"
4049,121.37,11041.5,3,1.000,0.000,0.000,0.000,0.961,-0.006,63.65,63.65,99.34,99.34,0.0013,0.0370,"rust_gevp_tri_ray","",120,"GEVP_TRI_RAY","","VehicleRigidBody","","Rust GEVP-aligned force solver",2,"{}"
4058,121.67,11085.7,3,1.000,0.000,0.000,0.000,1.017,-0.012,64.00,64.00,99.29,99.29,0.0016,0.0400,"rust_gevp_tri_ray","",120,"GEVP_TRI_RAY","","VehicleRigidBody","","Rust GEVP-aligned force solver",2,"{}"
4066,121.99,11129.6,3,1.000,0.000,0.000,0.000,1.059,-0.012,64.12,64.12,99.42,99.42,0.0017,0.0420,"rust_gevp_tri_ray","",120,"GEVP_TRI_RAY","","VehicleRigidBody","","Rust GEVP-aligned force solver",2,"{}"
4074,122.31,11171.9,3,1.000,0.000,0.000,0.000,1.087,-0.010,64.11,64.11,99.66,99.66,0.0018,0.0435,"rust_gevp_tri_ray","",120,"GEVP_TRI_RAY","","VehicleRigidBody","","Rust GEVP-aligned force solver",2,"{}"
4083,122.63,11213.0,3,1.000,0.000,0.000,0.000,1.104,-0.008,64.02,64.02,99.96,99.96,0.0019,0.0446,"rust_gevp_tri_ray","",120,"GEVP_TRI_RAY","","VehicleRigidBody","","Rust GEVP-aligned force solver",2,"{}"
4091,122.96,11253.4,3,1.000,0.000,0.000,0.000,1.115,-0.008,63.87,63.87,100.29,100.29,0.0019,0.0457,"rust_gevp_tri_ray","",120,"GEVP_TRI_RAY","","VehicleRigidBody","","Rust GEVP-aligned force solver",2,"{}"
4099,123.29,11293.3,3,1.000,0.000,0.000,0.000,1.122,-0.009,63.70,63.70,100.63,100.63,0.0019,0.0466,"rust_gevp_tri_ray","",120,"GEVP_TRI_RAY","","VehicleRigidBody","","Rust GEVP-aligned force solver",2,"{}"
4108,123.62,11333.1,3,1.000,0.000,0.000,0.000,1.126,-0.010,63.51,63.51,100.98,100.98,0.0019,0.0474,"rust_gevp_tri_ray","",120,"GEVP_TRI_RAY","","VehicleRigidBody","","Rust GEVP-aligned force solver",2,"{}"
4116,123.95,11372.8,3,1.000,0.000,0.000,0.000,1.129,-0.011,63.31,63.31,101.32,101.32,0.0020,0.0482,"rust_gevp_tri_ray","",120,"GEVP_TRI_RAY","","VehicleRigidBody","","Rust GEVP-aligned force solver",2,"{}"
4124,124.28,11412.6,3,1.000,0.000,0.000,0.000,1.130,-0.012,63.12,63.12,101.65,101.65,0.0020,0.0491,"rust_gevp_tri_ray","",120,"GEVP_TRI_RAY","","VehicleRigidBody","","Rust GEVP-aligned force solver",2,"{}"
4133,124.62,11452.4,3,1.000,0.000,0.000,0.000,1.131,-0.014,62.94,62.94,101.97,101.97,0.0020,0.0499,"rust_gevp_tri_ray","",120,"GEVP_TRI_RAY","","VehicleRigidBody","","Rust GEVP-aligned force solver",2,"{}"
4141,124.95,11492.5,3,1.000,0.000,0.000,0.000,1.131,-0.015,62.76,62.76,102.27,102.27,0.0019,0.0507,"rust_gevp_tri_ray","",120,"GEVP_TRI_RAY","","VehicleRigidBody","","Rust GEVP-aligned force solver",2,"{}"
4149,125.28,11532.7,3,1.000,0.000,0.000,0.000,1.132,-0.016,62.60,62.60,102.57,102.57,0.0019,0.0515,"rust_gevp_tri_ray","",120,"GEVP_TRI_RAY","","VehicleRigidBody","","Rust GEVP-aligned force solver",2,"{}"
4158,125.62,11573.1,3,1.000,0.000,0.000,0.000,1.132,-0.017,62.44,62.44,102.85,102.85,0.0019,0.0524,"rust_gevp_tri_ray","",120,"GEVP_TRI_RAY","","VehicleRigidBody","","Rust GEVP-aligned force solver",2,"{}"
4166,125.95,11613.7,3,1.000,0.000,0.000,0.000,1.132,-0.018,62.30,62.30,103.12,103.12,0.0019,0.0532,"rust_gevp_tri_ray","",120,"GEVP_TRI_RAY","","VehicleRigidBody","","Rust GEVP-aligned force solver",2,"{}"
4174,126.28,11654.4,3,1.000,0.000,0.000,0.000,1.132,-0.019,62.17,62.17,103.37,103.37,0.0019,0.0541,"rust_gevp_tri_ray","",120,"GEVP_TRI_RAY","","VehicleRigidBody","","Rust GEVP-aligned force solver",2,"{}"
4183,126.62,11695.4,3,1.000,0.000,0.000,0.000,1.133,-0.020,62.05,62.05,103.62,103.62,0.0019,0.0549,"rust_gevp_tri_ray","",120,"GEVP_TRI_RAY","","VehicleRigidBody","","Rust GEVP-aligned force solver",2,"{}"
4191,126.95,11736.5,3,1.000,0.000,0.000,0.000,1.133,-0.020,61.95,61.95,103.86,103.86,0.0019,0.0558,"rust_gevp_tri_ray","",120,"GEVP_TRI_RAY","","VehicleRigidBody","","Rust GEVP-aligned force solver",2,"{}"
4199,127.28,11777.8,3,1.000,0.000,0.000,0.000,1.134,-0.021,61.85,61.85,104.10,104.10,0.0019,0.0567,"rust_gevp_tri_ray","",120,"GEVP_TRI_RAY","","VehicleRigidBody","","Rust GEVP-aligned force solver",2,"{}"
4208,127.62,11819.2,3,1.000,0.000,0.000,0.000,1.134,-0.021,61.77,61.77,104.32,104.32,0.0019,0.0576,"rust_gevp_tri_ray","",120,"GEVP_TRI_RAY","","VehicleRigidBody","","Rust GEVP-aligned force solver",2,"{}"
4216,127.95,11860.8,3,1.000,0.000,0.000,0.000,1.135,-0.021,61.70,61.70,104.54,104.54,0.0019,0.0585,"rust_gevp_tri_ray","",120,"GEVP_TRI_RAY","","VehicleRigidBody","","Rust GEVP-aligned force solver",2,"{}"
4225,128.28,11902.6,3,1.000,0.000,0.000,0.000,1.136,-0.022,61.63,61.63,104.75,104.75,0.0019,0.0594,"rust_gevp_tri_ray","",120,"GEVP_TRI_RAY","","VehicleRigidBody","","Rust GEVP-aligned force solver",2,"{}"
4233,128.62,11944.5,3,1.000,0.000,0.000,0.000,1.137,-0.022,61.58,61.58,104.96,104.96,0.0019,0.0604,"rust_gevp_tri_ray","",120,"GEVP_TRI_RAY","","VehicleRigidBody","","Rust GEVP-aligned force solver",2,"{}"
4241,128.95,11986.6,3,1.000,0.000,0.000,0.000,1.137,-0.022,61.53,61.53,105.17,105.17,0.0019,0.0613,"rust_gevp_tri_ray","",120,"GEVP_TRI_RAY","","VehicleRigidBody","","Rust GEVP-aligned force solver",2,"{}"
4250,129.29,12028.8,3,1.000,0.000,0.000,0.000,1.138,-0.022,61.50,61.50,105.36,105.36,0.0019,0.0622,"rust_gevp_tri_ray","",120,"GEVP_TRI_RAY","","VehicleRigidBody","","Rust GEVP-aligned force solver",2,"{}"
4258,129.62,12071.1,3,1.000,0.000,0.000,0.000,1.139,-0.022,61.47,61.47,105.56,105.56,0.0019,0.0631,"rust_gevp_tri_ray","",120,"GEVP_TRI_RAY","","VehicleRigidBody","","Rust GEVP-aligned force solver",2,"{}"
4266,129.96,12113.6,3,1.000,0.000,0.000,0.000,1.140,-0.022,61.44,61.44,105.75,105.75,0.0019,0.0641,"rust_gevp_tri_ray","",120,"GEVP_TRI_RAY","","VehicleRigidBody","","Rust GEVP-aligned force solver",2,"{}"
4275,130.29,12156.2,3,1.000,0.000,0.000,0.000,1.141,-0.022,61.43,61.43,105.94,105.94,0.0019,0.0650,"rust_gevp_tri_ray","",120,"GEVP_TRI_RAY","","VehicleRigidBody","","Rust GEVP-aligned force solver",2,"{}"
4283,130.63,12198.9,3,1.000,0.000,0.000,0.000,1.142,-0.022,61.42,61.42,106.12,106.12,0.0018,0.0660,"rust_gevp_tri_ray","",120,"GEVP_TRI_RAY","","VehicleRigidBody","","Rust GEVP-aligned force solver",2,"{}"
4291,130.97,12241.8,3,1.000,0.000,0.000,0.000,1.143,-0.022,61.42,61.42,106.31,106.31,0.0018,0.0669,"rust_gevp_tri_ray","",120,"GEVP_TRI_RAY","","VehicleRigidBody","","Rust GEVP-aligned force solver",2,"{}"
4300,131.30,12284.8,3,1.000,0.000,0.000,0.000,1.145,-0.022,61.43,61.43,106.49,106.49,0.0018,0.0679,"rust_gevp_tri_ray","",120,"GEVP_TRI_RAY","","VehicleRigidBody","","Rust GEVP-aligned force solver",2,"{}"
4308,131.64,12328.0,3,1.000,0.000,0.000,0.000,1.146,-0.022,61.44,61.44,106.67,106.67,0.0018,0.0689,"rust_gevp_tri_ray","",120,"GEVP_TRI_RAY","","VehicleRigidBody","","Rust GEVP-aligned force solver",2,"{}"
4316,131.98,12371.3,3,1.000,0.000,0.000,0.000,1.147,-0.022,61.45,61.45,106.84,106.84,0.0018,0.0698,"rust_gevp_tri_ray","",120,"GEVP_TRI_RAY","","VehicleRigidBody","","Rust GEVP-aligned force solver",2,"{}"
4325,132.32,12414.7,3,1.000,0.000,0.000,0.000,1.148,-0.022,61.47,61.47,107.02,107.02,0.0018,0.0708,"rust_gevp_tri_ray","",120,"GEVP_TRI_RAY","","VehicleRigidBody","","Rust GEVP-aligned force solver",2,"{}"
4333,132.65,12458.2,3,1.000,0.000,0.000,0.000,1.149,-0.022,61.49,61.49,107.19,107.19,0.0018,0.0718,"rust_gevp_tri_ray","",120,"GEVP_TRI_RAY","","VehicleRigidBody","","Rust GEVP-aligned force solver",2,"{}"
4341,132.99,12501.9,3,1.000,0.000,0.000,0.000,1.150,-0.022,61.52,61.52,107.37,107.37,0.0018,0.0727,"rust_gevp_tri_ray","",120,"GEVP_TRI_RAY","","VehicleRigidBody","","Rust GEVP-aligned force solver",2,"{}"
4350,133.33,12545.7,3,1.000,0.000,0.000,0.000,1.151,-0.022,61.55,61.55,107.54,107.54,0.0018,0.0737,"rust_gevp_tri_ray","",120,"GEVP_TRI_RAY","","VehicleRigidBody","","Rust GEVP-aligned force solver",2,"{}"
4358,133.67,12589.7,3,1.000,0.000,0.000,0.000,1.153,-0.022,61.58,61.58,107.71,107.71,0.0018,0.0747,"rust_gevp_tri_ray","",120,"GEVP_TRI_RAY","","VehicleRigidBody","","Rust GEVP-aligned force solver",2,"{}"
4366,134.01,12633.8,3,1.000,0.000,0.000,0.000,1.154,-0.022,61.62,61.62,107.88,107.88,0.0018,0.0757,"rust_gevp_tri_ray","",120,"GEVP_TRI_RAY","","VehicleRigidBody","","Rust GEVP-aligned force solver",2,"{}"
4375,134.35,12678.0,3,1.000,0.000,0.000,0.000,1.155,-0.022,61.66,61.66,108.04,108.04,0.0018,0.0767,"rust_gevp_tri_ray","",120,"GEVP_TRI_RAY","","VehicleRigidBody","","Rust GEVP-aligned force solver",2,"{}"
4383,134.69,12722.3,3,1.000,0.000,0.000,0.000,1.156,-0.022,61.70,61.70,108.21,108.21,0.0018,0.0777,"rust_gevp_tri_ray","",120,"GEVP_TRI_RAY","","VehicleRigidBody","","Rust GEVP-aligned force solver",2,"{}"
4391,135.03,12766.8,3,1.000,0.000,0.000,0.000,1.157,-0.022,61.75,61.75,108.38,108.38,0.0018,0.0787,"rust_gevp_tri_ray","",120,"GEVP_TRI_RAY","","VehicleRigidBody","","Rust GEVP-aligned force solver",2,"{}"
4400,135.37,12811.4,3,1.000,0.000,0.000,0.000,1.158,-0.022,61.80,61.80,108.54,108.54,0.0018,0.0797,"rust_gevp_tri_ray","",120,"GEVP_TRI_RAY","","VehicleRigidBody","","Rust GEVP-aligned force solver",2,"{}"
4408,135.71,12856.2,3,1.000,0.000,0.000,0.000,1.159,-0.022,61.85,61.85,108.70,108.70,0.0018,0.0807,"rust_gevp_tri_ray","",120,"GEVP_TRI_RAY","","VehicleRigidBody","","Rust GEVP-aligned force solver",2,"{}"
4416,136.05,12901.1,3,1.000,0.000,0.000,0.000,1.160,-0.022,61.90,61.90,108.87,108.87,0.0018,0.0817,"rust_gevp_tri_ray","",120,"GEVP_TRI_RAY","","VehicleRigidBody","","Rust GEVP-aligned force solver",2,"{}"
4425,136.40,12946.1,3,1.000,0.000,0.000,0.000,1.162,-0.022,61.96,61.96,109.03,109.03,0.0018,0.0827,"rust_gevp_tri_ray","",120,"GEVP_TRI_RAY","","VehicleRigidBody","","Rust GEVP-aligned force solver",2,"{}"
4433,136.74,12991.3,3,1.000,0.000,0.000,0.000,1.163,-0.023,62.02,62.02,109.19,109.19,0.0018,0.0837,"rust_gevp_tri_ray","",120,"GEVP_TRI_RAY","","VehicleRigidBody","","Rust GEVP-aligned force solver",2,"{}"
4441,137.08,13036.6,3,1.000,0.000,0.000,0.000,1.164,-0.023,62.08,62.08,109.35,109.35,0.0018,0.0847,"rust_gevp_tri_ray","",120,"GEVP_TRI_RAY","","VehicleRigidBody","","Rust GEVP-aligned force solver",2,"{}"
4450,137.42,13082.1,3,1.000,0.000,0.000,0.000,1.165,-0.023,62.14,62.14,109.51,109.51,0.0018,0.0857,"rust_gevp_tri_ray","",120,"GEVP_TRI_RAY","","VehicleRigidBody","","Rust GEVP-aligned force solver",2,"{}"
4458,137.77,13127.6,3,1.000,0.000,0.000,0.000,1.166,-0.023,62.20,62.20,109.67,109.67,0.0018,0.0867,"rust_gevp_tri_ray","",120,"GEVP_TRI_RAY","","VehicleRigidBody","","Rust GEVP-aligned force solver",2,"{}"
4466,138.11,13173.4,3,1.000,0.000,0.000,0.000,1.167,-0.023,62.27,62.27,109.83,109.83,0.0017,0.0878,"rust_gevp_tri_ray","",120,"GEVP_TRI_RAY","","VehicleRigidBody","","Rust GEVP-aligned force solver",2,"{}"
4475,138.45,13219.3,3,1.000,0.000,0.000,0.000,1.168,-0.023,62.33,62.33,109.99,109.99,0.0017,0.0888,"rust_gevp_tri_ray","",120,"GEVP_TRI_RAY","","VehicleRigidBody","","Rust GEVP-aligned force solver",2,"{}"
4483,138.80,13265.3,3,1.000,0.000,0.000,0.000,1.169,-0.023,62.40,62.40,110.15,110.15,0.0017,0.0898,"rust_gevp_tri_ray","",120,"GEVP_TRI_RAY","","VehicleRigidBody","","Rust GEVP-aligned force solver",2,"{}"
4491,139.14,13311.5,3,1.000,0.000,0.000,0.000,1.171,-0.023,62.47,62.47,110.31,110.31,0.0017,0.0909,"rust_gevp_tri_ray","",120,"GEVP_TRI_RAY","","VehicleRigidBody","","Rust GEVP-aligned force solver",2,"{}"
4500,139.49,13357.8,3,1.000,0.000,0.000,0.000,1.172,-0.023,62.55,62.55,110.47,110.47,0.0017,0.0919,"rust_gevp_tri_ray","",120,"GEVP_TRI_RAY","","VehicleRigidBody","","Rust GEVP-aligned force solver",2,"{}"
4508,139.83,13404.3,3,1.000,0.000,0.000,0.000,1.173,-0.023,62.62,62.62,110.63,110.63,0.0017,0.0930,"rust_gevp_tri_ray","",120,"GEVP_TRI_RAY","","VehicleRigidBody","","Rust GEVP-aligned force solver",2,"{}"
4516,140.18,13450.9,3,1.000,0.000,0.000,0.000,1.174,-0.023,62.70,62.70,110.78,110.78,0.0017,0.0940,"rust_gevp_tri_ray","",120,"GEVP_TRI_RAY","","VehicleRigidBody","","Rust GEVP-aligned force solver",2,"{}"
4525,140.52,13497.5,3,1.000,0.000,0.000,0.000,1.175,-0.023,62.77,62.77,110.94,110.94,0.0017,0.0951,"rust_gevp_tri_ray","",120,"GEVP_TRI_RAY","","VehicleRigidBody","","Rust GEVP-aligned force solver",2,"{}"
4533,140.87,13544.2,3,1.000,0.000,0.000,0.000,1.176,-0.023,62.85,62.85,111.10,111.10,0.0017,0.0961,"rust_gevp_tri_ray","",120,"GEVP_TRI_RAY","","VehicleRigidBody","","Rust GEVP-aligned force solver",2,"{}"
4541,141.22,13590.7,3,1.000,0.000,0.000,0.000,1.177,-0.023,62.93,62.93,111.26,111.26,0.0017,0.0971,"rust_gevp_tri_ray","",120,"GEVP_TRI_RAY","","VehicleRigidBody","","Rust GEVP-aligned force solver",2,"{}"
4550,141.56,13637.2,3,1.000,0.000,0.000,0.000,1.178,-0.023,63.01,63.01,111.42,111.42,0.0017,0.0981,"rust_gevp_tri_ray","",120,"GEVP_TRI_RAY","","VehicleRigidBody","","Rust GEVP-aligned force solver",2,"{}"
4558,141.91,13683.6,3,1.000,0.000,0.000,0.000,1.180,-0.023,63.09,63.09,111.57,111.57,0.0017,0.0991,"rust_gevp_tri_ray","",120,"GEVP_TRI_RAY","","VehicleRigidBody","","Rust GEVP-aligned force solver",2,"{}"
4566,142.26,13729.9,3,1.000,0.000,0.000,0.000,1.181,-0.023,63.18,63.18,111.73,111.73,0.0017,0.1001,"rust_gevp_tri_ray","",120,"GEVP_TRI_RAY","","VehicleRigidBody","","Rust GEVP-aligned force solver",2,"{}"
4575,142.61,13776.1,3,1.000,0.000,0.000,0.000,1.182,-0.023,63.26,63.26,111.89,111.89,0.0017,0.1010,"rust_gevp_tri_ray","",120,"GEVP_TRI_RAY","","VehicleRigidBody","","Rust GEVP-aligned force solver",2,"{}"
4583,142.95,13822.3,3,1.000,0.000,0.000,0.000,1.183,-0.023,63.35,63.35,112.05,112.05,0.0017,0.1020,"rust_gevp_tri_ray","",120,"GEVP_TRI_RAY","","VehicleRigidBody","","Rust GEVP-aligned force solver",2,"{}"
4591,143.30,13868.3,3,1.000,0.000,0.000,0.000,1.184,-0.023,63.43,63.43,112.21,112.21,0.0017,0.1029,"rust_gevp_tri_ray","",120,"GEVP_TRI_RAY","","VehicleRigidBody","","Rust GEVP-aligned force solver",2,"{}"
4600,143.65,13914.3,3,1.000,0.000,0.000,0.000,1.185,-0.023,63.52,63.52,112.36,112.36,0.0017,0.1038,"rust_gevp_tri_ray","",120,"GEVP_TRI_RAY","","VehicleRigidBody","","Rust GEVP-aligned force solver",2,"{}"
4608,144.00,13960.2,3,1.000,0.000,0.000,0.000,1.186,-0.024,63.61,63.61,112.52,112.52,0.0017,0.1047,"rust_gevp_tri_ray","",120,"GEVP_TRI_RAY","","VehicleRigidBody","","Rust GEVP-aligned force solver",2,"{}"
4616,144.35,14006.0,3,1.000,0.000,0.000,0.000,1.187,-0.024,63.70,63.70,112.68,112.68,0.0017,0.1056,"rust_gevp_tri_ray","",120,"GEVP_TRI_RAY","","VehicleRigidBody","","Rust GEVP-aligned force solver",2,"{}"
4625,144.70,14051.7,3,1.000,0.000,0.000,0.000,1.189,-0.024,63.79,63.79,112.84,112.84,0.0017,0.1065,"rust_gevp_tri_ray","",120,"GEVP_TRI_RAY","","VehicleRigidBody","","Rust GEVP-aligned force solver",2,"{}"
4633,145.05,14097.4,3,1.000,0.000,0.000,0.000,1.190,-0.024,63.88,63.88,113.00,113.00,0.0017,0.1073,"rust_gevp_tri_ray","",120,"GEVP_TRI_RAY","","VehicleRigidBody","","Rust GEVP-aligned force solver",2,"{}"
4641,145.40,14142.9,3,1.000,0.000,0.000,0.000,1.191,-0.024,63.98,63.98,113.16,113.16,0.0017,0.1082,"rust_gevp_tri_ray","",120,"GEVP_TRI_RAY","","VehicleRigidBody","","Rust GEVP-aligned force solver",2,"{}"
4650,145.75,14188.4,3,1.000,0.000,0.000,0.000,1.192,-0.024,64.07,64.07,113.32,113.32,0.0016,0.1090,"rust_gevp_tri_ray","",120,"GEVP_TRI_RAY","","VehicleRigidBody","","Rust GEVP-aligned force solver",2,"{}"
4658,146.10,14233.8,3,1.000,0.000,0.000,0.000,1.193,-0.024,64.17,64.17,113.48,113.48,0.0016,0.1099,"rust_gevp_tri_ray","",120,"GEVP_TRI_RAY","","VehicleRigidBody","","Rust GEVP-aligned force solver",2,"{}"
4666,146.45,14279.1,3,1.000,0.000,0.000,0.000,1.194,-0.024,64.26,64.26,113.63,113.63,0.0016,0.1107,"rust_gevp_tri_ray","",120,"GEVP_TRI_RAY","","VehicleRigidBody","","Rust GEVP-aligned force solver",2,"{}"
4675,146.80,14324.3,3,1.000,0.000,0.000,0.000,1.195,-0.024,64.36,64.36,113.79,113.79,0.0016,0.1115,"rust_gevp_tri_ray","",120,"GEVP_TRI_RAY","","VehicleRigidBody","","Rust GEVP-aligned force solver",2,"{}"
4683,147.16,14369.5,3,1.000,0.000,0.000,0.000,1.196,-0.024,64.46,64.46,113.95,113.95,0.0016,0.1123,"rust_gevp_tri_ray","",120,"GEVP_TRI_RAY","","VehicleRigidBody","","Rust GEVP-aligned force solver",2,"{}"
4691,147.51,14414.5,3,1.000,0.000,0.000,0.000,1.197,-0.024,64.55,64.55,114.12,114.12,0.0016,0.1130,"rust_gevp_tri_ray","",120,"GEVP_TRI_RAY","","VehicleRigidBody","","Rust GEVP-aligned force solver",2,"{}"
4700,147.86,14459.5,3,1.000,0.000,0.000,0.000,1.198,-0.024,64.65,64.65,114.28,114.28,0.0016,0.1138,"rust_gevp_tri_ray","",120,"GEVP_TRI_RAY","","VehicleRigidBody","","Rust GEVP-aligned force solver",2,"{}"
4708,148.21,14504.4,3,1.000,0.000,0.000,0.000,1.200,-0.024,64.75,64.75,114.44,114.44,0.0016,0.1146,"rust_gevp_tri_ray","",120,"GEVP_TRI_RAY","","VehicleRigidBody","","Rust GEVP-aligned force solver",2,"{}"
4716,148.57,14549.2,3,1.000,0.000,0.000,0.000,1.201,-0.024,64.85,64.85,114.60,114.60,0.0016,0.1153,"rust_gevp_tri_ray","",120,"GEVP_TRI_RAY","","VehicleRigidBody","","Rust GEVP-aligned force solver",2,"{}"
4725,148.92,14593.9,3,1.000,0.000,0.000,0.000,1.202,-0.024,64.95,64.95,114.76,114.76,0.0016,0.1160,"rust_gevp_tri_ray","",120,"GEVP_TRI_RAY","","VehicleRigidBody","","Rust GEVP-aligned force solver",2,"{}"
4733,149.28,14638.5,3,1.000,0.000,0.000,0.000,1.203,-0.024,65.06,65.06,114.92,114.92,0.0016,0.1167,"rust_gevp_tri_ray","",120,"GEVP_TRI_RAY","","VehicleRigidBody","","Rust GEVP-aligned force solver",2,"{}"
4741,149.63,14683.1,3,1.000,0.000,0.000,0.000,1.204,-0.024,65.16,65.16,115.08,115.08,0.0016,0.1174,"rust_gevp_tri_ray","",120,"GEVP_TRI_RAY","","VehicleRigidBody","","Rust GEVP-aligned force solver",2,"{}"
4750,149.98,14727.5,3,1.000,0.000,0.000,0.000,1.205,-0.024,65.26,65.26,115.25,115.25,0.0016,0.1181,"rust_gevp_tri_ray","",120,"GEVP_TRI_RAY","","VehicleRigidBody","","Rust GEVP-aligned force solver",2,"{}"
4758,150.34,14771.9,3,1.000,0.000,0.000,0.000,1.206,-0.024,65.37,65.37,115.41,115.41,0.0016,0.1188,"rust_gevp_tri_ray","",120,"GEVP_TRI_RAY","","VehicleRigidBody","","Rust GEVP-aligned force solver",2,"{}"
4766,150.69,14816.1,3,1.000,0.000,0.000,0.000,1.207,-0.024,65.47,65.47,115.57,115.57,0.0016,0.1195,"rust_gevp_tri_ray","",120,"GEVP_TRI_RAY","","VehicleRigidBody","","Rust GEVP-aligned force solver",2,"{}"
4775,151.05,14860.3,3,1.000,0.000,0.000,0.000,1.208,-0.024,65.58,65.58,115.74,115.74,0.0016,0.1201,"rust_gevp_tri_ray","",120,"GEVP_TRI_RAY","","VehicleRigidBody","","Rust GEVP-aligned force solver",2,"{}"
4783,151.41,14904.4,3,1.000,0.000,0.000,0.000,1.210,-0.024,65.68,65.68,115.90,115.90,0.0016,0.1208,"rust_gevp_tri_ray","",120,"GEVP_TRI_RAY","","VehicleRigidBody","","Rust GEVP-aligned force solver",2,"{}"
4791,151.76,14948.4,3,1.000,0.000,0.000,0.000,1.211,-0.025,65.79,65.79,116.06,116.06,0.0016,0.1214,"rust_gevp_tri_ray","",120,"GEVP_TRI_RAY","","VehicleRigidBody","","Rust GEVP-aligned force solver",2,"{}"
4800,152.12,14992.3,3,1.000,0.000,0.000,0.000,1.212,-0.025,65.90,65.90,116.23,116.23,0.0016,0.1220,"rust_gevp_tri_ray","",120,"GEVP_TRI_RAY","","VehicleRigidBody","","Rust GEVP-aligned force solver",2,"{}"
4808,152.48,15036.0,3,1.000,0.000,0.000,0.000,1.213,-0.025,66.01,66.01,116.39,116.39,0.0016,0.1226,"rust_gevp_tri_ray","",120,"GEVP_TRI_RAY","","VehicleRigidBody","","Rust GEVP-aligned force solver",2,"{}"
4816,152.83,15079.2,3,1.000,0.000,0.000,0.000,1.214,-0.025,66.12,66.12,116.56,116.56,0.0016,0.1231,"rust_gevp_tri_ray","",120,"GEVP_TRI_RAY","","VehicleRigidBody","","Rust GEVP-aligned force solver",2,"{}"
4825,153.19,15122.1,3,1.000,0.000,0.000,0.000,1.215,-0.025,66.23,66.23,116.73,116.73,0.0016,0.1237,"rust_gevp_tri_ray","",120,"GEVP_TRI_RAY","","VehicleRigidBody","","Rust GEVP-aligned force solver",2,"{}"
4833,153.55,15164.6,3,1.000,0.000,0.000,0.000,1.216,-0.025,66.34,66.34,116.89,116.89,0.0015,0.1241,"rust_gevp_tri_ray","",120,"GEVP_TRI_RAY","","VehicleRigidBody","","Rust GEVP-aligned force solver",2,"{}"
4841,153.91,15206.7,3,1.000,0.000,0.000,0.000,1.217,-0.025,66.45,66.45,117.06,117.06,0.0015,0.1246,"rust_gevp_tri_ray","",120,"GEVP_TRI_RAY","","VehicleRigidBody","","Rust GEVP-aligned force solver",2,"{}"
4850,154.26,15248.5,3,1.000,0.000,0.000,0.000,1.218,-0.025,66.56,66.56,117.22,117.22,0.0015,0.1250,"rust_gevp_tri_ray","",120,"GEVP_TRI_RAY","","VehicleRigidBody","","Rust GEVP-aligned force solver",2,"{}"
4858,154.62,15289.8,3,1.000,0.000,0.000,0.000,1.219,-0.025,66.67,66.67,117.39,117.39,0.0015,0.1254,"rust_gevp_tri_ray","",120,"GEVP_TRI_RAY","","VehicleRigidBody","","Rust GEVP-aligned force solver",2,"{}"
4866,154.98,15330.7,3,1.000,0.000,0.000,0.000,1.221,-0.025,66.78,66.78,117.56,117.56,0.0015,0.1257,"rust_gevp_tri_ray","",120,"GEVP_TRI_RAY","","VehicleRigidBody","","Rust GEVP-aligned force solver",2,"{}"
4875,155.34,15371.3,3,1.000,0.000,0.000,0.000,1.222,-0.025,66.90,66.90,117.73,117.73,0.0015,0.1260,"rust_gevp_tri_ray","",120,"GEVP_TRI_RAY","","VehicleRigidBody","","Rust GEVP-aligned force solver",2,"{}"
4883,155.70,15411.5,3,1.000,0.000,0.000,0.000,1.223,-0.025,67.01,67.01,117.90,117.90,0.0015,0.1263,"rust_gevp_tri_ray","",120,"GEVP_TRI_RAY","","VehicleRigidBody","","Rust GEVP-aligned force solver",2,"{}"
4891,156.06,15451.3,3,1.000,0.000,0.000,0.000,1.224,-0.025,67.12,67.12,118.07,118.07,0.0015,0.1266,"rust_gevp_tri_ray","",120,"GEVP_TRI_RAY","","VehicleRigidBody","","Rust GEVP-aligned force solver",2,"{}"
4900,156.42,15490.7,3,1.000,0.000,0.000,0.000,1.225,-0.025,67.24,67.24,118.24,118.24,0.0015,0.1268,"rust_gevp_tri_ray","",120,"GEVP_TRI_RAY","","VehicleRigidBody","","Rust GEVP-aligned force solver",2,"{}"
4908,156.78,15529.8,3,1.000,0.000,0.000,0.000,1.226,-0.025,67.36,67.36,118.40,118.40,0.0015,0.1270,"rust_gevp_tri_ray","",120,"GEVP_TRI_RAY","","VehicleRigidBody","","Rust GEVP-aligned force solver",2,"{}"
4916,157.14,15568.5,3,1.000,0.000,0.000,0.000,1.227,-0.025,67.47,67.47,118.58,118.58,0.0015,0.1272,"rust_gevp_tri_ray","",120,"GEVP_TRI_RAY","","VehicleRigidBody","","Rust GEVP-aligned force solver",2,"{}"
4925,157.51,15606.8,3,1.000,0.000,0.000,0.000,1.228,-0.025,67.59,67.59,118.75,118.75,0.0015,0.1273,"rust_gevp_tri_ray","",120,"GEVP_TRI_RAY","","VehicleRigidBody","","Rust GEVP-aligned force solver",2,"{}"
4933,157.87,15644.8,3,1.000,0.000,0.000,0.000,1.229,-0.025,67.71,67.71,118.92,118.92,0.0015,0.1275,"rust_gevp_tri_ray","",120,"GEVP_TRI_RAY","","VehicleRigidBody","","Rust GEVP-aligned force solver",2,"{}"
4941,158.23,15644.8,3,1.000,0.000,0.000,0.000,1.227,-0.025,67.82,67.82,119.09,119.09,0.0015,0.1034,"rust_gevp_tri_ray","",120,"GEVP_TRI_RAY","","VehicleRigidBody","","Rust GEVP-aligned force solver",2,"{}"
4950,158.56,15644.8,3,1.000,0.000,0.000,0.000,1.115,-0.025,67.95,67.95,119.26,119.26,0.0015,0.0795,"rust_gevp_tri_ray","",120,"GEVP_TRI_RAY","","VehicleRigidBody","","Rust GEVP-aligned force solver",2,"{}"
4958,158.77,15644.8,3,1.000,0.000,0.000,0.000,0.737,-0.025,68.14,68.14,119.37,119.37,0.0012,0.0576,"rust_gevp_tri_ray","",120,"GEVP_TRI_RAY","","VehicleRigidBody","","Rust GEVP-aligned force solver",2,"{}"
4966,158.91,15644.8,3,1.000,0.000,0.000,0.000,0.474,-0.023,68.61,68.61,119.27,119.27,0.0005,0.0420,"rust_gevp_tri_ray","",120,"GEVP_TRI_RAY","","VehicleRigidBody","","Rust GEVP-aligned force solver",2,"{}"
4975,159.00,15644.8,3,1.000,0.000,0.000,0.000,0.286,-0.016,69.37,69.37,118.95,118.95,0.0001,0.0309,"rust_gevp_tri_ray","",120,"GEVP_TRI_RAY","","VehicleRigidBody","","Rust GEVP-aligned force solver",2,"{}"
4983,159.04,15644.8,3,1.000,0.000,0.000,0.000,0.150,-0.011,70.38,70.38,118.43,118.43,0.0005,0.0229,"rust_gevp_tri_ray","",120,"GEVP_TRI_RAY","","VehicleRigidBody","","Rust GEVP-aligned force solver",2,"{}"
4991,159.06,15644.8,3,1.000,0.000,0.000,0.000,0.053,-0.016,71.59,71.59,117.77,117.77,0.0008,0.0171,"rust_gevp_tri_ray","",120,"GEVP_TRI_RAY","","VehicleRigidBody","","Rust GEVP-aligned force solver",2,"{}"
5000,159.05,15644.8,3,1.000,0.000,0.000,0.000,-0.018,-0.021,72.95,72.95,116.99,116.99,0.0010,0.0130,"rust_gevp_tri_ray","",120,"GEVP_TRI_RAY","","VehicleRigidBody","","Rust GEVP-aligned force solver",2,"{}"
