sample,time_s,rpm,crank_phase_deg,cylinder,bank
35,0.000793651,5000.000,504.489807,8,B
141,0.003197279,5000.006,576.598694,4,A
246,0.005578231,5000.019,648.027405,9,B
352,0.007981859,5000.039,0.136680,0,A
458,0.010385488,5000.066,72.246277,5,B
564,0.012789116,5000.100,144.356308,1,A
670,0.015192744,5000.141,216.466888,6,B
776,0.017596372,5000.189,288.578094,2,A
881,0.019977324,5000.244,360.009766,7,B
987,0.022380952,5000.306,432.122559,3,A
1093,0.024784580,5000.375,504.236328,8,B
1199,0.027188209,5000.451,576.351135,4,A
1305,0.029591837,5000.535,648.467102,9,B
1411,0.031995465,5000.625,0.584276,0,A
1516,0.034376417,5000.721,72.022461,5,B
1622,0.036780045,5000.825,144.142456,1,A
1728,0.039183673,5000.937,216.264008,6,B
1834,0.041587302,5001.055,288.387207,2,A
1940,0.043990930,5001.180,360.512146,7,B
2046,0.046394558,5001.312,432.638977,3,A
2151,0.048775510,5001.450,504.087280,8,B
2257,0.051179138,5001.596,576.218079,4,A
2363,0.053582766,5001.749,648.351013,9,B
2469,0.055986395,5001.909,0.486264,0,A
2575,0.058390023,5002.076,72.623840,5,B
2680,0.060770975,5002.248,144.083298,1,A
2786,0.063174603,5002.429,216.225876,6,B
2892,0.065578231,5002.617,288.371094,2,A
2998,0.067981859,5002.811,360.519104,7,B
3104,0.070385488,5003.013,432.669922,3,A
3209,0.072766440,5003.219,504.143036,8,B
3315,0.075170068,5003.435,576.299866,4,A
3421,0.077573696,5003.657,648.459839,9,B
3527,0.079977324,5003.886,0.623093,0,A
3632,0.082358277,5004.120,72.108864,5,B
3738,0.084761905,5004.363,144.278885,1,A
3844,0.087165533,5004.613,216.452469,6,B
3950,0.089569161,5004.870,288.629700,2,A
4055,0.091950113,5005.131,360.129730,7,B
4161,0.094353741,5005.401,432.314514,3,A
4267,0.096757370,5005.679,504.503265,8,B
4372,0.099138322,5005.960,576.015015,4,A
4478,0.101541950,5006.251,648.211914,9,B
4584,0.103945578,5006.550,0.413078,0,A
4690,0.106349206,5006.854,72.618591,5,B
4795,0.108730159,5007.163,144.147293,1,A
4901,0.111133787,5007.481,216.361755,6,B
5007,0.113537415,5007.807,288.580872,2,A
5112,0.115918367,5008.136,360.123322,7,B
5218,0.118321995,5008.475,432.351959,3,A
5324,0.120725624,5008.821,504.585541,8,B
5429,0.123106576,5009.170,576.142639,4,A
5535,0.125510204,5009.529,648.386353,9,B
5641,0.127913832,5009.896,0.635255,0,A
5746,0.130294785,5010.265,72.207848,5,B
5852,0.132698413,5010.645,144.467484,1,A
5957,0.135079365,5011.027,216.050873,6,B
6063,0.137482993,5011.421,288.321625,2,A
6169,0.139886621,5011.821,360.598083,7,B
6274,0.142267574,5012.224,432.198395,3,A
6380,0.144671202,5012.638,504.486542,8,B
6485,0.147052154,5013.054,576.098633,4,A
6591,0.149455782,5013.481,648.398865,9,B
6696,0.151836735,5013.911,0.023104,0,A
6802,0.154240363,5014.352,72.335762,5,B
6908,0.156643991,5014.799,144.654831,1,A
7013,0.159024943,5015.249,216.298050,6,B
7119,0.161428571,5015.709,288.630157,2,A
7224,0.163809524,5016.172,360.286469,7,B
7330,0.166213152,5016.646,432.631989,3,A
7435,0.168594104,5017.123,504.301788,8,B
7541,0.170997732,5017.611,576.661133,4,A
7646,0.173378685,5018.100,648.344788,9,B
7751,0.175759637,5018.597,0.035520,0,A
7857,0.178163265,5019.104,72.416245,5,B
7962,0.180544218,5019.614,144.121399,1,A
8068,0.182947846,5020.135,216.516891,6,B
8173,0.185328798,5020.657,288.236877,2,A
8279,0.187732426,5021.192,360.647522,7,B
8384,0.190113379,5021.728,432.382690,3,A
8489,0.192494331,5022.270,504.125549,8,B
8595,0.194897959,5022.825,576.559570,4,A
8700,0.197278912,5023.380,648.318237,9,B
8805,0.199659864,5023.942,0.084852,0,A
8911,0.202063492,5024.517,72.543159,5,B
9016,0.204444444,5025.092,144.326111,1,A
9121,0.206825397,5025.674,216.117325,6,B
9227,0.209229025,5026.268,288.600739,2,A
9332,0.211609977,5026.863,360.408875,7,B
9437,0.213990930,5027.465,432.225525,3,A
9542,0.216371882,5028.073,504.050812,8,B
9648,0.218775510,5028.693,576.569031,4,A
9753,0.221156463,5029.314,648.411987,9,B
9858,0.223537415,5029.942,0.263843,0,A
9963,0.225918367,5030.576,72.124718,5,B
10069,0.228321995,5031.223,144.679230,1,A
10174,0.230702948,5031.870,216.558502,6,B
10279,0.233083900,5032.524,288.447052,2,A
10384,0.235464853,5033.184,360.345001,7,B
10489,0.237845805,5033.851,432.252441,3,A
10594,0.240226757,5034.523,504.169434,8,B
10699,0.242607710,5035.203,576.096069,4,A
10804,0.244988662,5035.889,648.032532,9,B
10910,0.247392290,5036.588,0.664015,0,A
11015,0.249773243,5037.287,72.620308,5,B
11120,0.252154195,5037.993,144.586639,1,A
11225,0.254535147,5038.705,216.563080,6,B
11330,0.256916100,5039.423,288.549744,2,A
11435,0.259297052,5040.148,360.546722,7,B
11540,0.261678005,5040.879,432.554108,3,A
11645,0.264058957,5041.617,504.571960,8,B
11750,0.266439909,5042.360,576.600403,4,A
11855,0.268820862,5043.111,648.639526,9,B
11959,0.271179138,5043.860,0.003196,0,A
12064,0.273560091,5044.624,72.063843,5,B
12169,0.275941043,5045.394,144.135437,1,A
12274,0.278321995,5046.169,216.218079,6,B
12379,0.280702948,5046.952,288.311829,2,A
12484,0.283083900,5047.740,360.416840,7,B
12589,0.285464853,5048.536,432.533142,3,A
12694,0.287845805,5049.337,504.660828,8,B
12798,0.290204082,5050.137,576.112976,4,A
12903,0.292585034,5050.951,648.263611,9,B
13008,0.294965986,5051.772,0.425986,0,A
13113,0.297346939,5052.599,72.600113,5,B
13217,0.299705215,5053.424,144.098557,1,A
13322,0.302086168,5054.264,216.296371,6,B
13427,0.304467120,5055.109,288.506226,2,A
13531,0.306825397,5055.954,360.040344,7,B
13636,0.309206349,5056.812,432.274414,3,A
13741,0.311587302,5057.677,504.520813,8,B
13845,0.313945578,5058.540,576.091370,4,A
13950,0.316326531,5059.417,648.362549,9,B
14055,0.318707483,5060.301,0.646313,0,A
14159,0.321065760,5061.182,72.254135,5,B
14264,0.323446712,5062.079,144.563202,1,A
14368,0.325804989,5062.973,216.196274,6,B
14473,0.328185941,5063.881,288.531006,2,A
14577,0.330544218,5064.788,360.189667,7,B
14682,0.332925170,5065.709,432.550415,3,A
14786,0.335283447,5066.628,504.235016,8,B
14891,0.337664399,5067.562,576.622131,4,A
14995,0.340022676,5068.493,648.333069,9,B
15099,0.342380952,5069.430,0.057195,0,A
15204,0.344761905,5070.382,72.484482,5,B
15308,0.347120181,5071.332,144.235443,1,A
15413,0.349501134,5072.297,216.690002,6,B
15517,0.351859410,5073.259,288.468140,2,A
15621,0.354217687,5074.227,360.259949,7,B
15725,0.356575964,5075.201,432.065460,3,A
15830,0.358956916,5076.191,504.575470,8,B
15934,0.361315193,5077.177,576.408875,4,A
16038,0.363673469,5078.170,648.256287,9,B
16142,0.366031746,5079.168,0.117809,0,A
16247,0.368412698,5080.183,72.684669,5,B
16351,0.370770975,5081.194,144.574738,1,A
16455,0.373129252,5082.211,216.479172,6,B
16559,0.375487528,5083.234,288.398010,2,A
16663,0.377845805,5084.263,360.331390,7,B
16767,0.380204082,5085.298,432.279388,3,A
16871,0.382562358,5086.340,504.242065,8,B
16975,0.384920635,5087.387,576.219482,4,A
17079,0.387278912,5088.440,648.211853,9,B
17183,0.389637188,5089.500,0.219089,0,A
17287,0.391995465,5090.565,72.241386,5,B
17391,0.394353741,5091.637,144.278809,1,A
17495,0.396712018,5092.715,216.331436,6,B
17599,0.399070295,5093.798,288.399353,2,A
17703,0.401428571,5094.888,360.482635,7,B
17807,0.403786848,5095.984,432.581390,3,A
17910,0.406122449,5097.075,504.002228,8,B
18014,0.408480726,5098.183,576.132019,4,A
18118,0.410839002,5099.296,648.277527,9,B
18222,0.413197279,5100.417,0.438808,0,A
18326,0.415555556,5101.542,72.615997,5,B
18429,0.417891156,5102.663,144.114914,1,A
18533,0.420249433,5103.801,216.323990,6,B
18637,0.422607710,5104.944,288.549194,2,A
18740,0.424943311,5106.083,360.095917,7,B
18844,0.427301587,5107.238,432.353485,3,A
18948,0.429659864,5108.400,504.627472,8,B
19051,0.431995465,5109.556,576.222778,4,A
19155,0.434353741,5110.730,648.529602,9,B
19258,0.436689342,5111.898,0.157617,0,A
19362,0.439047619,5113.083,72.497696,5,B
19465,0.441383220,5114.263,144.158768,1,A
19569,0.443741497,5115.460,216.532394,6,B
19672,0.446077098,5116.652,288.226868,2,A
19776,0.448435374,5117.861,360.634369,7,B
19879,0.450770975,5119.064,432.362549,3,A
19982,0.453106576,5120.273,504.107635,8,B
20086,0.455464853,5121.500,576.566528,4,A
20189,0.457800454,5122.721,648.345825,9,B
20292,0.460136054,5123.947,0.142283,0,A
20396,0.462494331,5125.191,72.653275,5,B
20499,0.464829932,5126.430,144.484436,1,A
20602,0.467165533,5127.674,216.332993,6,B
20705,0.469501134,5128.923,288.199036,2,A
20808,0.471836735,5130.179,360.082611,7,B
20912,0.474195011,5131.453,432.681976,3,A
21015,0.476530612,5132.720,504.601105,8,B
21118,0.478866213,5133.993,576.538025,4,A
21221,0.481201814,5135.271,648.492798,9,B
21324,0.483537415,5136.556,0.465538,0,A
21427,0.485873016,5137.846,72.456329,5,B
21530,0.488208617,5139.142,144.465240,1,A
21633,0.490544218,5140.444,216.492355,6,B
21736,0.492879819,5141.751,288.537750,2,A
21839,0.495215420,5143.064,360.601501,7,B
21942,0.497551020,5144.383,432.683716,3,A
22044,0.499863946,5145.695,504.084320,8,B
22147,0.502199546,5147.025,576.203491,4,A
22250,0.504535147,5148.362,648.341309,9,B
22353,0.506870748,5149.704,0.497909,0,A
22456,0.509206349,5151.051,72.673347,5,B
22558,0.511519274,5152.391,144.166702,1,A
22661,0.513854875,5153.750,216.379883,6,B
22764,0.516190476,5155.114,288.612152,2,A
22866,0.518503401,5156.471,360.162018,7,B
22969,0.520839002,5157.847,432.432495,3,A
23071,0.523151927,5159.215,504.020355,8,B
23174,0.525487528,5160.603,576.329407,4,A
23277,0.527823129,5161.996,648.657898,9,B
23379,0.530136054,5163.380,0.303426,0,A
23482,0.532471655,5164.785,72.670929,5,B
23584,0.534784580,5166.181,144.355270,1,A
23686,0.537097506,5167.582,216.059021,6,B
23789,0.539433107,5169.003,288.485535,2,A
23891,0.541746032,5170.416,360.228516,7,B
23994,0.544081633,5171.848,432.694824,3,A
24096,0.546394558,5173.272,504.477386,8,B
24198,0.548707483,5174.702,576.279724,4,A
24300,0.551020408,5176.137,648.101990,9,B
24403,0.553356009,5177.591,0.648592,0,A
24505,0.555668934,5179.038,72.511009,5,B
24607,0.557981859,5180.489,144.393524,1,A
24709,0.560294785,5181.946,216.296234,6,B
24811,0.562607710,5183.409,288.219177,2,A
24913,0.564920635,5184.876,360.162476,7,B
25015,0.567233560,5186.350,432.126190,3,A
25117,0.569546485,5187.829,504.110382,8,B
25219,0.571859410,5189.314,576.115173,4,A
25321,0.574172336,5190.804,648.140564,9,B
25423,0.576485261,5192.299,0.186673,0,A
25525,0.578798186,5193.800,72.253586,5,B
25627,0.581111111,5195.307,144.341354,1,A
25729,0.583424036,5196.819,216.450089,6,B
25831,0.585736961,5198.336,288.579834,2,A
25932,0.588027211,5199.844,360.023193,7,B
26034,0.590340136,5201.372,432.195007,3,A
26136,0.592653061,5202.906,504.388031,8,B
26238,0.594965986,5204.445,576.602417,4,A
26339,0.597256236,5205.974,648.129883,9,B
26441,0.599569161,5207.524,0.386903,0,A
26543,0.601882086,5209.080,72.665474,5,B
26644,0.604172336,5210.625,144.256744,1,A
26746,0.606485261,5212.191,216.578415,6,B
26847,0.608775510,5213.747,288.212524,2,A
26949,0.611088435,5215.324,360.577606,7,B
27050,0.613378685,5216.891,432.254822,3,A
27152,0.615691610,5218.479,504.663605,8,B
27253,0.617981859,5220.056,576.384277,4,A
27354,0.620272109,5221.639,648.126587,9,B
27456,0.622585034,5223.242,0.601398,0,A
27557,0.624875283,5224.835,72.387611,5,B
27658,0.627165533,5226.434,144.195755,1,A
27759,0.629455782,5228.038,216.025909,6,B
27861,0.631768707,5229.663,288.589661,2,A
27962,0.634058957,5231.278,360.464264,7,B
28063,0.636349206,5232.897,432.361084,3,A
28164,0.638639456,5234.522,504.280182,8,B
28265,0.640929705,5236.152,576.221680,4,A
28366,0.643219955,5237.788,648.185547,9,B
28467,0.645510204,5239.429,0.171997,0,A
28568,0.647800454,5241.075,72.181007,5,B
28669,0.650090703,5242.726,144.212662,1,A
28770,0.652380952,5244.382,216.267059,6,B
28871,0.654671202,5246.044,288.344238,2,A
28972,0.656961451,5247.711,360.444305,7,B
29073,0.659251701,5249.383,432.567291,3,A
29174,0.661541950,5251.060,504.713287,8,B
29274,0.663809524,5252.726,576.167725,4,A
29375,0.666099773,5254.414,648.359741,9,B
29476,0.668390023,5256.106,0.574994,0,A
29576,0.670657596,5257.788,72.098190,5,B
29677,0.672947846,5259.491,144.359879,1,A
29778,0.675238095,5261.199,216.645004,6,B
29878,0.677505669,5262.896,288.237579,2,A
29979,0.679795918,5264.614,360.569580,7,B
30079,0.682063492,5266.321,432.208710,3,A
30180,0.684353741,5268.050,504.587830,8,B
30280,0.686621315,5269.767,576.273743,4,A
30381,0.688911565,5271.506,648.700317,9,B
30481,0.691179138,5273.233,0.433355,0,A
30581,0.693446712,5274.966,72.189926,5,B
30682,0.695736961,5276.720,144.688019,1,A
30782,0.698004535,5278.462,216.492096,6,B
30882,0.700272109,5280.210,288.319916,2,A
30982,0.702539683,5281.962,360.171539,7,B
31082,0.704807256,5283.720,432.047028,3,A
31183,0.707097506,5285.500,504.665588,8,B
31283,0.709365079,5287.268,576.589294,4,A
31383,0.711632653,5289.040,648.537109,9,B
31483,0.713900227,5290.817,0.509022,0,A
31583,0.716167800,5292.600,72.505173,5,B
31683,0.718435374,5294.388,144.525620,1,A
31783,0.720702948,5296.180,216.570419,6,B
31883,0.722970522,5297.978,288.639618,2,A
31982,0.725215420,5299.762,360.012299,7,B
32082,0.727482993,5301.570,432.130310,3,A
32182,0.729750567,5303.382,504.272949,8,B
32282,0.732018141,5305.200,576.440308,4,A
32382,0.734285714,5307.022,648.632385,9,B
32481,0.736530612,5308.832,0.127054,0,A
32581,0.738798186,5310.664,72.368637,5,B
32681,0.741065760,5312.501,144.635193,1,A
32780,0.743310658,5314.325,216.203735,6,B
32880,0.745578231,5316.172,288.520172,2,A
32979,0.747823129,5318.006,360.138214,7,B
33079,0.750090703,5319.863,432.504791,3,A
33178,0.752335601,5321.707,504.172607,8,B
33278,0.754603175,5323.573,576.589600,4,A
33377,0.756848073,5325.426,648.307495,9,B
33476,0.759092971,5327.284,0.050351,0,A
33576,0.761360544,5329.166,72.543335,5,B
33675,0.763605442,5331.034,144.336639,1,A
33774,0.765850340,5332.906,216.155121,6,B
33874,0.768117914,5334.802,288.724701,2,A
33973,0.770362812,5336.685,360.594025,7,B
34072,0.772607710,5338.571,432.488708,3,A
34171,0.774852608,5340.463,504.408875,8,B
34270,0.777097506,5342.360,576.354553,4,A
34369,0.779342404,5344.261,648.325806,9,B
34468,0.781587302,5346.167,0.322673,0,A
34567,0.783832200,5348.079,72.345268,5,B
34666,0.786077098,5349.994,144.393631,1,A
34765,0.788321995,5351.915,216.467850,6,B
34864,0.790566893,5353.840,288.567963,2,A
34963,0.792811791,5355.770,360.694031,7,B
35061,0.795034014,5357.686,432.117188,3,A
35160,0.797278912,5359.625,504.295105,8,B
35259,0.799523810,5361.569,576.499207,4,A
35358,0.801768707,5363.519,648.729492,9,B
35456,0.803990930,5365.453,0.256122,0,A
35555,0.806235828,5367.411,72.538803,5,B
35653,0.808458050,5369.355,144.117371,1,A
35752,0.810702948,5371.323,216.452682,6,B
35850,0.812925170,5373.275,288.083466,2,A
35949,0.815170068,5375.253,360.471649,7,B
36047,0.817392290,5377.215,432.154907,3,A
36146,0.819637188,5379.202,504.596191,8,B
36244,0.821859410,5381.174,576.332153,4,A
36342,0.824081633,5383.150,648.094482,9,B
36441,0.826326531,5385.151,0.615792,0,A
36539,0.828548753,5387.136,72.431168,5,B
36637,0.830770975,5389.126,144.273041,1,A
36735,0.832993197,5391.121,216.141495,6,B
36833,0.835215420,5393.120,288.036560,2,A
36932,0.837460317,5395.144,360.692352,7,B
37030,0.839682540,5397.153,432.641113,3,A
37128,0.841904762,5399.166,504.616699,8,B
37226,0.844126984,5401.184,576.619202,4,A
37324,0.846349206,5403.206,648.648560,9,B
37422,0.848571429,5405.232,0.704953,0,A
37519,0.850770975,5407.243,72.052711,5,B
37617,0.852993197,5409.279,144.162994,1,A
37715,0.855215420,5411.320,216.300461,6,B
37813,0.857437642,5413.365,288.465149,2,A
37911,0.859659864,5415.415,360.657135,7,B
38008,0.861859410,5417.448,432.139435,3,A
38106,0.864081633,5419.506,504.385925,8,B
38204,0.866303855,5421.570,576.659912,4,A
38301,0.868503401,5423.616,648.223511,9,B
38399,0.870725624,5425.688,0.552343,0,A
38496,0.872925170,5427.744,72.170372,5,B
38594,0.875147392,5429.826,144.554306,1,A
38691,0.877346939,5431.890,216.226990,6,B
38789,0.879569161,5433.980,288.666260,2,A
38886,0.881768707,5436.054,360.393829,7,B
38983,0.883968254,5438.132,432.148804,3,A
39081,0.886190476,5440.236,504.671417,8,B
39178,0.888390023,5442.323,576.481628,4,A
39275,0.890589569,5444.414,648.319397,9,B
39372,0.892789116,5446.510,0.184831,0,A
39469,0.894988662,5448.610,72.077934,5,B
39567,0.897210884,5450.736,144.740387,1,A
39664,0.899410431,5452.845,216.689316,6,B
39761,0.901609977,5454.958,288.666107,2,A
39858,0.903809524,5457.076,360.670837,7,B
39955,0.906009070,5459.198,432.703552,3,A
40051,0.908185941,5461.303,504.021240,8,B
40148,0.910385488,5463.434,576.109802,4,A
40245,0.912585034,5465.569,648.226440,9,B
40342,0.914784580,5467.708,0.371366,0,A
40439,0.916984127,5469.853,72.544533,5,B
40535,0.919160998,5471.979,144.001526,1,A
40632,0.921360544,5474.132,216.231110,6,B
40729,0.923560091,5476.289,288.489136,2,A
40825,0.925736961,5478.428,360.030273,7,B
40922,0.927936508,5480.594,432.345032,3,A
41019,0.930136054,5482.764,504.688446,8,B
41115,0.932312925,5484.916,576.314209,4,A
41212,0.934512472,5487.094,648.714722,9,B
41308,0.936689342,5489.255,0.397141,0,A
41404,0.938866213,5491.420,72.107811,5,B
41501,0.941065760,5493.611,144.594223,1,A
41597,0.943242630,5495.785,216.361847,6,B
41693,0.945419501,5497.962,288.157898,2,A
41790,0.947619048,5500.167,360.730743,7,B
41886,0.949795918,5502.353,432.584076,3,A
41982,0.951972789,5504.543,504.465973,8,B
42078,0.954149660,5506.738,576.376526,4,A
42174,0.956326531,5508.937,648.315796,9,B
42270,0.958503401,5511.140,0.283779,0,A
42366,0.960680272,5513.347,72.280571,5,B
42462,0.962857143,5515.559,144.306229,1,A
42558,0.965034014,5517.774,216.360779,6,B
42654,0.967210884,5519.994,288.444305,2,A
42750,0.969387755,5522.218,360.556854,7,B
42846,0.971564626,5524.446,432.698486,3,A
42941,0.973718821,5526.655,504.117310,8,B
43037,0.975895692,5528.892,576.316956,4,A
43133,0.978072562,5531.133,648.545837,9,B
43228,0.980226757,5533.354,0.051166,0,A
43324,0.982403628,5535.603,72.338379,5,B
43420,0.984580499,5537.856,144.654999,1,A
43515,0.986734694,5540.090,216.247314,6,B
43611,0.988911565,5542.352,288.622589,2,A
43706,0.991065760,5544.594,360.273071,7,B
43802,0.993242630,5546.864,432.707245,3,A
43897,0.995396825,5549.114,504.416077,8,B
43992,0.997551020,5551.368,576.154053,4,A
44088,0.999727891,5553.650,648.676758,9,B
44183,1.001882086,5555.913,0.473401,0,A
44278,1.004036281,5558.179,72.299316,5,B
44373,1.006190476,5560.450,144.154556,1,A
44468,1.008344671,5562.725,216.039169,6,B
44564,1.010521542,5565.027,288.710358,2,A
44659,1.012675737,5567.310,360.654175,7,B
44754,1.014829932,5569.597,432.627533,3,A
44849,1.016984127,5571.888,504.630463,8,B
44944,1.019138322,5574.183,576.663025,4,A
45039,1.021292517,5576.481,648.725342,9,B
45133,1.023424036,5578.760,0.058306,0,A
45228,1.025578231,5581.067,72.179787,5,B
45323,1.027732426,5583.378,144.331116,1,A
45418,1.029886621,5585.693,216.512344,6,B
45513,1.032040816,5588.012,288.723511,2,A
45607,1.034172336,5590.310,360.204071,7,B
45702,1.036326531,5592.637,432.474976,3,A
45796,1.038458050,5594.943,504.014771,8,B
45891,1.040612245,5597.278,576.345642,4,A
45986,1.042766440,5599.617,648.706665,9,B
46080,1.044897959,5601.936,0.335786,0,A
46175,1.047052154,5604.282,72.757072,5,B
46269,1.049183673,5606.608,144.445908,1,A
46363,1.051315193,5608.938,216.164536,6,B
46458,1.053469388,5611.297,288.676392,2,A
46552,1.055600907,5613.634,360.455017,7,B
46646,1.057732426,5615.976,432.263580,3,A
46740,1.059863946,5618.321,504.102112,8,B
46835,1.062018141,5620.696,576.735352,4,A
46929,1.064149660,5623.049,648.634277,9,B
47023,1.066281179,5625.406,0.563354,0,A
47117,1.068412698,5627.767,72.522583,5,B
47211,1.070544218,5630.132,144.512024,1,A
47305,1.072675737,5632.501,216.531738,6,B
47399,1.074807256,5634.874,288.581787,2,A
47493,1.076938776,5637.250,360.662170,7,B
47586,1.079047619,5639.605,432.005707,3,A
47680,1.081179138,5641.989,504.146667,8,B
47774,1.083310658,5644.377,576.318176,4,A
47868,1.085442177,5646.769,648.520203,9,B
47962,1.087573696,5649.165,0.752862,0,A
48055,1.089682540,5651.539,72.247261,5,B
48149,1.091814059,5653.942,144.540970,1,A
48242,1.093922902,5656.323,216.095871,6,B
48336,1.096054422,5658.734,288.450806,2,A
48429,1.098163265,5661.123,360.066406,7,B
48523,1.100294785,5663.542,432.482788,3,A
48616,1.102403628,5665.938,504.159241,8,B
48710,1.104535147,5668.364,576.637268,4,A
48803,1.106643991,5670.769,648.374817,9,B
48896,1.108752834,5673.176,0.142761,0,A
48990,1.110884354,5675.613,72.713409,5,B
49083,1.112993197,5678.029,144.542740,1,A
49176,1.115102041,5680.448,216.402649,6,B
49269,1.117210884,5682.870,288.293182,2,A
49362,1.119319728,5685.296,360.214386,7,B
49455,1.121428571,5687.727,432.166351,3,A
49548,1.123537415,5690.160,504.149048,8,B
49641,1.125646259,5692.598,576.162598,4,A
49734,1.127755102,5695.039,648.206970,9,B
49827,1.129863946,5697.484,0.282279,0,A
49920,1.131972789,5699.932,72.388542,5,B
50013,1.134081633,5702.384,144.525818,1,A
50106,1.136190476,5704.840,216.694138,6,B
50198,1.138276644,5707.273,288.117035,2,A
50291,1.140385488,5709.737,360.347260,7,B
50384,1.142494331,5712.204,432.608673,3,A
50476,1.144580499,5714.647,504.123840,8,B
50569,1.146689342,5717.122,576.447449,4,A
50661,1.148775510,5719.573,648.024170,9,B
50754,1.150884354,5722.054,0.410158,0,A
50846,1.152970522,5724.513,72.048698,5,B
50939,1.155079365,5727.001,144.497223,1,A
51031,1.157165533,5729.467,216.197723,6,B
51124,1.159274376,5731.963,288.708984,2,A
51216,1.161360544,5734.436,360.471619,7,B
51308,1.163446712,5736.912,432.265259,3,A
51400,1.165532880,5739.392,504.089905,8,B
51493,1.167641723,5741.902,576.726807,4,A
51585,1.169727891,5744.389,648.614014,9,B
51677,1.171814059,5746.879,0.532292,0,A
51769,1.173900227,5749.374,72.481796,5,B
51861,1.175986395,5751.871,144.462540,1,A
51953,1.178072562,5754.372,216.474564,6,B
52045,1.180158730,5756.877,288.517914,2,A
52137,1.182244898,5759.385,360.592651,7,B
52229,1.184331066,5761.897,432.698822,3,A
52320,1.186394558,5764.385,504.052155,8,B
52412,1.188480726,5766.903,576.220947,4,A
52504,1.190566893,5769.426,648.421265,9,B
52596,1.192653061,5771.952,0.653160,0,A
52687,1.194716553,5774.453,72.131073,5,B
52779,1.196802721,5776.986,144.425964,1,A
52871,1.198888889,5779.522,216.752579,6,B
52962,1.200952381,5782.035,288.324280,2,A
53054,1.203038549,5784.578,360.714142,7,B
53145,1.205102041,5787.097,432.348480,3,A
53236,1.207165533,5789.619,504.014038,8,B
53328,1.209251701,5792.173,576.498901,4,A
53419,1.211315193,5794.702,648.227356,9,B
53511,1.213401361,5797.263,0.775860,0,A
53602,1.215464853,5799.799,72.567360,5,B
53693,1.217528345,5802.338,144.390289,1,A
53784,1.219591837,5804.881,216.244675,6,B
53875,1.221655329,5807.428,288.130585,2,A
53966,1.223718821,5809.978,360.048004,7,B
54058,1.225804989,5812.559,432.787872,3,A
54149,1.227868481,5815.115,504.768890,8,B
54240,1.229931973,5817.676,576.781555,4,A
54330,1.231972789,5820.210,648.034119,9,B
54421,1.234036281,5822.777,0.109916,0,A
54512,1.236099773,5825.347,72.217529,5,B
54603,1.238163265,5827.921,144.356979,1,A
54694,1.240226757,5830.498,216.528320,6,B
54785,1.242290249,5833.078,288.731567,2,A
54875,1.244331066,5835.633,360.172821,7,B
54966,1.246394558,5838.220,432.439697,3,A
55057,1.248458050,5840.810,504.738647,8,B
55147,1.250498866,5843.375,576.274658,4,A
55238,1.252562358,5845.972,648.637451,9,B
55328,1.254603175,5848.543,0.236683,0,A
55419,1.256666667,5851.147,72.663513,5,B
55509,1.258707483,5853.726,144.326172,1,A
55599,1.260748299,5856.307,216.020416,6,B
55690,1.262811791,5858.920,288.543427,2,A
55780,1.264852608,5861.508,360.301331,7,B
55870,1.266893424,5864.100,432.090942,3,A
55961,1.268956916,5866.723,504.710510,8,B
56051,1.270997732,5869.321,576.564026,4,A
56141,1.273038549,5871.922,648.449341,9,B
56231,1.275079365,5874.526,0.366543,0,A
56321,1.277120181,5877.134,72.315659,5,B
56411,1.279160998,5879.745,144.296722,1,A
56501,1.281201814,5882.359,216.309784,6,B
56591,1.283242630,5884.976,288.354858,2,A
56681,1.285283447,5887.597,360.432007,7,B
56771,1.287324263,5890.221,432.541260,3,A
56861,1.289365079,5892.848,504.682678,8,B
56950,1.291383220,5895.448,576.054199,4,A
57040,1.293424036,5898.082,648.259644,9,B
57130,1.295464853,5900.718,0.497360,0,A
57220,1.297505669,5903.358,72.767395,5,B
57309,1.299523810,5905.972,144.266235,1,A
57399,1.301564626,5908.618,216.600632,6,B
57488,1.303582766,5911.238,288.163208,2,A
57578,1.305623583,5913.891,360.562134,7,B
57667,1.307641723,5916.517,432.188568,3,A
57757,1.309682540,5919.176,504.652161,8,B
57846,1.311700680,5921.808,576.342651,4,A
57935,1.313718821,5924.444,648.065063,9,B
58025,1.315759637,5927.112,0.625758,0,A
58114,1.317777778,5929.754,72.412399,5,B
58203,1.319795918,5932.399,144.231049,1,A
58292,1.321814059,5935.047,216.081757,6,B
58382,1.323854875,5937.728,288.772400,2,A
58471,1.325873016,5940.382,360.687653,7,B
58560,1.327891156,5943.040,432.635101,3,A
58649,1.329909297,5945.700,504.614716,8,B
58738,1.331927438,5948.364,576.626587,4,A
58827,1.333945578,5951.031,648.670715,9,B
58916,1.335963719,5953.700,0.747151,0,A
59004,1.337959184,5956.343,72.045547,5,B
59093,1.339977324,5959.020,144.186356,1,A
59182,1.341995465,5961.698,216.359589,6,B
59271,1.344013605,5964.380,288.565277,2,A
59360,1.346031746,5967.065,360.803467,7,B
59448,1.348027211,5969.724,432.261963,3,A
59537,1.350045351,5972.415,504.564880,8,B
59625,1.352040816,5975.079,576.087463,4,A
59714,1.354058957,5977.776,648.455261,9,B
59802,1.356054422,5980.446,0.042100,0,A
59891,1.358072562,5983.149,72.474937,5,B
59979,1.360068027,5985.826,144.126129,1,A
60068,1.362086168,5988.535,216.624130,6,B
60156,1.364081633,5991.217,288.339844,2,A
60244,1.366077098,5993.902,360.087677,7,B
60333,1.368095238,5996.621,432.683533,3,A
60421,1.370090703,5999.312,504.496094,8,B
60509,1.372086168,6002.006,576.340881,4,A
60597,1.374081633,6004.703,648.217957,9,B
60685,1.376077098,6007.402,0.127354,0,A
60773,1.378072562,6010.105,72.069077,5,B
60861,1.380068027,6012.811,144.043182,1,A
60949,1.382063492,6015.520,216.049698,6,B
61037,1.384058957,6018.231,288.088654,2,A
61125,1.386054422,6020.946,360.160126,7,B
61213,1.388049887,6023.664,432.264099,3,A
61301,1.390045351,6026.384,504.400604,8,B
61389,1.392040816,6029.108,576.569702,4,A
61477,1.394036281,6031.834,648.771484,9,B
61564,1.396009070,6034.533,0.184838,0,A
61652,1.398004535,6037.265,72.451561,5,B
61740,1.400000000,6040.000,144.751022,1,A
61827,1.401972789,6042.707,216.261093,6,B
61915,1.403968254,6045.448,288.625732,2,A
62002,1.405941043,6048.161,360.200348,7,B
62090,1.407936508,6050.907,432.630341,3,A
62177,1.409909297,6053.626,504.269592,8,B
62265,1.411904762,6056.379,576.765015,4,A
62352,1.413877551,6059.103,648.469055,9,B
62439,1.415850340,6061.830,0.205396,0,A
62527,1.417845805,6064.591,72.799118,5,B
62614,1.419818594,6067.324,144.600433,1,A
62701,1.421791383,6070.059,216.434097,6,B
62788,1.423764172,6072.798,288.300171,2,A
62875,1.425736961,6075.539,360.198669,7,B
62962,1.427709751,6078.283,432.129639,3,A
63049,1.429682540,6081.029,504.093109,8,B
63136,1.431655329,6083.779,576.089111,4,A
63223,1.433628118,6086.532,648.117676,9,B
63310,1.435600907,6089.287,0.178801,0,A
63397,1.437573696,6092.045,72.272583,5,B
63484,1.439546485,6094.806,144.399033,1,A
63571,1.441519274,6097.570,216.558182,6,B
63658,1.443492063,6100.336,288.750061,2,A
63744,1.445442177,6103.074,360.144348,7,B
63831,1.447414966,6105.846,432.401398,3,A
63918,1.449387755,6108.621,504.691284,8,B
64004,1.451337868,6111.366,576.182556,4,A
64091,1.453310658,6114.147,648.537781,9,B
64177,1.455260771,6116.898,0.093769,0,A
64264,1.457233560,6119.684,72.514542,5,B
64350,1.459183673,6122.441,144.135330,1,A
64437,1.461156463,6125.232,216.621735,6,B
64523,1.463106576,6127.995,288.307465,2,A
64609,1.465056689,6130.759,360.025543,7,B
64696,1.467029478,6133.559,432.610474,3,A
64782,1.468979592,6136.329,504.393677,8,B
64868,1.470929705,6139.103,576.209290,4,A
64954,1.472879819,6141.878,648.057434,9,B
65041,1.474852608,6144.688,0.774010,0,A
65127,1.476802721,6147.470,72.687508,5,B
65213,1.478752834,6150.254,144.633560,1,A
65299,1.480702948,6153.040,216.612198,6,B
65385,1.482653061,6155.829,288.623474,2,A
65471,1.484603175,6158.621,360.667358,7,B
65557,1.486553288,6161.416,432.743958,3,A
65642,1.488480726,6164.181,504.014618,8,B
65728,1.490430839,6166.980,576.156311,4,A
65814,1.492380952,6169.783,648.330750,9,B
65900,1.494331066,6172.588,0.537987,0,A
65986,1.496281179,6175.396,72.778084,5,B
66071,1.498208617,6178.174,144.210480,1,A
66157,1.500158730,6180.987,216.515961,6,B
66242,1.502086168,6183.771,288.013031,2,A
66328,1.504036281,6186.589,360.384033,7,B
66414,1.505986395,6189.410,432.788025,3,A
66499,1.507913832,6192.201,504.382568,8,B
66584,1.509841270,6194.994,576.009399,4,A
66670,1.511791383,6197.823,648.511780,9,B
66755,1.513718821,6200.622,0.203655,0,A
66841,1.515668934,6203.457,72.771919,5,B
66926,1.517596372,6206.260,144.528976,1,A
67011,1.519523810,6209.067,216.318466,6,B
67096,1.521451247,6211.876,288.140442,2,A
67182,1.523401361,6214.721,360.840424,7,B
67267,1.525328798,6217.535,432.727814,3,A
67352,1.527256236,6220.352,504.647766,8,B
67437,1.529183673,6223.171,576.600281,4,A
67522,1.531111111,6225.993,648.585449,9,B
67607,1.533038549,6228.817,0.603237,0,A
67692,1.534965986,6231.645,72.653717,5,B
67777,1.536893424,6234.474,144.736908,1,A
67861,1.538798186,6237.273,216.004211,6,B
67946,1.540725624,6240.107,288.152527,2,A
68031,1.542653061,6242.945,360.333618,7,B
68116,1.544580499,6245.784,432.547546,3,A
68201,1.546507937,6248.627,504.794342,8,B
68285,1.548412698,6251.438,576.223450,4,A
68370,1.550340136,6254.285,648.535645,9,B
68454,1.552244898,6257.102,0.029504,0,A
68539,1.554172336,6259.954,72.407234,5,B
68624,1.556099773,6262.809,144.817963,1,A
68708,1.558004535,6265.633,216.409241,6,B
68792,1.559909297,6268.459,288.032806,2,A
68877,1.561836735,6271.322,360.541962,7,B
68961,1.563741497,6274.153,432.230560,3,A
69046,1.565668934,6277.021,504.805573,8,B
69130,1.567573696,6279.856,576.559326,4,A
69214,1.569478458,6282.695,648.345520,9,B
69298,1.571383220,6285.536,0.164192,0,A
69382,1.573287982,6288.380,72.015327,5,B
69467,1.575215420,6291.260,144.754929,1,A
69551,1.577120181,6294.108,216.671509,6,B
69635,1.579024943,6296.959,288.620667,2,A
69719,1.580929705,6299.812,360.602386,7,B
69803,1.582834467,6302.668,432.616760,3,A
69887,1.584739229,6305.526,504.663757,8,B
69971,1.586643991,6308.387,576.743469,4,A
70055,1.588548753,6311.250,648.855896,9,B
70138,1.590430839,6314.081,0.141937,0,A
70222,1.592335601,6316.949,72.319443,5,B
70306,1.594240363,6319.819,144.529739,1,A
70390,1.596145125,6322.692,216.772858,6,B
70473,1.598027211,6325.533,288.188202,2,A
70557,1.599931973,6328.410,360.496643,7,B
70641,1.601836735,6331.290,432.837982,3,A
70724,1.603718821,6334.138,504.350433,8,B
70808,1.605623583,6337.023,576.757263,4,A
70891,1.607505669,6339.875,648.334534,9,B
70975,1.609410431,6342.765,0.806942,0,A
71058,1.611292517,6345.623,72.449051,5,B
71141,1.613174603,6348.482,144.123444,1,A
71225,1.615079365,6351.379,216.694275,6,B
71308,1.616961451,6354.243,288.433685,2,A
71391,1.618843537,6357.110,360.205475,7,B
71474,1.620725624,6359.979,432.009644,3,A
71558,1.622630385,6362.886,504.711914,8,B
71641,1.624512472,6365.759,576.581360,4,A
71724,1.626394558,6368.636,648.483215,9,B
71807,1.628276644,6371.514,0.417592,0,A
71890,1.630158730,6374.395,72.384483,5,B
71973,1.632040816,6377.278,144.383911,1,A
72056,1.633922902,6380.164,216.415924,6,B
72139,1.635804989,6383.051,288.480530,2,A
72222,1.637687075,6385.941,360.577759,7,B
72305,1.639569161,6388.833,432.707611,3,A
72387,1.641428571,6391.693,504.000549,8,B
72470,1.643310658,6394.590,576.195435,4,A
72553,1.645192744,6397.489,648.422974,9,B
72636,1.647074830,6400.391,0.683333,0,A
72718,1.648934240,6403.260,72.105255,5,B
72801,1.650816327,6406.166,144.430771,1,A
72884,1.652698413,6409.074,216.789139,6,B
72966,1.654557823,6411.950,288.307953,2,A
73049,1.656439909,6414.863,360.731659,7,B
73131,1.658299320,6417.743,432.315094,3,A
73214,1.660181406,6420.661,504.804260,8,B
73296,1.662040816,6423.545,576.452393,4,A
73378,1.663900227,6426.432,648.132751,9,B
73461,1.665782313,6429.356,0.720028,0,A
73543,1.667641723,6432.248,72.465225,5,B
73625,1.669501134,6435.141,144.242691,1,A
73707,1.671360544,6438.037,216.052444,6,B
73790,1.673242630,6440.970,288.770844,2,A
73872,1.675102041,6443.870,360.645660,7,B
73954,1.676961451,6446.772,432.552826,3,A
74036,1.678820862,6449.677,504.492401,8,B
74118,1.680680272,6452.583,576.464417,4,A
74200,1.682539683,6455.493,648.468811,9,B
74282,1.684399093,6458.404,0.505724,0,A
74364,1.686258503,6461.317,72.575111,5,B
74446,1.688117914,6464.232,144.677017,1,A
74528,1.689977324,6467.150,216.811462,6,B
74609,1.691814059,6470.035,288.098175,2,A
74691,1.693673469,6472.957,360.297394,7,B
74773,1.695532880,6475.881,432.529205,3,A
74855,1.697392290,6478.808,504.793640,8,B
74936,1.699229025,6481.700,576.208862,4,A
75018,1.701088435,6484.631,648.538269,9,B
75099,1.702925170,6487.528,0.017717,0,A
75181,1.704784580,6490.464,72.412155,5,B
75263,1.706643991,6493.401,144.839355,1,A
75344,1.708480726,6496.305,216.415482,6,B
75425,1.710317460,6499.210,288.023621,2,A
75507,1.712176871,6502.154,360.548431,7,B
75588,1.714013605,6505.063,432.221039,3,A
75670,1.715873016,6508.012,504.811188,8,B
75751,1.717709751,6510.926,576.548401,4,A
75832,1.719546485,6513.842,648.317749,9,B
75913,1.721383220,6516.761,0.119200,0,A
75995,1.723242630,6519.717,72.839890,5,B
76076,1.725079365,6522.640,144.706131,1,A
76157,1.726916100,6525.564,216.604599,6,B
76238,1.728752834,6528.492,288.535309,2,A
76319,1.730589569,6531.420,360.498291,7,B
76400,1.732426304,6534.352,432.493561,3,A
76481,1.734263039,6537.285,504.521149,8,B
76562,1.736099773,6540.220,576.581055,4,A
76643,1.737936508,6543.157,648.673340,9,B
76724,1.739773243,6546.096,0.797980,0,A
76804,1.741587302,6549.001,72.064011,5,B
76885,1.743424036,6551.945,144.253098,1,A
76966,1.745260771,6554.890,216.474625,6,B
77047,1.747097506,6557.838,288.728638,2,A
77127,1.748911565,6560.751,360.122528,7,B
77208,1.750748299,6563.703,432.441132,3,A
77289,1.752585034,6566.656,504.792297,8,B
77369,1.754399093,6569.576,576.282166,4,A
77450,1.756235828,6572.534,648.698120,9,B
77530,1.758049887,6575.457,0.251983,0,A
77611,1.759886621,6578.419,72.732727,5,B
77691,1.761700680,6581.347,144.350693,1,A
77771,1.763514739,6584.276,216.000534,6,B
77852,1.765351474,6587.244,288.578491,2,A
77932,1.767165533,6590.177,360.292542,7,B
78012,1.768979592,6593.113,432.038544,3,A
78093,1.770816327,6596.087,504.713928,8,B
78173,1.772630385,6599.026,576.524292,4,A
78253,1.774444444,6601.968,648.366638,9,B
78333,1.776258503,6604.911,0.240983,0,A
78413,1.778072562,6607.856,72.147400,5,B
78493,1.779886621,6610.804,144.085892,1,A
78573,1.781700680,6613.753,216.056473,6,B
78653,1.783514739,6616.705,288.059143,2,A
78733,1.785328798,6619.658,360.093994,7,B
78813,1.787142857,6622.613,432.160950,3,A
78893,1.788956916,6625.570,504.260132,8,B
78973,1.790770975,6628.529,576.391479,4,A
79053,1.792585034,6631.491,648.555054,9,B
79133,1.794399093,6634.454,0.750875,0,A
79212,1.796190476,6637.382,72.075905,5,B
79292,1.798004535,6640.349,144.335861,1,A
79372,1.799818594,6643.318,216.628128,6,B
79451,1.801609977,6646.252,288.048462,2,A
79531,1.803424036,6649.225,360.404999,7,B
79611,1.805238095,6652.200,432.793915,3,A
79690,1.807029478,6655.139,504.309753,8,B
79770,1.808843537,6658.118,576.763062,4,A
79849,1.810634921,6661.062,648.342529,9,B
79929,1.812448980,6664.044,0.860292,0,A
80008,1.814240363,6666.991,72.503471,5,B
80087,1.816031746,6669.940,144.178329,1,A
80167,1.817845805,6672.929,216.792786,6,B
80246,1.819637188,6675.882,288.531494,2,A
80325,1.821428571,6678.836,360.301941,7,B
80404,1.823219955,6681.793,432.104187,3,A
80484,1.825034014,6684.789,504.847687,8,B
80563,1.826825397,6687.750,576.713928,4,A
80642,1.828616780,6690.712,648.611938,9,B
80721,1.830408163,6693.676,0.541869,0,A
80800,1.832199546,6696.643,72.503647,5,B
80879,1.833990930,6699.610,144.497314,1,A
80958,1.835782313,6702.580,216.522888,6,B
81037,1.837573696,6705.552,288.580414,2,A
81116,1.839365079,6708.525,360.669861,7,B
81195,1.841156463,6711.501,432.791290,3,A
81273,1.842925170,6714.440,504.031189,8,B
81352,1.844716553,6717.420,576.216187,4,A
81431,1.846507937,6720.401,648.433289,9,B
81510,1.848299320,6723.384,0.682383,0,A
81588,1.850068027,6726.331,72.048416,5,B
81667,1.851859410,6729.317,144.361282,1,A
81746,1.853650794,6732.306,216.706253,6,B
81824,1.855419501,6735.258,288.166992,2,A
81903,1.857210884,6738.250,360.575836,7,B
81981,1.858979592,6741.206,432.099701,3,A
82060,1.860770975,6744.202,504.572479,8,B
82138,1.862539683,6747.162,576.159485,4,A
82217,1.864331066,6750.161,648.696350,9,B
82295,1.866099773,6753.124,0.346626,0,A
82373,1.867868481,6756.089,72.028366,5,B
82452,1.869659864,6759.094,144.661179,1,A
82530,1.871428571,6762.062,216.406296,6,B
82608,1.873197279,6765.033,288.182922,2,A
82687,1.874988662,6768.043,360.911896,7,B
82765,1.876757370,6771.017,432.752014,3,A
82843,1.878526077,6773.993,504.623688,8,B
82921,1.880294785,6776.971,576.526978,4,A
82999,1.882063492,6779.950,648.461853,9,B
83077,1.883832200,6782.931,0.428342,0,A
83155,1.885600907,6785.914,72.426491,5,B
83233,1.887369615,6788.898,144.456299,1,A
83311,1.889138322,6791.884,216.517807,6,B
83389,1.890907029,6794.873,288.610992,2,A
83467,1.892675737,6797.862,360.735931,7,B
83545,1.894444444,6800.854,432.892578,3,A
83622,1.896190476,6803.809,504.155304,8,B
83700,1.897959184,6806.805,576.375061,4,A
83778,1.899727891,6809.801,648.626648,9,B
83856,1.901496599,6812.800,0.910052,0,A
83933,1.903242630,6815.762,72.297958,5,B
84011,1.905011338,6818.764,144.644623,1,A
84088,1.906757370,6821.729,216.095016,6,B
84166,1.908526077,6824.735,288.505035,2,A
84243,1.910272109,6827.704,360.018005,7,B
84321,1.912040816,6830.712,432.491425,3,A
84398,1.913786848,6833.685,504.067047,8,B
84476,1.915555556,6836.697,576.604004,4,A
84553,1.917301587,6839.673,648.242310,9,B
84631,1.919070295,6842.689,0.842797,0,A
84708,1.920816327,6845.667,72.543915,5,B
84785,1.922562358,6848.648,144.276245,1,A
84862,1.924308390,6851.631,216.039810,6,B
84940,1.926077098,6854.653,288.767242,2,A
85017,1.927823129,6857.640,360.593750,7,B
85094,1.929569161,6860.626,432.451508,3,A
85171,1.931315193,6863.616,504.340607,8,B
85248,1.933061224,6866.606,576.261047,4,A
85325,1.934807256,6869.599,648.212769,9,B
85402,1.936553288,6872.593,0.195891,0,A
85479,1.938299320,6875.589,72.210381,5,B
85556,1.940045351,6878.586,144.256256,1,A
85633,1.941791383,6881.585,216.333542,6,B
85710,1.943537415,6884.586,288.442261,2,A
85787,1.945283447,6887.588,360.582428,7,B
85864,1.947029478,6890.592,432.754059,3,A
85940,1.948752834,6893.559,504.019257,8,B
86017,1.950498866,6896.566,576.253479,4,A
86094,1.952244898,6899.575,648.519165,9,B
86171,1.953990930,6902.586,0.816397,0,A
86247,1.955714286,6905.560,72.205650,5,B
86324,1.957460317,6908.573,144.565598,1,A
86400,1.959183673,6911.550,216.016769,6,B
86477,1.960929705,6914.567,288.439484,2,A
86554,1.962675737,6917.585,360.893829,7,B
86630,1.964399093,6920.567,432.438202,3,A
86706,1.966122449,6923.550,504.013428,8,B
86783,1.967868481,6926.573,576.561890,4,A
86859,1.969591837,6929.559,648.199280,9,B
86936,1.971337868,6932.586,0.810703,0,A
87012,1.973061224,6935.576,72.510246,5,B
87088,1.974784580,6938.566,144.240707,1,A
87164,1.976507937,6941.559,216.002106,6,B
87241,1.978253968,6944.592,288.739288,2,A
87317,1.979977324,6947.588,360.563019,7,B
87393,1.981700680,6950.585,432.417694,3,A
87469,1.983424036,6953.584,504.303406,8,B
87545,1.985147392,6956.584,576.220154,4,A
87621,1.986870748,6959.586,648.167847,9,B
87697,1.988594104,6962.589,0.146673,0,A
87773,1.990317460,6965.595,72.156532,5,B
87849,1.992040816,6968.602,144.197479,1,A
87925,1.993764172,6971.609,216.269516,6,B
88001,1.995487528,6974.619,288.372681,2,A
88077,1.997210884,6977.630,360.506958,7,B
88153,1.998934240,6980.644,432.672394,3,A
88229,2.000657596,6983.658,504.868958,8,B
88304,2.002358277,6986.634,576.146179,4,A
88380,2.004081633,6989.652,648.404724,9,B
88456,2.005804989,6992.671,0.694484,0,A
88531,2.007505669,6995.651,72.063675,5,B
88607,2.009229025,6998.673,144.415497,1,A
88683,2.010952381,7001.697,216.798569,6,B
88758,2.012653061,7004.683,288.259888,2,A
88834,2.014376417,7007.709,360.705109,7,B
88909,2.016077098,7010.698,432.227814,3,A
88985,2.017800454,7013.728,504.735260,8,B
89060,2.019501134,7016.720,576.319397,4,A
89136,2.021224490,7019.752,648.889099,9,B
89211,2.022925170,7022.747,0.534694,0,A
89286,2.024625850,7025.743,72.210861,5,B
89362,2.026349206,7028.780,144.873917,1,A
89437,2.028049887,7031.779,216.611664,6,B
89512,2.029750567,7034.780,288.380035,2,A
89587,2.031451247,7037.782,360.179016,7,B
89662,2.033151927,7040.785,432.008636,3,A
89738,2.034875283,7043.830,504.827271,8,B
89813,2.036575964,7046.837,576.718628,4,A
89888,2.038276644,7049.845,648.640686,9,B
89963,2.039977324,7052.854,0.593421,0,A
90038,2.041678005,7055.865,72.576881,5,B
90113,2.043378685,7058.877,144.591080,1,A
90188,2.045079365,7061.892,216.636017,6,B
90263,2.046780045,7064.907,288.711731,2,A
90338,2.048480726,7067.924,360.818207,7,B
90413,2.050181406,7070.942,432.955475,3,A
90487,2.051859410,7073.921,504.161102,8,B
90562,2.053560091,7076.942,576.359619,4,A
90637,2.055260771,7079.965,648.588928,9,B
90712,2.056961451,7082.989,0.849084,0,A
90786,2.058639456,7085.975,72.176041,5,B
90861,2.060340136,7089.001,144.497543,1,A
90936,2.062040816,7092.029,216.849945,6,B
91010,2.063718821,7095.019,288.267944,2,A
91085,2.065419501,7098.050,360.681763,7,B
91159,2.067097506,7101.042,432.160400,3,A
91234,2.068798186,7104.077,504.635712,8,B
91308,2.070476190,7107.072,576.175049,4,A
91383,2.072176871,7110.109,648.711853,9,B
91457,2.073854875,7113.107,0.311936,0,A
91532,2.075555556,7116.147,72.910378,5,B
91606,2.077233560,7119.148,144.571259,1,A
91680,2.078911565,7122.150,216.262344,6,B
91755,2.080612245,7125.194,288.953094,2,A
91829,2.082290249,7128.199,360.705078,7,B
91903,2.083968254,7131.206,432.487305,3,A
91977,2.085646259,7134.214,504.299835,8,B
92051,2.087324263,7137.224,576.142639,4,A
92125,2.089002268,7140.234,648.015747,9,B
92200,2.090702948,7143.287,0.891072,0,A
92274,2.092380952,7146.300,72.825249,5,B
92348,2.094058957,7149.314,144.789764,1,A
92422,2.095736961,7152.331,216.784653,6,B
92496,2.097414966,7155.349,288.809906,2,A
92570,2.099092971,7158.368,360.865570,7,B
92644,2.100770975,7161.388,432.951599,3,A
92717,2.102426304,7164.369,504.093323,8,B
92791,2.104104308,7167.392,576.239807,4,A
92865,2.105782313,7170.416,648.416748,9,B
92939,2.107460317,7173.442,0.624114,0,A
93013,2.109138322,7176.469,72.861969,5,B
93086,2.110793651,7179.457,144.153503,1,A
93160,2.112471655,7182.487,216.451935,6,B
93234,2.114149660,7185.518,288.780884,2,A
93307,2.115804989,7188.510,360.162292,7,B
93381,2.117482993,7191.544,432.551880,3,A
93455,2.119160998,7194.579,504.972046,8,B
93528,2.120816327,7197.575,576.443481,4,A
93602,2.122494331,7200.612,648.924377,9,B
93675,2.124149660,7203.611,0.455749,0,A
93748,2.125804989,7206.611,72.016922,5,B
93822,2.127482993,7209.653,144.588791,1,A
93895,2.129138322,7212.655,216.209991,6,B
93969,2.130816327,7215.700,288.842743,2,A
94042,2.132471655,7218.705,360.523987,7,B
94115,2.134126984,7221.711,432.235107,3,A
94189,2.135804989,7224.760,504.959045,8,B
94262,2.137460317,7227.769,576.730347,4,A
94335,2.139115646,7230.779,648.531494,9,B
94408,2.140770975,7233.791,0.362546,0,A
94481,2.142426304,7236.803,72.223526,5,B
94554,2.144081633,7239.818,144.114441,1,A
94627,2.145736961,7242.833,216.035294,6,B
94701,2.147414966,7245.892,288.971924,2,A
94774,2.149070295,7248.909,360.953125,7,B
94847,2.150725624,7251.929,432.964294,3,A
94919,2.152358277,7254.908,504.018372,8,B
94992,2.154013605,7257.930,576.089111,4,A
95065,2.155668934,7260.953,648.189941,9,B
95138,2.157324263,7263.978,0.320731,0,A
95211,2.158979592,7267.003,72.481590,5,B
95284,2.160634921,7270.030,144.672501,1,A
95357,2.162290249,7273.059,216.893494,6,B
95429,2.163922902,7276.046,288.154602,2,A
95502,2.165578231,7279.077,360.435364,7,B
95575,2.167233560,7282.110,432.746246,3,A
95647,2.168866213,7285.102,504.096039,8,B
95720,2.170521542,7288.136,576.466736,4,A
95793,2.172176871,7291.172,648.867615,9,B
95865,2.173809524,7294.168,0.306204,0,A
95938,2.175464853,7297.206,72.766975,5,B
96010,2.177097506,7300.205,144.264694,1,A
96083,2.178752834,7303.246,216.785446,6,B
96155,2.180385488,7306.246,288.342346,2,A
96228,2.182040816,7309.290,360.923096,7,B
96300,2.183673469,7312.293,432.539215,3,A
96372,2.185306122,7315.297,504.184753,8,B
96445,2.186961451,7318.344,576.855408,4,A
96517,2.188594104,7321.352,648.560242,9,B
96589,2.190226757,7324.359,0.294549,0,A
96661,2.191859410,7327.368,72.058311,5,B
96734,2.193514739,7330.421,144.848907,1,A
96806,2.195147392,7333.432,216.672058,6,B
96878,2.196780045,7336.444,288.524719,2,A
96950,2.198412698,7339.459,360.406891,7,B
97022,2.200045351,7342.475,432.318604,3,A
97094,2.201678005,7345.491,504.259888,8,B
97166,2.203310658,7348.509,576.230713,4,A
97238,2.204943311,7351.528,648.231079,9,B
97310,2.206575964,7354.548,0.261037,0,A
97382,2.208208617,7357.569,72.320587,5,B
97454,2.209841270,7360.592,144.409744,1,A
97526,2.211473923,7363.616,216.528519,6,B
97598,2.213106576,7366.641,288.676910,2,A
97670,2.214739229,7369.667,360.854950,7,B
97741,2.216349206,7372.652,432.059540,3,A
97813,2.217981859,7375.681,504.296478,8,B
97885,2.219614512,7378.710,576.563110,4,A
97957,2.221247166,7381.741,648.859375,9,B
98028,2.222857143,7384.731,0.180644,0,A
98100,2.224489796,7387.765,72.535927,5,B
98172,2.226122449,7390.799,144.920944,1,A
98243,2.227732426,7393.792,216.329712,6,B
98315,2.229365079,7396.829,288.773773,2,A
98386,2.230975057,7399.825,360.240814,7,B
98458,2.232607710,7402.864,432.743988,3,A
98529,2.234217687,7405.862,504.269348,8,B
98601,2.235850340,7408.904,576.831665,4,A
98672,2.237460317,7411.905,648.415344,9,B
98743,2.239070295,7414.906,0.028057,0,A
98815,2.240702948,7417.951,72.678993,5,B
98886,2.242312925,7420.955,144.350098,1,A
98957,2.243922902,7423.960,216.050247,6,B
99029,2.245555556,7427.009,288.789886,2,A
99100,2.247165533,7430.016,360.548523,7,B
99171,2.248775510,7433.024,432.336182,3,A
99242,2.250385488,7436.034,504.152924,8,B
99314,2.252018141,7439.087,577.010864,4,A
99385,2.253628118,7442.099,648.886169,9,B
99456,2.255238095,7445.112,0.790620,0,A
99527,2.256848073,7448.126,72.724152,5,B
99598,2.258458050,7451.142,144.686813,1,A
99669,2.260068027,7454.158,216.678589,6,B
99740,2.261678005,7457.175,288.699524,2,A
99811,2.263287982,7460.194,360.749603,7,B
99882,2.264897959,7463.214,432.828857,3,A
99953,2.266507937,7466.234,504.937286,8,B
100023,2.268095238,7469.215,576.058655,4,A
100094,2.269705215,7472.237,648.225098,9,B
100165,2.271315193,7475.262,0.420688,0,A
100236,2.272925170,7478.287,72.645515,5,B
100307,2.274535147,7481.313,144.899567,1,A
100377,2.276122449,7484.298,216.164597,6,B
100448,2.277732426,7487.327,288.476746,2,A
100519,2.279342404,7490.357,360.818146,7,B
100589,2.280929705,7493.345,432.169281,3,A
100660,2.282539683,7496.377,504.568848,8,B
100731,2.284149660,7499.410,576.997681,4,A
100801,2.285736961,7502.401,648.435059,9,B
100872,2.287346939,7505.437,0.922116,0,A
100942,2.288934240,7508.430,72.416924,5,B
101013,2.290544218,7511.468,144.962219,1,A
101083,2.292131519,7514.463,216.514465,6,B
101153,2.293718821,7517.460,288.095276,2,A
101224,2.295328798,7520.501,360.727814,7,B
101294,2.296916100,7523.500,432.366089,3,A
101364,2.298503401,7526.500,504.032959,8,B
101435,2.300113379,7529.544,576.752869,4,A
101505,2.301700680,7532.546,648.477295,9,B
101575,2.303287982,7535.549,0.230322,0,A
101645,2.304875283,7538.554,72.011963,5,B
101716,2.306485261,7541.602,144.848297,1,A
101786,2.308072562,7544.608,216.687592,6,B
101856,2.309659864,7547.616,288.555511,2,A
101926,2.311247166,7550.624,360.452118,7,B
101996,2.312834467,7553.634,432.377350,3,A
102066,2.314421769,7556.644,504.331238,8,B
102136,2.316009070,7559.655,576.313843,4,A
102206,2.317596372,7562.668,648.325134,9,B
102276,2.319183673,7565.682,0.365070,0,A
102346,2.320770975,7568.697,72.433746,5,B
102416,2.322358277,7571.712,144.531128,1,A
102486,2.323945578,7574.729,216.657257,6,B
102556,2.325532880,7577.747,288.812103,2,A
102626,2.327120181,7580.766,360.995697,7,B
102695,2.328684807,7583.743,432.176239,3,A
102765,2.330272109,7586.764,504.416962,8,B
102835,2.331859410,7589.785,576.686462,4,A
102905,2.333446712,7592.809,648.984741,9,B
102974,2.335011338,7595.789,0.278341,0,A
103044,2.336598639,7598.814,72.633804,5,B
103114,2.338185941,7601.841,145.018082,1,A
103183,2.339750567,7604.824,216.396500,6,B
103253,2.341337868,7607.853,288.838013,2,A
103322,2.342902494,7610.838,360.272888,7,B
103392,2.344489796,7613.868,432.771698,3,A
103461,2.346054422,7616.856,504.263062,8,B
103531,2.347641723,7619.888,576.819214,4,A
103600,2.349206349,7622.878,648.367065,9,B
103670,2.350793651,7625.912,0.980569,0,A
103739,2.352358277,7628.904,72.585014,5,B
103808,2.353922902,7631.896,144.217545,1,A
103878,2.355510204,7634.934,216.916946,6,B
103947,2.357074830,7637.929,288.606110,2,A
104016,2.358639456,7640.924,360.323364,7,B
104085,2.360204082,7643.921,432.068756,3,A
104155,2.361791383,7646.962,504.882690,8,B
104224,2.363356009,7649.961,576.684814,4,A
104293,2.364920635,7652.961,648.515015,9,B
104362,2.366485261,7655.962,0.373440,0,A
104431,2.368049887,7658.963,72.260025,5,B
104500,2.369614512,7661.966,144.174789,1,A
104569,2.371179138,7664.969,216.117737,6,B
104638,2.372743764,7667.974,288.088898,2,A
104707,2.374308390,7670.979,360.088257,7,B
104776,2.375873016,7673.985,432.115845,3,A
104845,2.377437642,7676.993,504.171661,8,B
104914,2.379002268,7680.001,576.255737,4,A
104983,2.380566893,7683.011,648.368042,9,B
105052,2.382131519,7686.021,0.508579,0,A
105121,2.383696145,7689.032,72.677399,5,B
105190,2.385260771,7692.044,144.874496,1,A
105258,2.386802721,7695.013,216.052917,6,B
105327,2.388367347,7698.028,288.306183,2,A
105396,2.389931973,7701.042,360.587738,7,B
105465,2.391496599,7704.059,432.897583,3,A
105533,2.393038549,7707.032,504.187195,8,B
105602,2.394603175,7710.050,576.553284,4,A
105671,2.396167800,7713.068,648.947693,9,B
105739,2.397709751,7716.045,0.320693,0,A
105808,2.399274376,7719.065,72.771416,5,B
105876,2.400816327,7722.043,144.199875,1,A
105945,2.402380952,7725.065,216.706909,6,B
106013,2.403922902,7728.045,288.190887,2,A
106082,2.405487528,7731.069,360.754303,7,B
106150,2.407029478,7734.051,432.293823,3,A
106219,2.408594104,7737.078,504.913605,8,B
106287,2.410136054,7740.061,576.508728,4,A
106355,2.411678005,7743.045,648.131470,9,B
106424,2.413242630,7746.074,0.835715,0,A
106492,2.414784580,7749.061,72.514091,5,B
106560,2.416326531,7752.047,144.220093,1,A
106629,2.417891156,7755.079,217.008850,6,B
106697,2.419433107,7758.068,288.770538,2,A
106765,2.420975057,7761.058,360.559906,7,B
106833,2.422517007,7764.048,432.376923,3,A
106901,2.424058957,7767.040,504.221619,8,B
106969,2.425600907,7770.032,576.093994,4,A
107038,2.427165533,7773.069,649.051575,9,B
107106,2.428707483,7776.063,0.979768,0,A
107174,2.430249433,7779.059,72.935638,5,B
107242,2.431791383,7782.054,144.919220,1,A
107310,2.433333333,7785.052,216.930527,6,B
107378,2.434875283,7788.049,288.969574,2,A
107446,2.436417234,7791.048,361.036346,7,B
107513,2.437936508,7794.003,432.070435,3,A
107581,2.439478458,7797.003,504.192291,8,B
107649,2.441020408,7800.005,576.341919,4,A
107717,2.442562358,7803.007,648.519348,9,B
107785,2.444104308,7806.010,0.724507,0,A
107853,2.445646259,7809.014,72.957474,5,B
107920,2.447165533,7811.975,144.155380,1,A
107988,2.448707483,7814.980,216.443527,6,B
108056,2.450249433,7817.986,288.759491,2,A
108123,2.451768707,7820.949,360.039215,7,B
108191,2.453310658,7823.958,432.410400,3,A
108259,2.454852608,7826.967,504.809448,8,B
108326,2.456371882,7829.933,576.171021,4,A
108394,2.457913832,7832.943,648.625366,9,B
108461,2.459433107,7835.911,0.041416,0,A
108529,2.460975057,7838.924,72.551056,5,B
108596,2.462494331,7841.893,144.021637,1,A
108664,2.464036281,7844.907,216.586639,6,B
108731,2.465555556,7847.878,288.111786,2,A
108799,2.467097506,7850.894,360.732147,7,B
108866,2.468616780,7853.866,432.311859,3,A
108934,2.470158730,7856.884,504.987640,8,B
109001,2.471678005,7859.858,576.621948,4,A
109068,2.473197279,7862.833,648.283386,9,B
109136,2.474739229,7865.854,1.042168,0,A
109203,2.476258503,7868.830,72.758270,5,B
109270,2.477777778,7871.807,144.501511,1,A
109337,2.479297052,7874.785,216.271896,6,B
109404,2.480816327,7877.765,288.069427,2,A
109472,2.482358277,7880.789,360.966339,7,B
109539,2.483877551,7883.770,432.818634,3,A
109606,2.485396825,7886.752,504.698059,8,B
109673,2.486916100,7889.734,576.604675,4,A
109740,2.488435374,7892.717,648.538513,9,B
109807,2.489954649,7895.701,0.499544,0,A
109874,2.491473923,7898.686,72.487770,5,B
109941,2.492993197,7901.672,144.503204,1,A
110008,2.494512472,7904.658,216.545868,6,B
110075,2.496031746,7907.646,288.615753,2,A
110142,2.497551020,7910.633,360.712860,7,B
110209,2.499070295,7913.623,432.837219,3,A
110276,2.500589569,7916.612,504.988831,8,B
110342,2.502086168,7919.558,576.090210,4,A
110409,2.503605442,7922.549,648.295959,9,B
110476,2.505124717,7925.542,0.528943,0,A
110543,2.506643991,7928.534,72.789223,5,B
110610,2.508163265,7931.528,145.076782,1,A
110676,2.509659864,7934.478,216.312119,6,B
110743,2.511179138,7937.474,288.653870,2,A
110810,2.512698413,7940.470,361.022919,7,B
110876,2.514195011,7943.422,432.338562,3,A
110943,2.515714286,7946.419,504.761841,8,B
111009,2.517210884,7949.374,576.130920,4,A
111076,2.518730159,7952.373,648.608459,9,B
111142,2.520226757,7955.328,0.030988,0,A
111209,2.521746032,7958.329,72.562820,5,B
111275,2.523242630,7961.285,144.038849,1,A
111342,2.524761905,7964.288,216.625000,6,B
111408,2.526258503,7967.246,288.154541,2,A
111475,2.527777778,7970.250,360.795013,7,B
111541,2.529274376,7973.210,432.378113,3,A
111608,2.530793651,7976.216,505.072968,8,B
111674,2.532290249,7979.178,576.709656,4,A
111740,2.533786848,7982.140,648.372864,9,B
111806,2.535283447,7985.103,0.062753,0,A
111873,2.536802721,7988.111,72.866035,5,B
111939,2.538299320,7991.076,144.609528,1,A
112005,2.539795918,7994.041,216.379639,6,B
112071,2.541292517,7997.007,288.176392,2,A
112138,2.542811791,8000.019,361.088196,7,B
112204,2.544308390,8002.986,432.938629,3,A
112270,2.545804989,8005.954,504.815704,8,B
112336,2.547301587,8008.923,576.719421,4,A
112402,2.548798186,8011.893,648.649841,9,B
112468,2.550294785,8014.864,0.606898,0,A
112534,2.551791383,8017.835,72.590645,5,B
112600,2.553287982,8020.807,144.601074,1,A
112666,2.554784580,8023.779,216.638199,6,B
112732,2.556281179,8026.753,288.701996,2,A
112798,2.557777778,8029.727,360.792542,7,B
112864,2.559274376,8032.702,432.909760,3,A
112930,2.560770975,8035.678,505.053711,8,B
112995,2.562244898,8038.609,576.130676,4,A
113061,2.563741497,8041.586,648.327698,9,B
113127,2.565238095,8044.563,0.551423,0,A
113193,2.566734694,8047.543,72.801903,5,B
113259,2.568231293,8050.522,145.079132,1,A
113324,2.569705215,8053.457,216.287399,6,B
113390,2.571201814,8056.438,288.617737,2,A
113456,2.572698413,8059.420,360.974854,7,B
113521,2.574172336,8062.356,432.261810,3,A
113587,2.575668934,8065.340,504.672089,8,B
113652,2.577142857,8068.278,576.011414,4,A
113718,2.578639456,8071.262,648.474854,9,B
113784,2.580136054,8074.247,0.965097,0,A
113849,2.581609977,8077.188,72.383209,5,B
113915,2.583106576,8080.175,144.926666,1,A
113980,2.584580499,8083.116,216.397202,6,B
114046,2.586077098,8086.104,288.993896,2,A
114111,2.587551020,8089.048,360.516907,7,B
114176,2.589024943,8091.992,432.065918,3,A
114242,2.590521542,8094.982,504.742310,8,B
114307,2.591995465,8097.928,576.343811,4,A
114373,2.593492063,8100.919,649.073547,9,B
114438,2.594965986,8103.866,0.727551,0,A
114503,2.596439909,8106.813,72.407623,5,B
114568,2.597913832,8109.762,144.113770,1,A
114634,2.599410431,8112.756,216.949768,6,B
114699,2.600884354,8115.706,288.708466,2,A
114764,2.602358277,8118.656,360.493256,7,B
114829,2.603832200,8121.607,432.304169,3,A
114894,2.605306122,8124.559,504.141144,8,B
114959,2.606780045,8127.511,576.004211,4,A
115025,2.608276644,8130.510,648.999634,9,B
115090,2.609750567,8133.463,0.915361,0,A
115155,2.611224490,8136.417,72.857208,5,B
115220,2.612698413,8139.373,144.825195,1,A
115285,2.614172336,8142.328,216.819305,6,B
115350,2.615646259,8145.285,288.839569,2,A
115415,2.617120181,8148.242,360.885986,7,B
115480,2.618594104,8151.200,432.958527,3,A
115545,2.620068027,8154.158,505.057251,8,B
115609,2.621519274,8157.072,576.072327,4,A
115674,2.622993197,8160.032,648.223022,9,B
115739,2.624467120,8162.992,0.399836,0,A
115804,2.625941043,8165.953,72.602852,5,B
115869,2.627414966,8168.915,144.832062,1,A
115934,2.628888889,8171.877,217.087463,6,B
115998,2.630340136,8174.795,288.256866,2,A
116063,2.631814059,8177.759,360.564270,7,B
116128,2.633287982,8180.723,432.897888,3,A
116192,2.634739229,8183.643,504.144287,8,B
116257,2.636213152,8186.607,576.529968,4,A
116322,2.637687075,8189.574,648.941833,9,B
116386,2.639138322,8192.495,0.265353,0,A
116451,2.640612245,8195.464,72.729317,5,B
116515,2.642063492,8198.386,144.104095,1,A
116580,2.643537415,8201.355,216.620163,6,B
116644,2.644988662,8204.279,288.046265,2,A
116709,2.646462585,8207.249,360.614441,7,B
116773,2.647913832,8210.175,432.091858,3,A
116838,2.649387755,8213.146,504.712189,8,B
116902,2.650839002,8216.072,576.240967,4,A
116967,2.652312925,8219.045,648.913452,9,B
117031,2.653764172,8221.973,0.493580,0,A
117095,2.655215420,8224.901,72.099220,5,B
117160,2.656689342,8227.876,144.849792,1,A
117224,2.658140590,8230.806,216.506836,6,B
117288,2.659591837,8233.736,288.189392,2,A
117353,2.661065760,8236.713,361.018097,7,B
117417,2.662517007,8239.644,432.752106,3,A
117481,2.663968254,8242.576,504.511627,8,B
117545,2.665419501,8245.509,576.296692,4,A
117609,2.666870748,8248.441,648.107300,9,B
117674,2.668344671,8251.422,1.066062,0,A
117738,2.669795918,8254.356,72.928154,5,B
117802,2.671247166,8257.291,144.815796,1,A
117866,2.672698413,8260.228,216.729004,6,B
117930,2.674149660,8263.164,288.667755,2,A
117994,2.675600907,8266.101,360.632111,7,B
118058,2.677052154,8269.038,432.622040,3,A
118122,2.678503401,8271.977,504.637543,8,B
118186,2.679954649,8274.916,576.678589,4,A
118250,2.681405896,8277.854,648.745300,9,B
118314,2.682857143,8280.795,0.837571,0,A
118378,2.684308390,8283.734,72.955452,5,B
118442,2.685759637,8286.676,145.098938,1,A
118505,2.687188209,8289.572,216.140198,6,B
118569,2.688639456,8292.515,288.334503,2,A
118633,2.690090703,8295.457,360.554443,7,B
118697,2.691541950,8298.400,432.800018,3,A
118761,2.692993197,8301.346,505.071228,8,B
118824,2.694421769,8304.244,576.238220,4,A
118888,2.695873016,8307.189,648.560303,9,B
118952,2.697324263,8310.135,0.908062,0,A
119015,2.698752834,8313.036,72.150421,5,B
119079,2.700204082,8315.983,144.549072,1,A
119143,2.701655329,8318.931,216.973389,6,B
119206,2.703083900,8321.833,288.291138,2,A
119270,2.704535147,8324.781,360.766388,7,B
119333,2.705963719,8327.686,432.134308,3,A
119397,2.707414966,8330.635,504.660522,8,B
119460,2.708843537,8333.539,576.078613,4,A
119524,2.710294785,8336.490,648.655823,9,B
119587,2.711723356,8339.396,0.124114,0,A
119651,2.713174603,8342.349,72.752319,5,B
119714,2.714603175,8345.256,144.270828,1,A
119778,2.716054422,8348.209,216.950058,6,B
119841,2.717482993,8351.117,288.518799,2,A
119904,2.718911565,8354.026,360.112457,7,B
119968,2.720362812,8356.980,432.868073,3,A
120031,2.721791383,8359.891,504.511993,8,B
120094,2.723219955,8362.801,576.180847,4,A
120158,2.724671202,8365.758,649.012878,9,B
120221,2.726099773,8368.669,0.732066,0,A
120284,2.727528345,8371.581,72.476189,5,B
120347,2.728956916,8374.494,144.245285,1,A
120410,2.730385488,8377.406,216.039322,6,B
120474,2.731836735,8380.366,288.998535,2,A
120537,2.733265306,8383.280,360.842926,7,B
120600,2.734693878,8386.194,432.712311,3,A
120663,2.736122449,8389.109,504.606659,8,B
120726,2.737551020,8392.025,576.526001,4,A
120789,2.738979592,8394.941,648.470337,9,B
120852,2.740408163,8397.858,0.439690,0,A
120915,2.741836735,8400.775,72.434036,5,B
120978,2.743265306,8403.693,144.453384,1,A
121041,2.744693878,8406.612,216.497742,6,B
121104,2.746122449,8409.530,288.567139,2,A
121167,2.747551020,8412.450,360.661530,7,B
121230,2.748979592,8415.370,432.780945,3,A
121293,2.750408163,8418.291,504.925415,8,B
121356,2.751836735,8421.212,577.094910,4,A
121418,2.753242630,8424.087,648.143311,9,B
121481,2.754671202,8427.009,0.362491,0,A
121544,2.756099773,8429.932,72.606720,5,B
121607,2.757528345,8432.855,144.876007,1,A
121669,2.758934240,8435.732,216.022629,6,B
121732,2.760362812,8438.657,288.341644,2,A
121795,2.761791383,8441.582,360.685699,7,B
121858,2.763219955,8444.508,433.054871,3,A
121920,2.764625850,8447.386,504.299774,8,B
121983,2.766054422,8450.312,576.718689,4,A
122045,2.767460317,8453.193,648.012573,9,B
122108,2.768888889,8456.121,0.481256,0,A
122171,2.770317460,8459.049,72.975037,5,B
122233,2.771723356,8461.930,144.342621,1,A
122296,2.773151927,8464.859,216.886200,6,B
122358,2.774557823,8467.742,288.302826,2,A
122421,2.775986395,8470.672,360.896210,7,B
122483,2.777392290,8473.557,432.361847,3,A
122546,2.778820862,8476.486,505.005096,8,B
122608,2.780226757,8479.371,576.519775,4,A
122670,2.781632653,8482.258,648.058838,9,B
122733,2.783061224,8485.189,0.776675,0,A
122795,2.784467120,8488.076,72.364799,5,B
122858,2.785895692,8491.010,145.132507,1,A
122920,2.787301587,8493.896,216.769730,6,B
122982,2.788707483,8496.785,288.431305,2,A
123044,2.790113379,8499.674,360.117249,7,B
123107,2.791541950,8502.609,432.984375,3,A
123169,2.792947846,8505.499,504.719452,8,B
123231,2.794353741,8508.389,576.478882,4,A
123293,2.795759637,8511.279,648.262756,9,B
123355,2.797165533,8514.170,0.070947,0,A
123418,2.798594104,8517.107,73.062340,5,B
123480,2.800000000,8520.000,144.919724,1,A
123542,2.801405896,8522.893,216.801514,6,B
123604,2.802811791,8525.785,288.707703,2,A
123666,2.804217687,8528.678,360.638275,7,B
123728,2.805623583,8531.572,432.593262,3,A
123790,2.807029478,8534.467,504.572693,8,B
123852,2.808435374,8537.361,576.576538,4,A
123914,2.809841270,8540.257,648.604736,9,B
123976,2.811247166,8543.152,0.657427,0,A
124038,2.812653061,8546.049,72.734528,5,B
124100,2.814058957,8548.945,144.836060,1,A
124162,2.815464853,8551.842,216.962021,6,B
124224,2.816870748,8554.740,289.112427,2,A
124285,2.818253968,8557.592,360.122986,7,B
124347,2.819659864,8560.490,432.321899,3,A
124409,2.821065760,8563.389,504.545258,8,B
124471,2.822471655,8566.288,576.793091,4,A
124533,2.823877551,8569.188,649.065369,9,B
124594,2.825260771,8572.043,0.195818,0,A
124656,2.826666667,8574.943,72.516632,5,B
124718,2.828072562,8577.845,144.861923,1,A
124779,2.829455782,8580.699,216.064240,6,B
124841,2.830861678,8583.602,288.458099,2,A
124903,2.832267574,8586.504,360.876404,7,B
124964,2.833650794,8589.360,432.150604,3,A
125026,2.835056689,8592.265,504.617523,8,B
125088,2.836462585,8595.168,577.108948,4,A
125149,2.837845805,8598.026,648.455017,9,B
125211,2.839251701,8600.932,0.995066,0,A
125272,2.840634921,8603.789,72.389000,5,B
125334,2.842040816,8606.695,144.977646,1,A
125395,2.843424036,8609.556,216.419434,6,B
125457,2.844829932,8612.463,289.056702,2,A
125518,2.846213152,8615.322,360.546356,7,B
125579,2.847596372,8618.184,432.059723,3,A
125641,2.849002268,8621.092,504.769806,8,B
125702,2.850385488,8623.953,576.331055,4,A
125764,2.851791383,8626.863,649.089783,9,B
125825,2.853174603,8629.726,0.698977,0,A
125886,2.854557823,8632.588,72.331902,5,B
125948,2.855963719,8635.499,145.163483,1,A
126009,2.857346939,8638.363,216.844330,6,B
126070,2.858730159,8641.227,288.548950,2,A
126131,2.860113379,8644.092,360.277344,7,B
126192,2.861496599,8646.957,432.029480,3,A
126254,2.862902494,8649.869,504.982300,8,B
126315,2.864285714,8652.735,576.782410,4,A
126376,2.865668934,8655.603,648.606323,9,B
126437,2.867052154,8658.469,0.454018,0,A
126498,2.868435374,8661.336,72.325516,5,B
126559,2.869818594,8664.204,144.220810,1,A
126620,2.871201814,8667.072,216.139893,6,B
126681,2.872585034,8669.941,288.082794,2,A
126742,2.873968254,8672.810,360.049500,7,B
126803,2.875351474,8675.679,432.040039,3,A
126864,2.876734694,8678.549,504.054382,8,B
126925,2.878117914,8681.419,576.092529,4,A
126986,2.879501134,8684.290,648.154480,9,B
127047,2.880884354,8687.160,0.240315,0,A
127108,2.882267574,8690.032,72.349953,5,B
127169,2.883650794,8692.904,144.483429,1,A
127230,2.885034014,8695.777,216.640732,6,B
127291,2.886417234,8698.649,288.821869,2,A
127352,2.887800454,8701.521,361.026855,7,B
127412,2.889160998,8704.350,432.071442,3,A
127473,2.890544218,8707.223,504.323730,8,B
127534,2.891927438,8710.098,576.599854,4,A
127595,2.893310658,8712.972,648.899902,9,B
127655,2.894671202,8715.800,0.037925,0,A
127716,2.896054422,8718.676,72.385269,5,B
127777,2.897437642,8721.552,144.756470,1,A
127838,2.898820862,8724.428,217.151550,6,B
127898,2.900181406,8727.258,288.383118,2,A
127959,2.901564626,8730.135,360.825562,7,B
128019,2.902925170,8732.966,432.103699,3,A
128080,2.904308390,8735.843,504.593506,8,B
128141,2.905691610,8738.723,577.107239,4,A
128201,2.907052154,8741.553,648.455444,9,B
128262,2.908435374,8744.433,1.016554,0,A
128322,2.909795918,8747.266,72.411430,5,B
128383,2.911179138,8750.145,145.019928,1,A
128443,2.912539683,8752.978,216.461426,6,B
128504,2.913922902,8755.858,289.117340,2,A
128564,2.915283447,8758.692,360.605499,7,B
128624,2.916643991,8761.527,432.116791,3,A
128685,2.918027211,8764.408,504.843658,8,B
128745,2.919387755,8767.244,576.401611,4,A
128806,2.920770975,8770.126,649.175964,9,B
128866,2.922131519,8772.963,0.780574,0,A
128926,2.923492063,8775.799,72.408363,5,B
128986,2.924852608,8778.635,144.059296,1,A
129047,2.926235828,8781.520,216.928162,6,B
129107,2.927596372,8784.356,288.625824,2,A
129167,2.928956916,8787.194,360.346619,7,B
129227,2.930317460,8790.032,432.090576,3,A
129288,2.931700680,8792.918,505.054047,8,B
129348,2.933061224,8795.756,576.844727,4,A
129408,2.934421769,8798.596,648.658630,9,B
129468,2.935782313,8801.435,0.495677,0,A
129528,2.937142857,8804.275,72.355911,5,B
129588,2.938503401,8807.115,144.239334,1,A
129648,2.939863946,8809.956,216.145935,6,B
129708,2.941224490,8812.797,288.075745,2,A
129768,2.942585034,8815.639,360.028717,7,B
129828,2.943945578,8818.480,432.004913,3,A
129888,2.945306122,8821.322,504.004303,8,B
129948,2.946666667,8824.164,576.026855,4,A
130008,2.948027211,8827.007,648.072693,9,B
130068,2.949387755,8829.851,0.141668,0,A
130128,2.950748299,8832.693,72.233879,5,B
130188,2.952108844,8835.538,144.349304,1,A
130248,2.953469388,8838.382,216.487946,6,B
130308,2.954829932,8841.227,288.649811,2,A
130368,2.956190476,8844.071,360.834869,7,B
130428,2.957551020,8846.916,433.043182,3,A
130487,2.958888889,8849.715,504.070679,8,B
130547,2.960249433,8852.561,576.325073,4,A
130607,2.961609977,8855.407,648.602661,9,B
130667,2.962970522,8858.254,0.903503,0,A
130726,2.964308390,8861.053,72.021996,5,B
130786,2.965668934,8863.900,144.368942,1,A
130846,2.967029478,8866.748,216.739120,6,B
130906,2.968390023,8869.597,289.132568,2,A
130965,2.969727891,8872.397,360.342102,7,B
131025,2.971088435,8875.245,432.781647,3,A
131084,2.972426304,8878.047,504.036560,8,B
131144,2.973786848,8880.896,576.522217,4,A
131204,2.975147392,8883.746,649.031189,9,B
131263,2.976485261,8886.549,0.354323,0,A
131323,2.977845805,8889.399,72.909409,5,B
131382,2.979183673,8892.202,144.277924,1,A
131442,2.980544218,8895.054,216.879166,6,B
131501,2.981882086,8897.857,288.293091,2,A
131561,2.983242630,8900.709,360.940491,7,B
131620,2.984580499,8903.514,432.399811,3,A
131680,2.985941043,8906.366,505.093384,8,B
131739,2.987278912,8909.172,576.598083,4,A
131798,2.988616780,8911.977,648.125366,9,B
131858,2.989977324,8914.830,0.888028,0,A
131917,2.991315193,8917.636,72.460701,5,B
131976,2.992653061,8920.443,144.055908,1,A
132036,2.994013605,8923.297,216.887695,6,B
132095,2.995351474,8926.104,288.528320,2,A
132154,2.996689342,8928.911,360.191498,7,B
132214,2.998049887,8931.767,433.092438,3,A
132273,2.999387755,8934.574,504.801056,8,B
132332,3.000725624,8937.383,576.532227,4,A
132391,3.002063492,8940.192,648.285950,9,B
132450,3.003401361,8943.001,0.062246,0,A
132510,3.004761905,8945.857,73.078194,5,B
132569,3.006099773,8948.667,144.899948,1,A
132628,3.007437642,8951.478,216.744247,6,B
132687,3.008775510,8954.287,288.611115,2,A
132746,3.010113379,8957.099,360.500549,7,B
132805,3.011451247,8959.909,432.412537,3,A
132864,3.012789116,8962.720,504.347076,8,B
132923,3.014126984,8965.532,576.304199,4,A
132982,3.015464853,8968.344,648.283875,9,B
133041,3.016802721,8971.155,0.286162,0,A
133100,3.018140590,8973.968,72.310997,5,B
133159,3.019478458,8976.781,144.358414,1,A
133218,3.020816327,8979.594,216.428406,6,B
133277,3.022154195,8982.406,288.520966,2,A
133336,3.023492063,8985.221,360.636139,7,B
133395,3.024829932,8988.034,432.773865,3,A
133454,3.026167800,8990.849,504.934204,8,B
133513,3.027505669,8993.662,577.117126,4,A
133571,3.028820862,8996.430,648.098633,9,B
133630,3.030158730,8999.245,0.326369,0,A
133689,3.031496599,9002.061,72.576698,5,B
133748,3.032834467,9004.876,144.849625,1,A
133807,3.034172336,9007.691,217.145157,6,B
133865,3.035487528,9010.460,288.237366,2,A
133924,3.036825397,9013.277,360.577728,7,B
133983,3.038163265,9016.094,432.940704,3,A
134041,3.039478458,9018.863,504.099213,8,B
134100,3.040816327,9021.680,576.507019,4,A
134159,3.042154195,9024.498,648.937500,9,B
134217,3.043469388,9027.269,0.162317,0,A
134276,3.044807256,9030.086,72.637604,5,B
134335,3.046145125,9032.905,145.135513,1,A
134393,3.047460317,9035.676,216.426712,6,B
134452,3.048798186,9038.495,288.969482,2,A
134510,3.050113379,9041.267,360.304779,7,B
134569,3.051451247,9044.086,432.892456,3,A
134627,3.052766440,9046.857,504.271881,8,B
134686,3.054104308,9049.679,576.904419,4,A
134744,3.055419501,9052.451,648.328003,9,B
134803,3.056757370,9055.272,1.005436,0,A
134861,3.058072562,9058.045,72.473137,5,B
134920,3.059410431,9060.866,145.195496,1,A
134978,3.060725624,9063.641,216.707336,6,B
135036,3.062040816,9066.414,288.241058,2,A
135095,3.063378685,9069.235,361.030609,7,B
135153,3.064693878,9072.012,432.608521,3,A
135211,3.066009070,9074.786,504.208313,8,B
135270,3.067346939,9077.609,577.065063,4,A
135328,3.068662132,9080.385,648.708984,9,B
135386,3.069977324,9083.160,0.374882,0,A
135444,3.071292517,9085.936,72.062653,5,B
135503,3.072630385,9088.760,145.008896,1,A
135561,3.073945578,9091.535,216.740860,6,B
135619,3.075260771,9094.312,288.494751,2,A
135677,3.076575964,9097.090,360.270538,7,B
135735,3.077891156,9099.866,432.068237,3,A
135794,3.079229025,9102.691,505.126312,8,B
135852,3.080544218,9105.469,576.968201,4,A
135910,3.081859410,9108.247,648.832031,9,B
135968,3.083174603,9111.025,0.717811,0,A
136026,3.084489796,9113.804,72.625488,5,B
136084,3.085804989,9116.582,144.555099,1,A
136142,3.087120181,9119.361,216.506622,6,B
136200,3.088435374,9122.141,288.480103,2,A
136258,3.089750567,9124.920,360.475494,7,B
136316,3.091065760,9127.699,432.492828,3,A
136374,3.092380952,9130.479,504.532074,8,B
136432,3.093696145,9133.260,576.593262,4,A
136490,3.095011338,9136.040,648.676453,9,B
136548,3.096326531,9138.820,0.781509,0,A
136606,3.097641723,9141.602,72.908539,5,B
136664,3.098956916,9144.383,145.057510,1,A
136722,3.100272109,9147.165,217.228424,6,B
136779,3.101564626,9149.898,288.176422,2,A
136837,3.102879819,9152.680,360.390839,7,B
136895,3.104195011,9155.463,432.627258,3,A
136953,3.105510204,9158.244,504.885590,8,B
137011,3.106825397,9161.027,577.165894,4,A
137068,3.108117914,9163.762,648.221375,9,B
137126,3.109433107,9166.545,0.545242,0,A
137184,3.110748299,9169.328,72.891052,5,B
137241,3.112040816,9172.064,144.010925,1,A
137299,3.113356009,9174.848,216.400284,6,B
137357,3.114671202,9177.631,288.811615,2,A
137415,3.115986395,9180.416,361.244904,7,B
137472,3.117278912,9183.152,432.450775,3,A
137530,3.118594104,9185.938,504.927643,8,B
137587,3.119886621,9188.674,576.176331,4,A
137645,3.121201814,9191.459,648.696777,9,B
137703,3.122517007,9194.244,1.239177,0,A
137760,3.123809524,9196.982,72.552284,5,B
137818,3.125124717,9199.768,145.138290,1,A
137875,3.126417234,9202.506,216.494217,6,B
137933,3.127732426,9205.292,289.123810,2,A
137990,3.129024943,9208.030,360.522614,7,B
138048,3.130340136,9210.816,433.195801,3,A
138105,3.131632653,9213.557,504.637421,8,B
138162,3.132925170,9216.295,576.100281,4,A
138220,3.134240363,9219.082,648.838745,9,B
138277,3.135532880,9221.822,0.344450,0,A
138335,3.136848073,9224.609,73.126480,5,B
138392,3.138140590,9227.350,144.675079,1,A
138449,3.139433107,9230.090,216.244934,6,B
138507,3.140748299,9232.879,289.092194,2,A
138564,3.142040816,9235.619,360.704926,7,B
138621,3.143333333,9238.360,432.338928,3,A
138679,3.144648526,9241.148,505.251465,8,B
138736,3.145941043,9243.891,576.928345,4,A
138793,3.147233560,9246.631,648.626465,9,B
138850,3.148526077,9249.373,0.345842,0,A
138907,3.149818594,9252.115,72.086494,5,B
138965,3.151133787,9254.905,145.107574,1,A
139022,3.152426304,9257.647,216.891129,6,B
139079,3.153718821,9260.390,288.695953,2,A
139136,3.155011338,9263.133,360.522034,7,B
139193,3.156303855,9265.875,432.369415,3,A
139250,3.157596372,9268.619,504.238037,8,B
139307,3.158888889,9271.361,576.127930,4,A
139364,3.160181406,9274.105,648.039124,9,B
139422,3.161496599,9276.896,1.233757,0,A
139479,3.162789116,9279.641,73.187866,5,B
139536,3.164081633,9282.385,145.163254,1,A
139593,3.165374150,9285.129,217.159927,6,B
139650,3.166666667,9287.874,289.177887,2,A
139707,3.167959184,9290.618,361.217133,7,B
139763,3.169229025,9293.316,432.013245,3,A
139820,3.170521542,9296.061,504.094696,8,B
139877,3.171814059,9298.805,576.197388,4,A
139934,3.173106576,9301.551,648.321411,9,B
139991,3.174399093,9304.297,0.466735,0,A
140048,3.175691610,9307.043,72.633339,5,B
140105,3.176984127,9309.789,144.821243,1,A
140162,3.178276644,9312.534,217.030426,6,B
140219,3.179569161,9315.281,289.260925,2,A
140275,3.180839002,9317.979,360.244965,7,B
140332,3.182131519,9320.727,432.517670,3,A
140389,3.183424036,9323.473,504.811676,8,B
140446,3.184716553,9326.220,577.127014,4,A
140502,3.185986395,9328.919,648.194397,9,B
140559,3.187278912,9331.666,0.551951,0,A
140616,3.188571429,9334.414,72.930817,5,B
140672,3.189841270,9337.113,144.060638,1,A
140729,3.191133787,9339.862,216.481750,6,B
140786,3.192426304,9342.609,288.924164,2,A
140842,3.193696145,9345.311,360.116425,7,B
140899,3.194988662,9348.059,432.601105,3,A
140956,3.196281179,9350.808,505.107117,8,B
141012,3.197551020,9353.508,576.361816,4,A
141069,3.198843537,9356.257,648.910095,9,B
141125,3.200113379,9358.959,0.206330,0,A
141182,3.201405896,9361.708,72.796852,5,B
141238,3.202675737,9364.408,144.134628,1,A
141295,3.203968254,9367.159,216.767426,6,B
141351,3.205238095,9369.860,288.146729,2,A
141408,3.206530612,9372.611,360.821808,7,B
141464,3.207800454,9375.312,432.242645,3,A
141521,3.209092971,9378.062,504.960022,8,B
141577,3.210362812,9380.766,576.422424,4,A
141634,3.211655329,9383.517,649.182068,9,B
141690,3.212925170,9386.219,0.685988,0,A
141746,3.214195011,9388.922,72.210518,5,B
141803,3.215487528,9391.674,145.033417,1,A
141859,3.216757370,9394.377,216.599518,6,B
141915,3.218027211,9397.080,288.186188,2,A
141972,3.219319728,9399.832,361.072357,7,B
142028,3.220589569,9402.535,432.700623,3,A
142084,3.221859410,9405.239,504.349457,8,B
142140,3.223129252,9407.943,576.018921,4,A
142197,3.224421769,9410.695,648.989319,9,B
142253,3.225691610,9413.400,0.700353,0,A
142309,3.226961451,9416.104,72.431984,5,B
142365,3.228231293,9418.809,144.184219,1,A
142422,3.229523810,9421.562,217.238907,6,B
142478,3.230793651,9424.268,289.032715,2,A
142534,3.232063492,9426.973,360.847137,7,B
142590,3.233333333,9429.678,432.682190,3,A
142646,3.234603175,9432.383,504.537842,8,B
142702,3.235873016,9435.088,576.414124,4,A
142758,3.237142857,9437.794,648.310974,9,B
142814,3.238412698,9440.499,0.228463,0,A
142870,3.239682540,9443.205,72.166573,5,B
142926,3.240952381,9445.912,144.125290,1,A
142982,3.242222222,9448.618,216.104645,6,B
143038,3.243492063,9451.324,288.104614,2,A
143094,3.244761905,9454.031,360.125183,7,B
143150,3.246031746,9456.737,432.166382,3,A
143206,3.247301587,9459.445,504.228210,8,B
143262,3.248571429,9462.150,576.310669,4,A
143318,3.249841270,9464.858,648.413757,9,B
143374,3.251111111,9467.565,0.537455,0,A
143430,3.252380952,9470.272,72.681786,5,B
143486,3.253650794,9472.980,144.846741,1,A
143542,3.254920635,9475.688,217.032333,6,B
143598,3.256190476,9478.396,289.238556,2,A
143653,3.257437642,9481.057,360.175476,7,B
143709,3.258707483,9483.764,432.422577,3,A
143765,3.259977324,9486.473,504.690338,8,B
143821,3.261247166,9489.181,576.978699,4,A
143877,3.262517007,9491.889,649.287720,9,B
143932,3.263764172,9494.549,0.325604,0,A
143988,3.265034014,9497.258,72.675529,5,B
144044,3.266303855,9499.967,145.046097,1,A
144099,3.267551020,9502.627,216.144409,6,B
144155,3.268820862,9505.336,288.555878,2,A
144211,3.270090703,9508.047,360.988007,7,B
144266,3.271337868,9510.707,432.146790,3,A
144322,3.272607710,9513.416,504.619812,8,B
144378,3.273877551,9516.127,577.113525,4,A
144433,3.275124717,9518.787,648.332764,9,B
144489,3.276394558,9521.498,0.867347,0,A
144544,3.277641723,9524.159,72.126785,5,B
144600,3.278911565,9526.869,144.702316,1,A
144655,3.280158730,9529.531,216.001953,6,B
144711,3.281428571,9532.242,288.618408,2,A
144767,3.282698413,9534.952,361.255524,7,B
144822,3.283945578,9537.614,432.615662,3,A
144878,3.285215420,9540.325,505.293701,8,B
144933,3.286462585,9542.988,576.694031,4,A
144988,3.287709751,9545.650,648.114258,9,B
145044,3.288979592,9548.361,0.853560,0,A
145099,3.290226757,9551.023,72.314026,5,B
145155,3.291496599,9553.735,145.094254,1,A
145210,3.292743764,9556.398,216.594925,6,B
145265,3.293990930,9559.062,288.115540,2,A
145321,3.295260771,9561.773,360.957001,7,B
145376,3.296507937,9564.438,432.517822,3,A
145431,3.297755102,9567.101,504.098602,8,B
145487,3.299024943,9569.812,577.001282,4,A
145542,3.300272109,9572.477,648.622314,9,B
145597,3.301519274,9575.140,0.263220,0,A
145653,3.302789116,9577.853,73.227188,5,B
145708,3.304036281,9580.517,144.908340,1,A
145763,3.305283447,9583.182,216.609436,6,B
145818,3.306530612,9585.845,288.330444,2,A
145873,3.307777778,9588.510,360.071411,7,B
145929,3.309047619,9591.223,433.137238,3,A
145984,3.310294785,9593.887,504.918457,8,B
146039,3.311541950,9596.552,576.719604,4,A
146094,3.312789116,9599.217,648.540649,9,B
146149,3.314036281,9601.881,0.381695,0,A
146204,3.315283447,9604.546,72.242661,5,B
146259,3.316530612,9607.211,144.123566,1,A
146314,3.317777778,9609.877,216.024414,6,B
146370,3.319047619,9612.591,289.253052,2,A
146425,3.320294785,9615.256,361.194153,7,B
146480,3.321541950,9617.921,433.155212,3,A
146535,3.322789116,9620.586,505.136200,8,B
146590,3.324036281,9623.253,577.137146,4,A
146645,3.325283447,9625.918,649.158020,9,B
146700,3.326530612,9628.584,1.198859,0,A
146755,3.327777778,9631.250,73.259644,5,B
146809,3.329002268,9633.868,144.029648,1,A
146864,3.330249433,9636.534,216.129974,6,B
146919,3.331496599,9639.201,288.250244,2,A
146974,3.332743764,9641.866,360.390472,7,B
147029,3.333990930,9644.533,432.550659,3,A
147084,3.335238095,9647.199,504.730774,8,B
147139,3.336485261,9649.865,576.930847,4,A
147194,3.337732426,9652.532,649.150940,9,B
147248,3.338956916,9655.150,0.077279,0,A
147303,3.340204082,9657.818,72.336868,5,B
147358,3.341451247,9660.484,144.616409,1,A
147413,3.342698413,9663.152,216.915924,6,B
147468,3.343945578,9665.819,289.235382,2,A
147522,3.345170068,9668.438,360.259369,7,B
147577,3.346417234,9671.105,432.618378,3,A
147632,3.347664399,9673.773,504.997345,8,B
147686,3.348888889,9676.392,576.079773,4,A
147741,3.350136054,9679.060,648.498291,9,B
147796,3.351383220,9681.727,0.936803,0,A
147850,3.352607710,9684.346,72.077660,5,B
147905,3.353854875,9687.014,144.555710,1,A
147960,3.355102041,9689.682,217.053741,6,B
148014,3.356326531,9692.301,288.253052,2,A
148069,3.357573696,9694.969,360.790619,7,B
148123,3.358798186,9697.589,432.028778,3,A
148178,3.360045351,9700.258,504.605927,8,B
148233,3.361292517,9702.926,577.203064,4,A
148287,3.362517007,9705.545,648.499634,9,B
148342,3.363764172,9708.213,1.136343,0,A
148396,3.364988662,9710.834,72.471794,5,B
148451,3.366235828,9713.502,145.148056,1,A
148505,3.367460317,9716.122,216.522369,6,B
148560,3.368707483,9718.791,289.238220,2,A
148614,3.369931973,9721.411,360.651367,7,B
148668,3.371156463,9724.031,432.083801,3,A
148723,3.372403628,9726.701,504.858826,8,B
148777,3.373628118,9729.320,576.330078,4,A
148832,3.374875283,9731.990,649.144714,9,B
148886,3.376099773,9734.611,0.654847,0,A
148940,3.377324263,9737.230,72.184242,5,B
148995,3.378571429,9739.900,145.058044,1,A
149049,3.379795918,9742.521,216.626297,6,B
149103,3.381020408,9745.143,288.213806,2,A
149158,3.382267574,9747.812,361.146820,7,B
149212,3.383492063,9750.432,432.773193,3,A
149266,3.384716553,9753.053,504.418823,8,B
149320,3.385941043,9755.674,576.083740,4,A
149375,3.387188209,9758.344,649.095520,9,B
149429,3.388412698,9760.965,0.799298,0,A
149483,3.389637188,9763.587,72.522324,5,B
149537,3.390861678,9766.208,144.264603,1,A
149591,3.392086168,9768.830,216.026138,6,B
149646,3.393333333,9771.500,289.136383,2,A
149700,3.394557823,9774.120,360.936798,7,B
149754,3.395782313,9776.742,432.756500,3,A
149808,3.397006803,9779.363,504.595428,8,B
149862,3.398231293,9781.986,576.453613,4,A
149916,3.399455782,9784.607,648.331055,9,B
149970,3.400680272,9787.229,0.227800,0,A
150024,3.401904762,9789.852,72.143784,5,B
150078,3.403129252,9792.473,144.079025,1,A
150132,3.404353741,9795.096,216.033539,6,B
150186,3.405578231,9797.717,288.007294,2,A
150240,3.406802721,9800.338,360.000336,7,B
150294,3.408027211,9802.961,432.012634,3,A
150348,3.409251701,9805.583,504.044220,8,B
150402,3.410476190,9808.205,576.095032,4,A
150456,3.411700680,9810.827,648.165100,9,B
150510,3.412925170,9813.449,0.254486,0,A
150564,3.414149660,9816.072,72.363113,5,B
150618,3.415374150,9818.693,144.490997,1,A
150672,3.416598639,9821.316,216.638153,6,B
150726,3.417823129,9823.939,288.804596,2,A
150780,3.419047619,9826.561,360.990265,7,B
150834,3.420272109,9829.184,433.195221,3,A
150887,3.421473923,9831.758,504.081787,8,B
150941,3.422698413,9834.381,576.324951,4,A
150995,3.423922902,9837.004,648.587341,9,B
151049,3.425147392,9839.626,0.869014,0,A
151103,3.426371882,9842.249,73.169960,5,B
151156,3.427573696,9844.822,144.150726,1,A
151210,3.428798186,9847.445,216.489853,6,B
151264,3.430022676,9850.069,288.848236,2,A
151318,3.431247166,9852.691,361.225922,7,B
151371,3.432448980,9855.266,432.281982,3,A
151425,3.433673469,9857.889,504.697845,8,B
151479,3.434897959,9860.512,577.132935,4,A
151532,3.436099773,9863.086,648.245422,9,B
151586,3.437324263,9865.709,0.718726,0,A
151640,3.438548753,9868.332,73.211304,5,B
151693,3.439750567,9870.906,144.380157,1,A
151747,3.440975057,9873.529,216.910919,6,B
151800,3.442176871,9876.104,288.117279,2,A
151854,3.443401361,9878.728,360.686218,7,B
151908,3.444625850,9881.352,433.274445,3,A
151961,3.445827664,9883.926,504.537170,8,B
152015,3.447052154,9886.549,577.163574,4,A
152068,3.448253968,9889.123,648.463806,9,B
152122,3.449478458,9891.747,1.128409,0,A
152175,3.450680272,9894.322,72.466110,5,B
152229,3.451904762,9896.945,145.168900,1,A
152282,3.453106576,9899.521,216.544083,6,B
152336,3.454331066,9902.144,289.285065,2,A
152389,3.455532880,9904.719,360.697754,7,B
152442,3.456734694,9907.293,432.128998,3,A
152496,3.457959184,9909.917,504.927063,8,B
152549,3.459160998,9912.492,576.395813,4,A
152603,3.460385488,9915.115,649.232117,9,B
152656,3.461587302,9917.690,0.738297,0,A
152709,3.462789116,9920.266,72.263077,5,B
152763,3.464013605,9922.889,145.156479,1,A
152816,3.465215420,9925.465,216.718735,6,B
152869,3.466417234,9928.039,288.299561,2,A
152923,3.467641723,9930.662,361.250092,7,B
152976,3.468843537,9933.237,432.868408,3,A
153029,3.470045351,9935.813,504.505310,8,B
153082,3.471247166,9938.388,576.160767,4,A
153136,3.472471655,9941.012,649.187317,9,B
153189,3.473673469,9943.588,0.880247,0,A
153242,3.474875283,9946.162,72.591766,5,B
153295,3.476077098,9948.737,144.321854,1,A
153348,3.477278912,9951.312,216.070511,6,B
153402,3.478503401,9953.938,289.192017,2,A
153455,3.479705215,9956.512,360.978149,7,B
153508,3.480907029,9959.086,432.782867,3,A
153561,3.482108844,9961.662,504.606140,8,B
153614,3.483310658,9964.237,576.447998,4,A
153667,3.484512472,9966.812,648.308411,9,B
153720,3.485714286,9969.389,0.187420,0,A
153773,3.486916100,9971.963,72.084984,5,B
153826,3.488117914,9974.538,144.001114,1,A
153880,3.489342404,9977.162,217.293259,6,B
153933,3.490544218,9979.738,289.246887,2,A
153986,3.491746032,9982.312,361.219086,7,B
154039,3.492947846,9984.888,433.209839,3,A
154092,3.494149660,9987.464,505.219177,8,B
154145,3.495351474,9990.039,577.247070,4,A
154198,3.496553288,9992.613,649.293579,9,B
154251,3.497755102,9995.189,1.358602,0,A
154303,3.498934240,9997.716,72.081978,5,B
154356,3.500136054,10000.291,144.183807,1,A
154409,3.501337868,10002.866,216.304214,6,B
154462,3.502539683,10005.441,288.443207,2,A
154515,3.503741497,10008.018,360.600739,7,B
154568,3.504943311,10010.593,432.776855,3,A
154621,3.506145125,10013.169,504.971558,8,B
154674,3.507346939,10015.743,577.184814,4,A
154726,3.508526077,10018.271,648.053589,9,B
154779,3.509727891,10020.846,0.303642,0,A
154832,3.510929705,10023.421,72.572258,5,B
154885,3.512131519,10025.996,144.859451,1,A
154938,3.513333333,10028.572,217.165207,6,B
154990,3.514512472,10031.098,288.124756,2,A
155043,3.515714286,10033.673,360.467285,7,B
155096,3.516916100,10036.248,432.828430,3,A
155149,3.518117914,10038.824,505.208099,8,B
155201,3.519297052,10041.350,576.240173,4,A
155254,3.520498866,10043.925,648.656677,9,B
155307,3.521700680,10046.500,1.091707,0,A
155359,3.522879819,10049.027,72.178101,5,B
155412,3.524081633,10051.604,144.649933,1,A
155465,3.525283447,10054.178,217.140335,6,B
155517,3.526462585,10056.705,288.281036,2,A
155570,3.527664399,10059.279,360.808228,7,B
155623,3.528866213,10061.855,433.354004,3,A
155675,3.530045351,10064.381,504.549011,8,B
155728,3.531247166,10066.956,577.131592,4,A
155780,3.532426304,10069.483,648.362671,9,B
155833,3.533628118,10072.058,0.982022,0,A
155885,3.534807256,10074.584,72.249229,5,B
155938,3.536009070,10077.160,144.905350,1,A
155990,3.537188209,10079.686,216.208649,6,B
156043,3.538390023,10082.261,288.901550,2,A
156095,3.539569161,10084.787,360.240936,7,B
156148,3.540770975,10087.362,432.970642,3,A
156200,3.541950113,10089.889,504.346130,8,B
156253,3.543151927,10092.463,577.112610,4,A
156305,3.544331066,10094.990,648.524170,9,B
156358,3.545532880,10097.565,1.327446,0,A
156410,3.546712018,10100.092,72.775108,5,B
156462,3.547891156,10102.617,144.240646,1,A
156515,3.549092971,10105.191,217.098907,6,B
156567,3.550272109,10107.719,288.600525,2,A
156619,3.551451247,10110.244,360.120026,7,B
156672,3.552653061,10112.818,433.033295,3,A
156724,3.553832200,10115.346,504.588898,8,B
156776,3.555011338,10117.871,576.162354,4,A
156829,3.556213152,10120.447,649.130615,9,B
156881,3.557392290,10122.973,0.740146,0,A
156933,3.558571429,10125.498,72.367561,5,B
156985,3.559750567,10128.025,144.012848,1,A
157038,3.560952381,10130.599,217.054321,6,B
157090,3.562131519,10133.125,288.735687,2,A
157142,3.563310658,10135.650,360.434937,7,B
157194,3.564489796,10138.178,432.152039,3,A
157247,3.565691610,10140.751,505.266724,8,B
157299,3.566870748,10143.277,577.019897,4,A
157351,3.568049887,10145.803,648.791016,9,B
157403,3.569229025,10148.329,0.579926,0,A
157455,3.570408163,10150.854,72.386734,5,B
157507,3.571587302,10153.380,144.211411,1,A
157559,3.572766440,10155.906,216.053955,6,B
157612,3.573968254,10158.480,289.296478,2,A
157664,3.575147392,10161.006,361.175079,7,B
157716,3.576326531,10163.531,433.071564,3,A
157768,3.577505669,10166.057,504.985931,8,B
157820,3.578684807,10168.582,576.918152,4,A
157872,3.579863946,10171.107,648.868225,9,B
157924,3.581043084,10173.633,0.836215,0,A
157976,3.582222222,10176.158,72.822044,5,B
158028,3.583401361,10178.684,144.825729,1,A
158080,3.584580499,10181.209,216.847290,6,B
158132,3.585759637,10183.734,288.886719,2,A
158184,3.586938776,10186.260,360.944000,7,B
158236,3.588117914,10188.784,433.019165,3,A
158288,3.589297052,10191.309,505.112183,8,B
158340,3.590476190,10193.835,577.223083,4,A
158392,3.591655329,10196.359,649.351807,9,B
158443,3.592811791,10198.836,0.110823,0,A
158495,3.593990930,10201.361,72.274956,5,B
158547,3.595170068,10203.885,144.456955,1,A
158599,3.596349206,10206.410,216.656815,6,B
158651,3.597528345,10208.936,288.874542,2,A
158703,3.598707483,10211.460,361.110107,7,B
158755,3.599886621,10213.984,433.363556,3,A
158806,3.601043084,10216.461,504.244873,8,B
158858,3.602222222,10218.986,576.533691,4,A
158910,3.603401361,10221.511,648.840393,9,B
158962,3.604580499,10224.035,1.164920,0,A
159013,3.605736961,10226.511,72.115959,5,B
159065,3.606916100,10229.035,144.475876,1,A
159117,3.608095238,10231.559,216.853668,6,B
159169,3.609274376,10234.084,289.249298,2,A
159220,3.610430839,10236.560,360.270081,7,B
159272,3.611609977,10239.083,432.701080,3,A
159324,3.612789116,10241.607,505.149963,8,B
159375,3.613945578,10244.082,576.222900,4,A
159427,3.615124717,10246.607,648.707153,9,B
159479,3.616303855,10249.131,1.209271,0,A
159530,3.617460317,10251.605,72.334442,5,B
159582,3.618639456,10254.131,144.871918,1,A
159633,3.619795918,10256.604,216.031784,6,B
159685,3.620975057,10259.129,288.604614,2,A
159737,3.622154195,10261.652,361.195312,7,B
159788,3.623310658,10264.127,432.407379,3,A
159840,3.624489796,10266.651,505.033417,8,B
159891,3.625646259,10269.127,576.280151,4,A
159943,3.626825397,10271.650,648.941589,9,B
159994,3.627981859,10274.125,0.223014,0,A
160046,3.629160998,10276.648,72.919800,5,B
160097,3.630317460,10279.123,144.235901,1,A
160149,3.631496599,10281.646,216.968048,6,B
160200,3.632653061,10284.119,288.318817,2,A
160252,3.633832200,10286.644,361.086334,7,B
160303,3.634988662,10289.117,432.471802,3,A
160355,3.636167800,10291.641,505.274658,8,B
160406,3.637324263,10294.115,576.694763,4,A
160457,3.638480726,10296.590,648.132080,9,B
160509,3.639659864,10299.112,0.987812,0,A
160560,3.640816327,10301.587,72.459793,5,B
160612,3.641995465,10304.109,145.350861,1,A
160663,3.643151927,10306.584,216.857513,6,B
160714,3.644308390,10309.057,288.381317,2,A
160766,3.645487528,10311.580,361.325256,7,B
160817,3.646643991,10314.053,432.883728,3,A
160868,3.647800454,10316.527,504.459381,8,B
160919,3.648956916,10319.001,576.052185,4,A
160971,3.650136054,10321.523,649.066467,9,B
161022,3.651292517,10323.996,0.693947,0,A
161073,3.652448980,10326.470,72.338593,5,B
161124,3.653605442,10328.943,144.000397,1,A
161176,3.654784580,10331.465,217.085007,6,B
161227,3.655941043,10333.938,288.781464,2,A
161278,3.657097506,10336.412,360.495087,7,B
161329,3.658253968,10338.884,432.225891,3,A
161381,3.659433107,10341.407,505.380829,8,B
161432,3.660589569,10343.879,577.146240,4,A
161483,3.661746032,10346.352,648.928894,9,B
161534,3.662902494,10348.824,0.728628,0,A
161585,3.664058957,10351.297,72.545547,5,B
161636,3.665215420,10353.770,144.379623,1,A
161687,3.666371882,10356.242,216.230850,6,B
161738,3.667528345,10358.716,288.099243,2,A
161790,3.668707483,10361.236,361.394470,7,B
161841,3.669863946,10363.709,433.297516,3,A
161892,3.671020408,10366.182,505.217712,8,B
161943,3.672176871,10368.652,577.155029,4,A
161994,3.673333333,10371.125,649.109558,9,B
162045,3.674489796,10373.596,1.081208,0,A
162096,3.675646259,10376.068,73.070015,5,B
162147,3.676802721,10378.541,145.075974,1,A
162198,3.677959184,10381.013,217.099075,6,B
162249,3.679115646,10383.483,289.139343,2,A
162300,3.680272109,10385.955,361.196747,7,B
162351,3.681428571,10388.428,433.271301,3,A
162402,3.682585034,10390.899,505.363007,8,B
162452,3.683718821,10393.321,576.057800,4,A
162503,3.684875283,10395.793,648.183472,9,B
162554,3.686031746,10398.265,0.326283,0,A
162605,3.687188209,10400.734,72.486244,5,B
162656,3.688344671,10403.207,144.663345,1,A
162707,3.689501134,10405.677,216.857605,6,B
162758,3.690657596,10408.148,289.069000,2,A
162809,3.691814059,10410.618,361.297546,7,B
162859,3.692947846,10413.041,432.126495,3,A
162910,3.694104308,10415.511,504.388977,8,B
162961,3.695260771,10417.982,576.668640,4,A
163012,3.696417234,10420.452,648.965393,9,B
163063,3.697573696,10422.923,1.279303,0,A
163113,3.698707483,10425.344,72.191940,5,B
163164,3.699863946,10427.814,144.539795,1,A
163215,3.701020408,10430.285,216.904800,6,B
163266,3.702176871,10432.754,289.286957,2,A
163316,3.703310658,10435.176,360.266449,7,B
163367,3.704467120,10437.646,432.682526,3,A
163418,3.705623583,10440.115,505.115753,8,B
163468,3.706757370,10442.537,576.145325,4,A
163519,3.707913832,10445.006,648.612488,9,B
163570,3.709070295,10447.475,1.096776,0,A
163620,3.710204082,10449.896,72.176430,5,B
163671,3.711360544,10452.365,144.694641,1,A
163722,3.712517007,10454.834,217.229996,6,B
163772,3.713650794,10457.254,288.359711,2,A
163823,3.714807256,10459.723,360.928986,7,B
163873,3.715941043,10462.144,432.091980,3,A
163924,3.717097506,10464.612,504.695160,8,B
163975,3.718253968,10467.081,577.315491,4,A
164025,3.719387755,10469.501,648.528503,9,B
164076,3.720544218,10471.969,1.182769,0,A
164126,3.721678005,10474.389,72.429047,5,B
164177,3.722834467,10476.857,145.117218,1,A
164227,3.723968254,10479.277,216.396744,6,B
164278,3.725124717,10481.744,289.118835,2,A
164328,3.726258503,10484.164,360.431610,7,B
164379,3.727414966,10486.632,433.187592,3,A
164429,3.728548753,10489.051,504.533630,8,B
164480,3.729705215,10491.520,577.323547,4,A
164530,3.730839002,10493.938,648.702820,9,B
164580,3.731972789,10496.355,0.098522,0,A
164631,3.733129252,10498.824,72.939110,5,B
164681,3.734263039,10501.242,144.368073,1,A
164732,3.735419501,10503.710,217.242569,6,B
164782,3.736553288,10506.128,288.704773,2,A
164832,3.737687075,10508.547,360.183411,7,B
164883,3.738843537,10511.013,433.108582,3,A
164933,3.739977324,10513.432,504.620453,8,B
164983,3.741111111,10515.850,576.148804,4,A
165034,3.742267574,10518.315,649.124634,9,B
165084,3.743401361,10520.733,0.686195,0,A
165134,3.744535147,10523.152,72.264198,5,B
165185,3.745691610,10525.617,145.290710,1,A
165235,3.746825397,10528.035,216.901932,6,B
165285,3.747959184,10530.452,288.529602,2,A
165335,3.749092971,10532.869,360.173706,7,B
165386,3.750249433,10535.334,433.267670,3,A
165436,3.751383220,10537.752,504.944977,8,B
165486,3.752517007,10540.169,576.638733,4,A
165536,3.753650794,10542.586,648.348999,9,B
165586,3.754784580,10545.003,0.075631,0,A
165637,3.755941043,10547.467,73.253754,5,B
165687,3.757074830,10549.885,145.013626,1,A
165737,3.758208617,10552.301,216.789917,6,B
165787,3.759342404,10554.717,288.582672,2,A
165837,3.760476190,10557.133,360.391846,7,B
165887,3.761609977,10559.549,432.217438,3,A
165937,3.762743764,10561.965,504.059509,8,B
165988,3.763900227,10564.430,577.355286,4,A
166038,3.765034014,10566.844,649.230530,9,B
166088,3.766167800,10569.261,1.122235,0,A
166138,3.767301587,10571.676,73.030342,5,B
166188,3.768435374,10574.090,144.954880,1,A
166238,3.769569161,10576.507,216.895859,6,B
166288,3.770702948,10578.921,288.853241,2,A
166338,3.771836735,10581.336,360.827087,7,B
166388,3.772970522,10583.750,432.817322,3,A
166438,3.774104308,10586.165,504.824005,8,B
166488,3.775238095,10588.579,576.847107,4,A
166538,3.776371882,10590.995,648.886658,9,B
166588,3.777505669,10593.409,0.942618,0,A
166638,3.778639456,10595.824,73.014999,5,B
166688,3.779773243,10598.236,145.103806,1,A
166738,3.780907029,10600.650,217.209030,6,B
166788,3.782040816,10603.065,289.330688,2,A
166837,3.783151927,10605.431,360.025818,7,B
166887,3.784285714,10607.845,432.179993,3,A
166937,3.785419501,10610.258,504.350555,8,B
166987,3.786553288,10612.671,576.537537,4,A
167037,3.787687075,10615.084,648.740967,9,B
167087,3.788820862,10617.497,0.960796,0,A
167137,3.789954649,10619.909,73.197037,5,B
167186,3.791065760,10622.273,144.004486,1,A
167236,3.792199546,10624.688,216.273224,6,B
167286,3.793333333,10627.100,288.558380,2,A
167336,3.794467120,10629.512,360.859955,7,B
167386,3.795600907,10631.924,433.177917,3,A
167435,3.796712018,10634.288,504.065460,8,B
167485,3.797845805,10636.701,576.415894,4,A
167535,3.798979592,10639.111,648.782776,9,B
167585,3.800113379,10641.523,1.166071,0,A
167634,3.801224490,10643.888,72.117599,5,B
167684,3.802358277,10646.299,144.533371,1,A
167734,3.803492063,10648.710,216.965530,6,B
167784,3.804625850,10651.121,289.414093,2,A
167833,3.805736961,10653.484,360.429626,7,B
167883,3.806870748,10655.896,432.910675,3,A
167933,3.808004535,10658.307,505.408112,8,B
167982,3.809115646,10660.668,576.471497,4,A
168032,3.810249433,10663.079,649.001465,9,B
168081,3.811360544,10665.441,0.096665,0,A
168131,3.812494331,10667.852,72.659050,5,B
168181,3.813628118,10670.262,145.237823,1,A
168230,3.814739229,10672.623,216.380936,6,B
168280,3.815873016,10675.033,288.992188,2,A
168329,3.816984127,10677.395,360.167084,7,B
168379,3.818117914,10679.804,432.810791,3,A
168428,3.819229025,10682.166,504.017517,8,B
168478,3.820362812,10684.574,576.693665,4,A
168528,3.821496599,10686.982,649.386230,9,B
168577,3.822607710,10689.346,0.640793,0,A
168627,3.823741497,10691.753,73.365776,5,B
168676,3.824852608,10694.113,144.652161,1,A
168726,3.825986395,10696.521,217.409592,6,B
168775,3.827097506,10698.883,288.727783,2,A
168824,3.828208617,10701.243,360.061676,7,B
168874,3.829342404,10703.650,432.867615,3,A
168923,3.830453515,10706.010,504.233307,8,B
168973,3.831587302,10708.418,577.071655,4,A
169022,3.832698413,10710.777,648.469116,9,B
169072,3.833832200,10713.186,1.339931,0,A
169121,3.834943311,10715.545,72.769188,5,B
169170,3.836054422,10717.903,144.214172,1,A
169220,3.837188209,10720.311,217.133438,6,B
169269,3.838299320,10722.670,288.610199,2,A
169318,3.839410431,10725.029,360.102692,7,B
169368,3.840544218,10727.436,433.070404,3,A
169417,3.841655329,10729.793,504.594666,8,B
169466,3.842766440,10732.152,576.134644,4,A
169516,3.843900227,10734.558,649.150818,9,B
169565,3.845011338,10736.916,0.722560,0,A
169614,3.846122449,10739.273,72.310013,5,B
169664,3.847256236,10741.680,145.374649,1,A
169713,3.848367347,10744.037,216.993851,6,B
169762,3.849478458,10746.395,288.628784,2,A
169811,3.850589569,10748.751,360.279419,7,B
169861,3.851723356,10751.156,433.408508,3,A
169910,3.852834467,10753.512,505.090912,8,B
169959,3.853945578,10755.869,576.789001,4,A
170008,3.855056689,10758.227,648.502808,9,B
170057,3.856167800,10760.582,0.232339,0,A
170107,3.857301587,10762.987,73.441917,5,B
170156,3.858412698,10765.343,145.203171,1,A
170205,3.859523810,10767.698,216.980148,6,B
170254,3.860634921,10770.054,288.772797,2,A
170303,3.861746032,10772.410,360.581177,7,B
170352,3.862857143,10774.766,432.405273,3,A
170401,3.863968254,10777.120,504.245056,8,B
170450,3.865079365,10779.476,576.100525,4,A
170500,3.866213152,10781.879,649.438599,9,B
170549,3.867324263,10784.234,1.325826,0,A
170598,3.868435374,10786.589,73.228722,5,B
170647,3.869546485,10788.942,145.147324,1,A
170696,3.870657596,10791.297,217.081619,6,B
170745,3.871768707,10793.650,289.031616,2,A
170794,3.872879819,10796.006,360.997284,7,B
170843,3.873990930,10798.359,432.978668,3,A
170892,3.875102041,10800.713,504.975708,8,B
170941,3.876213152,10803.066,576.988464,4,A
170990,3.877324263,10805.419,649.016907,9,B
171039,3.878435374,10807.772,1.061060,0,A
171088,3.879546485,10810.125,73.120880,5,B
171137,3.880657596,10812.479,145.196396,1,A
171186,3.881768707,10814.830,217.287582,6,B
171235,3.882879819,10817.184,289.394470,2,A
171283,3.883968254,10819.488,360.044983,7,B
171332,3.885079365,10821.840,432.182892,3,A
171381,3.886190476,10824.193,504.336517,8,B
171430,3.887301587,10826.544,576.505798,4,A
171479,3.888412698,10828.896,648.690735,9,B
171528,3.889523810,10831.247,0.891390,0,A
171577,3.890634921,10833.600,73.107704,5,B
171626,3.891746032,10835.949,145.339691,1,A
171674,3.892834467,10838.253,216.112762,6,B
171723,3.893945578,10840.604,288.375793,2,A
171772,3.895056689,10842.955,360.654480,7,B
171821,3.896167800,10845.305,432.948822,3,A
171870,3.897278912,10847.656,505.258850,8,B
171918,3.898367347,10849.958,576.108398,4,A
171967,3.899478458,10852.309,648.449402,9,B
172016,3.900589569,10854.658,0.806133,0,A
172065,3.901700680,10857.008,73.178513,5,B
172113,3.902789116,10859.310,144.089096,1,A
172162,3.903900227,10861.659,216.492477,6,B
172211,3.905011338,10864.008,288.911530,2,A
172260,3.906122449,10866.356,361.346222,7,B
172308,3.907210884,10868.657,432.317871,3,A
172357,3.908321995,10871.006,504.783569,8,B
172406,3.909433107,10873.354,577.264954,4,A
172454,3.910521542,10875.654,648.282288,9,B
172503,3.911632653,10878.002,0.794612,0,A
172552,3.912743764,10880.352,73.322617,5,B
172600,3.913832200,10882.650,144.385635,1,A
172649,3.914943311,10884.998,216.944626,6,B
172697,3.916031746,10887.298,288.037994,2,A
172746,3.917142857,10889.645,360.627960,7,B
172795,3.918253968,10891.992,433.233582,3,A
172843,3.919342404,10894.291,504.372620,8,B
172892,3.920453515,10896.639,577.009216,4,A
172940,3.921541950,10898.938,648.178589,9,B
172989,3.922653061,10901.282,0.846153,0,A
173037,3.923741497,10903.582,72.045868,5,B
173086,3.924852608,10905.926,144.744385,1,A
173135,3.925963719,10908.272,217.458542,6,B
173183,3.927052154,10910.570,288.703888,2,A
173232,3.928163265,10912.916,361.449005,7,B
173280,3.929251701,10915.213,432.724701,3,A
173328,3.930340136,10917.510,504.015381,8,B
173377,3.931451247,10919.855,576.806763,4,A
173425,3.932539683,10922.152,648.127747,9,B
173474,3.933650794,10924.496,0.950077,0,A
173522,3.934739229,10926.793,72.301384,5,B
173571,3.935850340,10929.137,145.154648,1,A
173619,3.936938776,10931.434,216.536255,6,B
173668,3.938049887,10933.777,289.420441,2,A
173716,3.939138322,10936.074,360.832367,7,B
173764,3.940226757,10938.369,432.259277,3,A
173813,3.941337868,10940.711,505.189697,8,B
173861,3.942426304,10943.006,576.646912,4,A
173909,3.943514739,10945.303,648.119080,9,B
173958,3.944625850,10947.645,1.095715,0,A
174006,3.945714286,10949.938,72.598183,5,B
174054,3.946802721,10952.232,144.115631,1,A
174103,3.947913832,10954.574,217.138489,6,B
174151,3.949002268,10956.869,288.686218,2,A
174199,3.950090703,10959.164,360.248932,7,B
174248,3.951201814,10961.506,433.317993,3,A
174296,3.952290249,10963.799,504.910980,8,B
174344,3.953378685,10966.092,576.518921,4,A
174392,3.954467120,10968.385,648.141846,9,B
174441,3.955578231,10970.726,1.272401,0,A
174489,3.956666667,10973.019,72.925598,5,B
174537,3.957755102,10975.311,144.593765,1,A
174585,3.958843537,10977.604,216.276917,6,B
174634,3.959954649,10979.943,289.468903,2,A
174682,3.961043084,10982.234,361.182281,7,B
174730,3.962131519,10984.526,432.910645,3,A
174778,3.963219955,10986.818,504.653961,8,B
174826,3.964308390,10989.109,576.412231,4,A
174874,3.965396825,10991.400,648.185486,9,B
174923,3.966507937,10993.740,1.469474,0,A
174971,3.967596372,10996.031,73.272964,5,B
175019,3.968684807,10998.321,145.091415,1,A
175067,3.969773243,11000.612,216.924820,6,B
175115,3.970861678,11002.902,288.773193,2,A
175163,3.971950113,11005.192,360.636505,7,B
175211,3.973038549,11007.482,432.514771,3,A
175259,3.974126984,11009.771,504.408020,8,B
175307,3.975215420,11012.061,576.316223,4,A
175355,3.976303855,11014.351,648.239319,9,B
175403,3.977392290,11016.639,0.177407,0,A
175451,3.978480726,11018.929,72.130440,5,B
175499,3.979569161,11021.217,144.098419,1,A
175547,3.980657596,11023.506,216.081345,6,B
175595,3.981746032,11025.793,288.079193,2,A
175643,3.982834467,11028.082,360.092010,7,B
175691,3.983922902,11030.370,432.119781,3,A
175739,3.985011338,11032.658,504.162476,8,B
175787,3.986099773,11034.945,576.220093,4,A
175835,3.987188209,11037.232,648.292664,9,B
175883,3.988276644,11039.520,0.380172,0,A
175931,3.989365079,11041.806,72.482613,5,B
175979,3.990453515,11044.093,144.599991,1,A
176027,3.991541950,11046.379,216.732300,6,B
176075,3.992630385,11048.666,288.879547,2,A
176123,3.993718821,11050.951,361.041718,7,B
176171,3.994807256,11053.238,433.218811,3,A
176219,3.995895692,11055.522,505.410828,8,B
176266,3.996961451,11057.762,576.113342,4,A
176314,3.998049887,11060.046,648.334900,9,B
176362,3.999138322,11062.330,0.571379,0,A
176410,4.000226757,11064.617,72.822792,5,B
176458,4.001315193,11066.900,145.089127,1,A
176506,4.002403628,11069.186,217.370377,6,B
176553,4.003469388,11071.422,288.160217,2,A
176601,4.004557823,11073.705,360.471008,7,B
176649,4.005646259,11075.988,432.796692,3,A
176697,4.006734694,11078.273,505.137299,8,B
176745,4.007823129,11080.557,577.492798,4,A
176792,4.008888889,11082.791,648.355347,9,B
176840,4.009977324,11085.075,0.740390,0,A
176888,4.011065760,11087.357,73.140327,5,B
176935,4.012131519,11089.593,144.046371,1,A
176983,4.013219955,11091.874,216.475815,6,B
177031,4.014308390,11094.156,288.920135,2,A
177079,4.015396825,11096.438,361.379395,7,B
177126,4.016462585,11098.674,432.343506,3,A
177174,4.017551020,11100.955,504.832245,8,B
177222,4.018639456,11103.236,577.335876,4,A
177269,4.019705215,11105.469,648.343445,9,B
177317,4.020793651,11107.750,0.876570,0,A
177365,4.021882086,11110.030,73.424583,5,B
177412,4.022947846,11112.264,144.475601,1,A
177460,4.024036281,11114.545,217.053085,6,B
177507,4.025102041,11116.776,288.132965,2,A
177555,4.026190476,11119.055,360.739929,7,B
177603,4.027278912,11121.336,433.361755,3,A
177650,4.028344671,11123.566,504.485077,8,B
177698,4.029433107,11125.848,577.136353,4,A
177745,4.030498866,11128.078,648.288513,9,B
177793,4.031587302,11130.355,0.969295,0,A
177840,4.032653061,11132.586,72.150291,5,B
177888,4.033741497,11134.865,144.860489,1,A
177935,4.034807256,11137.096,216.070328,6,B
177983,4.035895692,11139.375,288.809967,2,A
178030,4.036961451,11141.604,360.048615,7,B
178078,4.038049887,11143.881,432.817719,3,A
178125,4.039115646,11146.110,504.085205,8,B
178173,4.040204082,11148.388,576.883728,4,A
178220,4.041269841,11150.617,648.179993,9,B
178268,4.042358277,11152.895,1.007951,0,A
178315,4.043424036,11155.123,72.333054,5,B
178363,4.044512472,11157.398,145.190414,1,A
178410,4.045578231,11159.627,216.544327,6,B
178458,4.046666667,11161.903,289.431122,2,A
178505,4.047732426,11164.131,360.813812,7,B
178552,4.048798186,11166.357,432.210785,3,A
178600,4.049886621,11168.633,505.141510,8,B
178647,4.050952381,11170.861,576.567261,4,A
178694,4.052018141,11173.088,648.007263,9,B
178742,4.053106576,11175.362,0.981926,0,A
178789,4.054172336,11177.589,72.450691,5,B
178837,4.055260771,11179.861,145.454773,1,A
178884,4.056326531,11182.088,216.952316,6,B
178931,4.057392290,11184.314,288.464081,2,A
178979,4.058480726,11186.588,361.512085,7,B
179026,4.059546485,11188.812,433.052643,3,A
179073,4.060612245,11191.039,504.607422,8,B
179120,4.061678005,11193.264,576.176453,4,A
179168,4.062766440,11195.535,649.282837,9,B
179215,4.063832200,11197.760,0.880628,0,A
179262,4.064897959,11199.985,72.492615,5,B
179309,4.065963719,11202.209,144.118835,1,A
179357,4.067052154,11204.480,217.283676,6,B
179404,4.068117914,11206.703,288.938629,2,A
179451,4.069183673,11208.928,360.607819,7,B
179498,4.070249433,11211.150,432.291199,3,A
179546,4.071337868,11213.420,505.514435,8,B
179593,4.072403628,11215.643,577.226562,4,A
179640,4.073469388,11217.865,648.952942,9,B
179687,4.074535147,11220.090,0.693466,0,A
179734,4.075600907,11222.311,72.448227,5,B
179781,4.076666667,11224.532,144.217194,1,A
179828,4.077732426,11226.755,216.000366,6,B
179876,4.078820862,11229.023,289.325500,2,A
179923,4.079886621,11231.244,361.137390,7,B
179970,4.080952381,11233.464,432.963501,3,A
180017,4.082018141,11235.687,504.803802,8,B
180064,4.083083900,11237.906,576.658264,4,A
180111,4.084149660,11240.127,648.526978,9,B
180158,4.085215420,11242.348,0.409860,0,A
180205,4.086281179,11244.566,72.306946,5,B
180252,4.087346939,11246.785,144.218216,1,A
180299,4.088412698,11249.004,216.143692,6,B
180346,4.089478458,11251.225,288.083344,2,A
180393,4.090544218,11253.443,360.037201,7,B
180440,4.091609977,11255.662,432.005249,3,A
180488,4.092698413,11257.928,505.519165,8,B
180535,4.093764172,11260.146,577.515869,4,A
180582,4.094829932,11262.363,649.526733,9,B
180628,4.095873016,11264.533,0.019243,0,A
180675,4.096938776,11266.752,72.058197,5,B
180722,4.098004535,11268.969,144.111328,1,A
180769,4.099070295,11271.186,216.178650,6,B
180816,4.100136054,11273.403,288.260132,2,A
180863,4.101201814,11275.619,360.355804,7,B
180910,4.102267574,11277.836,432.465637,3,A
180957,4.103333333,11280.053,504.589630,8,B
181004,4.104399093,11282.268,576.727783,4,A
181051,4.105464853,11284.482,648.880127,9,B
181098,4.106530612,11286.697,1.046664,0,A
181145,4.107596372,11288.913,73.227341,5,B
181192,4.108662132,11291.128,145.422180,1,A
181238,4.109705215,11293.297,216.094666,6,B
181285,4.110770975,11295.510,288.317535,2,A
181332,4.111836735,11297.724,360.554565,7,B
181379,4.112902494,11299.938,432.805725,3,A
181426,4.113968254,11302.152,505.071075,8,B
181473,4.115034014,11304.365,577.350525,4,A
181519,4.116077098,11306.529,648.105896,9,B
181566,4.117142857,11308.744,0.413367,0,A
181613,4.118208617,11310.956,72.735008,5,B
181660,4.119274376,11313.168,145.070801,1,A
181707,4.120340136,11315.381,217.420731,6,B
181753,4.121383220,11317.545,288.244995,2,A
181800,4.122448980,11319.758,360.622925,7,B
181847,4.123514739,11321.969,433.014984,3,A
181894,4.124580499,11324.180,505.421173,8,B
181940,4.125623583,11326.344,576.300537,4,A
181987,4.126689342,11328.555,648.734680,9,B
182034,4.127755102,11330.765,1.183015,0,A
182080,4.128798186,11332.928,72.103561,5,B
182127,4.129863946,11335.138,144.579834,1,A
182174,4.130929705,11337.348,217.070251,6,B
182220,4.131972789,11339.510,288.031982,2,A
182267,4.133038549,11341.719,360.550354,7,B
182314,4.134104308,11343.928,433.082855,3,A
182360,4.135147392,11346.090,504.085785,8,B
182407,4.136213152,11348.299,576.646240,4,A
182454,4.137278912,11350.506,649.220764,9,B
182500,4.138321995,11352.667,0.264867,0,A
182547,4.139387755,11354.875,72.867363,5,B
182594,4.140453515,11357.082,145.483978,1,A
182640,4.141496599,11359.242,216.569229,6,B
182687,4.142562358,11361.449,289.213776,2,A
182733,4.143605442,11363.609,360.326355,7,B
182780,4.144671202,11365.816,432.998810,3,A
182826,4.145714286,11367.976,504.138702,8,B
182873,4.146780045,11370.181,576.839111,4,A
182919,4.147823129,11372.340,648.006287,9,B
182966,4.148888889,11374.546,0.734587,0,A
183013,4.149954649,11376.750,73.476974,5,B
183059,4.150997732,11378.908,144.685303,1,A
183106,4.152063492,11381.113,217.455582,6,B
183152,4.153106576,11383.271,288.691223,2,A
183199,4.154172336,11385.475,361.489410,7,B
183245,4.155215420,11387.631,432.752319,3,A
183291,4.156258503,11389.789,504.028748,8,B
183338,4.157324263,11391.991,576.868591,4,A
183384,4.158367347,11394.147,648.172302,9,B
183431,4.159433107,11396.350,1.040042,0,A
183477,4.160476190,11398.506,72.371033,5,B
183524,4.161541950,11400.708,145.266632,1,A
183570,4.162585034,11402.863,216.624893,6,B
183617,4.163650794,11405.065,289.548370,2,A
183663,4.164693878,11407.221,360.933899,7,B
183709,4.165736961,11409.375,432.332886,3,A
183756,4.166802721,11411.576,505.298004,8,B
183802,4.167845805,11413.729,576.724243,4,A
183848,4.168888889,11415.884,648.164001,9,B
183895,4.169954649,11418.084,1.170726,0,A
183941,4.170997732,11420.236,72.637726,5,B
183987,4.172040816,11422.390,144.118195,1,A
184034,4.173106576,11424.590,217.166504,6,B
184080,4.174149660,11426.742,288.674225,2,A
184126,4.175192744,11428.893,360.195404,7,B
184173,4.176258503,11431.092,433.285309,3,A
184219,4.177301587,11433.243,504.833710,8,B
184265,4.178344671,11435.395,576.395569,4,A
184312,4.179410431,11437.594,649.527039,9,B
184358,4.180453515,11439.744,1.116145,0,A
184404,4.181496599,11441.895,72.718697,5,B
184450,4.182539683,11444.044,144.334702,1,A
184497,4.183605442,11446.242,217.521484,6,B
184543,4.184648526,11448.391,289.164703,2,A
184589,4.185691610,11450.541,360.821381,7,B
184635,4.186734694,11452.689,432.491486,3,A
184681,4.187777778,11454.840,504.175049,8,B
184728,4.188843537,11457.035,577.430847,4,A
184774,4.189886621,11459.183,649.141602,9,B
184820,4.190929705,11461.331,0.865817,0,A
184866,4.191972789,11463.479,72.603462,5,B
184912,4.193015873,11465.627,144.354553,1,A
184958,4.194058957,11467.773,216.119080,6,B
185005,4.195124717,11469.968,289.457581,2,A
185051,4.196167800,11472.115,361.249298,7,B
185097,4.197210884,11474.262,433.054413,3,A
185143,4.198253968,11476.408,504.872986,8,B
185189,4.199297052,11478.555,576.705017,4,A
185235,4.200340136,11480.700,648.550415,9,B
185281,4.201383220,11482.846,0.409275,0,A
185327,4.202426304,11484.990,72.281563,5,B
185373,4.203469388,11487.136,144.167267,1,A
185419,4.204512472,11489.280,216.066406,6,B
185466,4.205578231,11491.471,289.542419,2,A
185512,4.206621315,11493.615,361.468689,7,B
185558,4.207664399,11495.760,433.408386,3,A
185604,4.208707483,11497.902,505.361481,8,B
185650,4.209750567,11500.047,577.328003,4,A
185696,4.210793651,11502.189,649.307922,9,B
185742,4.211836735,11504.332,1.301287,0,A
185788,4.212879819,11506.475,73.308044,5,B
185834,4.213922902,11508.617,145.328201,1,A
185880,4.214965986,11510.759,217.361771,6,B
185926,4.216009070,11512.901,289.408752,2,A
185972,4.217052154,11515.043,361.469147,7,B
186018,4.218095238,11517.184,433.542908,3,A
186063,4.219115646,11519.279,504.062836,8,B
186109,4.220158730,11521.420,576.163147,4,A
186155,4.221201814,11523.560,648.276794,9,B
186201,4.222244898,11525.699,0.403889,0,A
186247,4.223287982,11527.840,72.544365,5,B
186293,4.224331066,11529.979,144.698227,1,A
186339,4.225374150,11532.118,216.865479,6,B
186385,4.226417234,11534.258,289.046112,2,A
186431,4.227460317,11536.396,361.240143,7,B
186477,4.228503401,11538.535,433.447571,3,A
186522,4.229523810,11540.625,504.098206,8,B
186568,4.230566893,11542.766,576.332092,4,A
186614,4.231609977,11544.902,648.579346,9,B
186660,4.232653061,11547.039,0.839992,0,A
186706,4.233696145,11549.176,73.114014,5,B
186752,4.234739229,11551.313,145.401398,1,A
186797,4.235759637,11553.404,216.130264,6,B
186843,4.236802721,11555.539,288.444122,2,A
186889,4.237845805,11557.676,360.771332,7,B
186935,4.238888889,11559.811,433.111908,3,A
186981,4.239931973,11561.947,505.465851,8,B
187026,4.240952381,11564.035,576.259827,4,A
187072,4.241995465,11566.170,648.640198,9,B
187118,4.243038549,11568.305,1.033945,0,A
187164,4.244081633,11570.439,73.441048,5,B
187209,4.245102041,11572.525,144.287003,1,A
187255,4.246145125,11574.661,216.720520,6,B
187301,4.247188209,11576.793,289.167389,2,A
187346,4.248208617,11578.881,360.052246,7,B
187392,4.249251701,11581.014,432.525543,3,A
187438,4.250294785,11583.146,505.012177,8,B
187484,4.251337868,11585.279,577.512146,4,A
187529,4.252358277,11587.364,648.448975,9,B
187575,4.253401361,11589.496,0.975335,0,A
187621,4.254444444,11591.627,73.515053,5,B
187666,4.255464853,11593.713,144.490723,1,A
187712,4.256507937,11595.844,217.056824,6,B
187757,4.257528345,11597.928,288.058319,2,A
187803,4.258571429,11600.059,360.650787,7,B
187849,4.259614512,11602.188,433.256592,3,A
187894,4.260634921,11604.271,504.296936,8,B
187940,4.261678005,11606.402,576.929138,4,A
187986,4.262721088,11608.530,649.574646,9,B
188031,4.263741497,11610.613,0.653767,0,A
188077,4.264784580,11612.741,73.325630,5,B
188122,4.265804989,11614.823,144.430557,1,A
188168,4.266848073,11616.951,217.128784,6,B
188213,4.267868481,11619.033,288.259491,2,A
188259,4.268911565,11621.160,360.984039,7,B
188304,4.269931973,11623.240,432.140533,3,A
188350,4.270975057,11625.369,504.891418,8,B
188395,4.271995465,11627.449,576.073669,4,A
188441,4.273038549,11629.574,648.850891,9,B
188486,4.274058957,11631.654,0.058859,0,A
188532,4.275102041,11633.779,72.862404,5,B
188577,4.276122449,11635.859,144.096130,1,A
188623,4.277165533,11637.984,216.925995,6,B
188668,4.278185941,11640.062,288.185455,2,A
188714,4.279229025,11642.188,361.041626,7,B
188759,4.280249433,11644.266,432.326843,3,A
188805,4.281292517,11646.391,505.209320,8,B
188850,4.282312925,11648.467,576.520264,4,A
188896,4.283356009,11650.591,649.429016,9,B
188941,4.284376417,11652.668,0.765646,0,A
188986,4.285396825,11654.744,72.115005,5,B
189032,4.286439909,11656.867,145.063049,1,A
189077,4.287460317,11658.943,216.438110,6,B
189123,4.288503401,11661.064,289.412445,2,A
189168,4.289523810,11663.141,360.813202,7,B
189213,4.290544218,11665.215,432.226685,3,A
189259,4.291587302,11667.336,505.240234,8,B
189304,4.292607710,11669.411,576.679382,4,A
189349,4.293628118,11671.486,648.131287,9,B
189395,4.294671202,11673.605,1.184081,0,A
189440,4.295691610,11675.680,72.661621,5,B
189485,4.296712018,11677.752,144.151855,1,A
189531,4.297755102,11679.871,217.243896,6,B
189576,4.298775510,11681.945,288.759796,2,A
189621,4.299795918,11684.017,360.288391,7,B
189667,4.300839002,11686.136,433.419617,3,A
189712,4.301859410,11688.208,504.973877,8,B
189757,4.302879819,11690.279,576.540833,4,A
189802,4.303900227,11692.351,648.120422,9,B
189848,4.304943311,11694.467,1.303812,0,A
189893,4.305963719,11696.537,72.909073,5,B
189938,4.306984127,11698.608,144.527008,1,A
189983,4.308004535,11700.680,216.157623,6,B
190029,4.309047619,11702.795,289.393127,2,A
190074,4.310068027,11704.865,361.049377,7,B
190119,4.311088435,11706.935,432.718292,3,A
190164,4.312108844,11709.003,504.399872,8,B
190209,4.313129252,11711.072,576.094116,4,A
190255,4.314172336,11713.186,649.394653,9,B
190300,4.315192744,11715.254,1.114498,0,A
190345,4.316213152,11717.322,72.847015,5,B
190390,4.317233560,11719.391,144.592194,1,A
190435,4.318253968,11721.456,216.350021,6,B
190480,4.319274376,11723.523,288.120514,2,A
190526,4.320317460,11725.635,361.498962,7,B
190571,4.321337868,11727.701,433.295044,3,A
190616,4.322358277,11729.768,505.103790,8,B
190661,4.323378685,11731.834,576.925171,4,A
190706,4.324399093,11733.898,648.759155,9,B
190751,4.325419501,11735.965,0.605833,0,A
190796,4.326439909,11738.029,72.465141,5,B
190841,4.327460317,11740.094,144.337082,1,A
190886,4.328480726,11742.158,216.221680,6,B
190931,4.329501134,11744.223,288.118896,2,A
190976,4.330521542,11746.286,360.028748,7,B
191022,4.331564626,11748.395,433.549683,3,A
191067,4.332585034,11750.458,505.485077,8,B
191112,4.333605442,11752.520,577.433105,4,A
191157,4.334625850,11754.582,649.393799,9,B
191202,4.335646259,11756.645,1.367057,0,A
191247,4.336666667,11758.707,73.352966,5,B
191292,4.337687075,11760.768,145.351501,1,A
191337,4.338707483,11762.830,217.362656,6,B
191382,4.339727891,11764.891,289.386444,2,A
191427,4.340748299,11766.951,361.422821,7,B
191472,4.341768707,11769.012,433.471832,3,A
191517,4.342789116,11771.072,505.533447,8,B
191561,4.343786848,11773.085,576.005859,4,A
191606,4.344807256,11775.145,648.092468,9,B
191651,4.345827664,11777.203,0.191611,0,A
191696,4.346848073,11779.262,72.303383,5,B
191741,4.347868481,11781.321,144.427750,1,A
191786,4.348888889,11783.379,216.564728,6,B
191831,4.349909297,11785.438,288.714294,2,A
191876,4.350929705,11787.494,360.876495,7,B
191921,4.351950113,11789.551,433.051239,3,A
191966,4.352970522,11791.608,505.238617,8,B
192011,4.353990930,11793.666,577.438538,4,A
192055,4.354988662,11795.676,648.046265,9,B
192100,4.356009070,11797.730,0.271107,0,A
192145,4.357029478,11799.787,72.508545,5,B
192190,4.358049887,11801.842,144.758575,1,A
192235,4.359070295,11803.897,217.021179,6,B
192280,4.360090703,11805.951,289.296356,2,A
192325,4.361111111,11808.006,361.584137,7,B
192369,4.362108844,11810.014,432.277679,3,A
192414,4.363129252,11812.068,504.590302,8,B
192459,4.364149660,11814.121,576.915527,4,A
192504,4.365170068,11816.175,649.253296,9,B
192549,4.366190476,11818.228,1.603658,0,A
192593,4.367188209,11820.234,72.358376,5,B
192638,4.368208617,11822.287,144.733582,1,A
192683,4.369229025,11824.338,217.121353,6,B
192728,4.370249433,11826.391,289.521698,2,A
192772,4.371247166,11828.396,360.325256,7,B
192817,4.372267574,11830.447,432.750427,3,A
192862,4.373287982,11832.498,505.188171,8,B
192906,4.374285714,11834.502,576.028320,4,A
192951,4.375306122,11836.553,648.490845,9,B
192996,4.376326531,11838.602,0.965955,0,A
193041,4.377346939,11840.652,73.453606,5,B
193085,4.378344671,11842.654,144.342545,1,A
193130,4.379365079,11844.703,216.855011,6,B
193175,4.380385488,11846.752,289.380005,2,A
193219,4.381383220,11848.754,360.305481,7,B
193264,4.382403628,11850.803,432.855286,3,A
193309,4.383424036,11852.850,505.417633,8,B
193353,4.384421769,11854.852,576.379578,4,A
193398,4.385442177,11856.898,648.966736,9,B
193443,4.386462585,11858.945,1.566375,0,A
193487,4.387460317,11860.945,72.564819,5,B
193532,4.388480726,11862.991,145.189255,1,A
193576,4.389478458,11864.992,216.211929,6,B
193621,4.390498866,11867.035,288.861145,2,A
193666,4.391519274,11869.081,361.522858,7,B
193710,4.392517007,11871.081,432.581970,3,A
193755,4.393537415,11873.125,505.268463,8,B
193799,4.394535147,11875.123,576.351807,4,A
193844,4.395555556,11877.166,649.063049,9,B
193888,4.396553288,11879.165,0.170550,0,A
193933,4.397573696,11881.207,72.906525,5,B
193977,4.398571429,11883.205,144.038239,1,A
194022,4.399591837,11885.248,216.798950,6,B
194067,4.400612245,11887.289,289.572144,2,A
194111,4.401609977,11889.285,360.740265,7,B
194156,4.402630385,11891.327,433.538208,3,A
194200,4.403628118,11893.323,504.730499,8,B
194245,4.404648526,11895.362,577.553162,4,A
194289,4.405646259,11897.358,648.769592,9,B
194334,4.406666667,11899.398,1.616928,0,A
194378,4.407664399,11901.393,72.857529,5,B
194422,4.408662132,11903.387,144.110062,1,A
194467,4.409682540,11905.426,216.994324,6,B
194511,4.410680272,11907.420,288.270996,2,A
194556,4.411700680,11909.457,361.179932,7,B
194600,4.412698413,11911.450,432.480743,3,A
194645,4.413718821,11913.488,505.414368,8,B
194689,4.414716553,11915.480,576.739319,4,A
194733,4.415714286,11917.472,648.076172,9,B
194778,4.416734694,11919.508,1.046666,0,A
194822,4.417732426,11921.498,72.407646,5,B
194867,4.418752834,11923.535,145.402786,1,A
194911,4.419750567,11925.526,216.787872,6,B
194955,4.420748299,11927.518,288.184875,2,A
195000,4.421768707,11929.552,361.216858,7,B
195044,4.422766440,11931.541,432.637939,3,A
195088,4.423764172,11933.531,504.070953,8,B
195133,4.424784580,11935.564,577.139771,4,A
195177,4.425782313,11937.553,648.596863,9,B
195221,4.426780045,11939.541,0.065824,0,A
195266,4.427800454,11941.575,73.171417,5,B
195310,4.428798186,11943.562,144.664474,1,A
195354,4.429795918,11945.549,216.169434,6,B
195399,4.430816327,11947.581,289.311829,2,A
195443,4.431814059,11949.568,360.840820,7,B
195487,4.432811791,11951.555,432.381744,3,A
195532,4.433832200,11953.586,505.560883,8,B
195576,4.434829932,11955.571,577.125854,4,A
195620,4.435827664,11957.557,648.702698,9,B
195664,4.436825397,11959.541,0.291413,0,A
195709,4.437845805,11961.570,73.519447,5,B
195753,4.438843537,11963.556,145.132202,1,A
195797,4.439841270,11965.539,216.756851,6,B
195841,4.440839002,11967.523,288.393372,2,A
195885,4.441836735,11969.508,360.041748,7,B
195930,4.442857143,11971.535,433.330780,3,A
195974,4.443854875,11973.518,505.003174,8,B
196018,4.444852608,11975.500,576.687439,4,A
196062,4.445850340,11977.481,648.383606,9,B
196106,4.446848073,11979.463,0.091585,0,A
196151,4.447868481,11981.490,73.441582,5,B
196195,4.448866213,11983.472,145.173569,1,A
196239,4.449863946,11985.451,216.917419,6,B
196283,4.450861678,11987.432,288.673126,2,A
196327,4.451859410,11989.412,360.440674,7,B
196371,4.452857143,11991.391,432.220093,3,A
196415,4.453854875,11993.371,504.011353,8,B
196460,4.454875283,11995.395,577.446472,4,A
196504,4.455873016,11997.373,649.261719,9,B
196548,4.456870748,11999.352,1.088783,0,A
196592,4.457868481,12001.330,72.927696,5,B
196636,4.458866213,12003.307,144.778442,1,A
196680,4.459863946,12005.285,216.641037,6,B
196724,4.460861678,12007.263,288.515472,2,A
196768,4.461859410,12009.238,360.401733,7,B
196812,4.462857143,12011.215,432.299805,3,A
196856,4.463854875,12013.190,504.209747,8,B
196900,4.464852608,12015.168,576.131470,4,A
196944,4.465850340,12017.143,648.065063,9,B
196988,4.466848073,12019.117,0.010463,0,A
197033,4.467868481,12021.137,73.603218,5,B
197077,4.468866213,12023.112,145.572525,1,A
197121,4.469863946,12025.086,217.553665,6,B
197165,4.470861678,12027.059,289.546600,2,A
197209,4.471859410,12029.032,361.551361,7,B
197253,4.472857143,12031.004,433.567932,3,A
197297,4.473854875,12032.979,505.596313,8,B
197341,4.474852608,12034.949,577.636536,4,A
197384,4.475827664,12036.877,648.050842,9,B
197428,4.476825397,12038.849,0.114364,0,A
197472,4.477823129,12040.820,72.189697,5,B
197516,4.478820862,12042.791,144.276825,1,A
197560,4.479818594,12044.762,216.375763,6,B
197604,4.480816327,12046.732,288.486481,2,A
197648,4.481814059,12048.702,360.609009,7,B
197692,4.482811791,12050.672,432.743317,3,A
197736,4.483809524,12052.641,504.889435,8,B
197780,4.484807256,12054.610,577.047302,4,A
197824,4.485804989,12056.578,649.216980,9,B
197868,4.486802721,12058.546,1.398456,0,A
197912,4.487800454,12060.514,73.591698,5,B
197955,4.488775510,12062.438,144.155563,1,A
197999,4.489773243,12064.404,216.372086,6,B
198043,4.490770975,12066.371,288.600403,2,A
198087,4.491768707,12068.338,360.840485,7,B
198131,4.492766440,12070.304,433.092316,3,A
198175,4.493764172,12072.270,505.355957,8,B
198219,4.494761905,12074.234,577.631348,4,A
198262,4.495736961,12076.156,648.275452,9,B
198306,4.496734694,12078.121,0.574109,0,A
198350,4.497732426,12080.086,72.884514,5,B
198394,4.498730159,12082.049,145.206680,1,A
198438,4.499727891,12084.013,217.540604,6,B
198481,4.500702948,12085.932,288.241943,2,A
198525,4.501700680,12087.896,360.599091,7,B
198569,4.502698413,12089.857,432.968018,3,A
198613,4.503696145,12091.818,505.348663,8,B
198656,4.504671202,12093.737,576.095642,4,A
198700,4.505668934,12095.699,648.499573,9,B
198744,4.506666667,12097.660,0.915185,0,A
198788,4.507664399,12099.620,73.342552,5,B
198831,4.508639456,12101.535,144.135178,1,A
198875,4.509637188,12103.498,216.585754,6,B
198919,4.510634921,12105.457,289.048065,2,A
198963,4.511632653,12107.416,361.522125,7,B
199006,4.512607710,12109.331,432.360352,3,A
199050,4.513605442,12111.290,504.857574,8,B
199094,4.514603175,12113.248,577.366516,4,A
199137,4.515578231,12115.162,648.238892,9,B
199181,4.516575964,12117.119,0.771021,0,A
199225,4.517573696,12119.078,73.314873,5,B
199268,4.518548753,12120.990,144.221329,1,A
199312,4.519546485,12122.947,216.788345,6,B
199356,4.520544218,12124.903,289.367065,2,A
199399,4.521519274,12126.814,360.307617,7,B
199443,4.522517007,12128.771,432.909485,3,A
199487,4.523514739,12130.727,505.523102,8,B
199530,4.524489796,12132.637,576.497681,4,A
199574,4.525487528,12134.591,649.134399,9,B
199617,4.526462585,12136.501,0.131616,0,A
199661,4.527460317,12138.454,72.791481,5,B
199705,4.528458050,12140.408,145.463043,1,A
199748,4.529433107,12142.317,216.494278,6,B
199792,4.530430839,12144.271,289.188965,2,A
199835,4.531405896,12146.179,360.242767,7,B
199879,4.532403628,12148.130,432.960571,3,A
199922,4.533378685,12150.037,504.036987,8,B
199966,4.534376417,12151.990,576.777893,4,A
200010,4.535374150,12153.941,649.530457,9,B
200053,4.536349206,12155.848,0.640841,0,A
200097,4.537346939,12157.797,73.416504,5,B
200140,4.538321995,12159.703,144.549454,1,A
200184,4.539319728,12161.652,217.348206,6,B
200227,4.540294785,12163.557,288.503723,2,A
200271,4.541292517,12165.506,361.325531,7,B
200314,4.542267574,12167.410,432.503601,3,A
200358,4.543265306,12169.359,505.348480,8,B
200401,4.544240363,12171.263,576.549072,4,A
200445,4.545238095,12173.210,649.416992,9,B
200488,4.546213152,12175.113,0.640118,0,A
200532,4.547210884,12177.060,73.531105,5,B
200575,4.548185941,12178.961,144.776749,1,A
200618,4.549160998,12180.863,216.033508,6,B
200662,4.550158730,12182.809,288.958923,2,A
200705,4.551133787,12184.711,360.238190,7,B
200749,4.552131519,12186.655,433.186615,3,A
200792,4.553106576,12188.557,504.488403,8,B
200836,4.554104308,12190.500,577.459839,4,A
200879,4.555079365,12192.400,648.784119,9,B
200922,4.556054422,12194.301,0.119489,0,A
200966,4.557052154,12196.242,73.125328,5,B
201009,4.558027211,12198.142,144.483170,1,A
201053,4.559024943,12200.084,217.512009,6,B
201096,4.560000000,12201.981,288.892334,2,A
201139,4.560975057,12203.879,360.283752,7,B
201183,4.561972789,12205.820,433.346924,3,A
201226,4.562947846,12207.717,504.760803,8,B
201269,4.563922902,12209.613,576.185791,4,A
201313,4.564920635,12211.555,649.283264,9,B
201356,4.565895692,12213.449,0.730711,0,A
201399,4.566870748,12215.345,72.189224,5,B
201443,4.567868481,12217.285,145.321030,1,A
201486,4.568843537,12219.179,216.801971,6,B
201529,4.569818594,12221.072,288.294006,2,A
201573,4.570816327,12223.012,361.460114,7,B
201616,4.571791383,12224.904,432.974548,3,A
201659,4.572766440,12226.798,504.500061,8,B
201702,4.573741497,12228.691,576.036682,4,A
201746,4.574739229,12230.629,649.248352,9,B
201789,4.575714286,12232.521,0.807366,0,A
201832,4.576689342,12234.412,72.377434,5,B
201876,4.577687075,12236.349,145.623383,1,A
201919,4.578662132,12238.239,217.215836,6,B
201962,4.579637188,12240.130,288.819366,2,A
202005,4.580612245,12242.020,360.433929,7,B
202048,4.581587302,12243.910,432.059570,3,A
202092,4.582585034,12245.844,505.362366,8,B
202135,4.583560091,12247.732,577.010376,4,A
202178,4.584535147,12249.621,648.669434,9,B
202221,4.585510204,12251.510,0.339546,0,A
202264,4.586485261,12253.399,72.020706,5,B
202308,4.587482993,12255.330,145.380295,1,A
202351,4.588458050,12257.219,217.083801,6,B
202394,4.589433107,12259.105,288.798340,2,A
202437,4.590408163,12260.992,360.523926,7,B
202480,4.591383220,12262.879,432.260559,3,A
202523,4.592358277,12264.764,504.008209,8,B
202567,4.593356009,12266.694,577.435852,4,A
202610,4.594331066,12268.580,649.205811,9,B
202653,4.595306122,12270.464,0.986816,0,A
202696,4.596281179,12272.350,72.778847,5,B
202739,4.597256236,12274.232,144.581909,1,A
202782,4.598231293,12276.117,216.395981,6,B
202825,4.599206349,12278.002,288.221069,2,A
202868,4.600181406,12279.885,360.057190,7,B
202912,4.601179138,12281.811,433.575317,3,A
202955,4.602154195,12283.693,505.433746,8,B
202998,4.603129252,12285.575,577.303162,4,A
203041,4.604104308,12287.457,649.183594,9,B
203084,4.605079365,12289.338,1.075002,0,A
203127,4.606054422,12291.219,72.977440,5,B
203170,4.607029478,12293.100,144.890884,1,A
203213,4.608004535,12294.979,216.815323,6,B
203256,4.608979592,12296.860,288.750763,2,A
203299,4.609954649,12298.738,360.697205,7,B
203342,4.610929705,12300.617,432.654633,3,A
203385,4.611904762,12302.496,504.623047,8,B
203428,4.612879819,12304.375,576.602478,4,A
203471,4.613854875,12306.253,648.592834,9,B
203514,4.614829932,12308.131,0.594243,0,A
203557,4.615804989,12310.008,72.606613,5,B
203600,4.616780045,12311.885,144.629959,1,A
203643,4.617755102,12313.762,216.664291,6,B
203686,4.618730159,12315.638,288.709595,2,A
203729,4.619705215,12317.513,360.765869,7,B
203772,4.620680272,12319.389,432.833130,3,A
203815,4.621655329,12321.264,504.911346,8,B
203858,4.622630385,12323.139,577.000549,4,A
203901,4.623605442,12325.012,649.100708,9,B
203944,4.624580499,12326.887,1.211836,0,A
203987,4.625555556,12328.760,73.333923,5,B
204030,4.626530612,12330.633,145.466965,1,A
204073,4.627505669,12332.506,217.610962,6,B
204115,4.628458050,12334.334,288.087769,2,A
204158,4.629433107,12336.207,360.253418,7,B
204201,4.630408163,12338.078,432.430023,3,A
204244,4.631383220,12339.950,504.617584,8,B
204287,4.632358277,12341.820,576.816101,4,A
204330,4.633333333,12343.690,649.025513,9,B
204373,4.634308390,12345.561,1.245925,0,A
204416,4.635283447,12347.431,73.477249,5,B
204458,4.636235828,12349.256,144.039337,1,A
204501,4.637210884,12351.126,216.292282,6,B
204544,4.638185941,12352.994,288.556152,2,A
204587,4.639160998,12354.863,360.830963,7,B
204630,4.640136054,12356.730,433.116699,3,A
204673,4.641111111,12358.598,505.413391,8,B
204715,4.642063492,12360.422,576.039246,4,A
204758,4.643038549,12362.289,648.357544,9,B
204801,4.644013605,12364.154,0.686709,0,A
204844,4.644988662,12366.021,73.026802,5,B
204887,4.645963719,12367.887,145.377823,1,A
204929,4.646916100,12369.708,216.056778,6,B
204972,4.647891156,12371.572,288.429352,2,A
205015,4.648866213,12373.437,360.812866,7,B
205058,4.649841270,12375.303,433.207245,3,A
205101,4.650816327,12377.166,505.612549,8,B
205143,4.651768707,12378.985,576.344543,4,A
205186,4.652743764,12380.849,648.771362,9,B
205229,4.653718821,12382.711,1.209134,0,A
205272,4.654693878,12384.572,73.657776,5,B
205314,4.655646259,12386.392,144.432083,1,A
205357,4.656621315,12388.254,216.902267,6,B
205400,4.657596372,12390.114,289.383331,2,A
205442,4.658548753,12391.932,360.189301,7,B
205485,4.659523810,12393.791,432.691864,3,A
205528,4.660498866,12395.652,505.205322,8,B
205570,4.661451247,12397.469,576.042969,4,A
205613,4.662426304,12399.327,648.577942,9,B
205656,4.663401361,12401.186,1.123756,0,A
205699,4.664376417,12403.043,73.680473,5,B
205741,4.665328798,12404.859,144.560318,1,A
205784,4.666303855,12406.717,217.138519,6,B
205826,4.667256236,12408.531,288.039337,2,A
205869,4.668231293,12410.387,360.639038,7,B
205912,4.669206349,12412.244,433.249573,3,A
205954,4.670158730,12414.057,504.181976,8,B
205997,4.671133787,12415.912,576.813965,4,A
206040,4.672108844,12417.768,649.456848,9,B
206082,4.673061224,12419.579,0.420819,0,A
206125,4.674036281,12421.434,73.085136,5,B
206167,4.674988662,12423.245,144.070053,1,A
206210,4.675963719,12425.100,216.755814,6,B
206253,4.676938776,12426.952,289.452393,2,A
206295,4.677891156,12428.762,360.468842,7,B
206338,4.678866213,12430.614,433.186890,3,A
206380,4.679818594,12432.424,504.224243,8,B
206423,4.680793651,12434.275,576.963684,4,A
206465,4.681746032,12436.083,648.021973,9,B
206508,4.682721088,12437.934,0.782850,0,A
206551,4.683696145,12439.785,73.554535,5,B
206593,4.684648526,12441.592,144.644302,1,A
206636,4.685623583,12443.442,217.437393,6,B
206678,4.686575964,12445.248,288.548065,2,A
206721,4.687551020,12447.098,361.362518,7,B
206763,4.688503401,12448.902,432.494080,3,A
206806,4.689478458,12450.752,505.329926,8,B
206848,4.690430839,12452.556,576.482361,4,A
206891,4.691405896,12454.404,649.339600,9,B
206933,4.692358277,12456.208,0.512891,0,A
206976,4.693333333,12458.055,73.391472,5,B
207018,4.694285714,12459.859,144.585632,1,A
207061,4.695260771,12461.705,217.485565,6,B
207103,4.696213152,12463.507,288.700592,2,A
207146,4.697188209,12465.352,361.621857,7,B
207188,4.698140590,12467.154,432.857697,3,A
207230,4.699092971,12468.955,504.103851,8,B
207273,4.700068027,12470.799,577.057007,4,A
207315,4.701020408,12472.600,648.323975,9,B
207358,4.701995465,12474.443,1.298451,0,A
207400,4.702947846,12476.242,72.586250,5,B
207443,4.703922902,12478.085,145.582031,1,A
207485,4.704875283,12479.885,216.890640,6,B
207527,4.705827664,12481.684,288.209534,2,A
207570,4.706802721,12483.525,361.237122,7,B
207612,4.707755102,12485.322,432.576813,3,A
207655,4.708730159,12487.162,505.625702,8,B
207697,4.709682540,12488.961,576.986206,4,A
207739,4.710634921,12490.756,648.356934,9,B
207782,4.711609977,12492.596,1.437606,0,A
207824,4.712562358,12494.393,72.829124,5,B
207866,4.713514739,12496.188,144.230911,1,A
207909,4.714489796,12498.026,217.343353,6,B
207951,4.715442177,12499.821,288.765900,2,A
207993,4.716394558,12501.615,360.198700,7,B
208036,4.717369615,12503.452,433.342896,3,A
208078,4.718321995,12505.246,504.796448,8,B
208120,4.719274376,12507.039,576.260254,4,A
208163,4.720249433,12508.875,649.436157,9,B
208205,4.721201814,12510.668,0.920692,0,A
208247,4.722154195,12512.459,72.415459,5,B
208290,4.723129252,12514.294,145.623093,1,A
208332,4.724081633,12516.085,217.138596,6,B
208374,4.725034014,12517.877,288.664307,2,A
208416,4.725986395,12519.667,360.200287,7,B
208459,4.726961451,12521.500,433.450073,3,A
208501,4.727913832,12523.290,505.006744,8,B
208543,4.728866213,12525.079,576.573608,4,A
208585,4.729818594,12526.869,648.150757,9,B
208628,4.730793651,12528.699,1.442665,0,A
208670,4.731746032,12530.488,73.040466,5,B
208712,4.732698413,12532.275,144.648483,1,A
208754,4.733650794,12534.062,216.266708,6,B
208797,4.734625850,12535.893,289.600708,2,A
208839,4.735578231,12537.680,361.239624,7,B
208881,4.736530612,12539.466,432.888733,3,A
208923,4.737482993,12541.251,504.548035,8,B
208965,4.738435374,12543.037,576.217529,4,A
209008,4.739410431,12544.864,649.604065,9,B
209050,4.740362812,12546.648,1.294222,0,A
209092,4.741315193,12548.434,72.994583,5,B
209134,4.742267574,12550.217,144.705139,1,A
209176,4.743219955,12552.001,216.425888,6,B
209218,4.744172336,12553.785,288.156830,2,A
209261,4.745147392,12555.609,361.606201,7,B
209303,4.746099773,12557.393,433.357727,3,A
209345,4.747052154,12559.174,505.119476,8,B
209387,4.748004535,12560.955,576.891418,4,A
209429,4.748956916,12562.736,648.673523,9,B
209471,4.749909297,12564.517,0.465766,0,A
209513,4.750861678,12566.298,72.268211,5,B
209555,4.751814059,12568.076,144.080841,1,A
209598,4.752789116,12569.899,217.613815,6,B
209640,4.753741497,12571.678,289.447021,2,A
209682,4.754693878,12573.458,361.290375,7,B
209724,4.755646259,12575.235,433.143921,3,A
209766,4.756598639,12577.013,505.007599,8,B
209808,4.757551020,12578.791,576.881470,4,A
209850,4.758503401,12580.568,648.765442,9,B
209892,4.759455782,12582.344,0.659608,0,A
209934,4.760408163,12584.121,72.563919,5,B
209976,4.761360544,12585.897,144.478378,1,A
210018,4.762312925,12587.672,216.402985,6,B
210060,4.763265306,12589.448,288.337738,2,A
210102,4.764217687,12591.223,360.282623,7,B
210144,4.765170068,12592.997,432.237671,3,A
210186,4.766122449,12594.771,504.202850,8,B
210228,4.767074830,12596.545,576.178162,4,A
210270,4.768027211,12598.318,648.163574,9,B
210312,4.768979592,12600.090,0.159157,0,A
210354,4.769931973,12601.863,72.164856,5,B
210396,4.770884354,12603.635,144.180679,1,A
210438,4.771836735,12605.406,216.206635,6,B
210480,4.772789116,12607.177,288.242706,2,A
210522,4.773741497,12608.948,360.288910,7,B
210564,4.774693878,12610.719,432.345215,3,A
210606,4.775646259,12612.488,504.411652,8,B
210648,4.776598639,12614.258,576.488159,4,A
210690,4.777551020,12616.027,648.574829,9,B
210732,4.778503401,12617.796,0.671583,0,A
210774,4.779455782,12619.563,72.778442,5,B
210816,4.780408163,12621.332,144.895416,1,A
210858,4.781360544,12623.100,217.022476,6,B
210900,4.782312925,12624.866,289.159637,2,A
210942,4.783265306,12626.633,361.306915,7,B
210984,4.784217687,12628.400,433.464264,3,A
211026,4.785170068,12630.165,505.631714,8,B
211067,4.786099773,12631.889,576.090637,4,A
211109,4.787052154,12633.653,648.278015,9,B
211151,4.788004535,12635.418,0.475468,0,A
211193,4.788956916,12637.184,72.683022,5,B
211235,4.789909297,12638.946,144.900650,1,A
211277,4.790861678,12640.709,217.128357,6,B
211319,4.791814059,12642.473,289.366150,2,A
211361,4.792766440,12644.236,361.614014,7,B
211402,4.793696145,12645.955,432.151398,3,A
211444,4.794648526,12647.718,504.419159,8,B
211486,4.795600907,12649.479,576.696960,4,A
211528,4.796553288,12651.239,648.984863,9,B
211570,4.797505669,12653.001,1.282803,0,A
211612,4.798458050,12654.760,73.590813,5,B
211653,4.799387755,12656.479,144.186905,1,A
211695,4.800340136,12658.238,216.514786,6,B
211737,4.801292517,12659.996,288.852722,2,A
211779,4.802244898,12661.755,361.200684,7,B
211821,4.803197279,12663.514,433.558716,3,A
211862,4.804126984,12665.230,504.203644,8,B
211904,4.805079365,12666.986,576.581482,4,A
211946,4.806031746,12668.742,648.969421,9,B
211988,4.806984127,12670.499,1.367380,0,A
212029,4.807913832,12672.213,72.051254,5,B
212071,4.808866213,12673.969,144.469040,1,A
212113,4.809818594,12675.725,216.896851,6,B
212155,4.810770975,12677.479,289.334717,2,A
212196,4.811700680,12679.192,360.057495,7,B
212238,4.812653061,12680.945,432.515167,3,A
212280,4.813605442,12682.699,504.982849,8,B
212322,4.814557823,12684.453,577.460510,4,A
212363,4.815487528,12686.163,648.222229,9,B
212405,4.816439909,12687.916,0.719728,0,A
212447,4.817392290,12689.668,73.227226,5,B
212488,4.818321995,12691.378,144.018021,1,A
212530,4.819274376,12693.129,216.545303,6,B
212572,4.820226757,12694.879,289.082581,2,A
212614,4.821179138,12696.629,361.629883,7,B
212655,4.822108844,12698.338,432.459473,3,A
212697,4.823061224,12700.086,505.026520,8,B
212739,4.824013605,12701.836,577.603577,4,A
212780,4.824943311,12703.543,648.462219,9,B
212822,4.825895692,12705.291,1.059020,0,A
212864,4.826848073,12707.039,73.665794,5,B
212905,4.827777778,12708.745,144.553467,1,A
212947,4.828730159,12710.491,217.179977,6,B
212988,4.829659864,12712.197,288.086914,2,A
213030,4.830612245,12713.941,360.733154,7,B
213072,4.831564626,12715.688,433.389343,3,A
213113,4.832494331,12717.393,504.325256,8,B
213155,4.833446712,12719.136,577.001160,4,A
213197,4.834399093,12720.882,649.687073,9,B
213238,4.835328798,12722.583,0.651944,0,A
213280,4.836281179,12724.328,73.357521,5,B
213321,4.837210884,12726.027,144.341614,1,A
213363,4.838163265,12727.771,217.066879,6,B
213404,4.839092971,12729.473,288.070190,2,A
213446,4.840045351,12731.213,360.815125,7,B
213488,4.840997732,12732.956,433.570007,3,A
213529,4.841927438,12734.655,504.602234,8,B
213571,4.842879819,12736.396,577.376770,4,A
213612,4.843809524,12738.094,648.428223,9,B
213654,4.844761905,12739.834,1.222404,0,A
213695,4.845691610,12741.531,72.292999,5,B
213737,4.846643991,12743.271,145.106842,1,A
213778,4.847573696,12744.969,216.196594,6,B
213820,4.848526077,12746.706,289.030060,2,A
213861,4.849455782,12748.402,360.138977,7,B
213903,4.850408163,12750.139,432.992096,3,A
213944,4.851337868,12751.836,504.120148,8,B
213986,4.852290249,12753.571,576.992859,4,A
214027,4.853219955,12755.266,648.140076,9,B
214069,4.854172336,12757.002,1.032390,0,A
214110,4.855102041,12758.695,72.198738,5,B
214152,4.856054422,12760.430,145.110641,1,A
214193,4.856984127,12762.123,216.296112,6,B
214235,4.857936508,12763.855,289.227600,2,A
214276,4.858866213,12765.549,360.432190,7,B
214318,4.859818594,12767.281,433.383240,3,A
214359,4.860748299,12768.973,504.606934,8,B
214401,4.861700680,12770.705,577.577576,4,A
214442,4.862630385,12772.396,648.820312,9,B
214483,4.863560091,12774.086,0.072534,0,A
214525,4.864512472,12775.816,73.072372,5,B
214566,4.865442177,12777.506,144.343658,1,A
214608,4.866394558,12779.235,217.363037,6,B
214649,4.867324263,12780.924,288.653412,2,A
214691,4.868276644,12782.652,361.692322,7,B
214732,4.869206349,12784.341,433.001740,3,A
214773,4.870136054,12786.027,504.320557,8,B
214815,4.871088435,12787.756,577.388611,4,A
214856,4.872018141,12789.441,648.726501,9,B
214897,4.872947846,12791.128,0.073793,0,A
214939,4.873900227,12792.855,73.171005,5,B
214980,4.874829932,12794.539,144.537323,1,A
215022,4.875782313,12796.266,217.654022,6,B
215063,4.876712018,12797.949,289.039368,2,A
215104,4.877641723,12799.633,360.434082,7,B
215146,4.878594104,12801.357,433.579895,3,A
215187,4.879523810,12803.041,504.993652,8,B
215228,4.880453515,12804.723,576.416748,4,A
215270,4.881405896,12806.447,649.591675,9,B
215311,4.882335601,12808.128,1.033788,0,A
215352,4.883265306,12809.810,72.485291,5,B
215394,4.884217687,12811.531,145.689240,1,A
215435,4.885147392,12813.213,217.159729,6,B
215476,4.886077098,12814.891,288.639587,2,A
215517,4.887006803,12816.570,360.128815,7,B
215559,4.887959184,12818.291,433.371399,3,A
215600,4.888888889,12819.971,504.879578,8,B
215641,4.889818594,12821.648,576.397156,4,A
215683,4.890770975,12823.367,649.668701,9,B
215724,4.891700680,12825.045,1.205221,0,A
215765,4.892630385,12826.723,72.751076,5,B
215806,4.893560091,12828.398,144.306290,1,A
215848,4.894512472,12830.115,217.616440,6,B
215889,4.895442177,12831.791,289.190582,2,A
215930,4.896371882,12833.465,360.774048,7,B
215971,4.897301587,12835.142,432.366882,3,A
216013,4.898253968,12836.856,505.715576,8,B
216054,4.899183673,12838.531,577.327332,4,A
216095,4.900113379,12840.204,648.948364,9,B
216136,4.901043084,12841.877,0.578792,0,A
216177,4.901972789,12843.550,72.218536,5,B
216219,4.902925170,12845.264,145.615265,1,A
216260,4.903854875,12846.935,217.273880,6,B
216301,4.904784580,12848.607,288.941833,2,A
216342,4.905714286,12850.277,360.619110,7,B
216383,4.906643991,12851.949,432.305695,3,A
216424,4.907573696,12853.618,504.001617,8,B
216466,4.908526077,12855.329,577.455872,4,A
216507,4.909455782,12856.998,649.170654,9,B
216548,4.910385488,12858.668,0.894721,0,A
216589,4.911315193,12860.335,72.628105,5,B
216630,4.912244898,12862.004,144.370804,1,A
216671,4.913174603,12863.672,216.122803,6,B
216713,4.914126984,12865.379,289.634491,2,A
216754,4.915056689,12867.046,361.405304,7,B
216795,4.915986395,12868.713,433.185425,3,A
216836,4.916916100,12870.378,504.974854,8,B
216877,4.917845805,12872.045,576.773560,4,A
216918,4.918775510,12873.709,648.581543,9,B
216959,4.919705215,12875.374,0.398846,0,A
217000,4.920634921,12877.037,72.225410,5,B
217041,4.921564626,12878.701,144.061264,1,A
217083,4.922517007,12880.405,217.658829,6,B
217124,4.923446712,12882.068,289.513458,2,A
217165,4.924376417,12883.730,361.377380,7,B
217206,4.925306122,12885.394,433.250549,3,A
217247,4.926235828,12887.055,505.132996,8,B
217288,4.927165533,12888.717,577.024719,4,A
217329,4.928095238,12890.377,648.925720,9,B
217370,4.929024943,12892.037,0.835954,0,A
217411,4.929954649,12893.697,72.755463,5,B
217452,4.930884354,12895.356,144.684235,1,A
217493,4.931814059,12897.016,216.622253,6,B
217534,4.932743764,12898.674,288.569519,2,A
217575,4.933673469,12900.332,360.526062,7,B
217616,4.934603175,12901.990,432.491821,3,A
217657,4.935532880,12903.648,504.466858,8,B
217698,4.936462585,12905.303,576.451111,4,A
217739,4.937392290,12906.961,648.444641,9,B
217780,4.938321995,12908.617,0.447356,0,A
217821,4.939251701,12910.272,72.459335,5,B
217862,4.940181406,12911.926,144.480545,1,A
217903,4.941111111,12913.582,216.511002,6,B
217944,4.942040816,12915.236,288.550659,2,A
217985,4.942970522,12916.891,360.599579,7,B
218026,4.943900227,12918.543,432.657684,3,A
218067,4.944829932,12920.196,504.725037,8,B
218108,4.945759637,12921.850,576.801636,4,A
218149,4.946689342,12923.500,648.887390,9,B
218190,4.947619048,12925.152,0.982388,0,A
218231,4.948548753,12926.804,73.086594,5,B
218272,4.949478458,12928.455,145.200012,1,A
218313,4.950408163,12930.104,217.322647,6,B
218354,4.951337868,12931.756,289.454468,2,A
218395,4.952267574,12933.404,361.595490,7,B
218436,4.953197279,12935.054,433.745728,3,A
218476,4.954104308,12936.662,504.145081,8,B
218517,4.955034014,12938.309,576.313477,4,A
218558,4.955963719,12939.957,648.491089,9,B
218599,4.956893424,12941.604,0.677844,0,A
218640,4.957823129,12943.252,72.873817,5,B
218681,4.958752834,12944.896,145.078964,1,A
218722,4.959682540,12946.545,217.293304,6,B
218763,4.960612245,12948.189,289.516815,2,A
218804,4.961541950,12949.835,361.749512,7,B
218844,4.962448980,12951.439,432.229279,3,A
218885,4.963378685,12953.083,504.480103,8,B
218926,4.964308390,12954.727,576.740112,4,A
218967,4.965238095,12956.369,649.009277,9,B
219008,4.966167800,12958.014,1.287573,0,A
219049,4.967097506,12959.654,73.575058,5,B
219089,4.968004535,12961.258,144.108261,1,A
219130,4.968934240,12962.899,216.413849,6,B
219171,4.969863946,12964.539,288.728577,2,A
219212,4.970793651,12966.182,361.052460,7,B
219253,4.971723356,12967.820,433.385498,3,A
219294,4.972653061,12969.460,505.727692,8,B
219334,4.973560091,12971.059,576.314270,4,A
219375,4.974489796,12972.699,648.674500,9,B
219416,4.975419501,12974.338,1.043908,0,A
219457,4.976349206,12975.975,73.422440,5,B
219497,4.977256236,12977.573,144.044449,1,A
219538,4.978185941,12979.209,216.441025,6,B
219579,4.979115646,12980.847,288.846741,2,A
219620,4.980045351,12982.482,361.261566,7,B
219661,4.980975057,12984.117,433.685547,3,A
219701,4.981882086,12985.715,504.351868,8,B
219742,4.982811791,12987.349,576.793823,4,A
219783,4.983741497,12988.982,649.244934,9,B
219824,4.984671202,12990.617,1.705169,0,A
219864,4.985578231,12992.211,72.406853,5,B
219905,4.986507937,12993.844,144.885071,1,A
219946,4.987437642,12995.477,217.372406,6,B
219986,4.988344671,12997.069,288.100525,2,A
220027,4.989274376,12998.701,360.605835,7,B
220068,4.990204082,13000.332,433.120270,3,A
220109,4.991133787,13001.963,505.643768,8,B
220149,4.992040816,13003.553,576.407227,4,A
220190,4.992970522,13005.184,648.948669,9,B
220231,4.993900227,13006.812,1.499261,0,A
220271,4.994807256,13008.402,72.289070,5,B
220312,4.995736961,13010.031,144.857605,1,A
220353,4.996666667,13011.658,217.435211,6,B
220393,4.997573696,13013.246,288.251404,2,A
220434,4.998503401,13014.874,360.846954,7,B
220475,4.999433107,13016.501,433.451569,3,A
220515,5.000340136,13018.088,504.294098,8,B
220556,5.001269841,13019.713,576.916626,4,A
220597,5.002199546,13021.340,649.548279,9,B
220637,5.003106576,13022.925,0.417111,0,A
220678,5.004036281,13024.549,73.066635,5,B
220719,5.004965986,13026.172,145.725220,1,A
220759,5.005873016,13027.758,216.620377,6,B
220800,5.006802721,13029.381,289.296875,2,A
220840,5.007709751,13030.965,360.209473,7,B
220881,5.008639456,13032.586,432.903839,3,A
220922,5.009569161,13034.208,505.607239,8,B
220962,5.010476190,13035.789,576.546143,4,A
221003,5.011405896,13037.411,649.267395,9,B
221043,5.012312925,13038.992,0.223706,0,A
221084,5.013242630,13040.611,72.962845,5,B
221125,5.014172336,13042.232,145.711014,1,A
221165,5.015079365,13043.811,216.693558,6,B
221206,5.016009070,13045.430,289.459564,2,A
221246,5.016916100,13047.008,360.459503,7,B
221287,5.017845805,13048.625,433.243378,3,A
221327,5.018752834,13050.204,504.260681,8,B
221368,5.019682540,13051.820,577.062378,4,A
221408,5.020589569,13053.396,648.097107,9,B
221449,5.021519274,13055.014,0.916575,0,A
221490,5.022448980,13056.629,73.745079,5,B
221530,5.023356009,13058.205,144.805954,1,A
221571,5.024285714,13059.819,217.652252,6,B
221611,5.025192744,13061.395,288.730499,2,A
221652,5.026122449,13063.009,361.594574,7,B
221692,5.027029478,13064.582,432.690186,3,A
221733,5.027959184,13066.195,505.572052,8,B
221773,5.028866213,13067.768,576.684998,4,A
221814,5.029795918,13069.379,649.584595,9,B
221854,5.030702948,13070.951,0.714863,0,A
221895,5.031632653,13072.562,73.632256,5,B
221935,5.032539683,13074.133,144.779831,1,A
221976,5.033469388,13075.744,217.714981,6,B
222016,5.034376417,13077.314,288.879883,2,A
222056,5.035283447,13078.884,360.053314,7,B
222097,5.036213152,13080.491,433.014923,3,A
222137,5.037120181,13082.062,504.205658,8,B
222178,5.038049887,13083.669,577.184998,4,A
222218,5.038956916,13085.238,648.393066,9,B
222259,5.039886621,13086.843,1.390113,0,A
222299,5.040793651,13088.410,72.615402,5,B
222340,5.041723356,13090.018,145.630173,1,A
222380,5.042630385,13091.582,216.872742,6,B
222420,5.043537415,13093.148,288.123810,2,A
222461,5.044467120,13094.754,361.165009,7,B
222501,5.045374150,13096.318,432.433350,3,A
222542,5.046303855,13097.923,505.492218,8,B
222582,5.047210884,13099.486,576.777771,4,A
222622,5.048117914,13101.051,648.071899,9,B
222663,5.049047619,13102.651,1.157146,0,A
222703,5.049954649,13104.215,72.468452,5,B
222744,5.050884354,13105.815,145.571365,1,A
222784,5.051791383,13107.377,216.899902,6,B
222824,5.052698413,13108.939,288.236908,2,A
222865,5.053628118,13110.539,361.366180,7,B
222905,5.054535147,13112.100,432.720428,3,A
222945,5.055442177,13113.660,504.083130,8,B
222986,5.056371882,13115.258,577.238708,4,A
223026,5.057278912,13116.816,648.618652,9,B
223066,5.058185941,13118.376,0.007015,0,A
223107,5.059115646,13119.973,73.188911,5,B
223147,5.060022676,13121.531,144.594467,1,A
223187,5.060929705,13123.088,216.008499,6,B
223228,5.061859410,13124.684,289.216675,2,A
223268,5.062766440,13126.240,360.647888,7,B
223308,5.063673469,13127.797,432.087524,3,A
223349,5.064603175,13129.390,505.321991,8,B
223389,5.065510204,13130.945,576.778809,4,A
223429,5.066417234,13132.500,648.244019,9,B
223470,5.067346939,13134.092,1.504715,0,A
223510,5.068253968,13135.646,72.987106,5,B
223550,5.069160998,13137.199,144.477951,1,A
223591,5.070090703,13138.791,217.764832,6,B
223631,5.070997732,13140.343,289.272797,2,A
223671,5.071904762,13141.895,360.789185,7,B
223711,5.072811791,13143.446,432.314026,3,A
223752,5.073741497,13145.037,505.635773,8,B
223792,5.074648526,13146.586,577.177673,4,A
223832,5.075555556,13148.137,648.728088,9,B
223872,5.076462585,13149.687,0.286885,0,A
223913,5.077392290,13151.274,73.643417,5,B
223953,5.078299320,13152.823,145.219299,1,A
223993,5.079206349,13154.371,216.803604,6,B
224033,5.080113379,13155.918,288.396332,2,A
224074,5.081043084,13157.505,361.787628,7,B
224114,5.081950113,13159.052,433.397400,3,A
224154,5.082857143,13160.598,505.015594,8,B
224194,5.083764172,13162.143,576.642212,4,A
224234,5.084671202,13163.689,648.277222,9,B
224275,5.085600907,13165.271,1.711862,0,A
224315,5.086507937,13166.817,73.363914,5,B
224355,5.087414966,13168.361,145.024368,1,A
224395,5.088321995,13169.904,216.693222,6,B
224435,5.089229025,13171.447,288.370483,2,A
224475,5.090136054,13172.990,360.056122,7,B
224516,5.091065760,13174.570,433.542633,3,A
224556,5.091972789,13176.113,505.245270,8,B
224596,5.092879819,13177.654,576.956299,4,A
224636,5.093786848,13179.195,648.675720,9,B
224676,5.094693878,13180.736,0.403551,0,A
224716,5.095600907,13182.275,72.139740,5,B
224757,5.096530612,13183.854,145.678024,1,A
224797,5.097437642,13185.393,217.431183,6,B
224837,5.098344671,13186.932,289.192719,2,A
224877,5.099251701,13188.469,360.962616,7,B
224917,5.100158730,13190.007,432.740875,3,A
224957,5.101065760,13191.544,504.527527,8,B
224997,5.101972789,13193.080,576.322510,4,A
225037,5.102879819,13194.617,648.125916,9,B
225078,5.103809524,13196.190,1.733006,0,A
225118,5.104716553,13197.726,73.553291,5,B
225158,5.105623583,13199.261,145.381927,1,A
225198,5.106530612,13200.796,217.218933,6,B
225238,5.107437642,13202.329,289.064270,2,A
225278,5.108344671,13203.863,360.917969,7,B
225318,5.109251701,13205.396,432.779999,3,A
225358,5.110158730,13206.929,504.650360,8,B
225398,5.111065760,13208.460,576.529053,4,A
225438,5.111972789,13209.991,648.416138,9,B
225478,5.112879819,13211.523,0.311504,0,A
225518,5.113786848,13213.053,72.215218,5,B
225558,5.114693878,13214.583,144.127258,1,A
225598,5.115600907,13216.114,216.047623,6,B
225639,5.116530612,13217.681,289.774658,2,A
225679,5.117437642,13219.210,361.711853,7,B
225719,5.118344671,13220.738,433.657410,3,A
225759,5.119251701,13222.266,505.611267,8,B
225799,5.120158730,13223.793,577.573425,4,A
225839,5.121065760,13225.319,649.543945,9,B
225879,5.121972789,13226.847,1.522705,0,A
225919,5.122879819,13228.373,73.509804,5,B
225959,5.123786848,13229.898,145.505203,1,A
225999,5.124693878,13231.424,217.508896,6,B
226039,5.125600907,13232.947,289.520905,2,A
226079,5.126507937,13234.472,361.541199,7,B
226119,5.127414966,13235.996,433.569794,3,A
226159,5.128321995,13237.520,505.606659,8,B
226199,5.129229025,13239.041,577.651794,4,A
226239,5.130136054,13240.564,649.705261,9,B
226279,5.131043084,13242.085,1.767009,0,A
226318,5.131927438,13243.568,72.035172,5,B
226358,5.132834467,13245.089,144.113251,1,A
226398,5.133741497,13246.610,216.199615,6,B
226438,5.134648526,13248.129,288.294250,2,A
226478,5.135555556,13249.648,360.397156,7,B
226518,5.136462585,13251.169,432.508331,3,A
226558,5.137369615,13252.687,504.627777,8,B
226598,5.138276644,13254.204,576.755493,4,A
226638,5.139183673,13255.722,648.891418,9,B
226678,5.140090703,13257.239,1.035645,0,A
226718,5.140997732,13258.757,73.188118,5,B
226758,5.141904762,13260.272,145.348846,1,A
226798,5.142811791,13261.787,217.517822,6,B
226838,5.143718821,13263.303,289.695038,2,A
226877,5.144603175,13264.780,360.075775,7,B
226917,5.145510204,13266.295,432.269257,3,A
226957,5.146417234,13267.808,504.471008,8,B
226997,5.147324263,13269.321,576.680969,4,A
227037,5.148231293,13270.835,648.899231,9,B
227077,5.149138322,13272.348,1.125649,0,A
227117,5.150045351,13273.858,73.360321,5,B
227157,5.150952381,13275.370,145.603226,1,A
227196,5.151836735,13276.843,216.047974,6,B
227236,5.152743764,13278.354,288.307098,2,A
227276,5.153650794,13279.863,360.574463,7,B
227316,5.154557823,13281.372,432.850037,3,A
227356,5.155464853,13282.882,505.133850,8,B
227396,5.156371882,13284.391,577.425842,4,A
227436,5.157278912,13285.898,649.726074,9,B
227475,5.158163265,13287.368,0.226652,0,A
227515,5.159070295,13288.876,72.543068,5,B
227555,5.159977324,13290.383,144.867676,1,A
227595,5.160884354,13291.890,217.200500,6,B
227635,5.161791383,13293.394,289.541504,2,A
227674,5.162675737,13294.862,360.081879,7,B
227714,5.163582766,13296.367,432.439056,3,A
227754,5.164489796,13297.871,504.804443,8,B
227794,5.165396825,13299.374,577.177979,4,A
227834,5.166303855,13300.878,649.559753,9,B
227873,5.167188209,13302.344,0.139814,0,A
227913,5.168095238,13303.846,72.537712,5,B
227953,5.169002268,13305.348,144.943787,1,A
227993,5.169909297,13306.850,217.358032,6,B
228033,5.170816327,13308.350,289.780426,2,A
228072,5.171700680,13309.812,360.400146,7,B
228112,5.172607710,13311.313,432.838684,3,A
228152,5.173514739,13312.812,505.285400,8,B
228192,5.174421769,13314.312,577.740234,4,A
228231,5.175306122,13315.772,648.391602,9,B
228271,5.176213152,13317.271,0.862571,0,A
228311,5.177120181,13318.769,73.341690,5,B
228350,5.178004535,13320.229,144.016678,1,A
228390,5.178911565,13321.725,216.511887,6,B
228430,5.179818594,13323.221,289.015259,2,A
228470,5.180725624,13324.717,361.526733,7,B
228509,5.181609977,13326.175,432.233276,3,A
228549,5.182517007,13327.670,504.760864,8,B
228589,5.183424036,13329.163,577.296570,4,A
228628,5.184308390,13330.620,648.026672,9,B
228668,5.185215420,13332.113,0.578444,0,A
228708,5.186122449,13333.606,73.138321,5,B
228748,5.187029478,13335.098,145.706329,1,A
228787,5.187913832,13336.553,216.467957,6,B
228827,5.188820862,13338.044,289.052002,2,A
228867,5.189727891,13339.534,361.644135,7,B
228906,5.190612245,13340.988,432.429291,3,A
228946,5.191519274,13342.478,505.037476,8,B
228986,5.192426304,13343.967,577.653748,4,A
229025,5.193310658,13345.419,648.462402,9,B
229065,5.194217687,13346.907,1.094708,0,A
229105,5.195124717,13348.396,73.735092,5,B
229144,5.196009070,13349.846,144.567261,1,A
229184,5.196916100,13351.332,217.223633,6,B
229223,5.197800454,13352.781,288.071381,2,A
229263,5.198707483,13354.269,360.743713,7,B
229303,5.199614512,13355.754,433.424164,3,A
229342,5.200498866,13357.202,504.295349,8,B
229382,5.201405896,13358.687,576.991760,4,A
229422,5.202312925,13360.170,649.696228,9,B
229461,5.203197279,13361.617,0.590862,0,A
229501,5.204104308,13363.100,73.311279,5,B
229540,5.204988662,13364.545,144.221466,1,A
229580,5.205895692,13366.028,216.957809,6,B
229620,5.206802721,13367.509,289.702240,2,A
229659,5.207687075,13368.953,360.635803,7,B
229699,5.208594104,13370.435,433.396149,3,A
229738,5.209478458,13371.877,504.345245,8,B
229778,5.210385488,13373.356,577.121460,4,A
229817,5.211269841,13374.800,648.086060,9,B
229857,5.212176871,13376.277,0.878222,0,A
229897,5.213083900,13377.756,73.678413,5,B
229936,5.213968254,13379.197,144.666351,1,A
229976,5.214875283,13380.675,217.482422,6,B
230015,5.215759637,13382.115,288.485840,2,A
230055,5.216666667,13383.591,361.317780,7,B
230094,5.217551020,13385.030,432.336670,3,A
230134,5.218458050,13386.505,505.184509,8,B
230173,5.219342404,13387.942,576.218811,4,A
230213,5.220249433,13389.418,649.082520,9,B
230252,5.221133787,13390.854,0.132304,0,A
230292,5.222040816,13392.327,73.011810,5,B
230331,5.222925170,13393.764,144.077042,1,A
230371,5.223832200,13395.235,216.972382,6,B
230410,5.224716553,13396.672,288.053040,2,A
230450,5.225623583,13398.143,360.964203,7,B
230489,5.226507937,13399.577,432.060303,3,A
230529,5.227414966,13401.048,504.987274,8,B
230568,5.228299320,13402.480,576.098755,4,A
230608,5.229206349,13403.950,649.041504,9,B
230647,5.230090703,13405.382,0.168429,0,A
230687,5.230997732,13406.851,73.126984,5,B
230726,5.231882086,13408.281,144.269272,1,A
230766,5.232789116,13409.749,217.243607,6,B
230805,5.233673469,13411.180,288.401276,2,A
230845,5.234580499,13412.646,361.391357,7,B
230884,5.235464853,13414.075,432.564392,3,A
230924,5.236371882,13415.541,505.570251,8,B
230963,5.237256236,13416.969,576.758667,4,A
231003,5.238163265,13418.434,649.780273,9,B
231042,5.239047619,13419.861,0.983993,0,A
231081,5.239931973,13421.289,72.195305,5,B
231121,5.240839002,13422.751,145.240402,1,A
231160,5.241723356,13424.177,216.467056,6,B
231200,5.242630385,13425.640,289.527863,2,A
231239,5.243514739,13427.063,360.769836,7,B
231278,5.244399093,13428.489,432.019379,3,A
231318,5.245306122,13429.950,505.103638,8,B
231357,5.246190476,13431.373,576.368469,4,A
231397,5.247097506,13432.832,649.468445,9,B
231436,5.247981859,13434.255,0.748588,0,A
231475,5.248866213,13435.677,72.036263,5,B
231515,5.249773243,13437.135,145.159668,1,A
231554,5.250657596,13438.557,216.462616,6,B
231594,5.251564626,13440.014,289.601685,2,A
231633,5.252448980,13441.435,360.919891,7,B
231672,5.253333333,13442.854,432.245667,3,A
231712,5.254240363,13444.310,505.408112,8,B
231751,5.255124717,13445.728,576.749146,4,A
231790,5.256009070,13447.146,648.097656,9,B
231830,5.256916100,13448.601,1.283469,0,A
231869,5.257800454,13450.019,72.647247,5,B
231908,5.258684807,13451.435,144.018539,1,A
231948,5.259591837,13452.888,217.227676,6,B
231987,5.260476190,13454.303,288.614197,2,A
232026,5.261360544,13455.720,360.008240,7,B
232066,5.262267574,13457.170,433.240692,3,A
232105,5.263151927,13458.584,504.649933,8,B
232144,5.264036281,13459.998,576.066650,4,A
232184,5.264943311,13461.447,649.322388,9,B
232223,5.265827664,13462.860,0.754327,0,A
232262,5.266712018,13464.273,72.193756,5,B
232302,5.267619048,13465.722,145.472748,1,A
232341,5.268503401,13467.132,216.927353,6,B
232380,5.269387755,13468.543,288.389435,2,A
232420,5.270294785,13469.990,361.691681,7,B
232459,5.271179138,13471.400,433.168945,3,A
232498,5.272063492,13472.810,504.653656,8,B
232537,5.272947846,13474.218,576.145874,4,A
232577,5.273854875,13475.663,649.479004,9,B
232616,5.274739229,13477.072,0.986339,0,A
232655,5.275623583,13478.479,72.501160,5,B
232694,5.276507937,13479.886,144.023453,1,A
232734,5.277414966,13481.328,217.387390,6,B
232773,5.278299320,13482.734,288.924805,2,A
232812,5.279183673,13484.141,360.469666,7,B
232851,5.280068027,13485.545,432.021973,3,A
232891,5.280975057,13486.985,505.416718,8,B
232930,5.281859410,13488.390,576.984131,4,A
232969,5.282743764,13489.794,648.559021,9,B
233008,5.283628118,13491.196,0.141332,0,A
233048,5.284535147,13492.635,73.566826,5,B
233087,5.285419501,13494.037,145.164215,1,A
233126,5.286303855,13495.439,216.769043,6,B
233165,5.287188209,13496.841,288.381317,2,A
233204,5.288072562,13498.240,360.001007,7,B
233244,5.288979592,13499.677,433.464844,3,A
233283,5.289863946,13501.077,505.099579,8,B
233322,5.290748299,13502.476,576.741760,4,A
233361,5.291632653,13503.875,648.391357,9,B
233400,5.292517007,13505.272,0.048371,0,A
233440,5.293424036,13506.707,73.550453,5,B
233479,5.294308390,13508.104,145.222488,1,A
233518,5.295192744,13509.501,216.901947,6,B
233557,5.296077098,13510.896,288.588806,2,A
233596,5.296961451,13512.292,360.283081,7,B
233636,5.297868481,13513.724,433.823364,3,A
233675,5.298752834,13515.118,505.532623,8,B
233714,5.299637188,13516.513,577.249329,4,A
233753,5.300521542,13517.906,648.973389,9,B
233792,5.301405896,13519.300,0.704822,0,A
233831,5.302290249,13520.693,72.443672,5,B
233870,5.303174603,13522.085,144.189911,1,A
233910,5.304081633,13523.512,217.783463,6,B
233949,5.304965986,13524.903,289.544678,2,A
233988,5.305850340,13526.295,361.313232,7,B
234027,5.306734694,13527.685,433.089203,3,A
234066,5.307619048,13529.075,504.872528,8,B
234105,5.308503401,13530.464,576.663269,4,A
234144,5.309387755,13531.853,648.461304,9,B
234183,5.310272109,13533.241,0.266769,0,A
234222,5.311156463,13534.629,72.079582,5,B
234262,5.312063492,13536.052,145.741394,1,A
234301,5.312947846,13537.439,217.569122,6,B
234340,5.313832200,13538.825,289.404205,2,A
234379,5.314716553,13540.211,361.246643,7,B
234418,5.315600907,13541.597,433.096405,3,A
234457,5.316485261,13542.981,504.953552,8,B
234496,5.317369615,13544.364,576.818054,4,A
234535,5.318253968,13545.749,648.689880,9,B
234574,5.319138322,13547.133,0.569031,0,A
234613,5.320022676,13548.516,72.455536,5,B
234652,5.320907029,13549.897,144.349380,1,A
234691,5.321791383,13551.279,216.250565,6,B
234730,5.322675737,13552.661,288.159058,2,A
234769,5.323560091,13554.042,360.074921,7,B
234809,5.324467120,13555.458,433.842346,3,A
234848,5.325351474,13556.838,505.773010,8,B
234887,5.326235828,13558.218,577.710999,4,A
234926,5.327120181,13559.596,649.656311,9,B
234965,5.328004535,13560.974,1.608952,0,A
235004,5.328888889,13562.353,73.568893,5,B
235043,5.329773243,13563.729,145.536133,1,A
235082,5.330657596,13565.105,217.510696,6,B
235121,5.331541950,13566.482,289.492554,2,A
235160,5.332426304,13567.857,361.481720,7,B
235199,5.333310658,13569.232,433.478180,3,A
235238,5.334195011,13570.608,505.481934,8,B
235277,5.335079365,13571.982,577.492981,4,A
235316,5.335963719,13573.356,649.511353,9,B
235355,5.336848073,13574.730,1.536957,0,A
235394,5.337732426,13576.103,73.569870,5,B
235433,5.338616780,13577.476,145.610077,1,A
235472,5.339501134,13578.847,217.657547,6,B
235511,5.340385488,13580.219,289.712311,2,A
235550,5.341269841,13581.590,361.774353,7,B
235589,5.342154195,13582.960,433.843658,3,A
235627,5.343015873,13584.294,504.072021,8,B
235666,5.343900227,13585.663,576.155640,4,A
235705,5.344784580,13587.033,648.246582,9,B
235744,5.345668934,13588.401,0.344767,0,A
235783,5.346553288,13589.769,72.450211,5,B
235822,5.347437642,13591.137,144.562912,1,A
235861,5.348321995,13592.503,216.682861,6,B
235900,5.349206349,13593.869,288.810059,2,A
235939,5.350090703,13595.234,360.944519,7,B
235978,5.350975057,13596.601,433.086212,3,A
236017,5.351859410,13597.965,505.235138,8,B
236056,5.352743764,13599.328,577.391296,4,A
236095,5.353628118,13600.692,649.554749,9,B
236134,5.354512472,13602.057,1.725392,0,A
236172,5.355374150,13603.384,72.052467,5,B
236211,5.356258503,13604.746,144.237396,1,A
236250,5.357142857,13606.108,216.429550,6,B
236289,5.358027211,13607.469,288.628937,2,A
236328,5.358911565,13608.830,360.835541,7,B
236367,5.359795918,13610.190,433.049347,3,A
236406,5.360680272,13611.549,505.270386,8,B
236445,5.361564626,13612.909,577.498657,4,A
236484,5.362448980,13614.268,649.734070,9,B
236522,5.363310658,13615.592,0.124302,0,A
236561,5.364195011,13616.948,72.373993,5,B
236600,5.365079365,13618.306,144.630875,1,A
236639,5.365963719,13619.662,216.894974,6,B
236678,5.366848073,13621.019,289.166260,2,A
236717,5.367732426,13622.375,361.444733,7,B
236756,5.368616780,13623.729,433.730408,3,A
236794,5.369478458,13625.049,504.169525,8,B
236833,5.370362812,13626.404,576.469421,4,A
236872,5.371247166,13627.758,648.776428,9,B
236911,5.372131519,13629.110,1.090677,0,A
236950,5.373015873,13630.463,73.412086,5,B
236989,5.373900227,13631.815,145.740677,1,A
237027,5.374761905,13633.133,216.221573,6,B
237066,5.375646259,13634.482,288.564331,2,A
237105,5.376530612,13635.834,360.914246,7,B
237144,5.377414966,13637.185,433.271301,3,A
237183,5.378299320,13638.534,505.635559,8,B
237221,5.379160998,13639.848,576.151184,4,A
237260,5.380045351,13641.196,648.529541,9,B
237299,5.380929705,13642.544,0.915079,0,A
237338,5.381814059,13643.893,73.307755,5,B
237377,5.382698413,13645.239,145.707581,1,A
237415,5.383560091,13646.552,216.257874,6,B
237454,5.384444444,13647.896,288.671814,2,A
237493,5.385328798,13649.242,361.092865,7,B
237532,5.386213152,13650.587,433.521088,3,A
237570,5.387074830,13651.896,504.099030,8,B
237609,5.387959184,13653.241,576.541321,4,A
237648,5.388843537,13654.584,648.990723,9,B
237687,5.389727891,13655.927,1.447287,0,A
237725,5.390589569,13657.235,72.052826,5,B
237764,5.391473923,13658.576,144.523438,1,A
237803,5.392358277,13659.918,217.001175,6,B
237842,5.393242630,13661.260,289.486023,2,A
237880,5.394104308,13662.565,360.119110,7,B
237919,5.394988662,13663.904,432.618011,3,A
237958,5.395873016,13665.244,505.123993,8,B
237997,5.396757370,13666.583,577.637085,4,A
238035,5.397619048,13667.887,648.297729,9,B
238074,5.398503401,13669.224,0.824844,0,A
238113,5.399387755,13670.562,73.359062,5,B
238151,5.400249433,13671.863,144.040253,1,A
238190,5.401133787,13673.200,216.588470,6,B
238229,5.402018141,13674.536,289.143768,2,A
238268,5.402902494,13675.871,361.706177,7,B
238306,5.403764172,13677.172,432.414795,3,A
238345,5.404648526,13678.505,504.991180,8,B
238384,5.405532880,13679.839,577.574646,4,A
238422,5.406394558,13681.138,648.303772,9,B
238461,5.407278912,13682.471,0.901193,0,A
238500,5.408163265,13683.803,73.505684,5,B
238538,5.409024943,13685.100,144.255310,1,A
238577,5.409909297,13686.431,216.873749,6,B
238616,5.410793651,13687.762,289.499237,2,A
238654,5.411655329,13689.058,360.269348,7,B
238693,5.412539683,13690.387,432.908783,3,A
238732,5.413424036,13691.716,505.555267,8,B
238770,5.414285714,13693.010,576.345764,4,A
238809,5.415170068,13694.338,649.006165,9,B
238848,5.416054422,13695.665,1.673641,0,A
238886,5.416916100,13696.958,72.484589,5,B
238925,5.417800454,13698.284,145.165939,1,A
238964,5.418684807,13699.610,217.854324,6,B
239002,5.419546485,13700.901,288.685669,2,A
239041,5.420430839,13702.227,361.387939,7,B
239079,5.421292517,13703.517,432.232788,3,A
239118,5.422176871,13704.840,504.948944,8,B
239157,5.423061224,13706.164,577.672119,4,A
239195,5.423922902,13707.452,648.537292,9,B
239234,5.424807256,13708.774,1.274326,0,A
239272,5.425668934,13710.062,72.153038,5,B
239311,5.426553288,13711.383,144.903900,1,A
239350,5.427437642,13712.703,217.661774,6,B
239388,5.428299320,13713.990,288.560791,2,A
239427,5.429183673,13715.310,361.332489,7,B
239465,5.430045351,13716.595,432.244995,3,A
239504,5.430929705,13717.913,505.030518,8,B
239543,5.431814059,13719.231,577.823059,4,A
239581,5.432675737,13720.515,648.755798,9,B
239620,5.433560091,13721.832,1.562113,0,A
239658,5.434421769,13723.114,72.508324,5,B
239697,5.435306122,13724.431,145.328430,1,A
239735,5.436167800,13725.712,216.288071,6,B
239774,5.437052154,13727.027,289.121948,2,A
239812,5.437913832,13728.308,360.095032,7,B
239851,5.438798186,13729.622,432.942688,3,A
239890,5.439682540,13730.936,505.797302,8,B
239928,5.440544218,13732.214,576.790588,4,A
239967,5.441428571,13733.526,649.658936,9,B
240005,5.442290249,13734.805,0.665600,0,A
240044,5.443174603,13736.115,73.547722,5,B
240082,5.444036281,13737.393,144.567764,1,A
240121,5.444920635,13738.702,217.463608,6,B
240159,5.445782313,13739.979,288.497040,2,A
240198,5.446666667,13741.287,361.406586,7,B
240236,5.447528345,13742.563,432.453369,3,A
240275,5.448412698,13743.871,505.376648,8,B
240313,5.449274376,13745.145,576.436768,4,A
240352,5.450158730,13746.452,649.373779,9,B
240390,5.451020408,13747.725,0.447225,0,A
240429,5.451904762,13749.031,73.397888,5,B
240467,5.452766440,13750.303,144.484695,1,A
240506,5.453650794,13751.607,217.449036,6,B
240544,5.454512472,13752.878,288.549133,2,A
240583,5.455396825,13754.182,361.527161,7,B
240621,5.456258503,13755.452,432.640564,3,A
240660,5.457142857,13756.755,505.632233,8,B
240698,5.458004535,13758.024,576.758972,4,A
240737,5.458888889,13759.326,649.764282,9,B
240775,5.459750567,13760.593,0.904273,0,A
240813,5.460612245,13761.860,72.050835,5,B
240852,5.461496599,13763.161,145.076492,1,A
240890,5.462358277,13764.427,216.236328,6,B
240929,5.463242630,13765.726,289.275604,2,A
240967,5.464104308,13766.991,360.448700,7,B
241006,5.464988662,13768.289,433.501556,3,A
241044,5.465850340,13769.554,504.687897,8,B
241083,5.466734694,13770.851,577.754395,4,A
241121,5.467596372,13772.113,648.953979,9,B
241159,5.468458050,13773.376,0.160074,0,A
241198,5.469342404,13774.670,73.246819,5,B
241236,5.470204082,13775.933,144.466156,1,A
241275,5.471088435,13777.228,217.566467,6,B
241313,5.471950113,13778.488,288.799011,2,A
241351,5.472811791,13779.748,360.038086,7,B
241390,5.473696145,13781.041,433.158630,3,A
241428,5.474557823,13782.301,504.410889,8,B
241467,5.475442177,13783.592,577.544983,4,A
241505,5.476303855,13784.850,648.810425,9,B
241543,5.477165533,13786.106,0.082351,0,A
241582,5.478049887,13787.396,73.236633,5,B
241620,5.478911565,13788.652,144.521744,1,A
241659,5.479795918,13789.941,217.689529,6,B
241697,5.480657596,13791.197,288.987793,2,A
241735,5.481519274,13792.452,360.292572,7,B
241774,5.482403628,13793.740,433.480499,3,A
241812,5.483265306,13794.994,504.798401,8,B
241850,5.484126984,13796.247,576.122803,4,A
241889,5.485011338,13797.532,649.330872,9,B
241927,5.485873016,13798.785,0.668368,0,A
241965,5.486734694,13800.037,72.012344,5,B
242004,5.487619048,13801.320,145.240524,1,A
242042,5.488480726,13802.571,216.597610,6,B
242081,5.489365079,13803.854,289.839233,2,A
242119,5.490226757,13805.104,361.209412,7,B
242157,5.491088435,13806.354,432.586060,3,A
242196,5.491972789,13807.636,505.847748,8,B
242234,5.492834467,13808.884,577.237488,4,A
242272,5.493696145,13810.131,648.633667,9,B
242310,5.494557823,13811.377,0.036278,0,A
242349,5.495442177,13812.657,73.324623,5,B
242387,5.496303855,13813.902,144.740311,1,A
242425,5.497165533,13815.149,216.162430,6,B
242464,5.498049887,13816.427,289.470764,2,A
242502,5.498911565,13817.670,360.905945,7,B
242540,5.499773243,13818.914,432.347534,3,A
242579,5.500657596,13820.190,505.675873,8,B
242617,5.501519274,13821.434,577.130493,4,A
242655,5.502380952,13822.677,648.591553,9,B
242693,5.503242630,13823.918,0.059008,0,A
242732,5.504126984,13825.192,73.413872,5,B
242770,5.504988662,13826.433,144.894348,1,A
242808,5.505850340,13827.673,216.381241,6,B
242847,5.506734694,13828.945,289.756012,2,A
242885,5.507596372,13830.185,361.255890,7,B
242923,5.508458050,13831.423,432.762177,3,A
242961,5.509319728,13832.661,504.274872,8,B
243000,5.510204082,13833.932,577.676086,4,A
243038,5.511065760,13835.169,649.201782,9,B
243076,5.511927438,13836.405,0.733809,0,A
243114,5.512789116,13837.641,72.272247,5,B
243153,5.513673469,13838.908,145.699921,1,A
243191,5.514535147,13840.145,217.251297,6,B
243229,5.515396825,13841.379,288.809052,2,A
243267,5.516258503,13842.612,360.373199,7,B
243306,5.517142857,13843.878,433.827240,3,A
243344,5.518004535,13845.111,505.404297,8,B
243382,5.518866213,13846.344,576.987732,4,A
243420,5.519727891,13847.576,648.577576,9,B
243458,5.520589569,13848.807,0.173728,0,A
243497,5.521473923,13850.071,73.660629,5,B
243535,5.522335601,13851.301,145.269699,1,A
243573,5.523197279,13852.530,216.885132,6,B
243611,5.524058957,13853.759,288.506897,2,A
243649,5.524920635,13854.987,360.135040,7,B
243688,5.525804989,13856.248,433.654755,3,A
243726,5.526666667,13857.477,505.295746,8,B
243764,5.527528345,13858.703,576.943115,4,A
243802,5.528390023,13859.930,648.596802,9,B
243840,5.529251701,13861.156,0.256821,0,A
243879,5.530136054,13862.414,73.809235,5,B
243917,5.530997732,13863.638,145.482101,1,A
243955,5.531859410,13864.863,217.161301,6,B
243993,5.532721088,13866.087,288.846832,2,A
244031,5.533582766,13867.310,360.538696,7,B
244069,5.534444444,13868.533,432.236877,3,A
244108,5.535328798,13869.788,505.828430,8,B
244146,5.536190476,13871.010,577.539429,4,A
244184,5.537052154,13872.230,649.256714,9,B
244222,5.537913832,13873.451,0.980326,0,A
244260,5.538775510,13874.672,72.710251,5,B
244298,5.539637188,13875.891,144.446487,1,A
244336,5.540498866,13877.110,216.189011,6,B
244375,5.541383220,13878.360,289.826080,2,A
244413,5.542244898,13879.579,361.581360,7,B
244451,5.543106576,13880.797,433.342957,3,A
244489,5.543968254,13882.014,505.110870,8,B
244527,5.544829932,13883.229,576.885010,4,A
244565,5.545691610,13884.445,648.665527,9,B
244603,5.546553288,13885.661,0.452261,0,A
244641,5.547414966,13886.876,72.245300,5,B
244679,5.548276644,13888.091,144.044617,1,A
244718,5.549160998,13889.337,217.739914,6,B
244756,5.550022676,13890.550,289.551941,2,A
244794,5.550884354,13891.763,361.370239,7,B
244832,5.551746032,13892.975,433.194824,3,A
244870,5.552607710,13894.186,505.025665,8,B
244908,5.553469388,13895.396,576.862732,4,A
244946,5.554331066,13896.608,648.706116,9,B
244984,5.555192744,13897.817,0.555735,0,A
245022,5.556054422,13899.027,72.411606,5,B
245060,5.556916100,13900.237,144.273727,1,A
245098,5.557777778,13901.444,216.142105,6,B
245136,5.558639456,13902.653,288.016724,2,A
245175,5.559523810,13903.892,361.789276,7,B
245213,5.560385488,13905.099,433.676544,3,A
245251,5.561247166,13906.306,505.570038,8,B
245289,5.562108844,13907.512,577.469788,4,A
245327,5.562970522,13908.717,649.375793,9,B
245365,5.563832200,13909.921,1.287970,0,A
245403,5.564693878,13911.124,73.206398,5,B
245441,5.565555556,13912.328,145.131058,1,A
245479,5.566417234,13913.531,217.061935,6,B
245517,5.567278912,13914.734,288.999023,2,A
245555,5.568140590,13915.937,360.942352,7,B
245593,5.569002268,13917.138,432.891876,3,A
245631,5.569863946,13918.339,504.847595,8,B
245669,5.570725624,13919.539,576.809509,4,A
245707,5.571587302,13920.738,648.777710,9,B
245745,5.572448980,13921.938,0.752035,0,A
245783,5.573310658,13923.137,72.732582,5,B
245821,5.574172336,13924.336,144.719330,1,A
245859,5.575034014,13925.533,216.712265,6,B
245897,5.575895692,13926.729,288.711395,2,A
245935,5.576757370,13927.927,360.716705,7,B
245973,5.577619048,13929.123,432.728210,3,A
246011,5.578480726,13930.319,504.745911,8,B
246049,5.579342404,13931.514,576.769775,4,A
246087,5.580204082,13932.708,648.799805,9,B
246125,5.581065760,13933.901,0.836016,0,A
246163,5.581927438,13935.095,72.878403,5,B
246201,5.582789116,13936.287,144.926956,1,A
246239,5.583650794,13937.479,216.981674,6,B
246277,5.584512472,13938.672,289.042572,2,A
246315,5.585374150,13939.863,361.109589,7,B
246353,5.586235828,13941.055,433.182800,3,A
246391,5.587097506,13942.244,505.262146,8,B
246429,5.587959184,13943.434,577.347656,4,A
246467,5.588820862,13944.623,649.439331,9,B
246505,5.589682540,13945.812,1.537125,0,A
246543,5.590544218,13946.999,73.641068,5,B
246581,5.591405896,13948.187,145.751160,1,A
246619,5.592267574,13949.373,217.867386,6,B
246656,5.593106576,13950.529,288.091705,2,A
246694,5.593968254,13951.715,360.220032,7,B
246732,5.594829932,13952.900,432.354492,3,A
246770,5.595691610,13954.085,504.495087,8,B
246808,5.596553288,13955.269,576.641785,4,A
246846,5.597414966,13956.452,648.794617,9,B
246884,5.598276644,13957.635,0.953557,0,A
246922,5.599138322,13958.817,73.118622,5,B
246960,5.600000000,13960.000,145.289795,1,A
246998,5.600861678,13961.182,217.467072,6,B
247036,5.601723356,13962.362,289.650482,2,A
247074,5.602585034,13963.543,361.839966,7,B
247111,5.603424036,13964.691,432.135590,3,A
247149,5.604285714,13965.871,504.337128,8,B
247187,5.605147392,13967.050,576.544739,4,A
247225,5.606009070,13968.228,648.758484,9,B
247263,5.606870748,13969.405,0.978298,0,A
247301,5.607732426,13970.582,73.204193,5,B
247339,5.608594104,13971.759,145.436172,1,A
247377,5.609455782,13972.935,217.674240,6,B
247414,5.610294785,13974.079,288.017151,2,A
247452,5.611156463,13975.255,360.267212,7,B
247490,5.612018141,13976.429,432.523346,3,A
247528,5.612879819,13977.603,504.785553,8,B
247566,5.613741497,13978.775,577.053833,4,A
247604,5.614603175,13979.949,649.328125,9,B
247642,5.615464853,13981.120,1.608545,0,A
247680,5.616326531,13982.292,73.894997,5,B
247717,5.617165533,13983.433,144.285004,1,A
247755,5.618027211,13984.603,216.583405,6,B
247793,5.618888889,13985.773,288.887848,2,A
247831,5.619750567,13986.942,361.198364,7,B
247869,5.620612245,13988.111,433.514893,3,A
247907,5.621473923,13989.280,505.837494,8,B
247944,5.622312925,13990.417,576.262634,4,A
247982,5.623174603,13991.585,648.597168,9,B
248020,5.624036281,13992.751,0.937704,0,A
248058,5.624897959,13993.917,73.284271,5,B
248096,5.625759637,13995.082,145.636871,1,A
248133,5.626598639,13996.217,216.091232,6,B
248171,5.627460317,13997.382,288.455719,2,A
248209,5.628321995,13998.546,360.826233,7,B
248247,5.629183673,13999.710,433.202759,3,A
248285,5.630045351,14000.872,505.585266,8,B
248322,5.630884354,14002.004,576.068787,4,A
248360,5.631746032,14003.165,648.463196,9,B
248398,5.632607710,14004.326,0.863576,0,A
248436,5.633469388,14005.487,73.269974,5,B
248474,5.634331066,14006.647,145.682373,1,A
248511,5.635170068,14007.776,216.194946,6,B
248549,5.636031746,14008.936,288.619171,2,A
248587,5.636893424,14010.094,361.049408,7,B
248625,5.637755102,14011.251,433.485626,3,A
248662,5.638594104,14012.379,504.021362,8,B
248700,5.639455782,14013.535,576.469360,4,A
248738,5.640317460,14014.691,648.923401,9,B
248776,5.641179138,14015.848,1.383350,0,A
248814,5.642040816,14017.002,73.849297,5,B
248851,5.642879819,14018.127,144.413986,1,A
248889,5.643741497,14019.280,216.891708,6,B
248927,5.644603175,14020.434,289.375397,2,A
248965,5.645464853,14021.587,361.865082,7,B
249002,5.646303855,14022.709,432.452820,3,A
249040,5.647165533,14023.860,504.954254,8,B
249078,5.648027211,14025.013,577.461609,4,A
249115,5.648866213,14026.133,648.066589,9,B
249153,5.649727891,14027.282,0.585723,0,A
249191,5.650589569,14028.433,73.110779,5,B
249229,5.651451247,14029.581,145.641785,1,A
249266,5.652290249,14030.699,216.269775,6,B
249304,5.653151927,14031.848,288.812500,2,A
249342,5.654013605,14032.995,361.361145,7,B
249379,5.654852608,14034.111,432.006317,3,A
249417,5.655714286,14035.258,504.566650,8,B
249455,5.656575964,14036.403,577.132935,4,A
249493,5.657437642,14037.550,649.705139,9,B
249530,5.658276644,14038.663,0.373234,0,A
249568,5.659138322,14039.807,72.957115,5,B
249606,5.660000000,14040.950,145.546906,1,A
249643,5.660839002,14042.063,216.232117,6,B
249681,5.661700680,14043.207,288.833588,2,A
249719,5.662562358,14044.348,361.440918,7,B
249756,5.663401361,14045.458,432.143250,3,A
249794,5.664263039,14046.600,504.762238,8,B
249832,5.665124717,14047.740,577.387146,4,A
249869,5.665963719,14048.850,648.106506,9,B
249907,5.666825397,14049.988,0.743058,0,A
249945,5.667687075,14051.127,73.385475,5,B
249982,5.668526077,14052.235,144.121902,1,A
250020,5.669387755,14053.372,216.775925,6,B
250058,5.670249433,14054.509,289.435852,2,A
250095,5.671088435,14055.615,360.189301,7,B
250133,5.671950113,14056.751,432.860779,3,A
250171,5.672811791,14057.887,505.538147,8,B
250208,5.673650794,14058.991,576.308594,4,A
250246,5.674512472,14060.125,648.997559,9,B
250284,5.675374150,14061.258,1.692362,0,A
250321,5.676213152,14062.361,72.479782,5,B
250359,5.677074830,14063.494,145.186157,1,A
250397,5.677936508,14064.626,217.898376,6,B
250434,5.678775510,14065.727,288.702728,2,A
250472,5.679637188,14066.856,361.426514,7,B
250509,5.680476190,14067.959,432.242096,3,A
250547,5.681337868,14069.087,504.977386,8,B
250585,5.682199546,14070.217,577.718506,4,A
250622,5.683038549,14071.315,648.551025,9,B
250660,5.683900227,14072.443,1.303677,0,A
250697,5.684739229,14073.541,72.147385,5,B
250735,5.685600907,14074.667,144.911530,1,A
250773,5.686462585,14075.793,217.681503,6,B
250810,5.687301587,14076.890,288.542084,2,A
250848,5.688163265,14078.015,361.323547,7,B
250885,5.689002268,14079.108,432.195282,3,A
250923,5.689863946,14080.233,504.988220,8,B
250961,5.690725624,14081.355,577.786987,4,A
250998,5.691564626,14082.449,648.675537,9,B
251036,5.692426304,14083.572,1.485730,0,A
251073,5.693265306,14084.665,72.385445,5,B
251111,5.694126984,14085.785,145.207092,1,A
251148,5.694965986,14086.877,216.117950,6,B
251186,5.695827664,14087.996,288.951019,2,A
251224,5.696689342,14089.115,361.789886,7,B
251261,5.697528345,14090.204,432.717499,3,A
251299,5.698390023,14091.323,505.567810,8,B
251336,5.699229025,14092.412,576.506531,4,A
251374,5.700090703,14093.529,649.368225,9,B
251411,5.700929705,14094.615,0.318039,0,A
251449,5.701791383,14095.732,73.191124,5,B
251486,5.702630385,14096.818,144.152039,1,A
251524,5.703492063,14097.933,217.036499,6,B
251561,5.704331066,14099.018,288.008484,2,A
251599,5.705192744,14100.132,360.904327,7,B
251637,5.706054422,14101.245,433.805939,3,A
251674,5.706893424,14102.328,504.794586,8,B
251712,5.707755102,14103.440,577.707520,4,A
251749,5.708594104,14104.522,648.707214,9,B
251787,5.709455782,14105.634,1.631524,0,A
251824,5.710294785,14106.715,72.642265,5,B
251862,5.711156463,14107.824,145.577881,1,A
251899,5.711995465,14108.904,216.599655,6,B
251937,5.712857143,14110.014,289.546600,2,A
251974,5.713696145,14111.092,360.579376,7,B
252012,5.714557823,14112.199,433.537628,3,A
252049,5.715396825,14113.277,504.581421,8,B
252087,5.716258503,14114.384,577.550964,4,A
252124,5.717097506,14115.461,648.605713,9,B
252162,5.717959184,14116.566,1.586557,0,A
252199,5.718798186,14117.641,72.652321,5,B
252237,5.719659864,14118.745,145.644409,1,A
252274,5.720498866,14119.819,216.721146,6,B
252312,5.721360544,14120.922,289.724487,2,A
252349,5.722199546,14121.996,360.812195,7,B
252387,5.723061224,14123.098,433.826813,3,A
252424,5.723900227,14124.170,504.925446,8,B
252461,5.724739229,14125.242,576.029480,4,A
252499,5.725600907,14126.342,649.060852,9,B
252536,5.726439909,14127.413,0.175818,0,A
252574,5.727301587,14128.512,73.218422,5,B
252611,5.728140590,14129.581,144.344299,1,A
252649,5.729002268,14130.680,217.398117,6,B
252686,5.729841270,14131.747,288.534912,2,A
252724,5.730702948,14132.844,361.599915,7,B
252761,5.731541950,14133.912,432.747589,3,A
252799,5.732403628,14135.007,505.823792,8,B
252836,5.733242630,14136.073,576.982361,4,A
252873,5.734081633,14137.139,648.146301,9,B
252911,5.734943311,14138.232,1.239171,0,A
252948,5.735782313,14139.297,72.413979,5,B
252986,5.736643991,14140.390,145.518005,1,A
253023,5.737482993,14141.453,216.703674,6,B
253061,5.738344671,14142.545,289.818848,2,A
253098,5.739183673,14143.607,361.015350,7,B
253135,5.740022676,14144.668,432.217194,3,A
253173,5.740884354,14145.759,505.348999,8,B
253210,5.741723356,14146.819,576.561646,4,A
253248,5.742585034,14147.908,649.704590,9,B
253285,5.743424036,14148.967,0.928081,0,A
253322,5.744263039,14150.027,72.156914,5,B
253360,5.745124717,14151.113,145.316391,1,A
253397,5.745963719,14152.171,216.556030,6,B
253435,5.746825397,14153.257,289.726593,2,A
253472,5.747664399,14154.313,360.977020,7,B
253509,5.748503401,14155.369,432.232758,3,A
253547,5.749365079,14156.453,505.419861,8,B
253584,5.750204082,14157.509,576.686340,4,A
253622,5.751065760,14158.592,649.884521,9,B
253659,5.751904762,14159.646,1.161784,0,A
253696,5.752743764,14160.699,72.444359,5,B
253734,5.753605442,14161.780,145.658997,1,A
253771,5.754444444,14162.832,216.952316,6,B
253808,5.755283447,14163.884,288.250916,2,A
253846,5.756145125,14164.964,361.482025,7,B
253883,5.756984127,14166.015,432.791382,3,A
253920,5.757823129,14167.063,504.105988,8,B
253958,5.758684807,14168.142,577.353516,4,A
253995,5.759523810,14169.191,648.678833,9,B
254032,5.760362812,14170.238,0.009472,0,A
254070,5.761224490,14171.314,73.273430,5,B
254107,5.762063492,14172.362,144.614731,1,A
254145,5.762925170,14173.437,217.889648,6,B
254182,5.763764172,14174.483,289.241638,2,A
254219,5.764603175,14175.529,360.598877,7,B
254257,5.765464853,14176.602,433.890167,3,A
254294,5.766303855,14177.646,505.258087,8,B
254331,5.767142857,14178.689,576.631226,4,A
254368,5.767981859,14179.732,648.009644,9,B
254406,5.768843537,14180.805,1.322676,0,A
254443,5.769682540,14181.846,72.711731,5,B
254480,5.770521542,14182.888,144.106033,1,A
254518,5.771383220,14183.957,217.435364,6,B
254555,5.772222222,14184.996,288.840271,2,A
254592,5.773061224,14186.037,360.250427,7,B
254630,5.773922902,14187.104,433.596039,3,A
254667,5.774761905,14188.143,505.016815,8,B
254704,5.775600907,14189.180,576.442810,4,A
254742,5.776462585,14190.247,649.804626,9,B
254779,5.777301587,14191.283,1.241223,0,A
254816,5.778140590,14192.319,72.683014,5,B
254853,5.778979592,14193.356,144.130020,1,A
254891,5.779841270,14194.419,217.513458,6,B
254928,5.780680272,14195.453,288.971039,2,A
254965,5.781519274,14196.489,360.433807,7,B
255003,5.782380952,14197.550,433.833435,3,A
255040,5.783219955,14198.583,505.306763,8,B
255077,5.784058957,14199.615,576.785278,4,A
255114,5.784897959,14200.647,648.269043,9,B
255152,5.785759637,14201.706,1.690151,0,A
255189,5.786598639,14202.737,73.184402,5,B
255226,5.787437642,14203.768,144.683838,1,A
255263,5.788276644,14204.797,216.188461,6,B
255301,5.789138322,14205.854,289.631012,2,A
255338,5.789977324,14206.884,361.146149,7,B
255375,5.790816327,14207.910,432.666443,3,A
255412,5.791655329,14208.938,504.191925,8,B
255450,5.792517007,14209.992,577.655884,4,A
255487,5.793356009,14211.019,649.191833,9,B
255524,5.794195011,14212.044,0.732949,0,A
255561,5.795034014,14213.069,72.279221,5,B
255599,5.795895692,14214.122,145.764557,1,A
255636,5.796734694,14215.146,217.321274,6,B
255673,5.797573696,14216.169,288.883148,2,A
255710,5.798412698,14217.192,360.450195,7,B
255747,5.799251701,14218.214,432.022369,3,A
255785,5.800113379,14219.264,505.534302,8,B
255822,5.800952381,14220.285,577.116882,4,A
255859,5.801791383,14221.306,648.704651,9,B
255896,5.802630385,14222.325,0.297521,0,A
255934,5.803492063,14223.371,73.830688,5,B
255971,5.804331066,14224.392,145.433975,1,A
256008,5.805170068,14225.408,217.042374,6,B
256045,5.806009070,14226.428,288.655914,2,A
256082,5.806848073,14227.444,360.274567,7,B
256120,5.807709751,14228.488,433.834198,3,A
256157,5.808548753,14229.504,505.463226,8,B
256194,5.809387755,14230.520,577.097351,4,A
256231,5.810226757,14231.534,648.736633,9,B
256268,5.811065760,14232.549,0.380972,0,A
256305,5.811904762,14233.562,72.030434,5,B
256343,5.812766440,14234.604,145.621674,1,A
256380,5.813605442,14235.615,217.281479,6,B
256417,5.814444444,14236.627,288.946381,2,A
256454,5.815283447,14237.639,360.616364,7,B
256491,5.816122449,14238.649,432.291443,3,A
256529,5.816984127,14239.688,505.908997,8,B
256566,5.817823129,14240.697,577.594360,4,A
256603,5.818662132,14241.706,649.284851,9,B
256640,5.819501134,14242.714,0.980398,0,A
256677,5.820340136,14243.723,72.681023,5,B
256714,5.821179138,14244.729,144.386719,1,A
256751,5.822018141,14245.736,216.097488,6,B
256789,5.822879819,14246.771,289.751648,2,A
256826,5.823718821,14247.776,361.472687,7,B
256863,5.824557823,14248.781,433.198792,3,A
256900,5.825396825,14249.785,504.929932,8,B
256937,5.826235828,14250.789,576.666138,4,A
256974,5.827074830,14251.793,648.407410,9,B
257011,5.827913832,14252.796,0.153717,0,A
257049,5.828775510,14253.824,73.844368,5,B
257086,5.829614512,14254.826,145.600906,1,A
257123,5.830453515,14255.827,217.362488,6,B
257160,5.831292517,14256.828,289.129089,2,A
257197,5.832131519,14257.827,360.900757,7,B
257234,5.832970522,14258.827,432.677429,3,A
257271,5.833809524,14259.826,504.459137,8,B
257308,5.834648526,14260.824,576.245911,4,A
257345,5.835487528,14261.821,648.037659,9,B
257383,5.836349206,14262.846,1.774957,0,A
257420,5.837188209,14263.843,73.576897,5,B
257457,5.838027211,14264.838,145.383850,1,A
257494,5.838866213,14265.834,217.195801,6,B
257531,5.839705215,14266.828,289.012787,2,A
257568,5.840544218,14267.822,360.834747,7,B
257605,5.841383220,14268.816,432.661743,3,A
257642,5.842222222,14269.810,504.493713,8,B
257679,5.843061224,14270.802,576.330688,4,A
257716,5.843900227,14271.793,648.172668,9,B
257753,5.844739229,14272.785,0.019634,0,A
257791,5.845600907,14273.802,73.813599,5,B
257828,5.846439909,14274.792,145.670670,1,A
257865,5.847278912,14275.782,217.532730,6,B
257902,5.848117914,14276.771,289.399750,2,A
257939,5.848956916,14277.759,361.271790,7,B
257976,5.849795918,14278.746,433.148773,3,A
258013,5.850634921,14279.734,505.030731,8,B
258050,5.851473923,14280.721,576.917664,4,A
258087,5.852312925,14281.707,648.809509,9,B
258124,5.853151927,14282.692,0.706390,0,A
258161,5.853990930,14283.678,72.608200,5,B
258198,5.854829932,14284.661,144.514969,1,A
258235,5.855668934,14285.645,216.426697,6,B
258272,5.856507937,14286.628,288.343353,2,A
258309,5.857346939,14287.610,360.264984,7,B
258346,5.858185941,14288.593,432.191559,3,A
258383,5.859024943,14289.574,504.123047,8,B
258420,5.859863946,14290.555,576.059509,4,A
258457,5.860702948,14291.535,648.000916,9,B
258495,5.861564626,14292.542,1.891768,0,A
258532,5.862403628,14293.521,73.843147,5,B
258569,5.863242630,14294.499,145.799454,1,A
258606,5.864081633,14295.478,217.760681,6,B
258643,5.864920635,14296.454,289.726837,2,A
258680,5.865759637,14297.431,361.697906,7,B
258717,5.866598639,14298.407,433.673889,3,A
258754,5.867437642,14299.383,505.654785,8,B
258791,5.868276644,14300.357,577.640564,4,A
258828,5.869115646,14301.332,649.631287,9,B
258865,5.869954649,14302.306,1.626925,0,A
258902,5.870793651,14303.279,73.627441,5,B
258939,5.871632653,14304.252,145.632858,1,A
258976,5.872471655,14305.224,217.643173,6,B
259013,5.873310658,14306.194,289.658386,2,A
259050,5.874149660,14307.166,361.678467,7,B
259087,5.874988662,14308.136,433.703430,3,A
259124,5.875827664,14309.107,505.733307,8,B
259161,5.876666667,14310.075,577.768066,4,A
259198,5.877505669,14311.044,649.807678,9,B
259235,5.878344671,14312.012,1.852154,0,A
259272,5.879183673,14312.979,73.901520,5,B
259308,5.880000000,14313.921,144.008270,1,A
259345,5.880839002,14314.887,216.067245,6,B
259382,5.881678005,14315.852,288.131073,2,A
259419,5.882517007,14316.816,360.199768,7,B
259456,5.883356009,14317.782,432.273315,3,A
259493,5.884195011,14318.745,504.351715,8,B
259530,5.885034014,14319.708,576.434937,4,A
259567,5.885873016,14320.671,648.523071,9,B
259604,5.886712018,14321.634,0.615988,0,A
259641,5.887551020,14322.595,72.713768,5,B
259678,5.888390023,14323.556,144.816391,1,A
259715,5.889229025,14324.517,216.923859,6,B
259752,5.890068027,14325.477,289.036133,2,A
259789,5.890907029,14326.435,361.153259,7,B
259826,5.891746032,14327.394,433.275208,3,A
259863,5.892585034,14328.352,505.401978,8,B
259900,5.893424036,14329.310,577.533569,4,A
259937,5.894263039,14330.267,649.669983,9,B
259974,5.895102041,14331.223,1.811218,0,A
260010,5.895918367,14332.152,72.007301,5,B
260047,5.896757370,14333.108,144.158020,1,A
260084,5.897596372,14334.062,216.313538,6,B
260121,5.898435374,14335.016,288.473877,2,A
260158,5.899274376,14335.969,360.639008,7,B
260195,5.900113379,14336.922,432.808929,3,A
260232,5.900952381,14337.873,504.983643,8,B
260269,5.901791383,14338.825,577.163147,4,A
260306,5.902630385,14339.776,649.347473,9,B
260343,5.903469388,14340.727,1.536548,0,A
260380,5.904308390,14341.676,73.730415,5,B
260417,5.905147392,14342.626,145.929062,1,A
260453,5.905963719,14343.549,216.180984,6,B
260490,5.906802721,14344.497,288.389038,2,A
260527,5.907641723,14345.443,360.601898,7,B
260564,5.908480726,14346.391,432.819489,3,A
260601,5.909319728,14347.338,505.041870,8,B
260638,5.910158730,14348.283,577.268982,4,A
260675,5.910997732,14349.228,649.500916,9,B
260712,5.911836735,14350.172,1.737547,0,A
260748,5.912653061,14351.090,72.026413,5,B
260785,5.913492063,14352.034,144.272446,1,A
260822,5.914331066,14352.977,216.523209,6,B
260859,5.915170068,14353.918,288.778717,2,A
260896,5.916009070,14354.859,361.038971,7,B
260933,5.916848073,14355.802,433.303955,3,A
260970,5.917687075,14356.740,505.573700,8,B
261007,5.918526077,14357.682,577.848145,4,A
261043,5.919342404,14358.595,648.173767,9,B
261080,5.920181406,14359.533,0.457577,0,A
261117,5.921020408,14360.472,72.746086,5,B
261154,5.921859410,14361.408,145.039322,1,A
261191,5.922698413,14362.346,217.337265,6,B
261228,5.923537415,14363.281,289.639923,2,A
261265,5.924376417,14364.217,361.947296,7,B
261301,5.925192744,14365.127,432.304932,3,A
261338,5.926031746,14366.061,504.621582,8,B
261375,5.926870748,14366.994,576.942932,4,A
261412,5.927709751,14367.928,649.268982,9,B
261449,5.928548753,14368.860,1.599759,0,A
261486,5.929387755,14369.792,73.935204,5,B
261522,5.930204082,14370.698,144.320145,1,A
261559,5.931043084,14371.629,216.664841,6,B
261596,5.931882086,14372.560,289.014221,2,A
261633,5.932721088,14373.489,361.368286,7,B
261670,5.933560091,14374.418,433.727020,3,A
261706,5.934376417,14375.320,504.134613,8,B
261743,5.935215420,14376.249,576.502563,4,A
261780,5.936054422,14377.176,648.875183,9,B
261817,5.936893424,14378.103,1.252502,0,A
261854,5.937732426,14379.029,73.634460,5,B
261890,5.938548753,14379.929,144.064621,1,A
261927,5.939387755,14380.854,216.455780,6,B
261964,5.940226757,14381.777,288.851593,2,A
262001,5.941065760,14382.702,361.252045,7,B
262038,5.941904762,14383.625,433.657135,3,A
262074,5.942721088,14384.521,504.109802,8,B
262111,5.943560091,14385.444,576.524048,4,A
262148,5.944399093,14386.365,648.942993,9,B
262185,5.945238095,14387.286,1.366516,0,A
262222,5.946077098,14388.206,73.794693,5,B
262258,5.946893424,14389.101,144.269791,1,A
262295,5.947732426,14390.021,216.707092,6,B
262332,5.948571429,14390.938,289.149017,2,A
262369,5.949410431,14391.855,361.595581,7,B
262405,5.950226757,14392.747,432.088531,3,A
262442,5.951065760,14393.664,504.544189,8,B
262479,5.951904762,14394.580,577.004456,4,A
262516,5.952743764,14395.494,649.469360,9,B
262553,5.953582766,14396.410,1.938828,0,A
262589,5.954399093,14397.299,72.454094,5,B
262626,5.955238095,14398.213,144.932663,1,A
262663,5.956077098,14399.126,217.415817,6,B
262700,5.956916100,14400.038,289.903564,2,A
262736,5.957732426,14400.925,360.436584,7,B
262773,5.958571429,14401.835,432.933411,3,A
262810,5.959410431,14402.746,505.434784,8,B
262847,5.960249433,14403.656,577.940796,4,A
262883,5.961065760,14404.541,648.491516,9,B
262920,5.961904762,14405.449,1.006520,0,A
262957,5.962743764,14406.357,73.526093,5,B
262993,5.963560091,14407.240,144.090073,1,A
263030,5.964399093,14408.146,216.618652,6,B
263067,5.965238095,14409.053,289.151794,2,A
263104,5.966077098,14409.959,361.689514,7,B
263140,5.966893424,14410.840,432.271118,3,A
263177,5.967732426,14411.744,504.817841,8,B
263214,5.968571429,14412.648,577.369080,4,A
263251,5.969410431,14413.551,649.924866,9,B
263287,5.970226757,14414.429,0.524075,0,A
263324,5.971065760,14415.331,73.088837,5,B
263361,5.971904762,14416.233,145.658142,1,A
263397,5.972721088,14417.109,216.270462,6,B
263434,5.973560091,14418.009,288.848724,2,A
263471,5.974399093,14418.909,361.431488,7,B
263507,5.975215420,14419.783,432.056915,3,A
263544,5.976054422,14420.682,504.648621,8,B
263581,5.976893424,14421.579,577.244873,4,A
263618,5.977732426,14422.477,649.845581,9,B
263654,5.978548753,14423.349,0.488509,0,A
263691,5.979387755,14424.245,73.098160,5,B
263728,5.980226757,14425.141,145.712326,1,A
263764,5.981043084,14426.011,216.368256,6,B
263801,5.981882086,14426.905,288.991302,2,A
263838,5.982721088,14427.799,361.618866,7,B
263874,5.983537415,14428.667,432.287811,3,A
263911,5.984376417,14429.560,504.924225,8,B
263948,5.985215420,14430.451,577.565125,4,A
263984,5.986031746,14431.318,648.247070,9,B
264021,5.986870748,14432.209,0.896831,0,A
264058,5.987709751,14433.099,73.551071,5,B
264094,5.988526077,14433.964,144.245972,1,A
264131,5.989365079,14434.853,216.909042,6,B
264168,5.990204082,14435.740,289.576599,2,A
264204,5.991020408,14436.604,360.284424,7,B
264241,5.991859410,14437.490,432.960785,3,A
264278,5.992698413,14438.377,505.641602,8,B
264314,5.993514739,14439.239,576.362366,4,A
264351,5.994353741,14440.124,649.051941,9,B
264388,5.995192744,14441.009,1.746034,0,A
264424,5.996009070,14441.869,72.479668,5,B
264461,5.996848073,14442.752,145.182510,1,A
264498,5.997687075,14443.634,217.889801,6,B
264534,5.998503401,14444.492,288.636292,2,A
264571,5.999342404,14445.374,361.352356,7,B
264607,6.000158730,14446.231,432.107361,3,A
264644,6.000997732,14447.110,504.832153,8,B
264681,6.001836735,14447.990,577.561401,4,A
264717,6.002653061,14448.846,648.329224,9,B
264754,6.003492063,14449.724,1.067154,0,A
264791,6.004331066,14450.602,73.809532,5,B
264827,6.005147392,14451.455,144.590134,1,A
264864,6.005986395,14452.331,217.341217,6,B
264900,6.006802721,14453.184,288.130310,2,A
264937,6.007641723,14454.059,360.890076,7,B
264974,6.008480726,14454.934,433.654266,3,A
265010,6.009297052,14455.783,504.456085,8,B
265047,6.010136054,14456.658,577.228943,4,A
265083,6.010952381,14457.507,648.039246,9,B
265120,6.011791383,14458.379,0.820762,0,A
265157,6.012630385,14459.251,73.606689,5,B
265193,6.013446712,14460.099,144.429642,1,A
265230,6.014285714,14460.969,217.224228,6,B
265266,6.015102041,14461.814,288.055603,2,A
265303,6.015941043,14462.685,360.858795,7,B
265340,6.016780045,14463.552,433.666412,3,A
265376,6.017596372,14464.396,504.510406,8,B
265413,6.018435374,14465.264,577.326660,4,A
265449,6.019251701,14466.108,648.179016,9,B
265486,6.020090703,14466.974,1.003848,0,A
265523,6.020929705,14467.839,73.833031,5,B
265559,6.021746032,14468.682,144.698029,1,A
265596,6.022585034,14469.544,217.535797,6,B
265632,6.023401361,14470.386,288.409149,2,A
265669,6.024240363,14471.248,361.255493,7,B
265705,6.025056689,14472.088,432.137207,3,A
265742,6.025895692,14472.949,504.992096,8,B
265779,6.026734694,14473.810,577.851379,4,A
265815,6.027551020,14474.647,648.745605,9,B
265852,6.028390023,14475.507,1.613391,0,A
265888,6.029206349,14476.344,72.515938,5,B
265925,6.030045351,14477.202,145.392273,1,A
265961,6.030861678,14478.038,216.303116,6,B
265998,6.031700680,14478.895,289.187958,2,A
266034,6.032517007,14479.729,360.107117,7,B
266071,6.033356009,14480.584,433.000458,3,A
266108,6.034195011,14481.439,505.898132,8,B
266144,6.035011338,14482.272,576.829712,4,A
266181,6.035850340,14483.126,649.735901,9,B
266217,6.036666667,14483.958,0.675756,0,A
266254,6.037505669,14484.811,73.590401,5,B
266290,6.038321995,14485.641,144.538498,1,A
266327,6.039160998,14486.491,217.461609,6,B
266363,6.039977324,14487.320,288.417938,2,A
266400,6.040816327,14488.171,361.349518,7,B
266436,6.041632653,14488.998,432.314056,3,A
266473,6.042471655,14489.848,505.254059,8,B
266509,6.043287982,14490.674,576.226807,4,A
266546,6.044126984,14491.521,649.175293,9,B
266582,6.044943311,14492.347,0.156225,0,A
266619,6.045782313,14493.193,73.113083,5,B
266655,6.046598639,14494.017,144.102219,1,A
266692,6.047437642,14494.862,217.067490,6,B
266728,6.048253968,14495.685,288.064819,2,A
266765,6.049092971,14496.529,361.038452,7,B
266801,6.049909297,14497.350,432.043945,3,A
266838,6.050748299,14498.194,505.025970,8,B
266874,6.051564626,14499.014,576.039612,4,A
266911,6.052403628,14499.855,649.030029,9,B
266947,6.053219955,14500.674,0.051775,0,A
266984,6.054058957,14501.516,73.050537,5,B
267020,6.054875283,14502.332,144.080429,1,A
267057,6.055714286,14503.172,217.087540,6,B
267093,6.056530612,14503.988,288.125549,2,A
267130,6.057369615,14504.827,361.140991,7,B
267166,6.058185941,14505.642,432.187073,3,A
267203,6.059024943,14506.479,505.210846,8,B
267239,6.059841270,14507.293,576.265015,4,A
267276,6.060680272,14508.129,649.297119,9,B
267312,6.061496599,14508.941,0.359374,0,A
267349,6.062335601,14509.775,73.399742,5,B
267385,6.063151927,14510.587,144.470078,1,A
267422,6.063990930,14511.421,217.518723,6,B
267458,6.064807256,14512.231,288.597107,2,A
267495,6.065646259,14513.062,361.654022,7,B
267531,6.066462585,14513.872,432.740448,3,A
267568,6.067301587,14514.703,505.805634,8,B
267604,6.068117914,14515.512,576.900085,4,A
267641,6.068956916,14516.341,649.973511,9,B
267677,6.069773243,14517.146,1.075976,0,A
267713,6.070589569,14517.953,72.182396,5,B
267750,6.071428571,14518.780,145.268112,1,A
267786,6.072244898,14519.585,216.382523,6,B
267823,6.073083900,14520.411,289.476440,2,A
267859,6.073900227,14521.215,360.598846,7,B
267896,6.074739229,14522.040,433.700989,3,A
267932,6.075555556,14522.843,504.831360,8,B
267969,6.076394558,14523.667,577.941711,4,A
268005,6.077210884,14524.468,649.080017,9,B
268041,6.078027211,14525.269,0.222299,0,A
268078,6.078866213,14526.090,73.344826,5,B
268114,6.079682540,14526.890,144.495041,1,A
268151,6.080521542,14527.711,217.625717,6,B
268187,6.081337868,14528.508,288.783875,2,A
268224,6.082176871,14529.328,361.922699,7,B
268260,6.082993197,14530.125,433.088745,3,A
268296,6.083809524,14530.922,504.258728,8,B
268333,6.084648526,14531.738,577.409668,4,A
268369,6.085464853,14532.534,648.587524,9,B
268406,6.086303855,14533.351,1.746638,0,A
268442,6.087120181,14534.145,72.932396,5,B
268478,6.087936508,14534.938,144.122040,1,A
268515,6.088775510,14535.753,217.293213,6,B
268551,6.089591837,14536.544,288.490723,2,A
268588,6.090430839,14537.357,361.669983,7,B
268624,6.091247166,14538.148,432.875366,3,A
268660,6.092063492,14538.938,504.084625,8,B
268697,6.092902494,14539.750,577.275940,4,A
268733,6.093718821,14540.539,648.493042,9,B
268770,6.094557823,14541.350,1.692383,0,A
268806,6.095374150,14542.137,72.917297,5,B
268842,6.096190476,14542.924,144.146072,1,A
268879,6.097029478,14543.731,217.357437,6,B
268915,6.097845805,14544.519,288.594025,2,A
268952,6.098684807,14545.325,361.813416,7,B
268988,6.099501134,14546.110,433.057800,3,A
269024,6.100317460,14546.894,504.306030,8,B
269061,6.101156463,14547.698,577.537354,4,A
269097,6.101972789,14548.481,648.793396,9,B
269133,6.102789116,14549.264,0.053211,0,A
269170,6.103628118,14550.067,73.296478,5,B
269206,6.104444444,14550.848,144.564087,1,A
269243,6.105283447,14551.649,217.815323,6,B
269279,6.106099773,14552.430,289.090668,2,A
269315,6.106916100,14553.209,360.369843,7,B
269352,6.107755102,14554.010,433.632965,3,A
269388,6.108571429,14554.787,504.919861,8,B
269424,6.109387755,14555.564,576.210571,4,A
269461,6.110226757,14556.362,649.485535,9,B
269497,6.111043084,14557.138,0.783971,0,A
269533,6.111859410,14557.914,72.086197,5,B
269570,6.112698413,14558.711,145.372986,1,A
269606,6.113514739,14559.484,216.682907,6,B
269643,6.114353741,14560.279,289.977600,2,A
269679,6.115170068,14561.053,361.295197,7,B
269715,6.115986395,14561.825,432.616608,3,A
269752,6.116825397,14562.618,505.923065,8,B
269788,6.117641723,14563.390,577.252136,4,A
269824,6.118458050,14564.159,648.584961,9,B
269861,6.119297052,14564.950,1.903170,0,A
269897,6.120113379,14565.720,73.243645,5,B
269933,6.120929705,14566.489,144.587875,1,A
269970,6.121768707,14567.278,217.917831,6,B
270006,6.122585034,14568.045,289.269684,2,A
270042,6.123401361,14568.812,360.625305,7,B
270079,6.124240363,14569.600,433.966949,3,A
270115,6.125056689,14570.365,505.330200,8,B
270151,6.125873016,14571.131,576.697144,4,A
270187,6.126689342,14571.895,648.067871,9,B
270224,6.127528345,14572.680,1.425042,0,A
270260,6.128344671,14573.443,72.803352,5,B
270296,6.129160998,14574.206,144.185410,1,A
270333,6.130000000,14574.989,217.554184,6,B
270369,6.130816327,14575.750,288.943787,2,A
270405,6.131632653,14576.511,360.337128,7,B
270442,6.132471655,14577.291,433.717499,3,A
270478,6.133287982,14578.051,505.118408,8,B
270514,6.134104308,14578.810,576.523010,4,A
270551,6.134943311,14579.590,649.914917,9,B
270587,6.135759637,14580.347,1.327084,0,A
270623,6.136575964,14581.104,72.742928,5,B
270659,6.137392290,14581.859,144.162491,1,A
270696,6.138231293,14582.637,217.569778,6,B
270732,6.139047619,14583.392,288.996826,2,A
270768,6.139863946,14584.146,360.427582,7,B
270805,6.140702948,14584.920,433.846375,3,A
270841,6.141519274,14585.673,505.284607,8,B
270877,6.142335601,14586.427,576.726562,4,A
270913,6.143151927,14587.179,648.172180,9,B
270950,6.143990930,14587.951,1.606211,0,A
270986,6.144807256,14588.701,73.059288,5,B
271022,6.145623583,14589.451,144.516037,1,A
271059,6.146462585,14590.222,217.961533,6,B
271095,6.147278912,14590.971,289.425720,2,A
271131,6.148095238,14591.719,360.893585,7,B
271167,6.148911565,14592.467,432.365112,3,A
271204,6.149750567,14593.233,505.825775,8,B
271240,6.150566893,14593.980,577.304688,4,A
271276,6.151383220,14594.726,648.787292,9,B
271312,6.152199546,14595.472,0.273554,0,A
271349,6.153038549,14596.236,73.749336,5,B
271385,6.153854875,14596.980,145.242981,1,A
271421,6.154671202,14597.724,216.740265,6,B
271457,6.155487528,14598.467,288.241180,2,A
271494,6.156326531,14599.229,361.732025,7,B
271530,6.157142857,14599.970,433.240326,3,A
271566,6.157959184,14600.710,504.752258,8,B
271602,6.158775510,14601.451,576.267822,4,A
271639,6.159614512,14602.211,649.773682,9,B
271675,6.160430839,14602.950,1.296556,0,A
271711,6.161247166,14603.688,72.823067,5,B
271747,6.162063492,14604.426,144.353195,1,A
271784,6.162902494,14605.183,217.874023,6,B
271820,6.163718821,14605.920,289.411469,2,A
271856,6.164535147,14606.654,360.952515,7,B
271892,6.165351474,14607.391,432.497162,3,A
271928,6.166167800,14608.125,504.045441,8,B
271965,6.167006803,14608.879,577.584900,4,A
272001,6.167823129,14609.613,649.140442,9,B
272037,6.168639456,14610.346,0.699549,0,A
272073,6.169455782,14611.077,72.262268,5,B
272110,6.170294785,14611.828,145.816574,1,A
272146,6.171111111,14612.560,217.386551,6,B
272182,6.171927438,14613.290,288.960114,2,A
272218,6.172743764,14614.020,360.537231,7,B
272254,6.173560091,14614.748,432.117950,3,A
272291,6.174399093,14615.496,505.690735,8,B
272327,6.175215420,14616.225,577.278687,4,A
272363,6.176031746,14616.951,648.870178,9,B
272399,6.176848073,14617.678,0.465220,0,A
272435,6.177664399,14618.403,72.063835,5,B
272472,6.178503401,14619.149,145.654999,1,A
272508,6.179319728,14619.874,217.260818,6,B
272544,6.180136054,14620.597,288.870178,2,A
272580,6.180952381,14621.320,360.483093,7,B
272616,6.181768707,14622.043,432.099548,3,A
272653,6.182607710,14622.785,505.709015,8,B
272689,6.183424036,14623.506,577.332642,4,A
272725,6.184240363,14624.228,648.959778,9,B
272761,6.185056689,14624.947,0.590465,0,A
272797,6.185873016,14625.666,72.224670,5,B
272834,6.186712018,14626.404,145.852386,1,A
272870,6.187528345,14627.123,217.493729,6,B
272906,6.188344671,14627.841,289.138580,2,A
272942,6.189160998,14628.558,360.786957,7,B
272978,6.189977324,14629.274,432.438843,3,A
273014,6.190793651,14629.990,504.094238,8,B
273051,6.191632653,14630.725,577.743713,4,A
273087,6.192448980,14631.438,649.406189,9,B
273123,6.193265306,14632.153,1.072175,0,A
273159,6.194081633,14632.866,72.741661,5,B
273195,6.194897959,14633.579,144.414627,1,A
273231,6.195714286,14634.291,216.091095,6,B
273268,6.196553288,14635.021,289.762207,2,A
273304,6.197369615,14635.731,361.445740,7,B
273340,6.198185941,14636.442,433.132721,3,A
273376,6.199002268,14637.151,504.823212,8,B
273412,6.199818594,14637.859,576.517151,4,A
273448,6.200634921,14638.568,648.214600,9,B
273485,6.201473923,14639.295,1.907223,0,A
273521,6.202290249,14640.002,73.611671,5,B
273557,6.203106576,14640.709,145.319580,1,A
273593,6.203922902,14641.414,217.030945,6,B
273629,6.204739229,14642.119,288.745758,2,A
273665,6.205555556,14642.822,360.464050,7,B
273701,6.206371882,14643.526,432.185760,3,A
273738,6.207210884,14644.249,505.903351,8,B
273774,6.208027211,14644.952,577.632080,4,A
273810,6.208843537,14645.654,649.364197,9,B
273846,6.209659864,14646.354,1.099773,0,A
273882,6.210476190,14647.056,72.838783,5,B
273918,6.211292517,14647.755,144.581223,1,A
273954,6.212108844,14648.454,216.327087,6,B
273990,6.212925170,14649.152,288.076385,2,A
274027,6.213764172,14649.870,361.822266,7,B
274063,6.214580499,14650.567,433.578491,3,A
274099,6.215396825,14651.264,505.338135,8,B
274135,6.216213152,14651.960,577.101196,4,A
274171,6.217029478,14652.655,648.867615,9,B
274207,6.217845805,14653.351,0.637484,0,A
274243,6.218662132,14654.045,72.410744,5,B
274279,6.219478458,14654.738,144.187408,1,A
274316,6.220317460,14655.450,217.961395,6,B
274352,6.221133787,14656.142,289.744934,2,A
274388,6.221950113,14656.834,361.531860,7,B
274424,6.222766440,14657.524,433.322174,3,A
274460,6.223582766,14658.216,505.115875,8,B
274496,6.224399093,14658.904,576.912964,4,A
274532,6.225215420,14659.595,648.713379,9,B
274568,6.226031746,14660.282,0.517229,0,A
274604,6.226848073,14660.971,72.324425,5,B
274640,6.227664399,14661.658,144.134995,1,A
274677,6.228503401,14662.363,217.943802,6,B
274713,6.229319728,14663.049,289.761169,2,A
274749,6.230136054,14663.734,361.581909,7,B
274785,6.230952381,14664.419,433.406006,3,A
274821,6.231768707,14665.103,505.233459,8,B
274857,6.232585034,14665.787,577.064270,4,A
274893,6.233401361,14666.469,648.898376,9,B
274929,6.234217687,14667.150,0.735880,0,A
274965,6.235034014,14667.832,72.576698,5,B
275001,6.235850340,14668.513,144.420853,1,A
275037,6.236666667,14669.193,216.268341,6,B
275073,6.237482993,14669.872,288.119171,2,A
275110,6.238321995,14670.570,361.969299,7,B
275146,6.239138322,14671.249,433.826874,3,A
275182,6.239954649,14671.926,505.687744,8,B
275218,6.240770975,14672.603,577.551941,4,A
275254,6.241587302,14673.279,649.419495,9,B
275290,6.242403628,14673.955,1.290289,0,A
275326,6.243219955,14674.630,73.164421,5,B
275362,6.244036281,14675.305,145.041855,1,A
275398,6.244852608,14675.978,216.922592,6,B
275434,6.245668934,14676.650,288.806641,2,A
275470,6.246485261,14677.323,360.693970,7,B
275506,6.247301587,14677.995,432.584595,3,A
275542,6.248117914,14678.666,504.478485,8,B
275578,6.248934240,14679.337,576.375671,4,A
275614,6.249750567,14680.007,648.276184,9,B
275650,6.250566893,14680.677,0.179926,0,A
275686,6.251383220,14681.346,72.086960,5,B
275723,6.252222222,14682.031,145.994827,1,A
275759,6.253038549,14682.697,217.908493,6,B
275795,6.253854875,14683.365,289.825439,2,A
275831,6.254671202,14684.031,361.745636,7,B
275867,6.255487528,14684.697,433.669098,3,A
275903,6.256303855,14685.361,505.595795,8,B
275939,6.257120181,14686.024,577.525757,4,A
275975,6.257936508,14686.688,649.458984,9,B
276011,6.258752834,14687.352,1.395473,0,A
276047,6.259569161,14688.014,73.335190,5,B
276083,6.260385488,14688.676,145.278137,1,A
276119,6.261201814,14689.336,217.224335,6,B
276155,6.262018141,14689.997,289.173767,2,A
276191,6.262834467,14690.655,361.126434,7,B
276227,6.263650794,14691.314,433.082336,3,A
276263,6.264467120,14691.973,505.041443,8,B
276299,6.265283447,14692.631,577.003784,4,A
276335,6.266099773,14693.288,648.969360,9,B
276371,6.266916100,14693.944,0.938119,0,A
276407,6.267732426,14694.601,72.910110,5,B
276443,6.268548753,14695.255,144.885300,1,A
276479,6.269365079,14695.909,216.863708,6,B
276515,6.270181406,14696.562,288.845337,2,A
276551,6.270997732,14697.216,360.830139,7,B
276587,6.271814059,14697.868,432.818146,3,A
276623,6.272630385,14698.521,504.809357,8,B
276659,6.273446712,14699.172,576.803711,4,A
276695,6.274263039,14699.822,648.801331,9,B
276731,6.275079365,14700.472,0.802085,0,A
276767,6.275895692,14701.121,72.806030,5,B
276803,6.276712018,14701.770,144.813156,1,A
276839,6.277528345,14702.418,216.823456,6,B
276875,6.278344671,14703.065,288.836945,2,A
276911,6.279160998,14703.713,360.853577,7,B
276947,6.279977324,14704.358,432.873383,3,A
276983,6.280793651,14705.004,504.896362,8,B
277019,6.281609977,14705.647,576.922485,4,A
277055,6.282426304,14706.292,648.951782,9,B
277091,6.283242630,14706.936,0.984207,0,A
277127,6.284058957,14707.578,73.019798,5,B
277163,6.284875283,14708.221,145.058533,1,A
277199,6.285691610,14708.862,217.100403,6,B
277235,6.286507937,14709.503,289.145416,2,A
277271,6.287324263,14710.143,361.193573,7,B
277307,6.288140590,14710.783,433.244873,3,A
277343,6.288956916,14711.421,505.299286,8,B
277379,6.289773243,14712.060,577.356873,4,A
277415,6.290589569,14712.697,649.417542,9,B
277451,6.291405896,14713.334,1.481310,0,A
277487,6.292222222,14713.971,73.548218,5,B
277523,6.293038549,14714.605,145.618240,1,A
277559,6.293854875,14715.241,217.691391,6,B
277595,6.294671202,14715.875,289.767639,2,A
277631,6.295487528,14716.509,361.846985,7,B
277667,6.296303855,14717.142,433.929443,3,A
277702,6.297097506,14717.757,504.012573,8,B
277738,6.297913832,14718.389,576.101135,4,A
277774,6.298730159,14719.020,648.192810,9,B
277810,6.299546485,14719.650,0.287534,0,A
277846,6.300362812,14720.279,72.385361,5,B
277882,6.301179138,14720.909,144.486282,1,A
277918,6.301995465,14721.537,216.590271,6,B
277954,6.302811791,14722.165,288.697327,2,A
277990,6.303628118,14722.793,360.807495,7,B
278026,6.304444444,14723.419,432.920685,3,A
278062,6.305260771,14724.045,505.036987,8,B
278098,6.306077098,14724.670,577.156311,4,A
278134,6.306893424,14725.294,649.278748,9,B
278170,6.307709751,14725.919,1.404189,0,A
278206,6.308526077,14726.542,73.532707,5,B
278242,6.309342404,14727.164,145.664276,1,A
278278,6.310158730,14727.786,217.798889,6,B
278314,6.310975057,14728.407,289.936554,2,A
278349,6.311768707,14729.011,360.073303,7,B
278385,6.312585034,14729.631,432.216949,3,A
278421,6.313401361,14730.250,504.363647,8,B
278457,6.314217687,14730.868,576.513367,4,A
278493,6.315034014,14731.486,648.666138,9,B
278529,6.315850340,14732.104,0.821888,0,A
278565,6.316666667,14732.721,72.980682,5,B
278601,6.317482993,14733.337,145.142502,1,A
278637,6.318299320,14733.952,217.307327,6,B
278673,6.319115646,14734.566,289.475189,2,A
278709,6.319931973,14735.182,361.646027,7,B
278745,6.320748299,14735.795,433.819885,3,A
278781,6.321564626,14736.407,505.996765,8,B
278816,6.322358277,14737.002,576.171570,4,A
278852,6.323174603,14737.614,648.354370,9,B
278888,6.323990930,14738.225,0.540122,0,A
278924,6.324807256,14738.835,72.728882,5,B
278960,6.325623583,14739.443,144.920624,1,A
278996,6.326439909,14740.054,217.115356,6,B
279032,6.327256236,14740.661,289.313049,2,A
279068,6.328072562,14741.269,361.513763,7,B
279104,6.328888889,14741.876,433.717407,3,A
279140,6.329705215,14742.481,505.924042,8,B
279175,6.330498866,14743.070,576.127747,4,A
279211,6.331315193,14743.676,648.340271,9,B
279247,6.332131519,14744.280,0.555696,0,A
279283,6.332947846,14744.883,72.774094,5,B
279319,6.333764172,14745.485,144.995453,1,A
279355,6.334580499,14746.088,217.219757,6,B
279391,6.335396825,14746.689,289.447021,2,A
279427,6.336213152,14747.291,361.677216,7,B
279463,6.337029478,14747.892,433.910339,3,A
279498,6.337823129,14748.474,504.139832,8,B
279534,6.338639456,14749.073,576.378784,4,A
279570,6.339455782,14749.671,648.620605,9,B
279606,6.340272109,14750.269,0.865410,0,A
279642,6.341088435,14750.865,73.113129,5,B
279678,6.341904762,14751.462,145.363770,1,A
279714,6.342721088,14752.058,217.617325,6,B
279750,6.343537415,14752.652,289.873810,2,A
279785,6.344331066,14753.230,360.125946,7,B
279821,6.345147392,14753.825,432.388153,3,A
279857,6.345963719,14754.418,504.653290,8,B
279893,6.346780045,14755.010,576.921326,4,A
279929,6.347596372,14755.602,649.192261,9,B
279965,6.348412698,14756.192,1.466055,0,A
280001,6.349229025,14756.782,73.742767,5,B
280036,6.350022676,14757.356,144.014572,1,A
280072,6.350839002,14757.945,216.296982,6,B
280108,6.351655329,14758.534,288.582275,2,A
280144,6.352471655,14759.121,360.870453,7,B
280180,6.353287982,14759.709,433.161499,3,A
280216,6.354104308,14760.295,505.455414,8,B
280252,6.354920635,14760.881,577.752197,4,A
280287,6.355714286,14761.448,648.043518,9,B
280323,6.356530612,14762.033,0.345962,0,A
280359,6.357346939,14762.617,72.651268,5,B
280395,6.358163265,14763.200,144.959442,1,A
280431,6.358979592,14763.782,217.270462,6,B
280467,6.359795918,14764.364,289.584320,2,A
280503,6.360612245,14764.946,361.901031,7,B
280538,6.361405896,14765.510,432.211700,3,A
280574,6.362222222,14766.090,504.534027,8,B
280610,6.363038549,14766.669,576.859192,4,A
280646,6.363854875,14767.247,649.187195,9,B
280682,6.364671202,14767.825,1.518003,0,A
280718,6.365487528,14768.402,73.851662,5,B
280753,6.366281179,14768.963,144.178757,1,A
280789,6.367097506,14769.539,216.517975,6,B
280825,6.367913832,14770.113,288.860016,2,A
280861,6.368730159,14770.688,361.204895,7,B
280897,6.369546485,14771.261,433.552551,3,A
280933,6.370362812,14771.835,505.903046,8,B
280968,6.371156463,14772.392,576.246460,4,A
281004,6.371972789,14772.963,648.602478,9,B
281040,6.372789116,14773.534,0.961281,0,A
281076,6.373605442,14774.104,73.322884,5,B
281112,6.374421769,14774.674,145.687286,1,A
281147,6.375215420,14775.228,216.044220,6,B
281183,6.376031746,14775.796,288.414124,2,A
281219,6.376848073,14776.364,360.786804,7,B
281255,6.377664399,14776.932,433.162262,3,A
281291,6.378480726,14777.497,505.540466,8,B
281327,6.379297052,14778.063,577.921509,4,A
281362,6.380090703,14778.612,648.294556,9,B
281398,6.380907029,14779.178,0.681019,0,A
281434,6.381723356,14779.741,73.070244,5,B
281470,6.382539683,14780.304,145.462234,1,A
281506,6.383356009,14780.866,217.856964,6,B
281541,6.384149660,14781.412,288.243378,2,A
281577,6.384965986,14781.974,360.643555,7,B
281613,6.385782313,14782.534,433.046478,3,A
281649,6.386598639,14783.094,505.452118,8,B
281685,6.387414966,14783.652,577.860535,4,A
281720,6.388208617,14784.195,648.260193,9,B
281756,6.389024943,14784.753,0.673986,0,A
281792,6.389841270,14785.310,73.090508,5,B
281828,6.390657596,14785.867,145.509750,1,A
281864,6.391473923,14786.422,217.931732,6,B
281899,6.392267574,14786.963,288.344574,2,A
281935,6.393083900,14787.517,360.771912,7,B
281971,6.393900227,14788.070,433.201965,3,A
282007,6.394716553,14788.624,505.634735,8,B
282042,6.395510204,14789.160,576.058044,4,A
282078,6.396326531,14789.713,648.496155,9,B
282114,6.397142857,14790.263,0.936942,0,A
282150,6.397959184,14790.813,73.380432,5,B
282186,6.398775510,14791.363,145.826614,1,A
282221,6.399569161,14791.896,216.262985,6,B
282257,6.400385488,14792.446,288.714478,2,A
282293,6.401201814,14792.993,361.168640,7,B
282329,6.402018141,14793.540,433.625519,3,A
282364,6.402811791,14794.071,504.072235,8,B
282400,6.403628118,14794.617,576.534363,4,A
282436,6.404444444,14795.162,648.999146,9,B
282472,6.405260771,14795.706,1.466638,0,A
282508,6.406077098,14796.250,73.936775,5,B
282543,6.406870748,14796.778,144.396393,1,A
282579,6.407687075,14797.320,216.871780,6,B
282615,6.408503401,14797.862,289.349823,2,A
282651,6.409319728,14798.402,361.830505,7,B
282686,6.410113379,14798.928,432.300354,3,A
282722,6.410929705,14799.468,504.786285,8,B
282758,6.411746032,14800.006,577.274841,4,A
282794,6.412562358,14800.545,649.765991,9,B
282829,6.413356009,14801.067,0.246065,0,A
282865,6.414172336,14801.604,72.742439,5,B
282901,6.414988662,14802.141,145.241440,1,A
282937,6.415804989,14802.676,217.743073,6,B
282972,6.416598639,14803.197,288.233276,2,A
283008,6.417414966,14803.730,360.740082,7,B
283044,6.418231293,14804.264,433.249481,3,A
283080,6.419047619,14804.797,505.761505,8,B
283115,6.419841270,14805.313,576.261780,4,A
283151,6.420657596,14805.847,648.778992,9,B
283187,6.421473923,14806.377,1.298738,0,A
283223,6.422290249,14806.906,73.821098,5,B
283258,6.423083900,14807.422,144.331436,1,A
283294,6.423900227,14807.950,216.858917,6,B
283330,6.424716553,14808.479,289.388977,2,A
283366,6.425532880,14809.007,361.921631,7,B
283401,6.426326531,14809.519,432.441956,3,A
283437,6.427142857,14810.044,504.979706,8,B
283473,6.427959184,14810.568,577.520020,4,A
283508,6.428752834,14811.080,648.047791,9,B
283544,6.429569161,14811.604,0.593174,0,A
283580,6.430385488,14812.127,73.141121,5,B
283616,6.431201814,14812.650,145.691635,1,A
283651,6.431995465,14813.157,216.229309,6,B
283687,6.432811791,14813.679,288.784851,2,A
283723,6.433628118,14814.200,361.342957,7,B
283759,6.434444444,14814.719,433.903625,3,A
283794,6.435238095,14815.224,504.451141,8,B
283830,6.436054422,14815.743,577.016785,4,A
283866,6.436870748,14816.261,649.585022,9,B
283901,6.437664399,14816.764,0.139864,0,A
283937,6.438480726,14817.280,72.713066,5,B
283973,6.439297052,14817.796,145.288803,1,A
284009,6.440113379,14818.312,217.867065,6,B
284044,6.440907029,14818.812,288.431671,2,A
284080,6.441723356,14819.325,361.014893,7,B
284116,6.442539683,14819.839,433.600647,3,A
284151,6.443333333,14820.337,504.172516,8,B
284187,6.444149660,14820.849,576.763245,4,A
284223,6.444965986,14821.360,649.356445,9,B
284259,6.445782313,14821.870,1.952126,0,A
284294,6.446575964,14822.366,72.533676,5,B
284330,6.447392290,14822.876,145.134308,1,A
284366,6.448208617,14823.384,217.737427,6,B
284401,6.449002268,14823.878,288.326172,2,A
284437,6.449818594,14824.385,360.934204,7,B
284473,6.450634921,14824.891,433.544708,3,A
284508,6.451428571,14825.382,504.140625,8,B
284544,6.452244898,14825.888,576.756042,4,A
284580,6.453061224,14826.392,649.373901,9,B
284616,6.453877551,14826.895,1.994208,0,A
284651,6.454671202,14827.385,72.599670,5,B
284687,6.455487528,14827.887,145.224854,1,A
284723,6.456303855,14828.389,217.852509,6,B
284758,6.457097506,14828.876,288.465088,2,A
284794,6.457913832,14829.376,361.097565,7,B
284830,6.458730159,14829.875,433.732483,3,A
284865,6.459523810,14830.360,504.352142,8,B
284901,6.460340136,14830.858,576.991882,4,A
284937,6.461156463,14831.355,649.634094,9,B
284972,6.461950113,14831.839,0.260769,0,A
285008,6.462766440,14832.335,72.907761,5,B
285044,6.463582766,14832.830,145.557175,1,A
285079,6.464376417,14833.312,216.190887,6,B
285115,6.465192744,14833.806,288.845093,2,A
285151,6.466009070,14834.299,361.501709,7,B
285186,6.466802721,14834.778,432.142395,3,A
285222,6.467619048,14835.271,504.803772,8,B
285258,6.468435374,14835.762,577.467529,4,A
285293,6.469229025,14836.238,648.115173,9,B
285329,6.470045351,14836.728,0.783728,0,A
285365,6.470861678,14837.218,73.454651,5,B
285400,6.471655329,14837.693,144.109238,1,A
285436,6.472471655,14838.181,216.784866,6,B
285472,6.473287982,14838.668,289.462891,2,A
285507,6.474081633,14839.141,360.124390,7,B
285543,6.474897959,14839.627,432.807129,3,A
285579,6.475714286,14840.111,505.492218,8,B
285614,6.476507937,14840.583,576.160583,4,A
285650,6.477324263,14841.067,648.850342,9,B
285686,6.478140590,14841.550,1.542523,0,A
285721,6.478934240,14842.020,72.217720,5,B
285757,6.479750567,14842.501,144.914536,1,A
285793,6.480566893,14842.981,217.613708,6,B
285828,6.481360544,14843.448,288.295715,2,A
285864,6.482176871,14843.928,360.999542,7,B
285900,6.482993197,14844.407,433.705688,3,A
285935,6.483786848,14844.872,504.394470,8,B
285971,6.484603175,14845.351,577.105286,4,A
286007,6.485419501,14845.826,649.818359,9,B
286042,6.486213152,14846.290,0.513931,0,A
286078,6.487029478,14846.766,73.231651,5,B
286114,6.487845805,14847.240,145.951691,1,A
286149,6.488639456,14847.701,216.653961,6,B
286185,6.489455782,14848.174,289.378601,2,A
286220,6.490249433,14848.634,360.085327,7,B
286256,6.491065760,14849.106,432.814514,3,A
286292,6.491882086,14849.577,505.546021,8,B
286327,6.492675737,14850.035,576.259399,4,A
286363,6.493492063,14850.506,648.995483,9,B
286399,6.494308390,14850.975,1.733808,0,A
286434,6.495102041,14851.430,72.453850,5,B
286470,6.495918367,14851.898,145.196732,1,A
286506,6.496734694,14852.365,217.941895,6,B
286541,6.497528345,14852.818,288.668549,2,A
286577,6.498344671,14853.285,361.418243,7,B
286612,6.499138322,14853.736,432.149261,3,A
286648,6.499954649,14854.202,504.903442,8,B
286684,6.500770975,14854.665,577.659851,4,A
286719,6.501564626,14855.115,648.397461,9,B
286755,6.502380952,14855.578,1.158393,0,A
286791,6.503197279,14856.040,73.921570,5,B
286826,6.503990930,14856.488,144.665710,1,A
286862,6.504807256,14856.948,217.433350,6,B
286897,6.505600907,14857.395,288.181824,2,A
286933,6.506417234,14857.854,360.953888,7,B
286969,6.507233560,14858.312,433.728210,3,A
287004,6.508027211,14858.757,504.483154,8,B
287040,6.508843537,14859.214,577.261902,4,A
287075,6.509637188,14859.658,648.021118,9,B
287111,6.510453515,14860.112,0.804285,0,A
287147,6.511269841,14860.568,73.589653,5,B
287182,6.512063492,14861.009,144.355347,1,A
287218,6.512879819,14861.463,217.145096,6,B
287254,6.513696145,14861.916,289.937073,2,A
287289,6.514489796,14862.354,360.709167,7,B
287325,6.515306122,14862.807,433.505524,3,A
287360,6.516099773,14863.244,504.281860,8,B
287396,6.516916100,14863.693,577.082581,4,A
287432,6.517732426,14864.144,649.885437,9,B
287467,6.518526077,14864.579,0.668160,0,A
287503,6.519342404,14865.026,73.475388,5,B
287538,6.520136054,14865.462,144.262299,1,A
287574,6.520952381,14865.908,217.073853,6,B
287610,6.521768707,14866.354,289.887573,2,A
287645,6.522562358,14866.786,360.680817,7,B
287681,6.523378685,14867.230,433.498840,3,A
287716,6.524172336,14867.662,504.296234,8,B
287752,6.524988662,14868.105,577.118530,4,A
287788,6.525804989,14868.547,649.943054,9,B
287823,6.526598639,14868.977,0.746690,0,A
287859,6.527414966,14869.418,73.575439,5,B
287894,6.528208617,14869.846,144.383240,1,A
287930,6.529024943,14870.285,217.216248,6,B
287965,6.529818594,14870.712,288.028168,2,A
288001,6.530634921,14871.149,360.865417,7,B
288037,6.531451247,14871.587,433.704803,3,A
288072,6.532244898,14872.012,504.522919,8,B
288108,6.533061224,14872.446,577.366516,4,A
288143,6.533854875,14872.870,648.188721,9,B
288179,6.534671202,14873.305,1.036538,0,A
288215,6.535487528,14873.739,73.886475,5,B
288250,6.536281179,14874.160,144.714828,1,A
288286,6.537097506,14874.593,217.568954,6,B
288321,6.537891156,14875.013,288.401367,2,A
288357,6.538707483,14875.443,361.259674,7,B
288392,6.539501134,14875.862,432.096130,3,A
288428,6.540317460,14876.291,504.958588,8,B
288464,6.541133787,14876.721,577.823120,4,A
288499,6.541927438,14877.137,648.665649,9,B
288535,6.542743764,14877.564,1.534356,0,A
288570,6.543537415,14877.979,72.380920,5,B
288606,6.544353741,14878.406,145.253723,1,A
288641,6.545147392,14878.819,216.104294,6,B
288677,6.545963719,14879.244,288.981201,2,A
288713,6.546780045,14879.668,361.860199,7,B
288748,6.547573696,14880.080,432.716766,3,A
288784,6.548390023,14880.502,505.599854,8,B
288819,6.549183673,14880.913,576.460388,4,A
288855,6.550000000,14881.334,649.347595,9,B
288890,6.550793651,14881.742,0.212062,0,A
288926,6.551609977,14882.162,73.103287,5,B
288962,6.552426304,14882.582,145.996567,1,A
288997,6.553219955,14882.989,216.867004,6,B
289033,6.554036281,14883.406,289.764313,2,A
289068,6.554829932,14883.812,360.638672,7,B
289104,6.555646259,14884.229,433.540039,3,A
289139,6.556439909,14884.632,504.418304,8,B
289175,6.557256236,14885.047,577.323669,4,A
289210,6.558049887,14885.449,648.205811,9,B
289246,6.558866213,14885.863,1.115190,0,A
289281,6.559659864,14886.265,72.001236,5,B
289317,6.560476190,14886.678,144.914597,1,A
289353,6.561292517,14887.088,217.829956,6,B
289388,6.562086168,14887.487,288.721832,2,A
289424,6.562902494,14887.897,361.641174,7,B
289459,6.563696145,14888.295,432.536896,3,A
289495,6.564512472,14888.704,505.460175,8,B
289530,6.565306122,14889.101,576.359741,4,A
289566,6.566122449,14889.507,649.286987,9,B
289601,6.566916100,14889.903,0.190365,0,A
289637,6.567732426,14890.309,73.121521,5,B
289672,6.568526077,14890.702,144.028717,1,A
289708,6.569342404,14891.106,216.963791,6,B
289744,6.570158730,14891.510,289.900848,2,A
289779,6.570952381,14891.901,360.813751,7,B
289815,6.571768707,14892.305,433.754700,3,A
289850,6.572562358,14892.694,504.671387,8,B
289886,6.573378685,14893.095,577.616211,4,A
289921,6.574172336,14893.484,648.536682,9,B
289957,6.574988662,14893.884,1.485342,0,A
289992,6.575782313,14894.271,72.409546,5,B
290028,6.576598639,14894.670,145.362076,1,A
290063,6.577392290,14895.056,216.290024,6,B
290099,6.578208617,14895.452,289.246399,2,A
290134,6.579002268,14895.837,360.178070,7,B
290170,6.579818594,14896.232,433.138275,3,A
290205,6.580612245,14896.616,504.073639,8,B
290241,6.581428571,14897.010,577.037659,4,A
290277,6.582244898,14897.402,650.003601,9,B
290312,6.583038549,14897.783,0.944532,0,A
290348,6.583854875,14898.175,73.914253,5,B
290383,6.584648526,14898.556,144.858887,1,A
290419,6.585464853,14898.945,217.832382,6,B
290454,6.586258503,14899.324,288.780670,2,A
290490,6.587074830,14899.713,361.757935,7,B
290525,6.587868481,14900.091,432.709869,3,A
290561,6.588684807,14900.479,505.690887,8,B
290596,6.589478458,14900.854,576.646484,4,A
290632,6.590294785,14901.239,649.631226,9,B
290667,6.591088435,14901.614,0.590402,0,A
290703,6.591904762,14901.999,73.578865,5,B
290738,6.592698413,14902.372,144.541687,1,A
290774,6.593514739,14902.755,217.533859,6,B
290809,6.594308390,14903.127,288.500275,2,A
290845,6.595124717,14903.508,361.496124,7,B
290880,6.595918367,14903.879,432.466125,3,A
290916,6.596734694,14904.259,505.465668,8,B
290951,6.597528345,14904.628,576.439209,4,A
290987,6.598344671,14905.007,649.442444,9,B
291022,6.599138322,14905.374,0.419572,0,A
291058,6.599954649,14905.751,73.426437,5,B
291093,6.600748299,14906.118,144.407104,1,A
291129,6.601564626,14906.493,217.417603,6,B
291164,6.602358277,14906.858,288.401794,2,A
291200,6.603174603,14907.233,361.415924,7,B
291235,6.603968254,14907.597,432.403656,3,A
291271,6.604784580,14907.970,505.421387,8,B
291306,6.605578231,14908.332,576.412598,4,A
291342,6.606394558,14908.703,649.433960,9,B
291377,6.607188209,14909.064,0.428651,0,A
291413,6.608004535,14909.435,73.453568,5,B
291448,6.608798186,14909.794,144.451752,1,A
291484,6.609614512,14910.163,217.480240,6,B
291519,6.610408163,14910.521,288.481903,2,A
291555,6.611224490,14910.888,361.513947,7,B
291590,6.612018141,14911.244,432.519043,3,A
291626,6.612834467,14911.610,505.554626,8,B
291661,6.613628118,14911.965,576.563171,4,A
291697,6.614444444,14912.330,649.602295,9,B
291732,6.615238095,14912.684,0.614245,0,A
291768,6.616054422,14913.046,73.656876,5,B
291803,6.616848073,14913.398,144.672241,1,A
291839,6.617664399,14913.761,217.718369,6,B
291874,6.618458050,14914.111,288.737152,2,A
291910,6.619274376,14914.472,361.786774,7,B
291945,6.620068027,14914.821,432.808899,3,A
291981,6.620884354,14915.181,505.862000,8,B
292016,6.621678005,14915.528,576.887512,4,A
292052,6.622494331,14915.886,649.944092,9,B
292087,6.623287982,14916.232,0.972944,0,A
292122,6.624081633,14916.578,72.003471,5,B
292158,6.624897959,14916.934,145.065155,1,A
292193,6.625691610,14917.277,216.099014,6,B
292229,6.626507937,14917.633,289.164124,2,A
292264,6.627301587,14917.976,360.201324,7,B
292300,6.628117914,14918.328,433.269836,3,A
292335,6.628911565,14918.670,504.310333,8,B
292371,6.629727891,14919.020,577.382263,4,A
292406,6.630521542,14919.361,648.426025,9,B
292442,6.631337868,14919.710,1.501333,0,A
292477,6.632131519,14920.049,72.548401,5,B
292513,6.632947846,14920.398,145.627075,1,A
292548,6.633741497,14920.734,216.677414,6,B
292584,6.634557823,14921.082,289.759430,2,A
292619,6.635351474,14921.418,360.813019,7,B
292655,6.636167800,14921.763,433.898407,3,A
292690,6.636961451,14922.098,504.955231,8,B
292725,6.637755102,14922.432,576.013672,4,A
292761,6.638571429,14922.775,649.104004,9,B
292796,6.639365079,14923.108,0.165632,0,A
292832,6.640181406,14923.449,73.259262,5,B
292867,6.640975057,14923.780,144.324127,1,A
292903,6.641791383,14924.121,217.421051,6,B
292938,6.642585034,14924.450,288.489105,2,A
292974,6.643401361,14924.790,361.589294,7,B
293009,6.644195011,14925.118,432.660522,3,A
293045,6.645011338,14925.455,505.764008,8,B
293080,6.645804989,14925.782,576.838379,4,A
293116,6.646621315,14926.118,649.945129,9,B
293151,6.647414966,14926.444,1.022667,0,A
293186,6.648208617,14926.769,72.101768,5,B
293222,6.649024943,14927.103,145.213318,1,A
293257,6.649818594,14927.427,216.295547,6,B
293293,6.650634921,14927.759,289.410309,2,A
293328,6.651428571,14928.080,360.495667,7,B
293364,6.652244898,14928.411,433.613617,3,A
293399,6.653038549,14928.731,504.702087,8,B
293435,6.653854875,14929.061,577.823242,4,A
293470,6.654648526,14929.381,648.914795,9,B
293505,6.655442177,14929.699,0.007845,0,A
293541,6.656258503,14930.026,73.133728,5,B
293576,6.657052154,14930.344,144.229874,1,A
293612,6.657868481,14930.669,217.358902,6,B
293647,6.658662132,14930.985,288.458099,2,A
293683,6.659478458,14931.310,361.590271,7,B
293718,6.660272109,14931.624,432.692505,3,A
293754,6.661088435,14931.947,505.827820,8,B
293789,6.661882086,14932.260,576.933105,4,A
293824,6.662675737,14932.572,648.039856,9,B
293860,6.663492063,14932.893,1.179793,0,A
293895,6.664285714,14933.203,72.289566,5,B
293931,6.665102041,14933.522,145.432587,1,A
293966,6.665895692,14933.832,216.545364,6,B
294002,6.666712018,14934.150,289.691467,2,A
294037,6.667505669,14934.458,360.807220,7,B
294073,6.668321995,14934.774,433.956390,3,A
294108,6.669115646,14935.081,505.075104,8,B
294143,6.669909297,14935.388,576.195312,4,A
294179,6.670725624,14935.701,649.348999,9,B
294214,6.671519274,14936.006,0.472130,0,A
294250,6.672335601,14936.318,73.628860,5,B
294285,6.673129252,14936.622,144.754929,1,A
294321,6.673945578,14936.933,217.914673,6,B
294356,6.674739229,14937.234,289.043671,2,A
294391,6.675532880,14937.535,360.174103,7,B
294427,6.676349206,14937.845,433.338318,3,A
294462,6.677142857,14938.145,504.471619,8,B
294498,6.677959184,14938.451,577.638855,4,A
294533,6.678752834,14938.750,648.775024,9,B
294569,6.679569161,14939.056,1.945198,0,A
294604,6.680362812,14939.353,73.084282,5,B
294639,6.681156463,14939.648,144.224777,1,A
294675,6.681972789,14939.952,217.399338,6,B
294710,6.682766440,14940.247,288.542694,2,A
294746,6.683582766,14940.549,361.720184,7,B
294781,6.684376417,14940.843,432.866364,3,A
294816,6.685170068,14941.135,504.013947,8,B
294852,6.685986395,14941.435,577.195801,4,A
294887,6.686780045,14941.727,648.346191,9,B
294923,6.687596372,14942.025,1.530898,0,A
294958,6.688390023,14942.314,72.684105,5,B
294994,6.689206349,14942.612,145.871704,1,A
295029,6.690000000,14942.900,217.027710,6,B
295064,6.690793651,14943.188,288.185089,2,A
295100,6.691609977,14943.482,361.376953,7,B
295135,6.692403628,14943.770,432.537079,3,A
295171,6.693219955,14944.062,505.731812,8,B
295206,6.694013605,14944.347,576.894714,4,A
295241,6.694807256,14944.631,648.058960,9,B
295277,6.695623583,14944.923,1.257886,0,A
295312,6.696417234,14945.205,72.424873,5,B
295348,6.697233560,14945.495,145.626617,1,A
295383,6.698027211,14945.776,216.796326,6,B
295419,6.698843537,14946.065,290.000854,2,A
295454,6.699637188,14946.345,361.173279,7,B
295489,6.700430839,14946.624,432.347046,3,A
295525,6.701247166,14946.910,505.555695,8,B
295560,6.702040816,14947.188,576.732178,4,A
295596,6.702857143,14947.473,649.943604,9,B
295631,6.703650794,14947.749,1.122696,0,A
295666,6.704444444,14948.024,72.303123,5,B
295702,6.705260771,14948.307,145.518646,1,A
295737,6.706054422,14948.580,216.701736,6,B
295773,6.706870748,14948.861,289.919983,2,A
295808,6.707664399,14949.135,361.105713,7,B
295843,6.708458050,14949.406,432.292725,3,A
295879,6.709274376,14949.685,505.515015,8,B
295914,6.710068027,14949.956,576.704651,4,A
295950,6.710884354,14950.233,649.929626,9,B
295985,6.711678005,14950.502,1.121855,0,A
296020,6.712471655,14950.771,72.315376,5,B
296056,6.713287982,14951.046,145.544342,1,A
296091,6.714081633,14951.312,216.740448,6,B
296127,6.714897959,14951.586,289.972046,2,A
296162,6.715691610,14951.852,361.170715,7,B
296197,6.716485261,14952.116,432.370667,3,A
296233,6.717301587,14952.388,505.606201,8,B
296268,6.718095238,14952.651,576.808716,4,A
296303,6.718888889,14952.913,648.012451,9,B
296339,6.719705215,14953.183,1.251884,0,A
296374,6.720498866,14953.444,72.458153,5,B
296410,6.721315193,14953.712,145.700195,1,A
296445,6.722108844,14953.972,216.908981,6,B
296480,6.722902494,14954.230,288.118988,2,A
296516,6.723718821,14954.496,361.364868,7,B
296551,6.724512472,14954.754,432.577393,3,A
296587,6.725328798,14955.019,505.825836,8,B
296622,6.726122449,14955.273,577.040833,4,A
296657,6.726916100,14955.529,648.257080,9,B
296693,6.727732426,14955.791,1.509284,0,A
296728,6.728526077,14956.046,72.727959,5,B
296764,6.729342404,14956.306,145.982712,1,A
296799,6.730136054,14956.559,217.203842,6,B
296834,6.730929705,14956.811,288.426147,2,A
296870,6.731746032,14957.068,361.684662,7,B
296905,6.732539683,14957.319,432.909393,3,A
296940,6.733333333,14957.568,504.135345,8,B
296976,6.734149660,14957.824,577.397522,4,A
297011,6.734943311,14958.073,648.625916,9,B
297047,6.735759637,14958.327,1.890560,0,A
297082,6.736553288,14958.573,73.121292,5,B
297117,6.737346939,14958.819,144.353195,1,A
297153,6.738163265,14959.072,217.621521,6,B
297188,6.738956916,14959.316,288.855804,2,A
297223,6.739750567,14959.561,360.091248,7,B
297259,6.740566893,14959.811,433.363190,3,A
297294,6.741360544,14960.053,504.600983,8,B
297330,6.742176871,14960.302,577.875305,4,A
297365,6.742970522,14960.543,649.115479,9,B
297400,6.743764172,14960.783,0.356721,0,A
297436,6.744580499,14961.028,73.634644,5,B
297471,6.745374150,14961.269,144.878220,1,A
297506,6.746167800,14961.507,216.122940,6,B
297542,6.746984127,14961.751,289.404419,2,A
297577,6.747777778,14961.987,360.651428,7,B
297613,6.748594104,14962.229,433.935242,3,A
297648,6.749387755,14962.465,505.184509,8,B
297683,6.750181406,14962.699,576.434937,4,A
297719,6.750997732,14962.939,649.722229,9,B
297754,6.751791383,14963.173,0.974886,0,A
297789,6.752585034,14963.404,72.228661,5,B
297825,6.753401361,14963.643,145.519409,1,A
297860,6.754195011,14963.874,216.775421,6,B
297895,6.754988662,14964.104,288.032532,2,A
297931,6.755804989,14964.340,361.326691,7,B
297966,6.756598639,14964.569,432.585999,3,A
298002,6.757414966,14964.804,505.882446,8,B
298037,6.758208617,14965.030,577.143982,4,A
298072,6.759002268,14965.257,648.406555,9,B
298108,6.759818594,14965.489,1.706383,0,A
298143,6.760612245,14965.714,72.971169,5,B
298178,6.761405896,14965.938,144.237030,1,A
298214,6.762222222,14966.168,217.540161,6,B
298249,6.763015873,14966.392,288.808167,2,A
298284,6.763809524,14966.613,360.077240,7,B
298320,6.764625850,14966.842,433.383698,3,A
298355,6.765419501,14967.062,504.654907,8,B
298391,6.766235828,14967.288,577.963501,4,A
298426,6.767029478,14967.507,649.236877,9,B
298461,6.767823129,14967.726,0.511250,0,A
298497,6.768639456,14967.950,73.823128,5,B
298532,6.769433107,14968.167,145.099609,1,A
298567,6.770226757,14968.384,216.377121,6,B
298603,6.771043084,14968.605,289.692230,2,A
298638,6.771836735,14968.819,360.971802,7,B
298673,6.772630385,14969.034,432.252441,3,A
298709,6.773446712,14969.254,505.570709,8,B
298744,6.774240363,14969.467,576.853394,4,A
298779,6.775034014,14969.678,648.137085,9,B
298815,6.775850340,14969.896,1.458501,0,A
298850,6.776643991,14970.105,72.744232,5,B
298885,6.777437642,14970.315,144.030975,1,A
298921,6.778253968,14970.531,217.355499,6,B
298956,6.779047619,14970.739,288.644257,2,A
298992,6.779863946,14970.952,361.970856,7,B
299027,6.780657596,14971.160,433.261627,3,A
299062,6.781451247,14971.366,504.553375,8,B
299098,6.782267574,14971.577,577.883057,4,A
299133,6.783061224,14971.782,649.176758,9,B
299168,6.783854875,14971.985,0.471457,0,A
299204,6.784671202,14972.195,73.804161,5,B
299239,6.785464853,14972.397,145.100815,1,A
299274,6.786258503,14972.599,216.398438,6,B
299310,6.787074830,14972.806,289.734131,2,A
299345,6.787868481,14973.006,361.033691,7,B
299380,6.788662132,14973.205,432.334229,3,A
299416,6.789478458,14973.410,505.672882,8,B
299451,6.790272109,14973.607,576.975342,4,A
299486,6.791065760,14973.806,648.278687,9,B
299522,6.791882086,14974.008,1.620294,0,A
299557,6.792675737,14974.203,72.925568,5,B
299592,6.793469388,14974.398,144.231781,1,A
299628,6.794285714,14974.599,217.576279,6,B
299663,6.795079365,14974.792,288.884369,2,A
299698,6.795873016,14974.985,360.193359,7,B
299734,6.796689342,14975.183,433.540741,3,A
299769,6.797482993,14975.374,504.851593,8,B
299804,6.798276644,14975.565,576.163391,4,A
299840,6.799092971,14975.761,649.513550,9,B
299875,6.799886621,14975.949,0.827174,0,A
299910,6.800680272,14976.139,72.141678,5,B
299946,6.801496599,14976.331,145.494675,1,A
299981,6.802290249,14976.519,216.811005,6,B
300016,6.803083900,14976.705,288.128204,2,A
300052,6.803900227,14976.896,361.483978,7,B
300087,6.804693878,14977.080,432.802979,3,A
300122,6.805487528,14977.265,504.122864,8,B
300158,6.806303855,14977.453,577.481384,4,A
300193,6.807097506,14977.637,648.803040,9,B
300228,6.807891156,14977.818,0.125556,0,A
300264,6.808707483,14978.004,73.486771,5,B
300299,6.809501134,14978.185,144.811035,1,A
300334,6.810294785,14978.364,216.136169,6,B
300370,6.811111111,14978.548,289.500061,2,A
300405,6.811904762,14978.728,360.826904,7,B
300440,6.812698413,14978.904,432.154602,3,A
300476,6.813514739,14979.086,505.521149,8,B
300511,6.814308390,14979.263,576.850525,4,A
300546,6.815102041,14979.438,648.180786,9,B
300582,6.815918367,14979.617,1.549927,0,A
300617,6.816712018,14979.791,72.881866,5,B
300652,6.817505669,14979.964,144.214630,1,A
300688,6.818321995,14980.142,217.586319,6,B
300723,6.819115646,14980.313,288.920746,2,A
300758,6.819909297,14980.484,360.255981,7,B
300794,6.820725624,14980.659,433.630219,3,A
300829,6.821519274,14980.828,504.967133,8,B
300864,6.822312925,14980.997,576.304810,4,A
300900,6.823129252,14981.170,649.681580,9,B
300935,6.823922902,14981.337,1.020869,0,A
300970,6.824716553,14981.504,72.360977,5,B
301006,6.825532880,14981.674,145.740204,1,A
301041,6.826326531,14981.839,217.081909,6,B
301076,6.827120181,14982.003,288.424408,2,A
301112,6.827936508,14982.171,361.806061,7,B
301147,6.828730159,14982.334,433.150116,3,A
301182,6.829523810,14982.496,504.494965,8,B
301218,6.830340136,14982.661,577.879028,4,A
301253,6.831133787,14982.822,649.225464,9,B
301288,6.831927438,14982.981,0.572605,0,A
301324,6.832743764,14983.145,73.959053,5,B
301359,6.833537415,14983.304,145.307755,1,A
301394,6.834331066,14983.461,216.657196,6,B
301429,6.835124717,14983.618,288.007416,2,A
301465,6.835941043,14983.778,361.396942,7,B
301500,6.836734694,14983.935,432.748657,3,A
301535,6.837528345,14984.089,504.101105,8,B
301571,6.838344671,14984.247,577.492981,4,A
301606,6.839138322,14984.400,648.846924,9,B
301641,6.839931973,14984.553,0.201554,0,A
301677,6.840748299,14984.708,73.595673,5,B
301712,6.841541950,14984.859,144.951797,1,A
301747,6.842335601,14985.010,216.308640,6,B
301783,6.843151927,14985.163,289.704987,2,A
301818,6.843945578,14985.312,361.063263,7,B
301853,6.844739229,14985.460,432.422272,3,A
301889,6.845555556,14985.611,505.820801,8,B
301924,6.846349206,14985.757,577.181213,4,A
301959,6.847142857,14985.903,648.542297,9,B
301995,6.847959184,14986.052,1.943044,0,A
302030,6.848752834,14986.196,73.305550,5,B
302065,6.849546485,14986.339,144.668747,1,A
302100,6.850340136,14986.482,216.032608,6,B
302136,6.851156463,14986.628,289.436157,2,A
302171,6.851950113,14986.770,360.801392,7,B
302206,6.852743764,14986.910,432.167328,3,A
302242,6.853560091,14987.054,505.572937,8,B
302277,6.854353741,14987.192,576.940186,4,A
302312,6.855147392,14987.331,648.308167,9,B
302348,6.855963719,14987.473,1.715830,0,A
302383,6.856757370,14987.608,73.085083,5,B
302418,6.857551020,14987.745,144.454987,1,A
302454,6.858367347,14987.884,217.864700,6,B
302489,6.859160998,14988.019,289.235901,2,A
302524,6.859954649,14988.152,360.607758,7,B
302560,6.860770975,14988.289,434.019440,3,A
302595,6.861564626,14988.422,505.392578,8,B
302630,6.862358277,14988.553,576.766357,4,A
302665,6.863151927,14988.684,648.140747,9,B
302701,6.863968254,14988.817,1.555018,0,A
302736,6.864761905,14988.946,72.930656,5,B
302771,6.865555556,14989.075,144.306915,1,A
302807,6.866371882,14989.207,217.723114,6,B
302842,6.867165533,14989.333,289.100616,2,A
302877,6.867959184,14989.460,360.478699,7,B
302913,6.868775510,14989.589,433.896790,3,A
302948,6.869569161,14989.714,505.276093,8,B
302983,6.870362812,14989.838,576.655945,4,A
303018,6.871156463,14989.961,648.036438,9,B
303054,6.871972789,14990.087,1.456992,0,A
303089,6.872766440,14990.209,72.838654,5,B
303124,6.873560091,14990.330,144.220901,1,A
303160,6.874376417,14990.453,217.643234,6,B
303195,6.875170068,14990.573,289.026642,2,A
303230,6.875963719,14990.692,360.410614,7,B
303266,6.876780045,14990.813,433.834717,3,A
303301,6.877573696,14990.931,505.219818,8,B
303336,6.878367347,14991.048,576.605469,4,A
303372,6.879183673,14991.166,650.031311,9,B
303407,6.879977324,14991.281,1.418123,0,A
303442,6.880770975,14991.396,72.805458,5,B
303477,6.881564626,14991.510,144.193329,1,A
303513,6.882380952,14991.625,217.621429,6,B
303548,6.883174603,14991.737,289.010376,2,A
303583,6.883968254,14991.849,360.399872,7,B
303619,6.884784580,14991.962,433.829620,3,A
303654,6.885578231,14992.072,505.220184,8,B
303689,6.886371882,14992.181,576.611267,4,A
303724,6.887165533,14992.289,648.002869,9,B
303760,6.887981859,14992.399,1.434780,0,A
303795,6.888775510,14992.507,72.827423,5,B
303830,6.889569161,14992.612,144.220566,1,A
303866,6.890385488,14992.721,217.654037,6,B
303901,6.891179138,14992.825,289.048218,2,A
303936,6.891972789,14992.929,360.442871,7,B
303972,6.892789116,14993.034,433.877899,3,A
304007,6.893582766,14993.137,505.273529,8,B
304042,6.894376417,14993.238,576.669678,4,A
304077,6.895170068,14993.339,648.066284,9,B
304113,6.895986395,14993.441,1.503318,0,A
304148,6.896780045,14993.541,72.900902,5,B
304183,6.897573696,14993.640,144.298965,1,A
304219,6.898390023,14993.739,217.737442,6,B
304254,6.899183673,14993.837,289.136444,2,A
304289,6.899977324,14993.933,360.535919,7,B
304325,6.900793651,14994.031,433.975830,3,A
304360,6.901587302,14994.126,505.376221,8,B
304395,6.902380952,14994.220,576.777039,4,A
304430,6.903174603,14994.313,648.178284,9,B
304466,6.903990930,14994.408,1.620083,0,A
304501,6.904784580,14994.500,73.022255,5,B
304536,6.905578231,14994.591,144.424850,1,A
304572,6.906394558,14994.684,217.867981,6,B
304607,6.907188209,14994.772,289.271454,2,A
304642,6.907981859,14994.861,360.675354,7,B
304677,6.908775510,14994.949,432.079681,3,A
304713,6.909591837,14995.039,505.524536,8,B
304748,6.910385488,14995.126,576.929688,4,A
304783,6.911179138,14995.211,648.335266,9,B
304819,6.911995465,14995.299,1.781421,0,A
304854,6.912789116,14995.382,73.187805,5,B
304889,6.913582766,14995.465,144.594589,1,A
304924,6.914376417,14995.548,216.001770,6,B
304960,6.915192744,14995.632,289.449554,2,A
304995,6.915986395,14995.713,360.857544,7,B
305030,6.916780045,14995.793,432.265900,3,A
305066,6.917596372,14995.875,505.714874,8,B
305101,6.918390023,14995.954,577.124023,4,A
305136,6.919183673,14996.032,648.533508,9,B
305172,6.920000000,14996.111,1.983659,0,A
305207,6.920793651,14996.188,73.393898,5,B
305242,6.921587302,14996.264,144.804504,1,A
305277,6.922380952,14996.339,216.215469,6,B
305313,6.923197279,14996.415,289.667114,2,A
305348,6.923990930,14996.488,361.078796,7,B
305383,6.924784580,14996.562,432.490814,3,A
305419,6.925600907,14996.635,505.943542,8,B
305454,6.926394558,14996.706,577.356262,4,A
305489,6.927188209,14996.776,648.769348,9,B
305524,6.927981859,14996.847,0.182730,0,A
305560,6.928798186,14996.917,73.636848,5,B
305595,6.929591837,14996.985,145.050903,1,A
305630,6.930385488,14997.053,216.465286,6,B
305666,6.931201814,14997.121,289.920410,2,A
305701,6.931995465,14997.187,361.335449,7,B
305736,6.932789116,14997.252,432.750763,3,A
305771,6.933582766,14997.316,504.166412,8,B
305807,6.934399093,14997.382,577.622803,4,A
305842,6.935192744,14997.444,649.039062,9,B
305877,6.935986395,14997.507,0.455634,0,A
305913,6.936802721,14997.569,73.912964,5,B
305948,6.937596372,14997.630,145.330109,1,A
305983,6.938390023,14997.689,216.747543,6,B
306018,6.939183673,14997.748,288.165253,2,A
306054,6.940000000,14997.809,361.623779,7,B
306089,6.940793651,14997.865,433.042053,3,A
306124,6.941587302,14997.922,504.460602,8,B
306160,6.942403628,14997.980,577.919983,4,A
306195,6.943197279,14998.035,649.339050,9,B
306230,6.943990930,14998.090,0.758390,0,A
306265,6.944784580,14998.144,72.177994,5,B
306301,6.945600907,14998.197,145.638428,1,A
306336,6.946394558,14998.250,217.058548,6,B
306371,6.947188209,14998.301,288.478912,2,A
306407,6.948004535,14998.354,361.940094,7,B
306442,6.948798186,14998.403,433.360962,3,A
306477,6.949591837,14998.451,504.782043,8,B
306512,6.950385488,14998.500,576.203369,4,A
306548,6.951201814,14998.549,649.665527,9,B
306583,6.951995465,14998.596,1.087298,0,A
306618,6.952789116,14998.642,72.509293,5,B
306654,6.953605442,14998.688,145.972153,1,A
306689,6.954399093,14998.732,217.394577,6,B
306724,6.955192744,14998.775,288.817230,2,A
306759,6.955986395,14998.818,360.240082,7,B
306795,6.956802721,14998.862,433.703796,3,A
306830,6.957596372,14998.904,505.127045,8,B
306865,6.958390023,14998.944,576.550476,4,A
306901,6.959206349,14998.985,650.014832,9,B
306936,6.960000000,14999.024,1.438643,0,A
306971,6.960793651,14999.062,72.862663,5,B
307006,6.961587302,14999.100,144.286865,1,A
307042,6.962403628,14999.138,217.751938,6,B
307077,6.963197279,14999.174,289.176483,2,A
307112,6.963990930,14999.209,360.601196,7,B
307147,6.964784580,14999.243,432.026093,3,A
307183,6.965600907,14999.277,505.491882,8,B
307218,6.966394558,14999.311,576.917053,4,A
307253,6.967188209,14999.343,648.342468,9,B
307289,6.968004535,14999.375,1.808701,0,A
307324,6.968798186,14999.405,73.234375,5,B
307359,6.969591837,14999.436,144.660187,1,A
307394,6.970385488,14999.464,216.086136,6,B
307430,6.971201814,14999.494,289.552979,2,A
307465,6.971995465,14999.521,360.979218,7,B
307500,6.972789116,14999.548,432.405579,3,A
307536,6.973605442,14999.575,505.872803,8,B
307571,6.974399093,14999.600,577.299438,4,A
307606,6.975192744,14999.624,648.726135,9,B
307641,6.975986395,14999.647,0.152978,0,A
307677,6.976802721,14999.671,73.620697,5,B
307712,6.977596372,14999.693,145.047760,1,A
307747,6.978390023,14999.715,216.474930,6,B
307783,6.979206349,14999.736,289.942963,2,A
307818,6.980000000,14999.756,361.370331,7,B
307853,6.980793651,14999.774,432.797791,3,A
307888,6.981587302,14999.793,504.225342,8,B
307924,6.982403628,14999.811,577.693726,4,A
307959,6.983197279,14999.828,649.121460,9,B
307994,6.983990930,14999.843,0.549245,0,A
308030,6.984807256,14999.858,74.017906,5,B
308065,6.985600907,14999.873,145.445847,1,A
308100,6.986394558,14999.887,216.873840,6,B
308135,6.987188209,14999.899,288.301910,2,A
308171,6.988004535,14999.912,361.770844,7,B
308206,6.988798186,14999.923,433.199005,3,A
308241,6.989591837,14999.934,504.627258,8,B
308276,6.990385488,14999.943,576.055542,4,A
308312,6.991201814,14999.953,649.524658,9,B
308347,6.991995465,14999.961,0.953026,0,A
308382,6.992789116,14999.969,72.381432,5,B
308418,6.993605442,14999.975,145.850677,1,A
308453,6.994399093,14999.980,217.279144,6,B
308488,6.995192744,14999.985,288.707642,2,A
308523,6.995986395,14999.990,360.136139,7,B
308559,6.996802721,14999.994,433.605499,3,A
308594,6.997596372,14999.996,505.034058,8,B
308629,6.998390023,14999.998,576.462585,4,A
308665,6.999206349,14999.999,649.932007,9,B
308700,7.000000000,15000.000,1.360564,0,A
308735,7.000793651,14996.516,72.780602,5,B
308770,7.001587302,14993.030,144.184036,1,A
308806,7.002403628,14989.445,217.610275,6,B
308841,7.003197279,14985.963,288.980042,2,A
308876,7.003990930,14982.479,360.333252,7,B
308912,7.004807256,14978.896,433.707794,3,A
308947,7.005600907,14975.415,505.027374,8,B
308982,7.006394558,14971.935,576.330322,4,A
309018,7.007210884,14968.354,649.653259,9,B
309053,7.008004535,14964.872,0.922594,0,A
309088,7.008798186,14961.393,72.175369,5,B
309124,7.009614512,14957.813,145.446655,1,A
309159,7.010408163,14954.334,216.665817,6,B
309195,7.011224490,14950.757,289.902527,2,A
309230,7.012018141,14947.278,361.088074,7,B
309265,7.012811791,14943.802,432.257080,3,A
309301,7.013628118,14940.226,505.442200,8,B
309336,7.014421769,14936.748,576.577637,4,A
309372,7.015238095,14933.172,649.728210,9,B
309407,7.016031746,14929.697,0.830047,0,A
309443,7.016848073,14926.123,73.946098,5,B
309478,7.017641723,14922.649,145.014374,1,A
309513,7.018435374,14919.174,216.066086,6,B
309549,7.019251701,14915.602,289.130615,2,A
309584,7.020045351,14912.130,360.148773,7,B
309620,7.020861678,14908.558,433.178802,3,A
309655,7.021655329,14905.085,504.163422,8,B
309691,7.022471655,14901.517,577.158936,4,A
309726,7.023265306,14898.045,648.110046,9,B
309762,7.024081633,14894.475,1.071066,0,A
309798,7.024897959,14890.906,74.014618,5,B
309833,7.025691610,14887.438,144.915192,1,A
309869,7.026507937,14883.869,217.824280,6,B
309904,7.027301587,14880.399,288.691345,2,A
309940,7.028117914,14876.833,361.565979,7,B
309975,7.028911565,14873.367,432.399536,3,A
310011,7.029727891,14869.801,505.239716,8,B
310046,7.030521542,14866.336,576.039795,4,A
310082,7.031337868,14862.771,648.845520,9,B
310118,7.032154195,14859.206,1.633806,0,A
310153,7.032947846,14855.741,72.383446,5,B
310189,7.033764172,14852.178,145.137299,1,A
310225,7.034580499,14848.615,217.873688,6,B
310260,7.035374150,14845.152,288.572906,2,A
310296,7.036190476,14841.592,361.274902,7,B
310332,7.037006803,14838.031,433.959442,3,A
310367,7.037800454,14834.569,504.608246,8,B
310403,7.038616780,14831.010,577.258423,4,A
310439,7.039433107,14827.451,649.891113,9,B
310474,7.040226757,14823.990,0.489564,0,A
310510,7.041043084,14820.431,73.087906,5,B
310546,7.041859410,14816.873,145.668823,1,A
310581,7.042653061,14813.416,216.216904,6,B
310617,7.043469388,14809.858,288.763458,2,A
310653,7.044285714,14806.303,361.292572,7,B
310689,7.045102041,14802.747,433.804291,3,A
310724,7.045895692,14799.292,504.285126,8,B
310760,7.046712018,14795.737,576.762512,4,A
310796,7.047528345,14792.184,649.222473,9,B
310832,7.048344671,14788.630,1.665028,0,A
310867,7.049138322,14785.174,72.078613,5,B
310903,7.049954649,14781.624,144.486862,1,A
310939,7.050770975,14778.071,216.877701,6,B
310975,7.051587302,14774.521,289.251160,2,A
311011,7.052403628,14770.970,361.607208,7,B
311047,7.053219955,14767.420,433.945892,3,A
311082,7.054013605,14763.968,504.258484,8,B
311118,7.054829932,14760.418,576.562866,4,A
311154,7.055646259,14756.870,648.849854,9,B
311190,7.056462585,14753.321,1.119463,0,A
311226,7.057278912,14749.773,73.371704,5,B
311262,7.058095238,14746.228,145.606567,1,A
311298,7.058911565,14742.680,217.824066,6,B
311333,7.059705215,14739.233,288.018860,2,A
311369,7.060521542,14735.688,360.202118,7,B
311405,7.061337868,14732.144,432.367981,3,A
311441,7.062154195,14728.600,504.516510,8,B
311477,7.062970522,14725.056,576.647644,4,A
311513,7.063786848,14721.512,648.761475,9,B
311549,7.064603175,14717.970,0.857920,0,A
311585,7.065419501,14714.428,72.937019,5,B
311621,7.066235828,14710.885,144.998779,1,A
311657,7.067052154,14707.345,217.043182,6,B
311693,7.067868481,14703.805,289.070251,2,A
311729,7.068684807,14700.266,361.079987,7,B
311765,7.069501134,14696.727,433.072357,3,A
311801,7.070317460,14693.188,505.047424,8,B
311837,7.071133787,14689.649,577.005127,4,A
311873,7.071950113,14686.111,648.945557,9,B
311909,7.072766440,14682.573,0.868601,0,A
311945,7.073582766,14679.037,72.774345,5,B
311981,7.074399093,14675.502,144.662766,1,A
312017,7.075215420,14671.965,216.533875,6,B
312053,7.076031746,14668.431,288.387665,2,A
312089,7.076848073,14664.896,360.224121,7,B
312125,7.077664399,14661.361,432.043304,3,A
312162,7.078503401,14657.729,505.839417,8,B
312198,7.079319728,14654.196,577.623474,4,A
312234,7.080136054,14650.666,649.390259,9,B
312270,7.080952381,14647.134,1.139714,0,A
312306,7.081768707,14643.603,72.871887,5,B
312342,7.082585034,14640.072,144.586761,1,A
312378,7.083401361,14636.542,216.284348,6,B
312415,7.084240363,14632.913,289.955505,2,A
312451,7.085056689,14629.384,361.618042,7,B
312487,7.085873016,14625.855,433.263306,3,A
312523,7.086689342,14622.327,504.891266,8,B
312559,7.087505669,14618.800,576.501953,4,A
312595,7.088321995,14615.273,648.095337,9,B
312632,7.089160998,14611.649,1.659471,0,A
312668,7.089977324,14608.124,73.217857,5,B
312704,7.090793651,14604.599,144.758972,1,A
312740,7.091609977,14601.073,216.282837,6,B
312777,7.092448980,14597.451,289.775482,2,A
312813,7.093265306,14593.927,361.264313,7,B
312849,7.094081633,14590.406,432.735931,3,A
312885,7.094897959,14586.883,504.190277,8,B
312922,7.095736961,14583.263,577.611450,4,A
312958,7.096553288,14579.741,649.030823,9,B
312994,7.097369615,14576.220,0.432953,0,A
313031,7.098208617,14572.604,73.800491,5,B
313067,7.099024943,14569.083,145.167648,1,A
313103,7.099841270,14565.564,216.517563,6,B
313140,7.100680272,14561.947,289.831451,2,A
313176,7.101496599,14558.429,361.146423,7,B
313212,7.102312925,14554.911,432.444153,3,A
313249,7.103151927,14551.297,505.704437,8,B
313285,7.103968254,14547.781,576.967224,4,A
313321,7.104784580,14544.265,648.212830,9,B
313358,7.105623583,14540.650,1.419522,0,A
313394,7.106439909,14537.136,72.630196,5,B
313431,7.107278912,14533.525,145.800995,1,A
313467,7.108095238,14530.012,216.976776,6,B
313503,7.108911565,14526.499,288.135315,2,A
313540,7.109750567,14522.887,361.252594,7,B
313576,7.110566893,14519.375,432.376251,3,A
313613,7.111405896,14515.768,505.457672,8,B
313649,7.112222222,14512.256,576.546448,4,A
313686,7.113061224,14508.647,649.592041,9,B
313722,7.113877551,14505.138,0.645965,0,A
313759,7.114716553,14501.532,73.655708,5,B
313795,7.115532880,14498.022,144.674789,1,A
313832,7.116371882,14494.416,217.648712,6,B
313868,7.117188209,14490.910,288.632935,2,A
313905,7.118027211,14487.305,361.571075,7,B
313941,7.118843537,14483.799,432.520477,3,A
313978,7.119682540,14480.196,505.422791,8,B
314014,7.120498866,14476.691,576.337402,4,A
314051,7.121337868,14473.088,649.203918,9,B
314087,7.122154195,14469.583,0.083697,0,A
314124,7.122993197,14465.983,72.914467,5,B
314161,7.123832200,14462.382,145.727112,1,A
314197,7.124648526,14458.880,216.554459,6,B
314234,7.125487528,14455.281,289.331360,2,A
314270,7.126303855,14451.780,360.123901,7,B
314307,7.127142857,14448.180,432.865051,3,A
314344,7.127981859,14444.584,505.588104,8,B
314380,7.128798186,14441.084,576.328247,4,A
314417,7.129637188,14437.486,649.015564,9,B
314454,7.130476190,14433.892,1.684786,0,A
314490,7.131292517,14430.394,72.372589,5,B
314527,7.132131519,14426.798,145.006088,1,A
314564,7.132970522,14423.205,217.621490,6,B
314600,7.133786848,14419.708,288.256958,2,A
314637,7.134625850,14416.113,360.836670,7,B
314674,7.135464853,14412.523,433.398315,3,A
314711,7.136303855,14408.930,505.941833,8,B
314747,7.137120181,14405.436,576.507385,4,A
314784,7.137959184,14401.846,649.015259,9,B
314821,7.138798186,14398.255,1.505084,0,A
314857,7.139614512,14394.763,72.018356,5,B
314894,7.140453515,14391.174,144.472504,1,A
314931,7.141292517,14387.585,216.908600,6,B
314968,7.142131519,14383.998,289.326630,2,A
315005,7.142970522,14380.410,361.726593,7,B
315041,7.143786848,14376.920,432.152466,3,A
315078,7.144625850,14373.335,504.516785,8,B
315115,7.145464853,14369.748,576.863098,4,A
315152,7.146303855,14366.165,649.191345,9,B
315189,7.147142857,14362.578,1.501524,0,A
315226,7.147981859,14358.996,73.793678,5,B
315262,7.148798186,14355.510,144.114670,1,A
315299,7.149637188,14351.926,216.371231,6,B
315336,7.150476190,14348.345,288.609772,2,A
315373,7.151315193,14344.763,360.830261,7,B
315410,7.152154195,14341.183,433.032745,3,A
315447,7.152993197,14337.602,505.217194,8,B
315484,7.153832200,14334.021,577.383606,4,A
315521,7.154671202,14330.442,649.532043,9,B
315558,7.155510204,14326.863,1.662415,0,A
315595,7.156349206,14323.286,73.774796,5,B
315632,7.157188209,14319.708,145.869156,1,A
315669,7.158027211,14316.132,217.945526,6,B
315705,7.158843537,14312.652,288.056580,2,A
315742,7.159682540,14309.075,360.097443,7,B
315779,7.160521542,14305.501,432.120270,3,A
315816,7.161360544,14301.926,504.125122,8,B
315853,7.162199546,14298.353,576.111938,4,A
315890,7.163038549,14294.778,648.080811,9,B
315927,7.163877551,14291.207,0.031706,0,A
315965,7.164739229,14287.538,73.908478,5,B
316002,7.165578231,14283.966,145.822906,1,A
316039,7.166417234,14280.396,217.719345,6,B
316076,7.167256236,14276.824,289.597809,2,A
316113,7.168095238,14273.255,361.458313,7,B
316150,7.168934240,14269.685,433.300842,3,A
316187,7.169773243,14266.117,505.125427,8,B
316224,7.170612245,14262.548,576.932007,4,A
316261,7.171451247,14258.981,648.720642,9,B
316298,7.172290249,14255.414,0.491336,0,A
316335,7.173129252,14251.848,72.244064,5,B
316373,7.173990930,14248.186,145.917358,1,A
316410,7.174829932,14244.620,217.633713,6,B
316447,7.175668934,14241.056,289.332092,2,A
316484,7.176507937,14237.491,361.012543,7,B
316521,7.177346939,14233.929,432.675079,3,A
316558,7.178185941,14230.365,504.319641,8,B
316596,7.179047619,14226.706,577.881897,4,A
316633,7.179886621,14223.144,649.490112,9,B
316670,7.180725624,14219.583,1.080414,0,A
316707,7.181564626,14216.022,72.652786,5,B
316744,7.182403628,14212.463,144.207230,1,A
316782,7.183265306,14208.808,217.676941,6,B
316819,7.184104308,14205.248,289.195068,2,A
316856,7.184943311,14201.691,360.695282,7,B
316893,7.185782313,14198.132,432.177582,3,A
316931,7.186643991,14194.479,505.573212,8,B
316968,7.187482993,14190.924,577.019226,4,A
317005,7.188321995,14187.367,648.447327,9,B
317043,7.189183673,14183.716,1.787294,0,A
317080,7.190022676,14180.162,73.179123,5,B
317117,7.190861678,14176.607,144.553055,1,A
317155,7.191723356,14172.958,217.837402,6,B
317192,7.192562358,14169.404,289.175079,2,A
317229,7.193401361,14165.853,360.494873,7,B
317267,7.194263039,14162.205,433.723633,3,A
317304,7.195102041,14158.652,505.007172,8,B
317341,7.195941043,14155.104,576.272827,4,A
317379,7.196802721,14151.458,649.446045,9,B
317416,7.197641723,14147.908,0.675474,0,A
317454,7.198503401,14144.263,73.811447,5,B
317491,7.199342404,14140.716,145.004684,1,A
317528,7.200181406,14137.167,216.180069,6,B
317566,7.201043084,14133.524,289.260529,2,A
317603,7.201882086,14129.979,360.399719,7,B
317641,7.202743764,14126.338,433.442993,3,A
317678,7.203582766,14122.792,504.546021,8,B
317716,7.204444444,14119.151,577.552124,4,A
317753,7.205283447,14115.606,648.618958,9,B
317791,7.206145125,14111.967,1.587970,0,A
317828,7.206984127,14108.425,72.618652,5,B
317866,7.207845805,14104.788,145.550507,1,A
317903,7.208684807,14101.244,216.545044,6,B
317941,7.209546485,14097.608,289.439789,2,A
317978,7.210385488,14094.068,360.398193,7,B
318016,7.211247166,14090.434,433.255829,3,A
318053,7.212086168,14086.894,504.178131,8,B
318091,7.212947846,14083.259,576.998657,4,A
318129,7.213809524,14079.626,649.800415,9,B
318166,7.214648526,14076.087,0.668320,0,A
318204,7.215510204,14072.455,73.433014,5,B
318241,7.216349206,14068.919,144.264801,1,A
318279,7.217210884,14065.288,216.992432,6,B
318317,7.218072562,14061.657,289.701294,2,A
318354,7.218911565,14058.122,360.478729,7,B
318392,7.219773243,14054.493,433.150543,3,A
318430,7.220634921,14050.864,505.803619,8,B
318467,7.221473923,14047.332,576.526733,4,A
318505,7.222335601,14043.703,649.142761,9,B
318543,7.223197279,14040.076,1.740034,0,A
318580,7.224036281,14036.547,72.408844,5,B
318618,7.224897959,14032.921,144.969116,1,A
318656,7.225759637,14029.296,217.510651,6,B
318693,7.226598639,14025.766,288.125183,2,A
318731,7.227460317,14022.142,360.629730,7,B
318769,7.228321995,14018.519,433.115570,3,A
318807,7.229183673,14014.896,505.582642,8,B
318844,7.230022676,14011.368,576.124695,4,A
318882,7.230884354,14007.747,648.554810,9,B
318920,7.231746032,14004.126,0.966231,0,A
318958,7.232607710,14000.507,73.358917,5,B
318996,7.233469388,13996.887,145.732880,1,A
319033,7.234308390,13993.363,216.184296,6,B
319071,7.235170068,13989.746,288.521332,2,A
319109,7.236031746,13986.128,360.839661,7,B
319147,7.236893424,13982.510,433.139313,3,A
319185,7.237755102,13978.893,505.420227,8,B
319223,7.238616780,13975.277,577.682495,4,A
319260,7.239455782,13971.759,648.025146,9,B
319298,7.240317460,13968.144,0.250465,0,A
319336,7.241179138,13964.529,72.457123,5,B
319374,7.242040816,13960.916,144.645096,1,A
319412,7.242902494,13957.304,216.814407,6,B
319450,7.243764172,13953.689,288.965027,2,A
319488,7.244625850,13950.078,361.096954,7,B
319526,7.245487528,13946.467,433.210236,3,A
319564,7.246349206,13942.857,505.304871,8,B
319602,7.247210884,13939.248,577.380798,4,A
319640,7.248072562,13935.639,649.438110,9,B
319678,7.248934240,13932.031,1.476718,0,A
319716,7.249795918,13928.423,73.496689,5,B
319754,7.250657596,13924.815,145.498016,1,A
319792,7.251519274,13921.209,217.480682,6,B
319830,7.252380952,13917.604,289.444733,2,A
319868,7.253242630,13913.998,361.390106,7,B
319906,7.254104308,13910.394,433.316864,3,A
319944,7.254965986,13906.789,505.224976,8,B
319982,7.255827664,13903.187,577.114441,4,A
320020,7.256689342,13899.582,648.985291,9,B
320058,7.257551020,13895.979,0.837543,0,A
320096,7.258412698,13892.378,72.671150,5,B
320134,7.259274376,13888.777,144.486145,1,A
320172,7.260136054,13885.177,216.282516,6,B
320210,7.260997732,13881.578,288.060272,2,A
320249,7.261882086,13877.883,361.707581,7,B
320287,7.262743764,13874.284,433.447632,3,A
320325,7.263605442,13870.687,505.169067,8,B
320363,7.264467120,13867.090,576.871948,4,A
320401,7.265328798,13863.493,648.556213,9,B
320439,7.266190476,13859.897,0.221857,0,A
320478,7.267074830,13856.207,73.754128,5,B
320516,7.267936508,13852.612,145.382126,1,A
320554,7.268798186,13849.019,216.991547,6,B
320592,7.269659864,13845.425,288.582367,2,A
320630,7.270521542,13841.832,360.154633,7,B
320669,7.271405896,13838.146,433.591064,3,A
320707,7.272267574,13834.556,505.125702,8,B
320745,7.273129252,13830.962,576.641724,4,A
320783,7.273990930,13827.372,648.139221,9,B
320822,7.274875283,13823.689,1.498953,0,A
320860,7.275736961,13820.101,72.958839,5,B
320898,7.276598639,13816.512,144.400177,1,A
320937,7.277482993,13812.829,217.702255,6,B
320975,7.278344671,13809.242,289.106018,2,A
321013,7.279206349,13805.655,360.491211,7,B
321052,7.280090703,13801.975,433.735687,3,A
321090,7.280952381,13798.390,505.083313,8,B
321128,7.281814059,13794.805,576.412415,4,A
321167,7.282698413,13791.126,649.599365,9,B
321205,7.283560091,13787.542,0.890898,0,A
321243,7.284421769,13783.959,72.163925,5,B
321282,7.285306122,13780.284,145.293304,1,A
321320,7.286167800,13776.703,216.528809,6,B
321359,7.287052154,13773.027,289.619690,2,A
321397,7.287913832,13769.447,360.817657,7,B
321436,7.288798186,13765.773,433.870056,3,A
321474,7.289659864,13762.194,505.030548,8,B
321512,7.290521542,13758.615,576.172546,4,A
321551,7.291405896,13754.944,649.167419,9,B
321589,7.292267574,13751.366,0.271937,0,A
321628,7.293151927,13747.696,73.228386,5,B
321666,7.294013605,13744.121,144.295425,1,A
321705,7.294897959,13740.451,217.213425,6,B
321743,7.295759637,13736.877,288.243011,2,A
321782,7.296643991,13733.208,361.122589,7,B
321820,7.297505669,13729.635,432.114716,3,A
321859,7.298390023,13725.970,504.955872,8,B
321898,7.299274376,13722.303,577.777588,4,A
321936,7.300136054,13718.731,648.713318,9,B
321975,7.301020408,13715.066,1.496634,0,A
322013,7.301882086,13711.496,72.394989,5,B
322052,7.302766440,13707.834,145.139908,1,A
322090,7.303628118,13704.265,216.000870,6,B
322129,7.304512472,13700.603,288.707397,2,A
322168,7.305396825,13696.940,361.394531,7,B
322206,7.306258503,13693.373,432.199158,3,A
322245,7.307142857,13689.714,504.847931,8,B
322284,7.308027211,13686.055,577.477295,4,A
322322,7.308888889,13682.489,648.225647,9,B
322361,7.309773243,13678.831,0.816660,0,A
322400,7.310657596,13675.174,73.388260,5,B
322438,7.311519274,13671.611,144.080383,1,A
322477,7.312403628,13667.955,216.613678,6,B
322516,7.313287982,13664.298,289.127563,2,A
322555,7.314172336,13660.645,361.622070,7,B
322593,7.315034014,13657.085,432.239075,3,A
322632,7.315918367,13653.430,504.695312,8,B
322671,7.316802721,13649.778,577.132141,4,A
322710,7.317687075,13646.125,649.549622,9,B
322748,7.318548753,13642.568,0.091547,0,A
322787,7.319433107,13638.916,72.470741,5,B
322826,7.320317460,13635.267,144.830566,1,A
322865,7.321201814,13631.616,217.171036,6,B
322904,7.322086168,13627.967,289.492126,2,A
322943,7.322970522,13624.320,361.793854,7,B
322981,7.323832200,13620.766,432.223083,3,A
323020,7.324716553,13617.118,504.486603,8,B
323059,7.325600907,13613.471,576.730774,4,A
323098,7.326485261,13609.827,648.955627,9,B
323137,7.327369615,13606.181,1.161105,0,A
323176,7.328253968,13602.538,73.347252,5,B
323215,7.329138322,13598.893,145.514069,1,A
323254,7.330022676,13595.250,217.661545,6,B
323293,7.330907029,13591.609,289.789703,2,A
323331,7.331768707,13588.061,360.049805,7,B
323370,7.332653061,13584.418,432.139832,3,A
323409,7.333537415,13580.777,504.210510,8,B
323448,7.334421769,13577.140,576.261841,4,A
323487,7.335306122,13573.499,648.293945,9,B
323526,7.336190476,13569.860,0.306679,0,A
323565,7.337074830,13566.224,72.300125,5,B
323604,7.337959184,13562.586,144.274277,1,A
323643,7.338843537,13558.951,216.229126,6,B
323682,7.339727891,13555.314,288.164673,2,A
323721,7.340612245,13551.679,360.080933,7,B
323761,7.341519274,13547.951,433.821198,3,A
323800,7.342403628,13544.318,505.698395,8,B
323839,7.343287982,13540.686,577.556335,4,A
323878,7.344172336,13537.052,649.394958,9,B
323917,7.345056689,13533.422,1.214341,0,A
323956,7.345941043,13529.790,73.014450,5,B
323995,7.346825397,13526.159,144.795288,1,A
324034,7.347709751,13522.531,216.556885,6,B
324073,7.348594104,13518.900,288.299194,2,A
324112,7.349478458,13515.273,360.022278,7,B
324152,7.350385488,13511.551,433.564392,3,A
324191,7.351269841,13507.926,505.248474,8,B
324230,7.352154195,13504.299,576.913330,4,A
324269,7.353038549,13500.674,648.558899,9,B
324308,7.353922902,13497.049,0.185271,0,A
324348,7.354829932,13493.331,73.628227,5,B
324387,7.355714286,13489.707,145.215622,1,A
324426,7.356598639,13486.083,216.783813,6,B
324465,7.357482993,13482.462,288.332764,2,A
324505,7.358390023,13478.748,361.696350,7,B
324544,7.359274376,13475.126,433.206360,3,A
324583,7.360158730,13471.505,504.697205,8,B
324622,7.361043084,13467.887,576.168823,4,A
324662,7.361950113,13464.175,649.453064,9,B
324701,7.362834467,13460.557,0.885779,0,A
324740,7.363718821,13456.938,72.299294,5,B
324780,7.364625850,13453.229,145.523987,1,A
324819,7.365510204,13449.613,216.898621,6,B
324858,7.366394558,13445.997,288.254089,2,A
324898,7.367301587,13442.289,361.419220,7,B
324937,7.368185941,13438.675,432.735840,3,A
324976,7.369070295,13435.061,504.033234,8,B
325016,7.369977324,13431.355,577.138916,4,A
325055,7.370861678,13427.744,648.397461,9,B
325095,7.371768707,13424.041,1.463308,0,A
325134,7.372653061,13420.429,72.683083,5,B
325174,7.373560091,13416.727,145.709091,1,A
325213,7.374444444,13413.116,216.890060,6,B
325252,7.375328798,13409.507,288.051880,2,A
325292,7.376235828,13405.807,361.018463,7,B
325331,7.377120181,13402.200,432.141510,3,A
325371,7.378027211,13398.499,505.068329,8,B
325410,7.378911565,13394.894,576.152588,4,A
325450,7.379818594,13391.196,649.039673,9,B
325489,7.380702948,13387.591,0.085178,0,A
325529,7.381609977,13383.895,72.932503,5,B
325569,7.382517007,13380.199,145.759720,1,A
325608,7.383401361,13376.596,216.746887,6,B
325648,7.384308390,13372.901,289.534393,2,A
325687,7.385192744,13369.299,360.482849,7,B
325727,7.386099773,13365.607,433.230621,3,A
325766,7.386984127,13362.006,504.140381,8,B
325806,7.387891156,13358.314,576.848511,4,A
325846,7.388798186,13354.624,649.536499,9,B
325885,7.389682540,13351.025,0.387995,0,A
325925,7.390589569,13347.336,73.036354,5,B
325965,7.391496599,13343.647,145.664627,1,A
326004,7.392380952,13340.053,216.457870,6,B
326044,7.393287982,13336.363,289.046509,2,A
326084,7.394195011,13332.678,361.615082,7,B
326123,7.395079365,13329.085,432.350128,3,A
326163,7.395986395,13325.398,504.879089,8,B
326203,7.396893424,13321.714,577.388000,4,A
326242,7.397777778,13318.123,648.064880,9,B
326282,7.398684807,13314.438,0.534154,0,A
326322,7.399591837,13310.756,72.983414,5,B
326362,7.400498866,13307.074,145.412628,1,A
326401,7.401383220,13303.484,216.011841,6,B
326441,7.402290249,13299.804,288.401489,2,A
326481,7.403197279,13296.125,360.771118,7,B
326521,7.404104308,13292.446,433.120728,3,A
326561,7.405011338,13288.769,505.450287,8,B
326601,7.405918367,13285.090,577.759888,4,A
326640,7.406802721,13281.506,648.242432,9,B
326680,7.407709751,13277.830,0.512476,0,A
326720,7.408616780,13274.154,72.762520,5,B
326760,7.409523810,13270.479,144.992554,1,A
326800,7.410430839,13266.804,217.202606,6,B
326840,7.411337868,13263.132,289.392639,2,A
326880,7.412244898,13259.459,361.562714,7,B
326920,7.413151927,13255.787,433.712799,3,A
326959,7.414036281,13252.207,504.039886,8,B
326999,7.414943311,13248.537,576.150513,4,A
327039,7.415850340,13244.867,648.241150,9,B
327079,7.416757370,13241.197,0.311810,0,A
327119,7.417664399,13237.528,72.362518,5,B
327159,7.418571429,13233.861,144.393265,1,A
327199,7.419478458,13230.194,216.404037,6,B
327239,7.420385488,13226.529,288.394867,2,A
327279,7.421292517,13222.863,360.365753,7,B
327319,7.422199546,13219.196,432.316681,3,A
327359,7.423106576,13215.533,504.247681,8,B
327399,7.424013605,13211.869,576.158752,4,A
327439,7.424920635,13208.207,648.049866,9,B
327480,7.425850340,13204.453,1.717548,0,A
327520,7.426757370,13200.792,73.568306,5,B
327560,7.427664399,13197.132,145.399139,1,A
327600,7.428571429,13193.472,217.210052,6,B
327640,7.429478458,13189.811,289.001038,2,A
327680,7.430385488,13186.153,360.772125,7,B
327720,7.431292517,13182.496,432.523315,3,A
327760,7.432199546,13178.839,504.254578,8,B
327801,7.433129252,13175.091,577.758484,4,A
327841,7.434036281,13171.436,649.449463,9,B
327881,7.434943311,13167.780,1.120554,0,A
327921,7.435850340,13164.127,72.771751,5,B
327961,7.436757370,13160.472,144.403061,1,A
328001,7.437664399,13156.819,216.014496,6,B
328042,7.438594104,13153.076,289.395569,2,A
328082,7.439501134,13149.425,360.966766,7,B
328122,7.440408163,13145.774,432.518066,3,A
328162,7.441315193,13142.125,504.049530,8,B
328203,7.442244898,13138.384,577.348633,4,A
328243,7.443151927,13134.736,648.839905,9,B
328283,7.444058957,13131.088,0.311266,0,A
328324,7.444988662,13127.350,73.548828,5,B
328364,7.445895692,13123.703,144.980011,1,A
328404,7.446802721,13120.058,216.391357,6,B
328445,7.447732426,13116.321,289.567413,2,A
328485,7.448639456,13112.678,360.938568,7,B
328525,7.449546485,13109.034,432.289917,3,A
328566,7.450476190,13105.300,505.404480,8,B
328606,7.451383220,13101.659,576.715698,4,A
328646,7.452290249,13098.018,648.007080,9,B
328687,7.453219955,13094.286,1.060169,0,A
328727,7.454126984,13090.646,72.311432,5,B
328768,7.455056689,13086.915,145.323425,1,A
328808,7.455963719,13083.277,216.534576,6,B
328849,7.456893424,13079.548,289.505463,2,A
328889,7.457800454,13075.911,360.676544,7,B
328930,7.458730159,13072.184,433.606354,3,A
328970,7.459637188,13068.549,504.737335,8,B
329011,7.460566893,13064.822,577.626099,4,A
329051,7.461473923,13061.188,648.717041,9,B
329092,7.462403628,13057.464,1.564706,0,A
329132,7.463310658,13053.832,72.615601,5,B
329173,7.464240363,13050.108,145.422256,1,A
329213,7.465147392,13046.478,216.433136,6,B
329254,7.466077098,13042.756,289.198761,2,A
329294,7.466984127,13039.126,360.169617,7,B
329335,7.467913832,13035.407,432.894257,3,A
329376,7.468843537,13031.688,505.598145,8,B
329416,7.469750567,13028.061,576.508789,4,A
329457,7.470680272,13024.343,649.171692,9,B
329497,7.471587302,13020.717,0.042362,0,A
329538,7.472517007,13017.000,72.664314,5,B
329579,7.473446712,13013.285,145.265533,1,A
329619,7.474353741,13009.661,216.076035,6,B
329660,7.475283447,13005.946,288.636322,2,A
329701,7.476213152,13002.235,361.175903,7,B
329742,7.477142857,12998.522,433.694763,3,A
329782,7.478049887,12994.902,504.424927,8,B
329823,7.478979592,12991.190,576.902893,4,A
329864,7.479909297,12987.480,649.360168,9,B
329904,7.480816327,12983.861,0.030210,0,A
329945,7.481746032,12980.152,72.446594,5,B
329986,7.482675737,12976.446,144.842300,1,A
330027,7.483605442,12972.738,217.217316,6,B
330068,7.484535147,12969.031,289.571655,2,A
330108,7.485442177,12965.417,360.141327,7,B
330149,7.486371882,12961.711,432.454834,3,A
330190,7.487301587,12958.008,504.747681,8,B
330231,7.488231293,12954.305,577.019897,4,A
330272,7.489160998,12950.602,649.271423,9,B
330313,7.490090703,12946.899,1.502272,0,A
330354,7.491020408,12943.199,73.712502,5,B
330394,7.491927438,12939.588,144.141602,1,A
330435,7.492857143,12935.890,216.311050,6,B
330476,7.493786848,12932.190,288.459869,2,A
330517,7.494716553,12928.492,360.588043,7,B
330558,7.495646259,12924.794,432.695618,3,A
330599,7.496575964,12921.100,504.782532,8,B
330640,7.497505669,12917.403,576.848877,4,A
330681,7.498435374,12913.707,648.894531,9,B
330722,7.499365079,12910.014,0.919654,0,A
330763,7.500294785,12906.320,72.924141,5,B
330804,7.501224490,12902.627,144.908020,1,A
330845,7.502154195,12898.934,216.871323,6,B
330886,7.503083900,12895.245,288.814026,2,A
330927,7.504013605,12891.554,360.736115,7,B
330968,7.504943311,12887.863,432.637634,3,A
331009,7.505873016,12884.174,504.518585,8,B
331050,7.506802721,12880.487,576.378967,4,A
331091,7.507732426,12876.799,648.218750,9,B
331132,7.508662132,12873.112,0.037981,0,A
331174,7.509614512,12869.336,73.587578,5,B
331215,7.510544218,12865.650,145.365173,1,A
331256,7.511473923,12861.966,217.122238,6,B
331297,7.512403628,12858.283,288.858734,2,A
331338,7.513333333,12854.600,360.574677,7,B
331379,7.514263039,12850.918,432.270081,3,A
331421,7.515215420,12847.146,505.692871,8,B
331462,7.516145125,12843.466,577.346741,4,A
331503,7.517074830,12839.785,648.980042,9,B
331544,7.518004535,12836.107,0.592815,0,A
331585,7.518934240,12832.429,72.185081,5,B
331627,7.519886621,12828.662,145.502228,1,A
331668,7.520816327,12824.984,217.052963,6,B
331709,7.521746032,12821.308,288.583191,2,A
331750,7.522675737,12817.635,360.092896,7,B
331792,7.523628118,12813.869,433.325531,3,A
331833,7.524557823,12810.196,504.793732,8,B
331874,7.525487528,12806.522,576.241455,4,A
331916,7.526439909,12802.760,649.410583,9,B
331957,7.527369615,12799.090,0.816875,0,A
331998,7.528299320,12795.418,72.202667,5,B
332040,7.529251701,12791.660,145.308350,1,A
332081,7.530181406,12787.990,216.652695,6,B
332123,7.531133787,12784.232,289.715912,2,A
332164,7.532063492,12780.564,361.018860,7,B
332205,7.532993197,12776.896,432.301300,3,A
332247,7.533945578,12773.142,505.301178,8,B
332288,7.534875283,12769.477,576.542236,4,A
332330,7.535827664,12765.723,649.499695,9,B
332371,7.536757370,12762.059,0.699376,0,A
332413,7.537709751,12758.307,73.614449,5,B
332454,7.538639456,12754.644,144.772766,1,A
332496,7.539591837,12750.894,217.645477,6,B
332537,7.540521542,12747.232,288.762451,2,A
332579,7.541473923,12743.484,361.592804,7,B
332620,7.542403628,12739.824,432.668457,3,A
332662,7.543356009,12736.076,505.456482,8,B
332703,7.544285714,12732.418,576.490784,4,A
332745,7.545238095,12728.673,649.236511,9,B
332786,7.546167800,12725.017,0.229569,0,A
332828,7.547120181,12721.273,72.932999,5,B
332870,7.548072562,12717.529,145.615036,1,A
332911,7.549002268,12713.875,216.545898,6,B
332953,7.549954649,12710.134,289.185669,2,A
332994,7.550884354,12706.480,360.075287,7,B
333036,7.551836735,12702.739,432.672821,3,A
333078,7.552789116,12699.000,505.248962,8,B
333119,7.553718821,12695.350,576.076477,4,A
333161,7.554671202,12691.611,648.610413,9,B
333203,7.555623583,12687.875,1.122978,0,A
333245,7.556575964,12684.139,73.614189,5,B
333286,7.557505669,12680.492,144.358826,1,A
333328,7.558458050,12676.757,216.807846,6,B
333370,7.559410431,12673.021,289.235535,2,A
333412,7.560362812,12669.289,361.641876,7,B
333453,7.561292517,12665.645,432.303711,3,A
333495,7.562244898,12661.914,504.667908,8,B
333537,7.563197279,12658.184,577.010803,4,A
333579,7.564149660,12654.451,649.332336,9,B
333621,7.565102041,12650.723,1.632584,0,A
333662,7.566031746,12647.083,72.190842,5,B
333704,7.566984127,12643.355,144.448990,1,A
333746,7.567936508,12639.629,216.685837,6,B
333788,7.568888889,12635.903,288.901367,2,A
333830,7.569841270,12632.176,361.095642,7,B
333872,7.570793651,12628.452,433.268616,3,A
333914,7.571746032,12624.729,505.420288,8,B
333956,7.572698413,12621.005,577.550720,4,A
333998,7.573650794,12617.283,649.659851,9,B
334039,7.574580499,12613.650,0.031608,0,A
334081,7.575532880,12609.930,72.098732,5,B
334123,7.576485261,12606.211,144.144592,1,A
334165,7.577437642,12602.490,216.169205,6,B
334207,7.578390023,12598.773,288.172546,2,A
334249,7.579342404,12595.057,360.154663,7,B
334291,7.580294785,12591.340,432.115540,3,A
334333,7.581247166,12587.623,504.055206,8,B
334376,7.582222222,12583.821,577.685669,4,A
334418,7.583174603,12580.105,649.582397,9,B
334460,7.584126984,12576.393,1.457828,0,A
334502,7.585079365,12572.682,73.312073,5,B
334544,7.586031746,12568.968,145.145096,1,A
334586,7.586984127,12565.258,216.956924,6,B
334628,7.587936508,12561.548,288.747528,2,A
334670,7.588888889,12557.837,360.516968,7,B
334712,7.589841270,12554.129,432.265198,3,A
334755,7.590816327,12550.334,505.699768,8,B
334797,7.591768707,12546.627,577.405090,4,A
334839,7.592721088,12542.922,649.089294,9,B
334881,7.593673469,12539.215,0.752278,0,A
334923,7.594625850,12535.512,72.394104,5,B
334965,7.595578231,12531.808,144.014771,1,A
335008,7.596553288,12528.017,217.318756,6,B
335050,7.597505669,12524.315,288.896606,2,A
335092,7.598458050,12520.614,360.453278,7,B
335135,7.599433107,12516.826,433.691772,3,A
335177,7.600385488,12513.125,505.205688,8,B
335219,7.601337868,12509.428,576.698425,4,A
335261,7.602290249,12505.729,648.170044,9,B
335304,7.603265306,12501.944,1.321497,0,A
335346,7.604217687,12498.248,72.750366,5,B
335388,7.605170068,12494.552,144.158112,1,A
335431,7.606145125,12490.771,217.244171,6,B
335473,7.607097506,12487.075,288.609192,2,A
335516,7.608072562,12483.294,361.651520,7,B
335558,7.609024943,12479.602,432.973816,3,A
335600,7.609977324,12475.911,504.275024,8,B
335643,7.610952381,12472.133,577.252075,4,A
335685,7.611904762,12468.443,648.510559,9,B
335728,7.612879819,12464.666,1.443909,0,A
335770,7.613832200,12460.979,72.659782,5,B
335813,7.614807256,12457.203,145.549438,1,A
335855,7.615759637,12453.515,216.722672,6,B
335898,7.616734694,12449.744,289.568695,2,A
335940,7.617687075,12446.058,360.699280,7,B
335983,7.618662132,12442.285,433.501678,3,A
336025,7.619614512,12438.603,504.589691,8,B
336068,7.620589569,12434.832,577.348450,4,A
336110,7.621541950,12431.150,648.393860,9,B
336153,7.622517007,12427.383,1.109053,0,A
336195,7.623469388,12423.703,72.111908,5,B
336238,7.624444444,12419.936,144.783524,1,A
336281,7.625419501,12416.170,217.433105,6,B
336323,7.626371882,12412.493,288.371887,2,A
336366,7.627346939,12408.729,360.977936,7,B
336409,7.628321995,12404.965,433.561951,3,A
336451,7.629274376,12401.291,504.436707,8,B
336494,7.630249433,12397.528,576.977234,4,A
336537,7.631224490,12393.768,649.495728,9,B
336579,7.632176871,12390.096,0.306509,0,A
336622,7.633151927,12386.336,72.781532,5,B
336665,7.634126984,12382.577,145.234558,1,A
336708,7.635102041,12378.820,217.665604,6,B
336750,7.636054422,12375.151,288.390991,2,A
336793,7.637029478,12371.396,360.778595,7,B
336836,7.638004535,12367.642,433.144226,3,A
336879,7.638979592,12363.888,505.487885,8,B
336921,7.639931973,12360.221,576.127930,4,A
336964,7.640907029,12356.469,648.428223,9,B
337007,7.641882086,12352.718,0.706538,0,A
337050,7.642857143,12348.967,72.962906,5,B
337093,7.643832200,12345.217,145.197342,1,A
337136,7.644807256,12341.468,217.409836,6,B
337179,7.645782313,12337.720,289.600403,2,A
337221,7.646734694,12334.060,360.090942,7,B
337264,7.647709751,12330.312,432.238190,3,A
337307,7.648684807,12326.567,504.363495,8,B
337350,7.649659864,12322.824,576.466919,4,A
337393,7.650634921,12319.080,648.548401,9,B
337436,7.651609977,12315.337,0.608001,0,A
337479,7.652585034,12311.594,72.645706,5,B
337522,7.653560091,12307.854,144.661514,1,A
337565,7.654535147,12304.111,216.655457,6,B
337608,7.655510204,12300.372,288.627502,2,A
337651,7.656485261,12296.635,360.577667,7,B
337694,7.657460317,12292.896,432.505981,3,A
337737,7.658435374,12289.160,504.412415,8,B
337780,7.659410431,12285.423,576.296997,4,A
337823,7.660385488,12281.688,648.159729,9,B
337866,7.661360544,12277.953,0.000599,0,A
337910,7.662358277,12274.133,73.489578,5,B
337953,7.663333333,12270.400,145.286255,1,A
337996,7.664308390,12266.668,217.061111,6,B
338039,7.665283447,12262.938,288.814117,2,A
338082,7.666258503,12259.208,360.545319,7,B
338125,7.667233560,12255.479,432.254700,3,A
338169,7.668231293,12251.662,505.609131,8,B
338212,7.669206349,12247.937,577.274353,4,A
338255,7.670181406,12244.210,648.917847,9,B
338298,7.671156463,12240.483,0.539453,0,A
338341,7.672131519,12236.758,72.139297,5,B
338385,7.673129252,12232.948,145.381699,1,A
338428,7.674104308,12229.225,216.937454,6,B
338471,7.675079365,12225.502,288.471436,2,A
338515,7.676077098,12221.695,361.646454,7,B
338558,7.677052154,12217.975,433.136383,3,A
338601,7.678027211,12214.254,504.604553,8,B
338644,7.679002268,12210.535,576.050964,4,A
338688,7.680000000,12206.730,649.136414,9,B
338731,7.680975057,12203.014,0.538797,0,A
338775,7.681972789,12199.210,73.579208,5,B
338818,7.682947846,12195.496,144.937622,1,A
338861,7.683922902,12191.781,216.274292,6,B
338905,7.684920635,12187.979,289.247467,2,A
338948,7.685895692,12184.268,360.540192,7,B
338992,7.686893424,12180.469,433.468384,3,A
339035,7.687868481,12176.758,504.717163,8,B
339079,7.688866213,12172.962,577.600464,4,A
339122,7.689841270,12169.253,648.805298,9,B
339166,7.690839002,12165.459,1.643630,0,A
339209,7.691814059,12161.751,72.804596,5,B
339253,7.692811791,12157.957,145.598022,1,A
339296,7.693786848,12154.253,216.715118,6,B
339340,7.694784580,12150.461,289.463654,2,A
339383,7.695759637,12146.756,360.536896,7,B
339427,7.696757370,12142.967,433.240570,3,A
339470,7.697732426,12139.264,504.269989,8,B
339514,7.698730159,12135.479,576.928833,4,A
339558,7.699727891,12131.689,649.564941,9,B
339601,7.700702948,12127.990,0.528409,0,A
339645,7.701700680,12124.205,73.119759,5,B
339688,7.702675737,12120.508,144.039413,1,A
339732,7.703673469,12116.725,216.585983,6,B
339776,7.704671202,12112.941,289.109894,2,A
339820,7.705668934,12109.161,361.611176,7,B
339863,7.706643991,12105.467,432.442810,3,A
339907,7.707641723,12101.688,504.899353,8,B
339951,7.708639456,12097.908,577.333252,4,A
339994,7.709614512,12094.217,648.099060,9,B
340038,7.710612245,12090.439,0.488280,0,A
340082,7.711609977,12086.664,72.854866,5,B
340126,7.712607710,12082.889,145.198853,1,A
340170,7.713605442,12079.115,217.520233,6,B
340213,7.714580499,12075.428,288.176117,2,A
340257,7.715578231,12071.656,360.452850,7,B
340301,7.716575964,12067.883,432.707001,3,A
340345,7.717573696,12064.113,504.938568,8,B
340389,7.718571429,12060.343,577.147583,4,A
340433,7.719569161,12056.574,649.333984,9,B
340477,7.720566893,12052.809,1.497895,0,A
340521,7.721564626,12049.040,73.639221,5,B
340564,7.722539683,12045.359,144.119186,1,A
340608,7.723537415,12041.595,216.215942,6,B
340652,7.724535147,12037.832,288.290161,2,A
340696,7.725532880,12034.067,360.341858,7,B
340740,7.726530612,12030.306,432.371002,3,A
340784,7.727528345,12026.543,504.377655,8,B
340828,7.728526077,12022.783,576.361755,4,A
340872,7.729523810,12019.024,648.323364,9,B
340916,7.730521542,12015.265,0.262496,0,A
340960,7.731519274,12011.508,72.179108,5,B
341004,7.732517007,12007.750,144.073227,1,A
341049,7.733537415,12003.910,217.578049,6,B
341093,7.734535147,12000.154,289.426697,2,A
341137,7.735532880,11996.400,361.252838,7,B
341181,7.736530612,11992.646,433.056549,3,A
341225,7.737528345,11988.895,504.837769,8,B
341269,7.738526077,11985.144,576.596558,4,A
341313,7.739523810,11981.393,648.332825,9,B
341357,7.740521542,11977.644,0.046715,0,A
341402,7.741541950,11973.809,73.367226,5,B
341446,7.742539683,11970.061,145.035690,1,A
341490,7.743537415,11966.314,216.681732,6,B
341534,7.744535147,11962.569,288.305359,2,A
341579,7.745555556,11958.739,361.533569,7,B
341623,7.746553288,11954.994,433.111847,3,A
341667,7.747551020,11951.251,504.667694,8,B
341711,7.748548753,11947.508,576.201111,4,A
341756,7.749569161,11943.684,649.337158,9,B
341800,7.750566893,11939.942,0.825322,0,A
341844,7.751564626,11936.203,72.291077,5,B
341889,7.752585034,11932.379,145.357910,1,A
341933,7.753582766,11928.640,216.778381,6,B
341977,7.754580499,11924.904,288.176514,2,A
342022,7.755600907,11921.084,361.174164,7,B
342066,7.756598639,11917.350,432.527039,3,A
342111,7.757619048,11913.530,505.478455,8,B
342155,7.758616780,11909.796,576.786133,4,A
342199,7.759614512,11906.065,648.071411,9,B
342244,7.760634921,11902.249,0.953766,0,A
342288,7.761632653,11898.519,72.193901,5,B
342333,7.762653061,11894.705,145.030045,1,A
342377,7.763650794,11890.976,216.225021,6,B
342422,7.764671202,11887.164,289.014984,2,A
342466,7.765668934,11883.438,360.164825,7,B
342511,7.766689342,11879.627,432.908630,3,A
342555,7.767687075,11875.902,504.013367,8,B
342600,7.768707483,11872.095,576.711060,4,A
342645,7.769727891,11868.287,649.385437,9,B
342689,7.770725624,11864.564,0.422283,0,A
342734,7.771746032,11860.758,73.050560,5,B
342778,7.772743764,11857.039,144.042358,1,A
342823,7.773764172,11853.235,216.624573,6,B
342868,7.774784580,11849.432,289.183502,2,A
342912,7.775782313,11845.716,360.107483,7,B
342957,7.776802721,11841.915,432.620392,3,A
343002,7.777823129,11838.114,505.110016,8,B
343047,7.778843537,11834.316,577.576355,4,A
343091,7.779841270,11830.601,648.409851,9,B
343136,7.780861678,11826.804,0.830246,0,A
343181,7.781882086,11823.008,73.227371,5,B
343226,7.782902494,11819.212,145.601257,1,A
343270,7.783900227,11815.504,216.344376,6,B
343315,7.784920635,11811.711,288.672333,2,A
343360,7.785941043,11807.918,360.977051,7,B
343405,7.786961451,11804.126,433.258575,3,A
343450,7.787981859,11800.337,505.516876,8,B
343494,7.788979592,11796.631,576.146973,4,A
343539,7.790000000,11792.843,648.359436,9,B
343584,7.791020408,11789.057,0.548646,0,A
343629,7.792040816,11785.269,72.714691,5,B
343674,7.793061224,11781.483,144.857544,1,A
343719,7.794081633,11777.699,216.977234,6,B
343764,7.795102041,11773.915,289.073761,2,A
343809,7.796122449,11770.133,361.147125,7,B
343854,7.797142857,11766.352,433.197327,3,A
343899,7.798163265,11762.569,505.224365,8,B
343944,7.799183673,11758.790,577.228271,4,A
343989,7.800204082,11755.012,649.209045,9,B
344034,7.801224490,11751.232,1.166688,0,A
344079,7.802244898,11747.457,73.101196,5,B
344124,7.803265306,11743.682,145.012589,1,A
344169,7.804285714,11739.907,216.900864,6,B
344214,7.805306122,11736.133,288.766022,2,A
344259,7.806326531,11732.359,360.608093,7,B
344304,7.807346939,11728.588,432.427063,3,A
344349,7.808367347,11724.816,504.222931,8,B
344395,7.809410431,11720.962,577.590393,4,A
344440,7.810430839,11717.193,649.339600,9,B
344485,7.811451247,11713.424,1.065745,0,A
344530,7.812471655,11709.657,72.768806,5,B
344575,7.813492063,11705.892,144.448807,1,A
344620,7.814512472,11702.128,216.105743,6,B
344666,7.815555556,11698.278,289.331238,2,A
344711,7.816575964,11694.515,360.941589,7,B
344756,7.817596372,11690.753,432.528870,3,A
344801,7.818616780,11686.990,504.093140,8,B
344847,7.819659864,11683.148,577.223938,4,A
344892,7.820680272,11679.389,648.741638,9,B
344937,7.821700680,11675.631,0.236334,0,A
344983,7.822743764,11671.788,73.296021,5,B
345028,7.823764172,11668.031,144.744202,1,A
345073,7.824784580,11664.276,216.169373,6,B
345119,7.825827664,11660.439,289.158020,2,A
345164,7.826848073,11656.686,360.536713,7,B
345210,7.827891156,11652.849,433.477844,3,A
345255,7.828911565,11649.098,504.810089,8,B
345300,7.829931973,11645.349,576.119385,4,A
345346,7.830975057,11641.514,648.989563,9,B
345391,7.831995465,11637.766,0.252398,0,A
345437,7.833038549,11633.936,73.075142,5,B
345482,7.834058957,11630.188,144.291595,1,A
345528,7.835102041,11626.358,217.066910,6,B
345573,7.836122449,11622.614,288.237000,2,A
345619,7.837165533,11618.788,360.964935,7,B
345664,7.838185941,11615.045,432.088654,3,A
345710,7.839229025,11611.219,504.769196,8,B
345756,7.840272109,11607.396,577.425842,4,A
345801,7.841292517,11603.656,648.479797,9,B
345847,7.842335601,11599.834,1.089119,0,A
345892,7.843356009,11596.095,72.096809,5,B
345938,7.844399093,11592.275,144.658798,1,A
345984,7.845442177,11588.457,217.196899,6,B
346029,7.846462585,11584.723,288.134949,2,A
346075,7.847505669,11580.906,360.625763,7,B
346121,7.848548753,11577.088,433.092712,3,A
346167,7.849591837,11573.274,505.535767,8,B
346212,7.850612245,11569.544,576.380859,4,A
346258,7.851655329,11565.731,648.776672,9,B
346304,7.852698413,11561.920,1.148681,0,A
346350,7.853741497,11558.107,73.496803,5,B
346395,7.854761905,11554.381,144.249069,1,A
346441,7.855804989,11550.573,216.550034,6,B
346487,7.856848073,11546.765,288.827148,2,A
346533,7.857891156,11542.959,361.080444,7,B
346579,7.858934240,11539.151,433.309937,3,A
346625,7.859977324,11535.348,505.515594,8,B
346670,7.860997732,11531.627,576.128540,4,A
346716,7.862040816,11527.824,648.287109,9,B
346762,7.863083900,11524.023,0.421856,0,A
346808,7.864126984,11520.221,72.532837,5,B
346854,7.865170068,11516.422,144.620041,1,A
346900,7.866213152,11512.623,216.683456,6,B
346946,7.867256236,11508.826,288.723114,2,A
346992,7.868299320,11505.029,360.738983,7,B
347038,7.869342404,11501.234,432.731110,3,A
347084,7.870385488,11497.438,504.699493,8,B
347130,7.871428571,11493.646,576.644165,4,A
347176,7.872471655,11489.853,648.565063,9,B
347222,7.873514739,11486.062,0.462197,0,A
347268,7.874557823,11482.271,72.335632,5,B
347314,7.875600907,11478.482,144.185349,1,A
347360,7.876643991,11474.693,216.011368,6,B
347407,7.877709751,11470.823,289.374329,2,A
347453,7.878752834,11467.038,361.152405,7,B
347499,7.879795918,11463.252,432.906799,3,A
347545,7.880839002,11459.469,504.637512,8,B
347591,7.881882086,11455.686,576.344543,4,A
347637,7.882925170,11451.904,648.027893,9,B
347684,7.883990930,11448.040,1.245113,0,A
347730,7.885034014,11444.259,72.880623,5,B
347776,7.886077098,11440.480,144.492477,1,A
347822,7.887120181,11436.701,216.080673,6,B
347869,7.888185941,11432.843,289.200714,2,A
347915,7.889229025,11429.067,360.741150,7,B
347961,7.890272109,11425.292,432.257935,3,A
348008,7.891337868,11421.436,505.305023,8,B
348054,7.892380952,11417.664,576.774048,4,A
348100,7.893424036,11413.891,648.219482,9,B
348147,7.894489796,11410.038,1.193683,0,A
348193,7.895532880,11406.268,72.591393,5,B
348240,7.896598639,11402.418,145.516861,1,A
348286,7.897641723,11398.650,216.866882,6,B
348332,7.898684807,11394.883,288.193329,2,A
348379,7.899750567,11391.035,361.046021,7,B
348425,7.900793651,11387.271,432.324799,3,A
348472,7.901859410,11383.427,505.128815,8,B
348518,7.902902494,11379.662,576.359985,4,A
348565,7.903968254,11375.819,649.115356,9,B
348611,7.905011338,11372.060,0.298943,0,A
348658,7.906077098,11368.219,73.005692,5,B
348704,7.907120181,11364.460,144.141708,1,A
348751,7.908185941,11360.621,216.799866,6,B
348798,7.909251701,11356.783,289.433472,2,A
348844,7.910294785,11353.027,360.497955,7,B
348891,7.911360544,11349.191,433.083008,3,A
348937,7.912403628,11345.439,504.099976,8,B
348984,7.913469388,11341.605,576.636536,4,A
349031,7.914535147,11337.773,649.148560,9,B
349077,7.915578231,11334.021,0.094043,0,A
349124,7.916643991,11330.191,72.557594,5,B
349171,7.917709751,11326.361,144.996658,1,A
349218,7.918775510,11322.533,217.411240,6,B
349264,7.919818594,11318.789,288.261383,2,A
349311,7.920884354,11314.963,360.627533,7,B
349358,7.921950113,11311.137,432.969238,3,A
349405,7.923015873,11307.312,505.286469,8,B
349451,7.924058957,11303.571,576.041382,4,A
349498,7.925124717,11299.750,648.310242,9,B
349545,7.926190476,11295.930,0.554642,0,A
349592,7.927256236,11292.109,72.774635,5,B
349639,7.928321995,11288.291,144.970215,1,A
349686,7.929387755,11284.474,217.141373,6,B
349733,7.930453515,11280.657,289.288116,2,A
349780,7.931519274,11276.841,361.410461,7,B
349827,7.932585034,11273.026,433.508423,3,A
349873,7.933628118,11269.295,504.048767,8,B
349920,7.934693878,11265.482,576.098450,4,A
349967,7.935759637,11261.672,648.123840,9,B
350014,7.936825397,11257.862,0.124778,0,A
350061,7.937891156,11254.053,72.101387,5,B
350108,7.938956916,11250.245,144.053635,1,A
350156,7.940045351,11246.356,217.511658,6,B
350203,7.941111111,11242.551,289.414703,2,A
350250,7.942176871,11238.747,361.293427,7,B
350297,7.943242630,11234.943,433.147827,3,A
350344,7.944308390,11231.142,504.977905,8,B
350391,7.945374150,11227.340,576.783630,4,A
350438,7.946439909,11223.540,648.565125,9,B
350485,7.947505669,11219.741,0.322280,0,A
350532,7.948571429,11215.942,72.055153,5,B
350580,7.949659864,11212.064,145.289185,1,A
350627,7.950725624,11208.269,216.972977,6,B
350674,7.951791383,11204.474,288.632507,2,A
350721,7.952857143,11200.680,360.267761,7,B
350769,7.953945578,11196.807,433.402161,3,A
350816,7.955011338,11193.015,504.988403,8,B
350863,7.956077098,11189.225,576.550415,4,A
350910,7.957142857,11185.436,648.088135,9,B
350958,7.958231293,11181.565,1.123001,0,A
351005,7.959297052,11177.778,72.611801,5,B
351052,7.960362812,11173.992,144.076385,1,A
351100,7.961451247,11170.128,217.036514,6,B
351147,7.962517007,11166.344,288.452179,2,A
351195,7.963605442,11162.480,361.362366,7,B
351242,7.964671202,11158.698,432.729126,3,A
351289,7.965736961,11154.918,504.071747,8,B
351337,7.966825397,11151.058,576.907288,4,A
351384,7.967891156,11147.279,648.201050,9,B
351432,7.968979592,11143.422,0.986758,0,A
351479,7.970045351,11139.645,72.231682,5,B
351527,7.971133787,11135.790,144.967529,1,A
351574,7.972199546,11132.017,216.163666,6,B
351622,7.973287982,11128.162,288.849701,2,A
351670,7.974376417,11124.312,361.510590,7,B
351717,7.975442177,11120.539,432.633331,3,A
351765,7.976530612,11116.691,505.244415,8,B
351812,7.977596372,11112.923,576.318420,4,A
351860,7.978684807,11109.074,648.879822,9,B
351908,7.979773243,11105.229,1.416038,0,A
351955,7.980839002,11101.464,72.416771,5,B
352003,7.981927438,11097.619,144.903305,1,A
352051,7.983015873,11093.775,217.364746,6,B
352098,7.984081633,11090.014,288.292267,2,A
352146,7.985170068,11086.174,360.704041,7,B
352194,7.986258503,11082.334,433.090729,3,A
352242,7.987346939,11078.494,505.452362,8,B
352289,7.988412698,11074.737,576.282166,4,A
352337,7.989501134,11070.902,648.594238,9,B
352385,7.990589569,11067.067,0.881199,0,A
352433,7.991678005,11063.232,73.143143,5,B
352481,7.992766440,11059.400,145.380051,1,A
352528,7.993832200,11055.648,216.087784,6,B
352576,7.994920635,11051.818,288.275177,2,A
352624,7.996009070,11047.989,360.437531,7,B
352672,7.997097506,11044.160,432.574921,3,A
352720,7.998185941,11040.333,504.687286,8,B
352768,7.999274376,11036.509,576.774658,4,A
352816,8.000362812,11032.685,648.837097,9,B
352864,8.001451247,11028.859,0.874503,0,A
352912,8.002539683,11025.037,72.886963,5,B
352960,8.003628118,11021.217,144.874466,1,A
353008,8.004716553,11017.395,216.837021,6,B
353056,8.005804989,11013.576,288.774628,2,A
353104,8.006893424,11009.760,360.687286,7,B
353152,8.007981859,11005.940,432.575043,3,A
353200,8.009070295,11002.127,504.437866,8,B
353248,8.010158730,10998.312,576.275757,4,A
353296,8.011247166,10994.497,648.088745,9,B
353345,8.012358277,10990.605,1.372185,0,A
353393,8.013446712,10986.795,73.134872,5,B
353441,8.014535147,10982.987,144.872681,1,A
353489,8.015623583,10979.176,216.585602,6,B
353537,8.016712018,10975.370,288.273682,2,A
353586,8.017823129,10971.484,361.429596,7,B
353634,8.018911565,10967.680,433.067413,3,A
353682,8.020000000,10963.873,504.680389,8,B
353730,8.021088435,10960.071,576.268555,4,A
353779,8.022199546,10956.191,649.322449,9,B
353827,8.023287982,10952.392,0.860444,0,A
353875,8.024376417,10948.590,72.373596,5,B
353924,8.025487528,10944.713,145.351013,1,A
353972,8.026575964,10940.916,216.814041,6,B
354020,8.027664399,10937.122,288.252258,2,A
354069,8.028775510,10933.248,361.153229,7,B
354117,8.029863946,10929.452,432.541382,3,A
354166,8.030975057,10925.581,505.391235,8,B
354214,8.032063492,10921.790,576.729309,4,A
354262,8.033151927,10918.002,648.042664,9,B
354311,8.034263039,10914.134,0.816191,0,A
354359,8.035351474,10910.344,72.079529,5,B
354408,8.036462585,10906.479,144.802017,1,A
354456,8.037551020,10902.693,216.015381,6,B
354505,8.038662132,10898.832,288.686859,2,A
354554,8.039773243,10894.969,361.332611,7,B
354602,8.040861678,10891.186,432.470795,3,A
354651,8.041972789,10887.326,505.065582,8,B
354699,8.043061224,10883.547,576.153931,4,A
354748,8.044172336,10879.690,648.697754,9,B
354797,8.045283447,10875.834,1.215916,0,A
354845,8.046371882,10872.059,72.229187,5,B
354894,8.047482993,10868.203,144.696472,1,A
354943,8.048594104,10864.351,217.138062,6,B
354991,8.049682540,10860.580,288.076355,2,A
355040,8.050793651,10856.729,360.467133,7,B
355089,8.051904762,10852.881,432.832214,3,A
355138,8.053015873,10849.034,505.171692,8,B
355186,8.054104308,10845.268,576.009949,4,A
355235,8.055215420,10841.419,648.298645,9,B
355284,8.056326531,10837.575,0.561696,0,A
355333,8.057437642,10833.732,72.799133,5,B
355382,8.058548753,10829.892,145.010956,1,A
355431,8.059659864,10826.051,217.197174,6,B
355480,8.060770975,10822.212,289.357788,2,A
355528,8.061859410,10818.454,360.020935,7,B
355577,8.062970522,10814.617,432.130890,3,A
355626,8.064081633,10810.781,504.215302,8,B
355675,8.065192744,10806.945,576.274109,4,A
355724,8.066303855,10803.111,648.307373,9,B
355773,8.067414966,10799.280,0.315103,0,A
355822,8.068526077,10795.449,72.297279,5,B
355871,8.069637188,10791.620,144.253922,1,A
355920,8.070748299,10787.793,216.185043,6,B
355969,8.071859410,10783.966,288.090637,2,A
356019,8.072993197,10780.061,361.437408,7,B
356068,8.074104308,10776.237,433.291473,3,A
356117,8.075215420,10772.414,505.120056,8,B
356166,8.076326531,10768.592,576.923157,4,A
356215,8.077437642,10764.771,648.700745,9,B
356264,8.078548753,10760.952,0.452893,0,A
356313,8.079659864,10757.133,72.179573,5,B
356363,8.080793651,10753.238,145.343826,1,A
356412,8.081904762,10749.422,217.019089,6,B
356461,8.083015873,10745.607,288.668915,2,A
356510,8.084126984,10741.791,360.293335,7,B
356560,8.085260771,10737.903,433.353241,3,A
356609,8.086371882,10734.092,504.926300,8,B
356658,8.087482993,10730.279,576.473938,4,A
356708,8.088616780,10726.396,649.455566,9,B
356757,8.089727891,10722.586,0.951912,0,A
356806,8.090839002,10718.779,72.422874,5,B
356856,8.091972789,10714.899,145.326279,1,A
356905,8.093083900,10711.094,216.746002,6,B
356954,8.094195011,10707.291,288.140350,2,A
357004,8.095328798,10703.414,360.965607,7,B
357053,8.096439909,10699.611,432.308777,3,A
357103,8.097573696,10695.738,505.081787,8,B
357152,8.098684807,10691.936,576.373779,4,A
357202,8.099818594,10688.065,649.094604,9,B
357251,8.100929705,10684.271,0.335473,0,A
357301,8.102063492,10680.398,73.004143,5,B
357350,8.103174603,10676.605,144.193893,1,A
357400,8.104308390,10672.737,216.810440,6,B
357450,8.105442177,10668.869,289.400665,2,A
357499,8.106553288,10665.080,360.513550,7,B
357549,8.107687075,10661.215,433.051697,3,A
357598,8.108798186,10657.428,504.113586,8,B
357648,8.109931973,10653.564,576.599670,4,A
357698,8.111065760,10649.703,649.059509,9,B
357747,8.112176871,10645.921,0.044691,0,A
357797,8.113310658,10642.062,72.452530,5,B
357847,8.114444444,10638.204,144.834137,1,A
357897,8.115578231,10634.347,217.189484,6,B
357946,8.116689342,10630.568,288.072296,2,A
357996,8.117823129,10626.715,360.375732,7,B
358046,8.118956916,10622.865,432.652954,3,A
358096,8.120090703,10619.014,504.903961,8,B
358146,8.121224490,10615.163,577.128784,4,A
358196,8.122358277,10611.314,649.327454,9,B
358245,8.123469388,10607.544,0.056716,0,A
358295,8.124603175,10603.697,72.203537,5,B
358345,8.125736961,10599.854,144.324203,1,A
358395,8.126870748,10596.009,216.418701,6,B
358445,8.128004535,10592.169,288.487091,2,A
358495,8.129138322,10588.327,360.529327,7,B
358545,8.130272109,10584.488,432.545441,3,A
358595,8.131405896,10580.648,504.535431,8,B
358645,8.132539683,10576.811,576.499329,4,A
358695,8.133673469,10572.975,648.437073,9,B
358745,8.134807256,10569.140,0.348800,0,A
358795,8.135941043,10565.306,72.234421,5,B
358845,8.137074830,10561.477,144.093964,1,A
358896,8.138231293,10557.569,217.363861,6,B
358946,8.139365079,10553.738,289.170776,2,A
358996,8.140498866,10549.910,360.951630,7,B
359046,8.141632653,10546.084,432.706451,3,A
359096,8.142766440,10542.261,504.435242,8,B
359146,8.143900227,10538.436,576.138000,4,A
359197,8.145056689,10534.534,649.248047,9,B
359247,8.146190476,10530.713,0.898302,0,A
359297,8.147324263,10526.893,72.522552,5,B
359347,8.148458050,10523.072,144.120819,1,A
359398,8.149614512,10519.180,217.124283,6,B
359448,8.150748299,10515.364,288.670105,2,A
359498,8.151882086,10511.547,360.189941,7,B
359549,8.153038549,10507.656,433.113464,3,A
359599,8.154172336,10503.846,504.580872,8,B
359649,8.155306122,10500.035,576.022400,4,A
359700,8.156462585,10496.147,648.866028,9,B
359750,8.157596372,10492.338,0.255171,0,A
359801,8.158752834,10488.457,73.045418,5,B
359851,8.159886621,10484.650,144.382248,1,A
359902,8.161043084,10480.768,217.119141,6,B
359952,8.162176871,10476.964,288.403687,2,A
360003,8.163333333,10473.088,361.087280,7,B
360053,8.164467120,10469.287,432.319580,3,A
360104,8.165623583,10465.410,504.949890,8,B
360154,8.166757370,10461.611,576.130005,4,A
360205,8.167913832,10457.740,648.707031,9,B
360256,8.169070295,10453.867,1.257257,0,A
360306,8.170204082,10450.072,72.358833,5,B
360357,8.171360544,10446.201,144.855865,1,A
360408,8.172517007,10442.336,217.326035,6,B
360458,8.173650794,10438.547,288.349182,2,A
360509,8.174807256,10434.680,360.766235,7,B
360560,8.175963719,10430.818,433.156494,3,A
360610,8.177097506,10427.031,504.101288,8,B
360661,8.178253968,10423.170,576.438477,4,A
360712,8.179410431,10419.312,648.748840,9,B
360763,8.180566893,10415.453,1.032450,0,A
360814,8.181723356,10411.594,73.289291,5,B
360864,8.182857143,10407.814,144.103348,1,A
360915,8.184013605,10403.963,216.307220,6,B
360966,8.185170068,10400.108,288.484344,2,A
361017,8.186326531,10396.256,360.634735,7,B
361068,8.187482993,10392.406,432.758392,3,A
361119,8.188639456,10388.558,504.855377,8,B
361170,8.189795918,10384.713,576.925659,4,A
361221,8.190952381,10380.864,648.969177,9,B
361272,8.192108844,10377.019,0.986088,0,A
361323,8.193265306,10373.178,72.976303,5,B
361374,8.194421769,10369.335,144.939850,1,A
361425,8.195578231,10365.492,216.876755,6,B
361476,8.196734694,10361.655,288.786987,2,A
361527,8.197891156,10357.816,360.670624,7,B
361578,8.199047619,10353.979,432.527618,3,A
361629,8.200204082,10350.146,504.358002,8,B
361680,8.201360544,10346.311,576.161743,4,A
361732,8.202539683,10342.404,649.346069,9,B
361783,8.203696145,10338.571,1.096114,0,A
361834,8.204852608,10334.741,72.819595,5,B
361885,8.206009070,10330.915,144.516510,1,A
361936,8.207165533,10327.086,216.186859,6,B
361988,8.208344671,10323.187,289.235168,2,A
362039,8.209501134,10319.360,360.851929,7,B
362090,8.210657596,10315.539,432.442139,3,A
362141,8.211814059,10311.718,504.005798,8,B
362193,8.212993197,10307.820,576.945435,4,A
362244,8.214149660,10304.004,648.455566,9,B
362296,8.215328798,10300.109,1.340594,0,A
362347,8.216485261,10296.295,72.797249,5,B
362398,8.217641723,10292.479,144.227432,1,A
362450,8.218820862,10288.593,217.030960,6,B
362501,8.219977324,10284.779,288.407684,2,A
362553,8.221156463,10280.896,361.156738,7,B
362604,8.222312925,10277.084,432.480103,3,A
362656,8.223492063,10273.203,505.174713,8,B
362707,8.224648526,10269.396,576.444702,4,A
362759,8.225827664,10265.518,649.084961,9,B
362810,8.226984127,10261.713,0.301588,0,A
362862,8.228163265,10257.833,72.887474,5,B
362913,8.229319728,10254.034,144.050842,1,A
362965,8.230498866,10250.159,216.582428,6,B
363017,8.231678005,10246.288,289.086609,2,A
363068,8.232834467,10242.489,360.169861,7,B
363120,8.234013605,10238.621,432.619781,3,A
363172,8.235192744,10234.754,505.042328,8,B
363223,8.236349206,10230.959,576.045593,4,A
363275,8.237528345,10227.092,648.413940,9,B
363327,8.238707483,10223.229,0.754937,0,A
363379,8.239886621,10219.368,73.068619,5,B
363431,8.241065760,10215.504,145.354980,1,A
363482,8.242222222,10211.721,216.224686,6,B
363534,8.243401361,10207.860,288.456940,2,A
363586,8.244580499,10204.004,360.661926,7,B
363638,8.245759637,10200.146,432.839600,3,A
363690,8.246938776,10196.295,504.990021,8,B
363742,8.248117914,10192.443,577.113159,4,A
363794,8.249297052,10188.589,649.209045,9,B
363846,8.250476190,10184.740,1.277730,0,A
363898,8.251655329,10180.890,73.319153,5,B
363950,8.252834467,10177.043,145.333344,1,A
364002,8.254013605,10173.197,217.320343,6,B
364054,8.255192744,10169.354,289.280121,2,A
364106,8.256371882,10165.512,361.212708,7,B
364158,8.257551020,10161.669,433.118103,3,A
364210,8.258730159,10157.830,504.996368,8,B
364262,8.259909297,10153.989,576.847412,4,A
364314,8.261088435,10150.152,648.671326,9,B
364366,8.262267574,10146.318,0.468126,0,A
364418,8.263446712,10142.483,72.237770,5,B
364471,8.264648526,10138.577,145.359695,1,A
364523,8.265827664,10134.744,217.074585,6,B
364575,8.267006803,10130.915,288.762390,2,A
364627,8.268185941,10127.088,360.423065,7,B
364679,8.269365079,10123.259,432.056702,3,A
364732,8.270566893,10119.359,505.040009,8,B
364784,8.271746032,10115.537,576.618958,4,A
364836,8.272925170,10111.713,648.170898,9,B
364889,8.274126984,10107.819,1.070987,0,A
364941,8.275306122,10104.000,72.568314,5,B
364993,8.276485261,10100.180,144.038620,1,A
365046,8.277687075,10096.290,216.855560,6,B
365098,8.278866213,10092.476,288.271332,2,A
365151,8.280068027,10088.585,361.032715,7,B
365203,8.281247166,10084.774,432.394012,3,A
365256,8.282448980,10080.891,505.099884,8,B
365308,8.283628118,10077.080,576.406738,4,A
365361,8.284829932,10073.199,649.057129,9,B
365413,8.286009070,10069.393,0.309555,0,A
365466,8.287210884,10065.515,72.904526,5,B
365518,8.288390023,10061.709,144.102600,1,A
365571,8.289591837,10057.834,216.642181,6,B
365624,8.290793651,10053.961,289.153839,2,A
365676,8.291972789,10050.158,360.270172,7,B
365729,8.293174603,10046.288,432.726501,3,A
365782,8.294376417,10042.420,505.154907,8,B
365834,8.295555556,10038.625,576.189636,4,A
365887,8.296757370,10034.757,648.562805,9,B
365940,8.297959184,10030.893,0.908059,0,A
365993,8.299160998,10027.029,73.225464,5,B
366045,8.300340136,10023.240,144.151321,1,A
366098,8.301541950,10019.377,216.413559,6,B
366151,8.302743764,10015.519,288.647949,2,A
366204,8.303945578,10011.662,360.854553,7,B
366257,8.305147392,10007.807,433.033295,3,A
366310,8.306349206,10003.952,505.184265,8,B
366363,8.307551020,10000.096,577.307434,4,A
366415,8.308730159,9996.318,648.042786,9,B
366468,8.309931973,9992.469,0.110969,0,A
366521,8.311133787,9988.621,72.151367,5,B
366574,8.312335601,9984.771,144.164017,1,A
366627,8.313537415,9980.926,216.148926,6,B
366680,8.314739229,9977.083,288.106110,2,A
366733,8.315941043,9973.240,360.035583,7,B
366787,8.317165533,9969.327,433.293732,3,A
366840,8.318367347,9965.488,505.167267,8,B
366893,8.319569161,9961.647,577.013123,4,A
366946,8.320770975,9957.812,648.831360,9,B
366999,8.321972789,9953.977,0.621895,0,A
367052,8.323174603,9950.145,72.384789,5,B
367105,8.324376417,9946.312,144.120041,1,A
367159,8.325600907,9942.410,217.180389,6,B
367212,8.326802721,9938.582,288.859863,2,A
367265,8.328004535,9934.750,360.511749,7,B
367318,8.329206349,9930.926,432.136047,3,A
367372,8.330430839,9927.028,505.083374,8,B
367425,8.331632653,9923.206,576.651978,4,A
367478,8.332834467,9919.385,648.193054,9,B
367532,8.334058957,9915.493,1.055603,0,A
367585,8.335260771,9911.676,72.541046,5,B
367639,8.336485261,9907.787,145.346970,1,A
367692,8.337687075,9903.970,216.776855,6,B
367745,8.338888889,9900.156,288.179230,2,A
367799,8.340113379,9896.271,360.900543,7,B
367852,8.341315193,9892.462,432.247406,3,A
367906,8.342539683,9888.581,504.912201,8,B
367959,8.343741497,9884.773,576.203613,4,A
368013,8.344965986,9880.896,648.811951,9,B
368066,8.346167800,9877.092,0.047962,0,A
368120,8.347392290,9873.217,72.599846,5,B
368174,8.348616780,9869.344,145.123260,1,A
368227,8.349818594,9865.545,216.275986,6,B
368281,8.351043084,9861.674,288.743042,2,A
368335,8.352267574,9857.806,361.181671,7,B
368388,8.353469388,9854.007,432.251221,3,A
368442,8.354693878,9850.146,504.633575,8,B
368496,8.355918367,9846.281,576.987488,4,A
368550,8.357142857,9842.420,649.313049,9,B
368603,8.358344671,9838.627,0.271678,0,A
368657,8.359569161,9834.768,72.541039,5,B
368711,8.360793651,9830.910,144.782059,1,A
368765,8.362018141,9827.055,216.994736,6,B
368819,8.363242630,9823.199,289.179077,2,A
368873,8.364467120,9819.351,361.335144,7,B
368926,8.365668934,9815.568,432.127441,3,A
368980,8.366893424,9811.718,504.227417,8,B
369034,8.368117914,9807.870,576.299133,4,A
369088,8.369342404,9804.023,648.342529,9,B
369142,8.370566893,9800.179,0.357733,0,A
369196,8.371791383,9796.336,72.344673,5,B
369250,8.373015873,9792.497,144.303391,1,A
369304,8.374240363,9788.656,216.233887,6,B
369358,8.375464853,9784.818,288.136169,2,A
369412,8.376689342,9780.980,360.010254,7,B
369467,8.377936508,9777.074,433.186371,3,A
369521,8.379160998,9773.240,505.003601,8,B
369575,8.380385488,9769.408,576.792664,4,A
369629,8.381609977,9765.578,648.553528,9,B
369683,8.382834467,9761.749,0.286325,0,A
369738,8.384081633,9757.850,73.318573,5,B
369792,8.385306122,9754.023,144.994583,1,A
369846,8.386530612,9750.199,216.642487,6,B
369900,8.387755102,9746.377,288.262329,2,A
369955,8.389002268,9742.487,361.179565,7,B
370009,8.390226757,9738.668,432.742737,3,A
370063,8.391451247,9734.850,504.277832,8,B
370118,8.392698413,9730.963,577.108826,4,A
370172,8.393922902,9727.148,648.587341,9,B
370226,8.395147392,9723.335,0.037844,0,A
370281,8.396394558,9719.453,72.782707,5,B
370335,8.397619048,9715.643,144.176682,1,A
370390,8.398866213,9711.764,216.863998,6,B
370444,8.400090703,9707.957,288.201508,2,A
370499,8.401337868,9704.084,360.831329,7,B
370553,8.402562358,9700.281,432.112427,3,A
370608,8.403809524,9696.408,504.684784,8,B
370663,8.405056689,9692.537,577.228210,4,A
370717,8.406281179,9688.739,648.424500,9,B
370772,8.407528345,9684.875,0.910528,0,A
370826,8.408752834,9681.080,72.050499,5,B
370881,8.410000000,9677.215,144.479218,1,A
370936,8.411247166,9673.353,216.879044,6,B
370991,8.412494331,9669.492,289.249969,2,A
371045,8.413718821,9665.703,360.276947,7,B
371100,8.414965986,9661.848,432.590668,3,A
371155,8.416213152,9657.991,504.875488,8,B
371210,8.417460317,9654.137,577.131470,4,A
371264,8.418684807,9650.354,648.045715,9,B
371319,8.419931973,9646.504,0.244583,0,A
371374,8.421179138,9642.657,72.414658,5,B
371429,8.422426304,9638.811,144.555939,1,A
371484,8.423673469,9634.963,216.668427,6,B
371539,8.424920635,9631.119,288.752167,2,A
371594,8.426167800,9627.279,360.807129,7,B
371649,8.427414966,9623.438,432.833344,3,A
371704,8.428662132,9619.600,504.830841,8,B
371759,8.429909297,9615.762,576.799622,4,A
371814,8.431156463,9611.928,648.739685,9,B
371869,8.432403628,9608.094,0.651085,0,A
371924,8.433650794,9604.261,72.533783,5,B
371979,8.434897959,9600.430,144.387817,1,A
372034,8.436145125,9596.604,216.213196,6,B
372089,8.437392290,9592.775,288.009918,2,A
372145,8.438662132,9588.879,361.082642,7,B
372200,8.439909297,9585.059,432.821594,3,A
372255,8.441156463,9581.236,504.531952,8,B
372310,8.442403628,9577.416,576.213745,4,A
372366,8.443673469,9573.528,649.169434,9,B
372421,8.444920635,9569.711,0.793537,0,A
372476,8.446167800,9565.895,72.389084,5,B
372532,8.447437642,9562.014,145.257034,1,A
372587,8.448684807,9558.201,216.794998,6,B
372642,8.449931973,9554.391,288.304443,2,A
372698,8.451201814,9550.516,361.084747,7,B
372753,8.452448980,9546.708,432.536682,3,A
372809,8.453718821,9542.832,505.258484,8,B
372864,8.454965986,9539.030,576.652954,4,A
372919,8.456213152,9535.229,648.018982,9,B
372975,8.457482993,9531.358,0.653316,0,A
373031,8.458752834,9527.493,73.258202,5,B
373086,8.460000000,9523.695,144.537903,1,A
373142,8.461269841,9519.834,217.084412,6,B
373197,8.462517007,9516.040,288.306793,2,A
373253,8.463786848,9512.178,360.794983,7,B
373309,8.465056689,9508.320,433.253754,3,A
373364,8.466303855,9504.532,504.390045,8,B
373420,8.467573696,9500.676,576.790588,4,A
373476,8.468843537,9496.825,649.161743,9,B
373531,8.470090703,9493.041,0.212012,0,A
373587,8.471360544,9489.193,72.525024,5,B
373643,8.472630385,9485.344,144.808701,1,A
373699,8.473900227,9481.499,217.063080,6,B
373755,8.475170068,9477.652,289.288147,2,A
373810,8.476417234,9473.879,360.195007,7,B
373866,8.477687075,9470.039,432.362030,3,A
373922,8.478956916,9466.199,504.499817,8,B
373978,8.480226757,9462.363,576.608398,4,A
374034,8.481496599,9458.526,648.687683,9,B
374090,8.482766440,9454.693,0.737782,0,A
374146,8.484036281,9450.859,72.758675,5,B
374202,8.485306122,9447.031,144.750366,1,A
374258,8.486575964,9443.201,216.712891,6,B
374314,8.487845805,9439.377,288.646271,2,A
374370,8.489115646,9435.549,360.550476,7,B
374426,8.490385488,9431.727,432.425537,3,A
374482,8.491655329,9427.904,504.271484,8,B
374538,8.492925170,9424.083,576.088318,4,A
374595,8.494217687,9420.198,649.157715,9,B
374651,8.495487528,9416.385,0.915883,0,A
374707,8.496757370,9412.568,72.644958,5,B
374763,8.498027211,9408.756,144.344971,1,A
374819,8.499297052,9404.944,216.015945,6,B
374876,8.500589569,9401.068,288.936951,2,A
374932,8.501859410,9397.260,360.549377,7,B
374988,8.503129252,9393.455,432.132782,3,A
375045,8.504421769,9389.582,504.964722,8,B
375101,8.505691610,9385.781,576.489624,4,A
375158,8.506984127,9381.914,649.262085,9,B
375214,8.508253968,9378.115,0.728584,0,A
375270,8.509523810,9374.318,72.166161,5,B
375327,8.510816327,9370.455,144.849716,1,A
375383,8.512086168,9366.664,216.228943,6,B
375440,8.513378685,9362.803,288.853149,2,A
375496,8.514648526,9359.014,360.174103,7,B
375553,8.515941043,9355.160,432.738983,3,A
375609,8.517210884,9351.373,504.001709,8,B
375666,8.518503401,9347.522,576.507385,4,A
375723,8.519795918,9343.670,648.983154,9,B
375779,8.521065760,9339.892,0.158383,0,A
375836,8.522358277,9336.047,72.575020,5,B
375893,8.523650794,9332.199,144.961838,1,A
375949,8.524920635,9328.427,216.049683,6,B
376006,8.526213152,9324.587,288.377411,2,A
376063,8.527505669,9320.746,360.675385,7,B
376120,8.528798186,9316.910,432.943604,3,A
376177,8.530090703,9313.076,505.182037,8,B
376233,8.531360544,9309.309,576.124207,4,A
376290,8.532653061,9305.479,648.303711,9,B
376347,8.533945578,9301.647,0.453552,0,A
376404,8.535238095,9297.820,72.573685,5,B
376461,8.536530612,9293.996,144.664139,1,A
376518,8.537823129,9290.172,216.724930,6,B
376575,8.539115646,9286.349,288.756073,2,A
376632,8.540408163,9282.529,360.757599,7,B
376689,8.541700680,9278.712,432.729492,3,A
376746,8.542993197,9274.895,504.671753,8,B
376803,8.544285714,9271.080,576.584473,4,A
376860,8.545578231,9267.268,648.467590,9,B
376917,8.546870748,9263.455,0.321156,0,A
376974,8.548163265,9259.646,72.145172,5,B
377032,8.549478458,9255.773,145.198944,1,A
377089,8.550770975,9251.969,216.963394,6,B
377146,8.552063492,9248.164,288.698334,2,A
377203,8.553356009,9244.363,360.403809,7,B
377260,8.554648526,9240.564,432.079803,3,A
377318,8.555963719,9236.699,504.983002,8,B
377375,8.557256236,9232.901,576.599609,4,A
377432,8.558548753,9229.109,648.186707,9,B
377490,8.559863946,9225.250,0.999576,0,A
377547,8.561156463,9221.461,72.527382,5,B
377604,8.562448980,9217.671,144.025803,1,A
377662,8.563764172,9213.818,216.748428,6,B
377719,8.565056689,9210.034,288.187592,2,A
377777,8.566371882,9206.186,360.849976,7,B
377834,8.567664399,9202.406,432.229980,3,A
377892,8.568979592,9198.561,504.832153,8,B
377949,8.570272109,9194.781,576.153015,4,A
378007,8.571587302,9190.940,648.695068,9,B
378065,8.572902494,9187.102,1.206812,0,A
378122,8.574195011,9183.331,72.438843,5,B
378180,8.575510204,9179.496,144.890549,1,A
378237,8.576802721,9175.729,216.063599,6,B
378295,8.578117914,9171.895,288.455322,2,A
378353,8.579433107,9168.065,360.816833,7,B
378411,8.580748299,9164.238,433.148102,3,A
378468,8.582040816,9160.479,504.202881,8,B
378526,8.583356009,9156.655,576.474304,4,A
378584,8.584671202,9152.833,648.715576,9,B
378642,8.585986395,9149.014,0.926649,0,A
378700,8.587301587,9145.195,73.107613,5,B
378757,8.588594104,9141.443,144.014740,1,A
378815,8.589909297,9137.629,216.135986,6,B
378873,8.591224490,9133.818,288.227173,2,A
378931,8.592539683,9130.008,360.288269,7,B
378989,8.593854875,9126.199,432.319275,3,A
379047,8.595170068,9122.393,504.320282,8,B
379105,8.596485261,9118.590,576.291260,4,A
379163,8.597800454,9114.787,648.232178,9,B
379221,8.599115646,9110.986,0.143137,0,A
379279,8.600430839,9107.188,72.024109,5,B
379338,8.601768707,9103.326,145.113663,1,A
379396,8.603083900,9099.531,216.934189,6,B
379454,8.604399093,9095.740,288.724792,2,A
379512,8.605714286,9091.949,360.485474,7,B
379570,8.607029478,9088.158,432.216248,3,A
379629,8.608367347,9084.309,505.153107,8,B
379687,8.609682540,9080.523,576.823608,4,A
379745,8.610997732,9076.738,648.464233,9,B
379803,8.612312925,9072.959,0.075031,0,A
379862,8.613650794,9069.116,72.889900,5,B
379920,8.614965986,9065.337,144.440552,1,A
379979,8.616303855,9061.500,217.194260,6,B
380037,8.617619048,9057.725,288.684814,2,A
380095,8.618934240,9053.953,360.145599,7,B
380154,8.620272109,9050.122,432.807953,3,A
380212,8.621587302,9046.354,504.208771,8,B
380271,8.622925170,9042.525,576.810120,4,A
380329,8.624240363,9038.764,648.151001,9,B
380388,8.625578231,9034.938,0.691438,0,A
380447,8.626916100,9031.113,73.201164,5,B
380505,8.628231293,9027.356,144.452011,1,A
380564,8.629569161,9023.536,216.900909,6,B
380622,8.630884354,9019.784,288.091980,2,A
380681,8.632222222,9015.969,360.480103,7,B
380740,8.633560091,9012.154,432.837616,3,A
380799,8.634897959,9008.343,505.164520,8,B
380857,8.636213152,9004.598,576.235718,4,A
380916,8.637551020,9000.789,648.502014,9,B
380975,8.638888889,8996.984,0.737717,0,A
381034,8.640226757,8993.184,72.942894,5,B
381093,8.641564626,8989.383,145.117554,1,A
381151,8.642879819,8985.647,216.039169,6,B
381210,8.644217687,8981.850,288.153351,2,A
381269,8.645555556,8978.055,360.237061,7,B
381328,8.646893424,8974.262,432.290314,3,A
381387,8.648231293,8970.470,504.313141,8,B
381446,8.649569161,8966.681,576.305542,4,A
381505,8.650907029,8962.896,648.267517,9,B
381564,8.652244898,8959.111,0.199114,0,A
381623,8.653582766,8955.328,72.100342,5,B
381683,8.654943311,8951.482,145.189102,1,A
381742,8.656281179,8947.704,217.029129,6,B
381801,8.657619048,8943.928,288.838806,2,A
381860,8.658956916,8940.155,360.618225,7,B
381919,8.660294785,8936.383,432.367310,3,A
381978,8.661632653,8932.611,504.086151,8,B
382038,8.662993197,8928.779,576.989502,4,A
382097,8.664331066,8925.013,648.647339,9,B
382156,8.665668934,8921.252,0.274945,0,A
382216,8.667029478,8917.424,73.085594,5,B
382275,8.668367347,8913.664,144.652298,1,A
382334,8.669705215,8909.906,216.188812,6,B
382394,8.671065760,8906.089,288.906891,2,A
382453,8.672403628,8902.335,360.382629,7,B
382513,8.673764172,8898.520,433.038910,3,A
382572,8.675102041,8894.770,504.453888,8,B
382632,8.676462585,8890.961,577.048462,4,A
382691,8.677800454,8887.215,648.402771,9,B
382751,8.679160998,8883.407,0.935644,0,A
382810,8.680498866,8879.666,72.229362,5,B
382870,8.681859410,8875.865,144.700653,1,A
382930,8.683219955,8872.064,217.140915,6,B
382989,8.684557823,8868.330,288.343597,2,A
383049,8.685918367,8864.533,360.722382,7,B
383109,8.687278912,8860.741,433.070190,3,A
383168,8.688616780,8857.013,504.182007,8,B
383228,8.689977324,8853.223,576.468445,4,A
383288,8.691337868,8849.438,648.723938,9,B
383348,8.692698413,8845.650,0.948510,0,A
383408,8.694058957,8841.867,73.142212,5,B
383467,8.695396825,8838.152,144.102585,1,A
383527,8.696757370,8834.373,216.235077,6,B
383587,8.698117914,8830.596,288.336731,2,A
383647,8.699478458,8826.822,360.407562,7,B
383707,8.700839002,8823.051,432.447601,3,A
383767,8.702199546,8819.279,504.456848,8,B
383827,8.703560091,8815.514,576.435364,4,A
383887,8.704920635,8811.747,648.383118,9,B
383947,8.706281179,8807.986,0.300108,0,A
384007,8.707641723,8804.224,72.186409,5,B
384067,8.709002268,8800.463,144.042023,1,A
384128,8.710385488,8796.646,217.063782,6,B
384188,8.711746032,8792.890,288.857544,2,A
384248,8.713106576,8789.139,360.620667,7,B
384308,8.714467120,8785.388,432.353180,3,A
384368,8.715827664,8781.640,504.055084,8,B
384429,8.717210884,8777.832,576.920654,4,A
384489,8.718571429,8774.088,648.560852,9,B
384549,8.719931973,8770.348,0.170562,0,A
384610,8.721315193,8766.545,72.942444,5,B
384670,8.722675737,8762.810,144.490570,1,A
384730,8.724036281,8759.074,216.008194,6,B
384791,8.725419501,8755.280,288.686554,2,A
384851,8.726780045,8751.549,360.142731,7,B
384912,8.728163265,8747.757,432.758636,3,A
384972,8.729523810,8744.033,504.153442,8,B
385033,8.730907029,8740.245,576.707031,4,A
385093,8.732267574,8736.525,648.040527,9,B
385154,8.733650794,8732.743,0.531777,0,A
385215,8.735034014,8728.965,72.991669,5,B
385275,8.736394558,8725.248,144.233109,1,A
385336,8.737777778,8721.476,216.630829,6,B
385397,8.739160998,8717.705,288.997223,2,A
385457,8.740521542,8713.995,360.146759,7,B
385518,8.741904762,8710.227,432.451111,3,A
385579,8.743287982,8706.462,504.724182,8,B
385640,8.744671202,8702.699,576.966003,4,A
385701,8.746054422,8698.938,649.176636,9,B
385761,8.747414966,8695.242,0.173032,0,A
385822,8.748798186,8691.484,72.321770,5,B
385883,8.750181406,8687.730,144.439346,1,A
385944,8.751564626,8683.979,216.525772,6,B
386005,8.752947846,8680.229,288.581085,2,A
386066,8.754331066,8676.483,360.605255,7,B
386127,8.755714286,8672.736,432.598358,3,A
386188,8.757097506,8668.995,504.560394,8,B
386249,8.758480726,8665.253,576.491394,4,A
386310,8.759863946,8661.517,648.391296,9,B
386371,8.761247166,8657.778,0.260257,0,A
386432,8.762630385,8654.047,72.098198,5,B
386494,8.764036281,8650.255,145.082062,1,A
386555,8.765419501,8646.523,216.857559,6,B
386616,8.766802721,8642.799,288.602112,2,A
386677,8.768185941,8639.076,360.315765,7,B
386739,8.769591837,8635.291,433.173370,3,A
386800,8.770975057,8631.572,504.824738,8,B
386861,8.772358277,8627.855,576.445251,4,A
386922,8.773741497,8624.139,648.034912,9,B
386984,8.775147392,8620.366,0.766576,0,A
387045,8.776530612,8616.657,72.294106,5,B
387107,8.777936508,8612.887,144.962662,1,A
387168,8.779319728,8609.182,216.428146,6,B
387230,8.780725624,8605.418,289.033691,2,A
387291,8.782108844,8601.716,360.437164,7,B
387353,8.783514739,8597.957,432.979767,3,A
387414,8.784897959,8594.262,504.321381,8,B
387476,8.786303855,8590.507,576.801086,4,A
387537,8.787687075,8586.813,648.080872,9,B
387599,8.789092971,8583.064,0.497787,0,A
387661,8.790498866,8579.317,72.883087,5,B
387722,8.791882086,8575.631,144.070038,1,A
387784,8.793287982,8571.889,216.392670,6,B
387846,8.794693878,8568.148,288.683716,2,A
387908,8.796099773,8564.412,360.943268,7,B
387969,8.797482993,8560.734,432.006531,3,A
388031,8.798888889,8557.002,504.203552,8,B
388093,8.800294785,8553.271,576.369080,4,A
388155,8.801700680,8549.544,648.503174,9,B
388217,8.803106576,8545.818,0.605791,0,A
388279,8.804512472,8542.096,72.677002,5,B
388341,8.805918367,8538.373,144.716812,1,A
388403,8.807324263,8534.654,216.725250,6,B
388465,8.808730159,8530.938,288.702332,2,A
388527,8.810136054,8527.225,360.648071,7,B
388589,8.811541950,8523.514,432.562500,3,A
388651,8.812947846,8519.803,504.445618,8,B
388713,8.814353741,8516.096,576.297424,4,A
388775,8.815759637,8512.393,648.118042,9,B
388838,8.817188209,8508.631,1.065032,0,A
388900,8.818594104,8504.933,72.822662,5,B
388962,8.820000000,8501.236,144.549103,1,A
389024,8.821405896,8497.539,216.244370,6,B
389087,8.822834467,8493.790,289.064087,2,A
389149,8.824240363,8490.099,360.696564,7,B
389211,8.825646259,8486.412,432.297913,3,A
389274,8.827074830,8482.668,505.022308,8,B
389336,8.828480726,8478.985,576.560974,4,A
389398,8.829886621,8475.307,648.068665,9,B
389461,8.831315193,8471.569,0.697843,0,A
389523,8.832721088,8467.895,72.142944,5,B
389586,8.834149660,8464.162,144.708649,1,A
389648,8.835555556,8460.491,216.091293,6,B
389711,8.836984127,8456.767,288.593567,2,A
389774,8.838412698,8453.042,361.063904,7,B
389836,8.839818594,8449.377,432.352783,3,A
389899,8.841247166,8445.658,504.759827,8,B
389962,8.842675737,8441.941,577.135010,4,A
390024,8.844081633,8438.287,648.330261,9,B
390087,8.845510204,8434.574,0.642294,0,A
390150,8.846938776,8430.865,72.922508,5,B
390212,8.848344671,8427.219,144.024384,1,A
390275,8.849773243,8423.514,216.241547,6,B
390338,8.851201814,8419.812,288.426971,2,A
390401,8.852630385,8416.112,360.580688,7,B
390464,8.854058957,8412.416,432.702728,3,A
390527,8.855487528,8408.722,504.793060,8,B
390590,8.856916100,8405.030,576.851746,4,A
390653,8.858344671,8401.341,648.878784,9,B
390716,8.859773243,8397.654,0.874262,0,A
390779,8.861201814,8393.971,72.838127,5,B
390842,8.862630385,8390.289,144.770432,1,A
390905,8.864058957,8386.612,216.671188,6,B
390968,8.865487528,8382.936,288.540405,2,A
391031,8.866916100,8379.263,360.378143,7,B
391094,8.868344671,8375.591,432.184418,3,A
391158,8.869795918,8371.863,505.098236,8,B
391221,8.871224490,8368.197,576.841125,4,A
391284,8.872653061,8364.533,648.552551,9,B
391347,8.874081633,8360.873,0.232616,0,A
391411,8.875532880,8357.156,73.018341,5,B
391474,8.876961451,8353.500,144.635193,1,A
391537,8.878390023,8349.847,216.220718,6,B
391601,8.879841270,8346.140,288.910461,2,A
391664,8.881269841,8342.492,360.432922,7,B
391728,8.882721088,8338.787,433.058624,3,A
391791,8.884149660,8335.145,504.518097,8,B
391855,8.885600907,8331.445,577.079895,4,A
391918,8.887029478,8327.808,648.476440,9,B
391982,8.888480726,8324.114,0.974342,0,A
392045,8.889909297,8320.482,72.308090,5,B
392109,8.891360544,8316.796,144.742249,1,A
392172,8.892789116,8313.168,216.013260,6,B
392236,8.894240363,8309.486,288.383759,2,A
392300,8.895691610,8305.806,360.722168,7,B
392364,8.897142857,8302.131,433.028595,3,A
392427,8.898571429,8298.513,504.173950,8,B
392491,8.900022676,8294.841,576.416870,4,A
392555,8.901473923,8291.172,648.627808,9,B
392619,8.902925170,8287.504,0.806828,0,A
392683,8.904376417,8283.842,72.953934,5,B
392747,8.905827664,8280.180,145.069138,1,A
392810,8.907256236,8276.579,216.026428,6,B
392874,8.908707483,8272.922,288.078430,2,A
392938,8.910158730,8269.269,360.098602,7,B
393002,8.911609977,8265.620,432.087006,3,A
393066,8.913061224,8261.973,504.043610,8,B
393131,8.914535147,8258.269,577.092041,4,A
393195,8.915986395,8254.628,648.984680,9,B
393259,8.917437642,8250.988,0.845597,0,A
393323,8.918888889,8247.350,72.674843,5,B
393387,8.920340136,8243.715,144.472443,1,A
393451,8.921791383,8240.086,216.238403,6,B
393516,8.923265306,8236.398,289.093353,2,A
393580,8.924716553,8232.771,360.795593,7,B
393644,8.926167800,8229.150,432.466309,3,A
393708,8.927619048,8225.528,504.105469,8,B
393773,8.929092971,8221.853,576.831726,4,A
393837,8.930544218,8218.238,648.407410,9,B
393902,8.932018141,8214.568,1.069228,0,A
393966,8.933469388,8210.958,72.581482,5,B
394030,8.934920635,8207.353,144.062317,1,A
394095,8.936394558,8203.691,216.627899,6,B
394159,8.937845805,8200.088,288.045471,2,A
394224,8.939319728,8196.435,360.546875,7,B
394289,8.940793651,8192.780,433.015930,3,A
394353,8.942244898,8189.188,504.338531,8,B
394418,8.943718821,8185.541,576.743530,4,A
394482,8.945170068,8181.952,648.003174,9,B
394547,8.946643991,8178.312,0.344199,0,A
394612,8.948117914,8174.672,72.653061,5,B
394677,8.949591837,8171.037,144.929764,1,A
394741,8.951043084,8167.459,216.063110,6,B
394806,8.952517007,8163.831,288.276031,2,A
394871,8.953990930,8160.202,360.456879,7,B
394936,8.955464853,8156.576,432.605652,3,A
395001,8.956938776,8152.956,504.722382,8,B
395066,8.958412698,8149.335,576.807129,4,A
395131,8.959886621,8145.721,648.859863,9,B
395196,8.961360544,8142.106,0.880597,0,A
395261,8.962834467,8138.497,72.869415,5,B
395326,8.964308390,8134.888,144.826309,1,A
395391,8.965782313,8131.284,216.751312,6,B
395456,8.967256236,8127.681,288.644470,2,A
395521,8.968730159,8124.083,360.505737,7,B
395586,8.970204082,8120.485,432.335236,3,A
395651,8.971678005,8116.893,504.132904,8,B
395717,8.973174603,8113.246,577.002686,4,A
395782,8.974648526,8109.659,648.736389,9,B
395847,8.976122449,8106.072,0.438337,0,A
395912,8.977596372,8102.492,72.108620,5,B
395978,8.979092971,8098.858,144.849121,1,A
396043,8.980566893,8095.281,216.455597,6,B
396108,8.982040816,8091.708,288.030457,2,A
396174,8.983537415,8088.080,360.674164,7,B
396239,8.985011338,8084.514,432.185394,3,A
396305,8.986507937,8080.893,504.764526,8,B
396370,8.987981859,8077.332,576.212219,4,A
396436,8.989478458,8073.718,648.726868,9,B
396501,8.990952381,8070.160,0.111116,0,A
396567,8.992448980,8066.553,72.561417,5,B
396633,8.993945578,8062.948,144.979324,1,A
396698,8.995419501,8059.399,216.268372,6,B
396764,8.996916100,8055.801,288.622070,2,A
396830,8.998412698,8052.203,360.943481,7,B
396895,8.999886621,8048.665,432.137543,3,A
396961,9.001383220,8045.075,504.394897,8,B
397027,9.002879819,8041.485,576.620056,4,A
397093,9.004376417,8037.901,648.812927,9,B
397159,9.005873016,8034.321,0.973705,0,A
397224,9.007346939,8030.795,72.009689,5,B
397290,9.008843537,8027.220,144.106644,1,A
397356,9.010340136,8023.647,216.171524,6,B
397422,9.011836735,8020.076,288.204315,2,A
397488,9.013333333,8016.510,360.205078,7,B
397554,9.014829932,8012.947,432.173798,3,A
397620,9.016326531,8009.384,504.110565,8,B
397686,9.017823129,8005.827,576.015320,4,A
397753,9.019342404,8002.218,648.976929,9,B
397819,9.020839002,7998.667,0.817395,0,A
397885,9.022335601,7995.116,72.625977,5,B
397951,9.023832200,7991.570,144.402695,1,A
398017,9.025328798,7988.028,216.147598,6,B
398084,9.026848073,7984.435,288.946991,2,A
398150,9.028344671,7980.896,360.627838,7,B
398216,9.029841270,7977.363,432.276947,3,A
398283,9.031360544,7973.779,504.979187,8,B
398349,9.032857143,7970.251,576.564392,4,A
398415,9.034353741,7966.726,648.117920,9,B
398482,9.035873016,7963.150,0.723221,0,A
398548,9.037369615,7959.632,72.213020,5,B
398615,9.038888889,7956.062,144.753693,1,A
398681,9.040385488,7952.551,216.179886,6,B
398748,9.041904762,7948.988,288.656036,2,A
398814,9.043401361,7945.479,360.018707,7,B
398881,9.044920635,7941.922,432.430420,3,A
398948,9.046439909,7938.369,504.809753,8,B
399014,9.047936508,7934.872,576.077148,4,A
399081,9.049455782,7931.324,648.392212,9,B
399148,9.050975057,7927.780,0.674955,0,A
399215,9.052494331,7924.240,72.925407,5,B
399281,9.053990930,7920.752,144.065948,1,A
399348,9.055510204,7917.218,216.252380,6,B
399415,9.057029478,7913.686,288.406616,2,A
399482,9.058548753,7910.157,360.528656,7,B
399549,9.060068027,7906.632,432.618530,3,A
399616,9.061587302,7903.109,504.676300,8,B
399683,9.063106576,7899.590,576.701965,4,A
399750,9.064625850,7896.074,648.695557,9,B
399817,9.066145125,7892.561,0.657118,0,A
399884,9.067664399,7889.051,72.586670,5,B
399951,9.069183673,7885.544,144.484238,1,A
400018,9.070702948,7882.041,216.349854,6,B
400085,9.072222222,7878.540,288.183533,2,A
400153,9.073764172,7874.990,361.056763,7,B
400220,9.075283447,7871.497,432.826233,3,A
400287,9.076802721,7868.006,504.563843,8,B
400354,9.078321995,7864.516,576.269653,4,A
400422,9.079863946,7860.980,649.013184,9,B
400489,9.081383220,7857.500,0.655001,0,A
400556,9.082902494,7854.020,72.265083,5,B
400624,9.084444444,7850.494,144.911560,1,A
400691,9.085963719,7847.022,216.457825,6,B
400759,9.087505669,7843.501,289.039581,2,A
400826,9.089024943,7840.036,360.522125,7,B
400894,9.090566893,7836.521,433.039276,3,A
400961,9.092086168,7833.062,504.458221,8,B
401029,9.093628118,7829.554,576.910889,4,A
401096,9.095147392,7826.102,648.266357,9,B
401164,9.096689342,7822.601,0.654678,0,A
401232,9.098231293,7819.102,73.010612,5,B
401299,9.099750567,7815.660,144.270859,1,A
401367,9.101292517,7812.168,216.562607,6,B
401435,9.102834467,7808.680,288.822083,2,A
401503,9.104376417,7805.194,361.049286,7,B
401570,9.105895692,7801.765,432.182800,3,A
401638,9.107437642,7798.286,504.346069,8,B
401706,9.108979592,7794.813,576.477173,4,A
401774,9.110521542,7791.341,648.576172,9,B
401842,9.112063492,7787.873,0.643036,0,A
401910,9.113605442,7784.408,72.677841,5,B
401978,9.115147392,7780.946,144.680603,1,A
402046,9.116689342,7777.487,216.651352,6,B
402114,9.118231293,7774.034,288.590118,2,A
402182,9.119773243,7770.583,360.496948,7,B
402250,9.121315193,7767.134,432.371857,3,A
402318,9.122857143,7763.688,504.214874,8,B
402386,9.124399093,7760.247,576.026062,4,A
402455,9.125963719,7756.757,648.860718,9,B
402523,9.127505669,7753.324,0.607802,0,A
402591,9.129047619,7749.892,72.323120,5,B
402659,9.130589569,7746.464,144.006699,1,A
402728,9.132154195,7742.987,216.712051,6,B
402796,9.133696145,7739.566,288.331787,2,A
402865,9.135260771,7736.099,360.972443,7,B
402933,9.136802721,7732.683,432.528473,3,A
403001,9.138344671,7729.271,504.052917,8,B
403070,9.139909297,7725.813,576.596985,4,A
403138,9.141451247,7722.411,648.057922,9,B
403207,9.143015873,7718.958,0.537558,0,A
403276,9.144580499,7715.510,72.984825,5,B
403344,9.146122449,7712.117,144.350479,1,A
403413,9.147687075,7708.676,216.733551,6,B
403481,9.149229025,7705.287,288.036011,2,A
403550,9.150793651,7701.853,360.355011,7,B
403619,9.152358277,7698.423,432.641785,3,A
403688,9.153922902,7694.995,504.896362,8,B
403756,9.155464853,7691.621,576.072327,4,A
403825,9.157029478,7688.203,648.263123,9,B
403894,9.158594104,7684.786,0.421778,0,A
403963,9.160158730,7681.371,72.548401,5,B
404032,9.161723356,7677.963,144.643005,1,A
404101,9.163287982,7674.556,216.705612,6,B
404170,9.164852608,7671.154,288.736267,2,A
404239,9.166417234,7667.754,360.734985,7,B
404308,9.167981859,7664.358,432.701813,3,A
404377,9.169546485,7660.967,504.636780,8,B
404446,9.171111111,7657.578,576.539917,4,A
404515,9.172675737,7654.192,648.411255,9,B
404584,9.174240363,7650.812,0.250849,0,A
404653,9.175804989,7647.433,72.058708,5,B
404723,9.177392290,7644.010,144.874863,1,A
404792,9.178956916,7640.639,216.618912,6,B
404861,9.180521542,7637.271,288.331329,2,A
404930,9.182086168,7633.908,360.012115,7,B
405000,9.183673469,7630.498,432.699554,3,A
405069,9.185238095,7627.142,504.316803,8,B
405139,9.186825397,7623.740,576.939819,4,A
405208,9.188390023,7620.391,648.493652,9,B
405277,9.189954649,7617.044,0.016100,0,A
405347,9.191541950,7613.654,72.542999,5,B
405416,9.193106576,7610.314,144.002213,1,A
405486,9.194693878,7606.932,216.465057,6,B
405556,9.196281179,7603.550,288.895691,2,A
405625,9.197845805,7600.223,360.260101,7,B
405695,9.199433107,7596.850,432.626892,3,A
405765,9.201020408,7593.481,504.961578,8,B
405834,9.202585034,7590.164,576.231506,4,A
405904,9.204172336,7586.802,648.502563,9,B
405974,9.205759637,7583.443,0.741589,0,A
406044,9.207346939,7580.089,72.948662,5,B
406113,9.208911565,7576.786,144.092957,1,A
406183,9.210498866,7573.440,216.236664,6,B
406253,9.212086168,7570.098,288.348511,2,A
406323,9.213673469,7566.757,360.428558,7,B
406393,9.215260771,7563.421,432.476776,3,A
406463,9.216848073,7560.088,504.493256,8,B
406533,9.218435374,7556.761,576.478027,4,A
406603,9.220022676,7553.437,648.431152,9,B
406673,9.221609977,7550.115,0.352564,0,A
406743,9.223197279,7546.798,72.242393,5,B
406813,9.224784580,7543.483,144.100647,1,A
406884,9.226394558,7540.127,216.953232,6,B
406954,9.227981859,7536.821,288.747986,2,A
407024,9.229569161,7533.518,360.511292,7,B
407094,9.231156463,7530.220,432.243134,3,A
407165,9.232766440,7526.879,504.967651,8,B
407235,9.234353741,7523.586,576.636292,4,A
407305,9.235941043,7520.300,648.273621,9,B
407376,9.237551020,7516.969,0.902397,0,A
407446,9.239138322,7513.688,72.476738,5,B
407516,9.240725624,7510.414,144.019852,1,A
407587,9.242335601,7507.095,216.553162,6,B
407657,9.243922902,7503.826,288.033508,2,A
407728,9.245532880,7500.515,360.503235,7,B
407799,9.247142857,7497.208,432.940979,3,A
407869,9.248730159,7493.951,504.327209,8,B
407940,9.250340136,7490.650,576.701599,4,A
408010,9.251927438,7487.401,648.025452,9,B
408081,9.253537415,7484.110,0.336587,0,A
408152,9.255147392,7480.823,72.615959,5,B
408223,9.256757370,7477.537,144.863586,1,A
408293,9.258344671,7474.304,216.062607,6,B
408364,9.259954649,7471.028,288.247314,2,A
408435,9.261564626,7467.755,360.400391,7,B
408506,9.263174603,7464.485,432.521881,3,A
408577,9.264784580,7461.221,504.611816,8,B
408648,9.266394558,7457.961,576.670227,4,A
408719,9.268004535,7454.705,648.697144,9,B
408790,9.269614512,7451.452,0.692657,0,A
408861,9.271224490,7448.204,72.656754,5,B
408932,9.272834467,7444.958,144.589478,1,A
409003,9.274444444,7441.717,216.490891,6,B
409074,9.276054422,7438.480,288.361023,2,A
409145,9.277664399,7435.248,360.199890,7,B
409216,9.279274376,7432.019,432.007538,3,A
409288,9.280907029,7428.748,504.794739,8,B
409359,9.282517007,7425.526,576.539673,4,A
409430,9.284126984,7422.309,648.253479,9,B
409502,9.285759637,7419.051,0.945629,0,A
409573,9.287369615,7415.842,72.596931,5,B
409644,9.288979592,7412.638,144.217255,1,A
409716,9.290612245,7409.391,216.814728,6,B
409787,9.292222222,7406.195,288.372772,2,A
409859,9.293854875,7402.957,360.907166,7,B
409930,9.295464853,7399.768,432.403107,3,A
410002,9.297097506,7396.538,504.874573,8,B
410073,9.298707483,7393.357,576.308533,4,A
410145,9.300340136,7390.136,648.717224,9,B
410216,9.301950113,7386.961,0.089394,0,A
410288,9.303582766,7383.748,72.435509,5,B
410360,9.305215420,7380.539,144.750168,1,A
410431,9.306825397,7377.378,216.029694,6,B
410503,9.308458050,7374.177,288.281982,2,A
410575,9.310090703,7370.980,360.502960,7,B
410647,9.311723356,7367.787,432.692627,3,A
410719,9.313356009,7364.599,504.851044,8,B
410791,9.314988662,7361.414,576.978210,4,A
410862,9.316598639,7358.279,648.073120,9,B
410934,9.318231293,7355.103,0.138468,0,A
411006,9.319863946,7351.931,72.172699,5,B
411078,9.321496599,7348.763,144.175888,1,A
411150,9.323129252,7345.599,216.148056,6,B
411222,9.324761905,7342.439,288.089264,2,A
411295,9.326417234,7339.242,360.998077,7,B
411367,9.328049887,7336.091,432.877045,3,A
411439,9.329682540,7332.945,504.725159,8,B
411511,9.331315193,7329.801,576.542480,4,A
411583,9.332947846,7326.664,648.329041,9,B
411655,9.334580499,7323.529,0.084845,0,A
411728,9.336235828,7320.356,72.805962,5,B
411800,9.337868481,7317.230,144.500046,1,A
411872,9.339501134,7314.109,216.163544,6,B
411945,9.341156463,7310.950,288.791168,2,A
412017,9.342789116,7307.837,360.393158,7,B
412090,9.344444444,7304.685,432.958527,3,A
412162,9.346077098,7301.581,504.499207,8,B
412234,9.347709751,7298.481,576.009460,4,A
412307,9.349365079,7295.342,648.481995,9,B
412380,9.351020408,7292.208,0.923353,0,A
412452,9.352653061,7289.120,72.341888,5,B
412525,9.354308390,7285.996,144.721497,1,A
412597,9.355941043,7282.917,216.079224,6,B
412670,9.357596372,7279.800,288.397278,2,A
412743,9.359251701,7276.688,360.684387,7,B
412816,9.360907029,7273.581,432.940582,3,A
412888,9.362539683,7270.520,504.176788,8,B
412961,9.364195011,7267.420,576.371765,4,A
413034,9.365850340,7264.325,648.536011,9,B
413107,9.367505669,7261.234,0.669537,0,A
413180,9.369160998,7258.150,72.772392,5,B
413253,9.370816327,7255.068,144.844620,1,A
413326,9.372471655,7251.991,216.886261,6,B
413399,9.374126984,7248.918,288.897369,2,A
413472,9.375782313,7245.852,360.877991,7,B
413545,9.377437642,7242.787,432.828156,3,A
413618,9.379092971,7239.728,504.747925,8,B
413691,9.380748299,7236.673,576.637329,4,A
413764,9.382403628,7233.624,648.496399,9,B
413837,9.384058957,7230.578,0.325225,0,A
413910,9.385714286,7227.536,72.123817,5,B
413984,9.387392290,7224.459,144.875153,1,A
414057,9.389047619,7221.427,216.613007,6,B
414130,9.390702948,7218.399,288.320801,2,A
414204,9.392380952,7215.335,360.980194,7,B
414277,9.394036281,7212.317,432.627502,3,A
414350,9.395691610,7209.303,504.244873,8,B
414424,9.397369615,7206.253,576.812744,4,A
414497,9.399024943,7203.248,648.369934,9,B
414571,9.400702948,7200.208,0.876913,0,A
414644,9.402358277,7197.212,72.374092,5,B
414718,9.404036281,7194.179,144.820328,1,A
414791,9.405691610,7191.194,216.257690,6,B
414865,9.407369615,7188.170,288.643402,2,A
414938,9.409024943,7185.193,360.021118,7,B
415012,9.410702948,7182.181,432.346466,3,A
415086,9.412380952,7179.171,504.641510,8,B
415160,9.414058957,7176.168,576.906250,4,A
415233,9.415714286,7173.209,648.164856,9,B
415307,9.417392290,7170.214,0.369659,0,A
415381,9.419070295,7167.226,72.544327,5,B
415455,9.420748299,7164.240,144.688904,1,A
415529,9.422426304,7161.261,216.803467,6,B
415603,9.424104308,7158.284,288.888062,2,A
415677,9.425782313,7155.315,360.942688,7,B
415751,9.427460317,7152.348,432.967468,3,A
415825,9.429138322,7149.388,504.962402,8,B
415899,9.430816327,7146.431,576.927551,4,A
415973,9.432494331,7143.480,648.862915,9,B
416047,9.434172336,7140.533,0.768642,0,A
416121,9.435850340,7137.592,72.644707,5,B
416195,9.437528345,7134.654,144.491180,1,A
416269,9.439206349,7131.722,216.308105,6,B
416343,9.440884354,7128.794,288.095520,2,A
416418,9.442585034,7125.833,360.823029,7,B
416492,9.444263039,7122.914,432.551208,3,A
416566,9.445941043,7120.001,504.250031,8,B
416641,9.447641723,7117.055,576.887878,4,A
416715,9.449319728,7114.151,648.527771,9,B
416789,9.450997732,7111.253,0.138420,0,A
416864,9.452698413,7108.320,72.687057,5,B
416938,9.454376417,7105.432,144.239090,1,A
417013,9.456077098,7102.510,216.728378,6,B
417087,9.457755102,7099.631,288.221954,2,A
417162,9.459455782,7096.719,360.652100,7,B
417236,9.461133787,7093.849,432.087402,3,A
417311,9.462834467,7090.947,504.458618,8,B
417386,9.464535147,7088.050,576.800232,4,A
417460,9.466213152,7085.196,648.148376,9,B
417535,9.467913832,7082.309,0.431336,0,A
417610,9.469614512,7079.425,72.684883,5,B
417685,9.471315193,7076.549,144.909042,1,A
417759,9.472993197,7073.715,216.141464,6,B
417834,9.474693878,7070.848,288.307404,2,A
417909,9.476394558,7067.985,360.444122,7,B
417984,9.478095238,7065.129,432.551636,3,A
418059,9.479795918,7062.278,504.630035,8,B
418134,9.481496599,7059.430,576.679382,4,A
418209,9.483197279,7056.589,648.699707,9,B
418284,9.484897959,7053.753,0.691020,0,A
418359,9.486598639,7050.921,72.653442,5,B
418434,9.488299320,7048.095,144.587006,1,A
418509,9.490000000,7045.274,216.491745,6,B
418584,9.491700680,7042.458,288.367737,2,A
418659,9.493401361,7039.647,360.215027,7,B
418734,9.495102041,7036.842,432.033661,3,A
418810,9.496825397,7034.005,504.780701,8,B
418885,9.498526077,7031.210,576.541809,4,A
418960,9.500226757,7028.419,648.274414,9,B
419036,9.501950113,7025.598,0.934434,0,A
419111,9.503650794,7022.819,72.609840,5,B
419186,9.505351474,7020.046,144.256912,1,A
419262,9.507074830,7017.240,216.830429,6,B
419337,9.508775510,7014.476,288.420624,2,A
419413,9.510498866,7011.681,360.936615,7,B
419488,9.512199546,7008.929,432.470154,3,A
419564,9.513922902,7006.144,504.928833,8,B
419639,9.515623583,7003.401,576.405884,4,A
419715,9.517346939,7000.628,648.807495,9,B
419790,9.519047619,6997.896,0.228354,0,A
419866,9.520770975,6995.134,72.573082,5,B
419942,9.522494331,6992.377,144.889267,1,A
420017,9.524195011,6989.662,216.226013,6,B
420093,9.525918367,6986.916,288.485687,2,A
420169,9.527641723,6984.175,360.716980,7,B
420245,9.529365079,6981.439,432.919952,3,A
420320,9.531065760,6978.745,504.145203,8,B
420396,9.532789116,6976.021,576.292114,4,A
420472,9.534512472,6973.302,648.410828,9,B
420548,9.536235828,6970.589,0.501532,0,A
420624,9.537959184,6967.881,72.564178,5,B
420700,9.539682540,6965.179,144.598862,1,A
420776,9.541405896,6962.483,216.605637,6,B
420852,9.543129252,6959.792,288.584534,2,A
420928,9.544852608,6957.106,360.535675,7,B
421004,9.546575964,6954.426,432.459045,3,A
421080,9.548299320,6951.751,504.354736,8,B
421156,9.550022676,6949.082,576.222839,4,A
421232,9.551746032,6946.419,648.063293,9,B
421309,9.553492063,6943.728,0.821043,0,A
421385,9.555215420,6941.075,72.606232,5,B
421461,9.556938776,6938.429,144.364029,1,A
421537,9.558662132,6935.789,216.094498,6,B
421614,9.560408163,6933.119,288.740997,2,A
421690,9.562131519,6930.490,360.416595,7,B
421766,9.563854875,6927.867,432.065063,3,A
421843,9.565600907,6925.214,504.628662,8,B
421919,9.567324263,6922.603,576.222656,4,A
421996,9.569070295,6919.963,648.731140,9,B
422072,9.570793651,6917.362,0.270869,0,A
422149,9.572539683,6914.734,72.724525,5,B
422225,9.574263039,6912.146,144.210251,1,A
422302,9.576009070,6909.529,216.609299,6,B
422378,9.577732426,6906.951,288.041260,2,A
422455,9.579478458,6904.346,360.385956,7,B
422532,9.581224490,6901.747,432.703400,3,A
422608,9.582947846,6899.187,504.054993,8,B
422685,9.584693878,6896.600,576.318481,4,A
422762,9.586439909,6894.018,648.554810,9,B
422839,9.588185941,6891.442,0.764212,0,A
422915,9.589909297,6888.906,72.009377,5,B
422992,9.591655329,6886.342,144.165253,1,A
423069,9.593401361,6883.786,216.294327,6,B
423146,9.595147392,6881.234,288.396637,2,A
423223,9.596893424,6878.688,360.472229,7,B
423300,9.598639456,6876.149,432.521210,3,A
423377,9.600385488,6873.615,504.543579,8,B
423454,9.602131519,6871.088,576.539490,4,A
423531,9.603877551,6868.566,648.508911,9,B
423608,9.605623583,6866.053,0.451999,0,A
423685,9.607369615,6863.543,72.368752,5,B
423762,9.609115646,6861.041,144.259247,1,A
423839,9.610861678,6858.543,216.123566,6,B
423917,9.612630385,6856.020,288.894562,2,A
423994,9.614376417,6853.537,360.706329,7,B
424071,9.616122449,6851.059,432.492157,3,A
424148,9.617868481,6848.587,504.252014,8,B
424226,9.619637188,6846.088,576.917480,4,A
424303,9.621383220,6843.629,648.625366,9,B
424380,9.623129252,6841.177,0.307499,0,A
424458,9.624897959,6838.698,72.894417,5,B
424535,9.626643991,6836.257,144.524963,1,A
424612,9.628390023,6833.823,216.129974,6,B
424690,9.630158730,6831.364,288.638947,2,A
424767,9.631904762,6828.942,360.192780,7,B
424845,9.633673469,6826.495,432.650024,3,A
424922,9.635419501,6824.086,504.152893,8,B
425000,9.637188209,6821.653,576.558716,4,A
425077,9.638934240,6819.257,648.010925,9,B
425155,9.640702948,6816.835,0.365506,0,A
425233,9.642471655,6814.422,72.694458,5,B
425310,9.644217687,6812.045,144.071014,1,A
425388,9.645986395,6809.644,216.349197,6,B
425466,9.647755102,6807.249,288.601929,2,A
425544,9.649523810,6804.861,360.829285,7,B
425621,9.651269841,6802.510,432.105804,3,A
425699,9.653038549,6800.135,504.282959,8,B
425777,9.654807256,6797.768,576.434937,4,A
425855,9.656575964,6795.405,648.561768,9,B
425933,9.658344671,6793.051,0.663634,0,A
426011,9.660113379,6790.703,72.740524,5,B
426089,9.661882086,6788.361,144.792542,1,A
426167,9.663650794,6786.027,216.819733,6,B
426245,9.665419501,6783.698,288.822205,2,A
426323,9.667188209,6781.377,360.799988,7,B
426401,9.668956916,6779.063,432.753174,3,A
426479,9.670725624,6776.755,504.681854,8,B
426557,9.672494331,6774.455,576.586060,4,A
426635,9.674263039,6772.160,648.465881,9,B
426713,9.676031746,6769.873,0.321419,0,A
426791,9.677800454,6767.594,72.152710,5,B
426870,9.679591837,6765.290,144.880295,1,A
426948,9.681360544,6763.024,216.663025,6,B
427026,9.683129252,6760.765,288.421753,2,A
427104,9.684897959,6758.512,360.156525,7,B
427183,9.686689342,6756.237,432.786652,3,A
427261,9.688458050,6753.998,504.473450,8,B
427339,9.690226757,6751.768,576.136536,4,A
427418,9.692018141,6749.514,648.694275,9,B
427496,9.693786848,6747.297,0.309855,0,A
427575,9.695578231,6745.058,72.819626,5,B
427653,9.697346939,6742.854,144.387985,1,A
427732,9.699138322,6740.630,216.850082,6,B
427810,9.700907029,6738.441,288.371521,2,A
427889,9.702698413,6736.230,360.786285,7,B
427967,9.704467120,6734.057,432.261108,3,A
428046,9.706258503,6731.860,504.628815,8,B
428124,9.708027211,6729.701,576.057373,4,A
428203,9.709818594,6727.520,648.378296,9,B
428282,9.711609977,6725.347,0.675873,0,A
428360,9.713378685,6723.207,72.035393,5,B
428439,9.715170068,6721.050,144.286682,1,A
428518,9.716961451,6718.897,216.514816,6,B
428597,9.718752834,6716.754,288.719879,2,A
428676,9.720544218,6714.618,360.901917,7,B
428754,9.722312925,6712.517,432.147797,3,A
428833,9.724104308,6710.396,504.284393,8,B
428912,9.725895692,6708.281,576.398193,4,A
428991,9.727687075,6706.176,648.489380,9,B
429070,9.729478458,6704.076,0.557911,0,A
429149,9.731269841,6701.986,72.603951,5,B
429228,9.733061224,6699.903,144.627563,1,A
429307,9.734852608,6697.827,216.628815,6,B
429386,9.736643991,6695.760,288.607819,2,A
429465,9.738435374,6693.699,360.564636,7,B
429544,9.740226757,6691.647,432.499329,3,A
429623,9.742018141,6689.603,504.412018,8,B
429702,9.743809524,6687.565,576.302795,4,A
429781,9.745600907,6685.537,648.171692,9,B
429860,9.747392290,6683.516,0.018841,0,A
429940,9.749206349,6681.477,72.753349,5,B
430019,9.750997732,6679.472,144.556946,1,A
430098,9.752789116,6677.474,216.339035,6,B
430177,9.754580499,6675.484,288.099701,2,A
430257,9.756394558,6673.479,360.746979,7,B
430336,9.758185941,6671.505,432.464752,3,A
430415,9.759977324,6669.540,504.161407,8,B
430495,9.761791383,6667.559,576.744080,4,A
430574,9.763582766,6665.608,648.398376,9,B
430653,9.765374150,6663.668,0.031783,0,A
430733,9.767188209,6661.711,72.550713,5,B
430812,9.768979592,6659.785,144.142288,1,A
430892,9.770793651,6657.845,216.619049,6,B
430971,9.772585034,6655.938,288.169189,2,A
431051,9.774399093,6654.014,360.604156,7,B
431130,9.776190476,6652.122,432.113190,3,A
431210,9.778004535,6650.215,504.506714,8,B
431290,9.779818594,6648.317,576.879517,4,A
431369,9.781609977,6646.451,648.327515,9,B
431449,9.783424036,6644.569,0.659432,0,A
431528,9.785215420,6642.721,72.067184,5,B
431608,9.787029478,6640.856,144.358627,1,A
431688,9.788843537,6639.002,216.629822,6,B
431768,9.790657596,6637.154,288.880859,2,A
431847,9.792448980,6635.340,360.209106,7,B
431927,9.794263039,6633.511,432.420410,3,A
432007,9.796077098,6631.690,504.611847,8,B
432087,9.797891156,6629.879,576.783508,4,A
432166,9.799682540,6628.099,648.033752,9,B
432246,9.801496599,6626.306,0.166424,0,A
432326,9.803310658,6624.521,72.279633,5,B
432406,9.805124717,6622.745,144.373459,1,A
432486,9.806938776,6620.979,216.448029,6,B
432566,9.808752834,6619.221,288.503418,2,A
432646,9.810566893,6617.473,360.539703,7,B
432726,9.812380952,6615.734,432.557037,3,A
432806,9.814195011,6614.005,504.555481,8,B
432886,9.816009070,6612.283,576.535156,4,A
432966,9.817823129,6610.571,648.496155,9,B
433046,9.819637188,6608.870,0.438560,0,A
433126,9.821451247,6607.178,72.362503,5,B
433206,9.823265306,6605.494,144.268082,1,A
433286,9.825079365,6603.821,216.155396,6,B
433366,9.826893424,6602.156,288.024536,2,A
433447,9.828730159,6600.481,360.773651,7,B
433527,9.830544218,6598.837,432.606537,3,A
433607,9.832358277,6597.201,504.421600,8,B
433687,9.834172336,6595.576,576.218933,4,A
433768,9.836009070,6593.940,648.895691,9,B
433848,9.837823129,6592.335,0.657641,0,A
433928,9.839637188,6590.738,72.402138,5,B
434008,9.841451247,6589.152,144.129318,1,A
434089,9.843287982,6587.557,216.735565,6,B
434169,9.845102041,6585.990,288.428223,2,A
434249,9.846916100,6584.435,360.103882,7,B
434330,9.848752834,6582.869,432.658295,3,A
434410,9.850566893,6581.334,504.300110,8,B
434491,9.852403628,6579.790,576.820496,4,A
434571,9.854217687,6578.275,648.428894,9,B
434651,9.856031746,6576.771,0.020866,0,A
434732,9.857868481,6575.258,72.491112,5,B
434812,9.859682540,6573.774,144.050354,1,A
434893,9.861519274,6572.283,216.487701,6,B
434973,9.863333333,6570.820,288.014679,2,A
435054,9.865170068,6569.351,360.419586,7,B
435135,9.867006803,6567.892,432.808380,3,A
435215,9.868820862,6566.462,504.287750,8,B
435296,9.870657596,6565.024,576.644836,4,A
435376,9.872471655,6563.616,648.093079,9,B
435457,9.874308390,6562.202,0.418925,0,A
435538,9.876145125,6560.799,72.729233,5,B
435618,9.877959184,6559.424,144.131699,1,A
435699,9.879795918,6558.044,216.411530,6,B
435780,9.881632653,6556.675,288.676208,2,A
435860,9.883446712,6555.334,360.033966,7,B
435941,9.885283447,6553.988,432.268921,3,A
436022,9.887120181,6552.654,504.489075,8,B
436103,9.888956916,6551.332,576.694641,4,A
436184,9.890793651,6550.022,648.885681,9,B
436264,9.892607710,6548.740,0.171359,0,A
436345,9.894444444,6547.454,72.333969,5,B
436426,9.896281179,6546.181,144.482468,1,A
436507,9.898117914,6544.919,216.617004,6,B
436588,9.899954649,6543.670,288.737701,2,A
436669,9.901791383,6542.434,360.844727,7,B
436749,9.903605442,6541.226,432.048218,3,A
436830,9.905442177,6540.014,504.128418,8,B
436911,9.907278912,6538.815,576.195312,4,A
436992,9.909115646,6537.630,648.249146,9,B
437073,9.910952381,6536.458,0.289939,0,A
437154,9.912789116,6535.299,72.317902,5,B
437235,9.914625850,6534.153,144.333160,1,A
437316,9.916462585,6533.021,216.335876,6,B
437397,9.918299320,6531.902,288.326172,2,A
437478,9.920136054,6530.798,360.304260,7,B
437559,9.921972789,6529.707,432.270203,3,A
437640,9.923809524,6528.631,504.224243,8,B
437721,9.925646259,6527.567,576.166443,4,A
437802,9.927482993,6526.520,648.097046,9,B
437883,9.929319728,6525.485,0.016186,0,A
437965,9.931179138,6524.454,72.811684,5,B
438046,9.933015873,6523.450,144.708206,1,A
438127,9.934852608,6522.461,216.593765,6,B
438208,9.936689342,6521.486,288.468475,2,A
438289,9.938526077,6520.528,360.332581,7,B
438370,9.940362812,6519.585,432.186188,3,A
438451,9.942199546,6518.658,504.029480,8,B
438533,9.944058957,6517.736,576.749451,4,A
438614,9.945895692,6516.842,648.572571,9,B
438695,9.947732426,6515.964,0.385891,0,A
438776,9.949569161,6515.103,72.189651,5,B
438858,9.951428571,6514.249,144.870316,1,A
438939,9.953265306,6513.423,216.655365,6,B
439020,9.955102041,6512.613,288.431396,2,A
439101,9.956938776,6511.822,360.198639,7,B
439183,9.958798186,6511.041,432.843109,3,A
439264,9.960634921,6510.287,504.593231,8,B
439345,9.962471655,6509.553,576.335144,4,A
439426,9.964308390,6508.838,648.069031,9,B
439508,9.966167800,6508.135,0.680674,0,A
439589,9.968004535,6507.461,72.399193,5,B
439670,9.969841270,6506.808,144.110397,1,A
439752,9.971700680,6506.168,216.699722,6,B
439833,9.973537415,6505.559,288.396942,2,A
439914,9.975374150,6504.972,360.087555,7,B
439996,9.977233560,6504.402,432.656799,3,A
440077,9.979070295,6503.864,504.334930,8,B
440158,9.980907029,6503.352,576.007263,4,A
440240,9.982766440,6502.859,648.558899,9,B
440321,9.984603175,6502.401,0.220458,0,A
440403,9.986462585,6501.967,72.761772,5,B
440484,9.988299320,6501.569,144.413849,1,A
440565,9.990136054,6501.204,216.061722,6,B
440647,9.991995465,6500.871,288.590240,2,A
440728,9.993832200,6500.582,360.230865,7,B
440810,9.995691610,6500.333,432.752899,3,A
440891,9.997528345,6500.141,504.388092,8,B
440972,9.999365079,6500.018,576.021545,4,A
