Time_ms,RPM,NormalizedRPM,Gear,Throttle,Slip,Surface,W_Idle,W_Low,W_Mid,W_High,W_Redline,P_Idle,P_Low,P_Mid,P_High,P_Redline,EngineGain,BedKey,BedGain,Trigger,DominantBand,Crossfade
2612,4500.0,0.0000,0,0.000,0.015,asphalt,1.0000,0.0000,0.0000,0.0000,0.0000,1.1418,0.6057,0.5490,0.8065,0.5854,0.4500,,0.0000,,0,0
2670,4500.0,0.0000,0,0.000,0.015,asphalt,1.0000,0.0000,0.0000,0.0000,0.0000,1.1418,0.6057,0.5490,0.8065,0.5854,0.4500,,0.0000,,0,0
2728,4500.0,0.0000,0,0.000,0.015,asphalt,1.0000,0.0000,0.0000,0.0000,0.0000,1.1418,0.6057,0.5490,0.8065,0.5854,0.4500,,0.0000,,0,0
2787,4500.0,0.0000,0,0.000,0.015,asphalt,1.0000,0.0000,0.0000,0.0000,0.0000,1.1418,0.6057,0.5490,0.8065,0.5854,0.4500,,0.0000,,0,0
2844,4500.0,0.0000,0,0.000,0.015,asphalt,1.0000,0.0000,0.0000,0.0000,0.0000,1.1418,0.6057,0.5490,0.8065,0.5854,0.4500,,0.0000,,0,0
2899,4500.0,0.0000,0,0.000,0.015,asphalt,1.0000,0.0000,0.0000,0.0000,0.0000,1.1418,0.6057,0.5490,0.8065,0.5854,0.4500,,0.0000,,0,0
2958,4500.0,0.0000,0,0.000,0.015,asphalt,1.0000,0.0000,0.0000,0.0000,0.0000,1.1418,0.6057,0.5490,0.8065,0.5854,0.4500,,0.0000,,0,0
3015,4500.0,0.0000,0,0.000,0.015,asphalt,1.0000,0.0000,0.0000,0.0000,0.0000,1.1418,0.6057,0.5490,0.8065,0.5854,0.4500,,0.0000,,0,0
3073,4500.0,0.0000,0,0.000,0.015,asphalt,1.0000,0.0000,0.0000,0.0000,0.0000,1.1418,0.6057,0.5490,0.8065,0.5854,0.4500,,0.0000,,0,0
3123,4500.0,0.0000,0,0.000,0.015,asphalt,1.0000,0.0000,0.0000,0.0000,0.0000,1.1418,0.6057,0.5490,0.8065,0.5854,0.4500,,0.0000,,0,0
3181,4500.0,0.0000,0,0.000,0.015,asphalt,1.0000,0.0000,0.0000,0.0000,0.0000,1.1418,0.6057,0.5490,0.8065,0.5854,0.4500,,0.0000,,0,0
3237,4500.0,0.0000,0,0.000,0.015,asphalt,1.0000,0.0000,0.0000,0.0000,0.0000,1.1418,0.6057,0.5490,0.8065,0.5854,0.4500,,0.0000,,0,0
3288,4500.0,0.0000,0,0.000,0.015,asphalt,1.0000,0.0000,0.0000,0.0000,0.0000,1.1418,0.6057,0.5490,0.8065,0.5854,0.4500,,0.0000,,0,0
3346,4500.0,0.0000,0,0.000,0.015,asphalt,1.0000,0.0000,0.0000,0.0000,0.0000,1.1418,0.6057,0.5490,0.8065,0.5854,0.4500,,0.0000,,0,0
3397,4500.0,0.0000,0,0.000,0.015,asphalt,1.0000,0.0000,0.0000,0.0000,0.0000,1.1418,0.6057,0.5490,0.8065,0.5854,0.4500,,0.0000,,0,0
3449,4500.0,0.0000,0,0.000,0.015,asphalt,1.0000,0.0000,0.0000,0.0000,0.0000,1.1418,0.6057,0.5490,0.8065,0.5854,0.4500,,0.0000,,0,0
3501,4500.0,0.0000,0,0.000,0.015,asphalt,1.0000,0.0000,0.0000,0.0000,0.0000,1.1418,0.6057,0.5490,0.8065,0.5854,0.4500,,0.0000,,0,0
3608,4500.0,0.0000,0,0.000,0.015,asphalt,1.0000,0.0000,0.0000,0.0000,0.0000,1.1418,0.6057,0.5490,0.8065,0.5854,0.4500,,0.0000,,0,0
3659,4500.0,0.0000,0,0.000,0.015,asphalt,1.0000,0.0000,0.0000,0.0000,0.0000,1.1418,0.6057,0.5490,0.8065,0.5854,0.4500,,0.0000,,0,0
3717,4500.0,0.0000,0,0.000,0.015,asphalt,1.0000,0.0000,0.0000,0.0000,0.0000,1.1418,0.6057,0.5490,0.8065,0.5854,0.4500,,0.0000,,0,0
3774,4500.0,0.0000,0,0.000,0.015,asphalt,1.0000,0.0000,0.0000,0.0000,0.0000,1.1418,0.6057,0.5490,0.8065,0.5854,0.4500,,0.0000,,0,0
3833,4500.0,0.0000,0,0.000,0.015,asphalt,1.0000,0.0000,0.0000,0.0000,0.0000,1.1418,0.6057,0.5490,0.8065,0.5854,0.4500,,0.0000,,0,0
3883,4500.0,0.0000,0,0.000,0.015,asphalt,1.0000,0.0000,0.0000,0.0000,0.0000,1.1418,0.6057,0.5490,0.8065,0.5854,0.4500,,0.0000,,0,0
3941,4500.0,0.0000,0,0.000,0.015,asphalt,1.0000,0.0000,0.0000,0.0000,0.0000,1.1418,0.6057,0.5490,0.8065,0.5854,0.4500,,0.0000,,0,0
4000,4500.0,0.0000,0,0.000,0.015,asphalt,1.0000,0.0000,0.0000,0.0000,0.0000,1.1418,0.6057,0.5490,0.8065,0.5854,0.4500,,0.0000,,0,0
4057,4500.0,0.0000,0,0.000,0.015,asphalt,1.0000,0.0000,0.0000,0.0000,0.0000,1.1418,0.6057,0.5490,0.8065,0.5854,0.4500,,0.0000,,0,0
4114,4500.0,0.0000,0,0.000,0.015,asphalt,1.0000,0.0000,0.0000,0.0000,0.0000,1.1418,0.6057,0.5490,0.8065,0.5854,0.4500,,0.0000,,0,0
4164,4500.0,0.0000,0,0.000,0.015,asphalt,1.0000,0.0000,0.0000,0.0000,0.0000,1.1418,0.6057,0.5490,0.8065,0.5854,0.4500,,0.0000,,0,0
4223,4760.0,0.0208,0,0.833,0.015,asphalt,0.9168,0.0832,0.0000,0.0000,0.0000,1.2078,0.6407,0.5808,0.8530,0.6192,0.9081,,0.0000,,0,0
4281,5028.0,0.0422,1,1.000,1.000,asphalt,0.8310,0.1690,0.0000,0.0000,0.0000,1.2758,0.6768,0.6135,0.9011,0.6541,1.0000,,0.0000,,0,1
4338,4500.0,0.0000,1,1.000,1.000,asphalt,1.0000,0.0000,0.0000,0.0000,0.0000,1.1418,0.6057,0.5490,0.8065,0.5854,1.0000,,0.0000,,0,0
4396,4840.0,0.0272,1,1.000,1.000,asphalt,0.8912,0.1088,0.0000,0.0000,0.0000,1.2281,0.6515,0.5905,0.8674,0.6296,1.0000,,0.0000,,0,1
4453,4717.0,0.0174,1,1.000,1.000,asphalt,0.9306,0.0694,0.0000,0.0000,0.0000,1.1969,0.6349,0.5755,0.8453,0.6136,1.0000,,0.0000,,0,0
4512,4692.0,0.0154,1,1.000,1.000,asphalt,0.9386,0.0614,0.0000,0.0000,0.0000,1.1906,0.6316,0.5725,0.8409,0.6104,1.0000,,0.0000,,0,0
4570,4742.0,0.0194,1,1.000,1.000,asphalt,0.9226,0.0774,0.0000,0.0000,0.0000,1.2032,0.6383,0.5786,0.8498,0.6169,1.0000,,0.0000,,0,0
4620,4948.0,0.0358,1,1.000,1.000,asphalt,0.8566,0.1434,0.0000,0.0000,0.0000,1.2555,0.6660,0.6037,0.8867,0.6437,1.0000,,0.0000,,0,1
4670,5209.0,0.0567,1,1.000,1.000,asphalt,0.7731,0.2269,0.0000,0.0000,0.0000,1.3217,0.7012,0.6356,0.9335,0.6776,1.0000,,0.0000,,0,1
4725,5530.0,0.0824,1,1.000,1.000,asphalt,0.6704,0.3296,0.0000,0.0000,0.0000,1.4032,0.7444,0.6747,0.9910,0.7194,1.0000,,0.0000,,0,1
4782,5880.0,0.1104,1,1.000,1.000,asphalt,0.5584,0.4416,0.0000,0.0000,0.0000,1.4920,0.7915,0.7174,1.0538,0.7649,1.0000,,0.0000,,0,1
4837,6240.0,0.1392,1,1.000,1.000,asphalt,0.4432,0.5568,0.0000,0.0000,0.0000,1.5834,0.8400,0.7613,1.1183,0.8118,1.0000,,0.0000,,1,1
4890,6598.0,0.1678,1,1.000,0.959,asphalt,0.3286,0.6714,0.0000,0.0000,0.0000,1.6742,0.8881,0.8050,1.1824,0.8583,1.0000,,0.0000,,1,1
4942,6902.0,0.1922,1,1.000,0.903,asphalt,0.2314,0.7686,0.0000,0.0000,0.0000,1.7513,0.9291,0.8421,1.2369,0.8979,1.0000,,0.0000,,1,1
4994,7203.0,0.2162,1,1.000,0.859,asphalt,0.1350,0.8650,0.0000,0.0000,0.0000,1.8277,0.9696,0.8788,1.2909,0.9370,1.0000,,0.0000,,1,1
5045,7504.0,0.2403,1,1.000,0.821,asphalt,0.0387,0.9613,0.0000,0.0000,0.0000,1.9041,1.0101,0.9156,1.3448,0.9762,1.0000,,0.0000,,1,0
5097,7799.0,0.2639,1,1.000,0.788,asphalt,0.0000,0.9443,0.0557,0.0000,0.0000,1.9789,1.0498,0.9516,1.3977,1.0146,1.0000,,0.0000,,1,0
5150,8087.0,0.2870,1,1.000,0.768,asphalt,0.0000,0.8522,0.1478,0.0000,0.0000,2.0520,1.0886,0.9867,1.4493,1.0520,1.0000,,0.0000,,1,1
5203,8420.0,0.3136,1,1.000,0.792,asphalt,0.0000,0.7456,0.2544,0.0000,0.0000,2.1365,1.1334,1.0273,1.5090,1.0954,1.0000,,0.0000,,1,1
5255,8717.0,0.3374,1,1.000,0.716,asphalt,0.0000,0.6506,0.3494,0.0000,0.0000,2.2119,1.1734,1.0636,1.5622,1.1340,1.0000,,0.0000,,1,1
5307,9017.0,0.3614,1,1.000,0.691,asphalt,0.0000,0.5546,0.4454,0.0000,0.0000,2.2880,1.2138,1.1002,1.6159,1.1730,1.0000,,0.0000,,1,1
5358,9324.0,0.3859,1,1.000,0.674,asphalt,0.0000,0.4563,0.5437,0.0000,0.0000,2.3659,1.2551,1.1376,1.6710,1.2130,1.0000,,0.0000,,2,1
5410,9696.0,0.4157,1,1.000,0.659,asphalt,0.0000,0.3373,0.6627,0.0000,0.0000,2.4603,1.3052,1.1830,1.7376,1.2614,1.0000,,0.0000,,2,1
5461,10026.0,0.4421,1,1.000,0.649,asphalt,0.0000,0.2317,0.7683,0.0000,0.0000,2.5440,1.3496,1.2233,1.7968,1.3043,1.0000,,0.0000,,2,1
5512,10357.0,0.4686,1,1.000,0.641,asphalt,0.0000,0.1258,0.8742,0.0000,0.0000,2.6280,1.3941,1.2637,1.8561,1.3473,1.0000,,0.0000,,2,1
5562,10681.0,0.4945,1,1.000,0.633,asphalt,0.0000,0.0221,0.9779,0.0000,0.0000,2.7102,1.4377,1.3032,1.9142,1.3895,1.0000,,0.0000,,2,0
5613,10994.0,0.5195,1,1.000,0.626,asphalt,0.0000,0.0000,0.9219,0.0781,0.0000,2.7896,1.4799,1.3414,1.9703,1.4302,1.0000,,0.0000,,2,0
5663,11295.0,0.5436,1,1.000,0.646,asphalt,0.0000,0.0000,0.8256,0.1744,0.0000,2.8660,1.5204,1.3781,2.0242,1.4694,1.0000,,0.0000,,2,1
5714,11594.0,0.5675,1,1.000,0.634,asphalt,0.0000,0.0000,0.7299,0.2701,0.0000,2.9419,1.5606,1.4146,2.0778,1.5083,1.0000,,0.0000,,2,1
5772,11938.0,0.5950,1,1.000,0.601,asphalt,0.0000,0.0000,0.6198,0.3802,0.0000,3.0292,1.6069,1.4566,2.1394,1.5530,1.0000,,0.0000,,2,1
5829,12265.0,0.6212,1,1.000,0.589,asphalt,0.0000,0.0000,0.5152,0.4848,0.0000,3.1122,1.6510,1.4965,2.1980,1.5956,1.0000,,0.0000,,2,1
5879,12542.0,0.6434,1,1.000,0.580,asphalt,0.0000,0.0000,0.4266,0.5734,0.0000,3.1824,1.6882,1.5303,2.2477,1.6316,1.0000,,0.0000,,3,1
5929,12816.0,0.6653,1,1.000,0.571,asphalt,0.0000,0.0000,0.3389,0.6611,0.0000,3.2520,1.7251,1.5637,2.2968,1.6672,1.0000,,0.0000,,3,1
5979,13086.0,0.6869,1,1.000,0.563,asphalt,0.0000,0.0000,0.2525,0.7475,0.0000,3.3205,1.7615,1.5966,2.3452,1.7024,1.0000,,0.0000,,3,1
6031,13349.0,0.7079,1,1.000,0.555,asphalt,0.0000,0.0000,0.1683,0.8317,0.0000,3.3872,1.7969,1.6287,2.3923,1.7366,1.0000,,0.0000,,3,1
6082,13606.0,0.7285,1,1.000,0.547,asphalt,0.0000,0.0000,0.0861,0.9139,0.0000,3.4524,1.8315,1.6601,2.4384,1.7700,1.0000,,0.0000,,3,0
6135,13895.0,0.7516,1,1.000,0.538,asphalt,0.0000,0.0000,0.0000,0.9936,0.0064,3.5000,1.8704,1.6953,2.4901,1.8076,1.0000,,0.0000,,3,0
6187,14132.0,0.7706,1,1.000,0.529,asphalt,0.0000,0.0000,0.0000,0.9178,0.0822,3.5000,1.9023,1.7243,2.5326,1.8384,1.0000,,0.0000,,3,0
6238,14357.0,0.7886,1,1.000,0.520,asphalt,0.0000,0.0000,0.0000,0.8458,0.1542,3.5000,1.9326,1.7517,2.5729,1.8677,1.0000,,0.0000,,3,1
6289,14568.0,0.8054,1,1.000,0.511,asphalt,0.0000,0.0000,0.0000,0.7782,0.2218,3.5000,1.9610,1.7775,2.6108,1.8951,1.0000,,0.0000,,3,1
6340,14766.0,0.8213,1,1.000,0.500,asphalt,0.0000,0.0000,0.0000,0.7149,0.2851,3.5000,1.9876,1.8016,2.6462,1.9209,1.0000,,0.0000,,3,1
6393,14980.0,0.8384,1,1.000,0.488,asphalt,0.0000,0.0000,0.0000,0.6464,0.3536,3.5000,2.0164,1.8277,2.6846,1.9487,1.0000,,0.0000,,3,1
6447,15150.0,0.8520,1,1.000,0.477,asphalt,0.0000,0.0000,0.0000,0.5920,0.4080,3.5000,2.0393,1.8485,2.7151,1.9709,1.0000,,0.0000,,3,1
6499,15308.0,0.8646,1,1.000,0.465,asphalt,0.0000,0.0000,0.0000,0.5414,0.4586,3.5000,2.0606,1.8677,2.7434,1.9914,1.0000,,0.0000,,3,1
6552,15480.0,0.8784,1,1.000,0.451,asphalt,0.0000,0.0000,0.0000,0.4864,0.5136,3.5000,2.0837,1.8887,2.7742,2.0138,1.0000,,0.0000,,4,1
6603,15617.0,0.8894,1,1.000,0.439,asphalt,0.0000,0.0000,0.0000,0.4426,0.5574,3.5000,2.1022,1.9054,2.7987,2.0316,1.0000,,0.0000,,4,1
6657,15746.0,0.8997,1,1.000,0.426,asphalt,0.0000,0.0000,0.0000,0.4013,0.5987,3.5000,2.1195,1.9212,2.8219,2.0484,1.0000,,0.0000,,4,1
6707,15869.0,0.9095,1,1.000,0.414,asphalt,0.0000,0.0000,0.0000,0.3619,0.6381,3.5000,2.1361,1.9362,2.8439,2.0644,1.0000,,0.0000,,4,1
6761,16004.0,0.9203,1,1.000,0.399,asphalt,0.0000,0.0000,0.0000,0.3187,0.6813,3.5000,2.1543,1.9527,2.8681,2.0820,1.0000,,0.0000,,4,1
6814,16115.0,0.9292,1,1.000,0.387,asphalt,0.0000,0.0000,0.0000,0.2832,0.7168,3.5000,2.1692,1.9662,2.8880,2.0964,1.0000,,0.0000,,4,1
6864,16220.0,0.9376,1,1.000,0.374,asphalt,0.0000,0.0000,0.0000,0.2496,0.7504,3.5000,2.1833,1.9790,2.9068,2.1101,1.0000,,0.0000,,4,1
6920,16332.0,0.9466,1,1.000,0.360,asphalt,0.0000,0.0000,0.0000,0.2138,0.7862,3.5000,2.1984,1.9927,2.9269,2.1246,1.0000,,0.0000,,4,1
6972,16413.0,0.9530,1,1.000,0.347,asphalt,0.0000,0.0000,0.0000,0.1878,0.8122,3.5000,2.2093,2.0026,2.9414,2.1352,1.0000,,0.0000,,4,1
7022,16482.0,0.9586,1,1.000,0.334,asphalt,0.0000,0.0000,0.0000,0.1658,0.8342,3.5000,2.2186,2.0110,2.9538,2.1441,1.0000,,0.0000,,4,1
7076,16547.0,0.9638,1,1.000,0.318,asphalt,0.0000,0.0000,0.0000,0.1450,0.8550,3.5000,2.2274,2.0189,2.9654,2.1526,1.0000,,0.0000,,4,1
7126,16585.0,0.9668,1,1.000,0.306,asphalt,0.0000,0.0000,0.0000,0.1328,0.8672,3.5000,2.2325,2.0235,2.9722,2.1575,1.0000,,0.0000,,4,1
7182,16634.0,0.9707,1,1.000,0.300,asphalt,0.0000,0.0000,0.0000,0.1171,0.8829,3.5000,2.2391,2.0295,2.9810,2.1639,1.0000,,0.0000,,4,1
7239,15777.0,0.9022,1,0.000,0.275,asphalt,0.0000,0.0000,0.0000,0.3914,0.6086,3.5000,2.1237,1.9250,2.8274,2.0524,0.4500,,0.0000,,4,1
7293,14156.0,0.7725,1,0.000,0.213,asphalt,0.0000,0.0000,0.0000,0.9101,0.0899,3.5000,1.9055,1.7272,2.5369,1.8416,0.4500,,0.0000,,3,0
7350,12702.0,0.6562,2,0.000,0.138,asphalt,0.0000,0.0000,0.3754,0.6246,0.0000,3.2230,1.7098,1.5498,2.2763,1.6524,0.4500,,0.0000,shift_up,3,1
7407,12403.0,0.6322,2,1.000,0.106,asphalt,0.0000,0.0000,0.4710,0.5290,0.0000,3.1472,1.6695,1.5133,2.2228,1.6135,1.0000,,0.0000,,3,1
7457,12603.0,0.6482,2,1.000,0.112,asphalt,0.0000,0.0000,0.4070,0.5930,0.0000,3.1979,1.6965,1.5377,2.2586,1.6395,1.0000,,0.0000,,3,1
7514,12824.0,0.6659,2,1.000,0.116,asphalt,0.0000,0.0000,0.3363,0.6637,0.0000,3.2540,1.7262,1.5647,2.2982,1.6683,1.0000,,0.0000,,3,1
7570,13042.0,0.6834,2,1.000,0.120,asphalt,0.0000,0.0000,0.2666,0.7334,0.0000,3.3093,1.7556,1.5913,2.3373,1.6966,1.0000,,0.0000,,3,1
7627,13256.0,0.7005,2,1.000,0.123,asphalt,0.0000,0.0000,0.1981,0.8019,0.0000,3.3636,1.7844,1.6174,2.3756,1.7245,1.0000,,0.0000,,3,1
7677,13436.0,0.7149,2,1.000,0.125,asphalt,0.0000,0.0000,0.1405,0.8595,0.0000,3.4093,1.8086,1.6393,2.4079,1.7479,1.0000,,0.0000,,3,1
7734,13612.0,0.7290,2,1.000,0.127,asphalt,0.0000,0.0000,0.0842,0.9158,0.0000,3.4539,1.8323,1.6608,2.4394,1.7708,1.0000,,0.0000,,3,0
7784,13783.0,0.7426,2,1.000,0.129,asphalt,0.0000,0.0000,0.0294,0.9706,0.0000,3.4973,1.8553,1.6817,2.4701,1.7930,1.0000,,0.0000,,3,0
7834,13948.0,0.7558,2,1.000,0.130,asphalt,0.0000,0.0000,0.0000,0.9766,0.0234,3.5000,1.8775,1.7018,2.4996,1.8145,1.0000,,0.0000,,3,0
7884,14106.0,0.7685,2,1.000,0.131,asphalt,0.0000,0.0000,0.0000,0.9261,0.0739,3.5000,1.8988,1.7211,2.5280,1.8350,1.0000,,0.0000,,3,0
7935,14257.0,0.7806,2,1.000,0.131,asphalt,0.0000,0.0000,0.0000,0.8778,0.1222,3.5000,1.9191,1.7395,2.5550,1.8547,1.0000,,0.0000,,3,1
7992,14424.0,0.7939,2,1.000,0.131,asphalt,0.0000,0.0000,0.0000,0.8243,0.1757,3.5000,1.9416,1.7599,2.5849,1.8764,1.0000,,0.0000,,3,1
8051,14556.0,0.8045,2,1.000,0.135,asphalt,0.0000,0.0000,0.0000,0.7821,0.2179,3.5000,1.9593,1.7760,2.6086,1.8936,1.0000,,0.0000,,3,1
8108,14727.0,0.8182,2,1.000,0.138,asphalt,0.0000,0.0000,0.0000,0.7274,0.2726,3.5000,1.9824,1.7969,2.6392,1.9158,1.0000,,0.0000,,3,1
8158,14874.0,0.8299,2,1.000,0.128,asphalt,0.0000,0.0000,0.0000,0.6803,0.3197,3.5000,2.0022,1.8148,2.6656,1.9350,1.0000,,0.0000,,3,1
8214,15003.0,0.8402,2,1.000,0.126,asphalt,0.0000,0.0000,0.0000,0.6390,0.3610,3.5000,2.0195,1.8305,2.6887,1.9517,1.0000,,0.0000,,3,1
8268,15102.0,0.8482,2,1.000,0.123,asphalt,0.0000,0.0000,0.0000,0.6074,0.3926,3.5000,2.0328,1.8426,2.7065,1.9646,1.0000,,0.0000,,3,1
8326,15207.0,0.8566,2,1.000,0.119,asphalt,0.0000,0.0000,0.0000,0.5738,0.4262,3.5000,2.0470,1.8554,2.7253,1.9783,1.0000,,0.0000,,3,1
8382,15290.0,0.8632,2,1.000,0.116,asphalt,0.0000,0.0000,0.0000,0.5472,0.4528,3.5000,2.0582,1.8655,2.7401,1.9891,1.0000,,0.0000,,3,1
8435,15381.0,0.8705,2,1.000,0.111,asphalt,0.0000,0.0000,0.0000,0.5181,0.4819,3.5000,2.0704,1.8766,2.7565,2.0009,1.0000,,0.0000,,3,1
8485,15455.0,0.8764,2,1.000,0.107,asphalt,0.0000,0.0000,0.0000,0.4944,0.5056,3.5000,2.0804,1.8857,2.7697,2.0105,1.0000,,0.0000,,4,1
8542,15536.0,0.8829,2,1.000,0.102,asphalt,0.0000,0.0000,0.0000,0.4685,0.5315,3.5000,2.0913,1.8956,2.7842,2.0211,1.0000,,0.0000,,4,1
8592,15602.0,0.8882,2,1.000,0.098,asphalt,0.0000,0.0000,0.0000,0.4474,0.5526,3.5000,2.1001,1.9036,2.7961,2.0297,1.0000,,0.0000,,4,1
8642,15665.0,0.8932,2,1.000,0.093,asphalt,0.0000,0.0000,0.0000,0.4272,0.5728,3.5000,2.1086,1.9113,2.8073,2.0379,1.0000,,0.0000,,4,1
8692,15724.0,0.8979,2,1.000,0.089,asphalt,0.0000,0.0000,0.0000,0.4083,0.5917,3.5000,2.1166,1.9185,2.8179,2.0455,1.0000,,0.0000,,4,1
8742,15781.0,0.9025,2,1.000,0.084,asphalt,0.0000,0.0000,0.0000,0.3901,0.6099,3.5000,2.1242,1.9255,2.8281,2.0529,1.0000,,0.0000,,4,1
8792,15836.0,0.9069,2,1.000,0.079,asphalt,0.0000,0.0000,0.0000,0.3725,0.6275,3.5000,2.1316,1.9322,2.8380,2.0601,1.0000,,0.0000,,4,1
8842,15888.0,0.9110,2,1.000,0.074,asphalt,0.0000,0.0000,0.0000,0.3558,0.6442,3.5000,2.1386,1.9385,2.8473,2.0669,1.0000,,0.0000,,4,1
8892,15939.0,0.9151,2,1.000,0.069,asphalt,0.0000,0.0000,0.0000,0.3395,0.6605,3.5000,2.1455,1.9447,2.8565,2.0735,1.0000,,0.0000,,4,1
8942,15988.0,0.9190,2,1.000,0.065,asphalt,0.0000,0.0000,0.0000,0.3238,0.6762,3.5000,2.1521,1.9507,2.8652,2.0799,1.0000,,0.0000,,4,1
8992,16036.0,0.9229,2,1.000,0.060,asphalt,0.0000,0.0000,0.0000,0.3085,0.6915,3.5000,2.1586,1.9566,2.8738,2.0861,1.0000,,0.0000,,4,1
9042,16083.0,0.9266,2,1.000,0.055,asphalt,0.0000,0.0000,0.0000,0.2934,0.7066,3.5000,2.1649,1.9623,2.8823,2.0922,1.0000,,0.0000,,4,1
9092,14701.0,0.8161,2,0.000,0.026,asphalt,0.0000,0.0000,0.0000,0.7357,0.2643,3.5000,1.9789,1.7937,2.6346,1.9124,0.4500,,0.0000,,3,1
9142,13190.0,0.6952,2,0.000,0.014,asphalt,0.0000,0.0000,0.2192,0.7808,0.0000,3.3469,1.7755,1.6093,2.3638,1.7159,0.4500,,0.0000,,3,1
9192,12180.0,0.6144,3,0.333,0.004,asphalt,0.0000,0.0000,0.5424,0.4576,0.0000,3.0906,1.6395,1.4861,2.1828,1.5845,0.6331,,0.0000,shift_up,2,1
9242,12544.0,0.6435,3,1.000,0.015,asphalt,0.0000,0.0000,0.4259,0.5741,0.0000,3.1829,1.6885,1.5305,2.2480,1.6318,1.0000,,0.0000,,3,1
9292,12776.0,0.6621,3,1.000,0.017,asphalt,0.0000,0.0000,0.3517,0.6483,0.0000,3.2418,1.7197,1.5588,2.2896,1.6620,1.0000,,0.0000,,3,1
9342,12949.0,0.6759,3,1.000,0.017,asphalt,0.0000,0.0000,0.2963,0.7037,0.0000,3.2857,1.7430,1.5799,2.3206,1.6845,1.0000,,0.0000,,3,1
9392,13103.0,0.6882,3,1.000,0.018,asphalt,0.0000,0.0000,0.2470,0.7530,0.0000,3.3248,1.7638,1.5987,2.3482,1.7046,1.0000,,0.0000,,3,1
9442,13248.0,0.6998,3,1.000,0.019,asphalt,0.0000,0.0000,0.2006,0.7994,0.0000,3.3616,1.7833,1.6164,2.3742,1.7234,1.0000,,0.0000,,3,1
9492,13384.0,0.7107,3,1.000,0.021,asphalt,0.0000,0.0000,0.1571,0.8429,0.0000,3.3961,1.8016,1.6330,2.3986,1.7411,1.0000,,0.0000,,3,1
9542,13511.0,0.7209,3,1.000,0.022,asphalt,0.0000,0.0000,0.1165,0.8835,0.0000,3.4283,1.8187,1.6485,2.4213,1.7576,1.0000,,0.0000,,3,1
9592,13632.0,0.7306,3,1.000,0.023,asphalt,0.0000,0.0000,0.0778,0.9222,0.0000,3.4590,1.8350,1.6633,2.4430,1.7734,1.0000,,0.0000,,3,0
9642,13745.0,0.7396,3,1.000,0.025,asphalt,0.0000,0.0000,0.0416,0.9584,0.0000,3.4877,1.8502,1.6770,2.4633,1.7881,1.0000,,0.0000,,3,0
9692,13853.0,0.7482,3,1.000,0.026,asphalt,0.0000,0.0000,0.0070,0.9930,0.0000,3.5000,1.8647,1.6902,2.4826,1.8021,1.0000,,0.0000,,3,0
9742,13955.0,0.7564,3,1.000,0.027,asphalt,0.0000,0.0000,0.0000,0.9744,0.0256,3.5000,1.8784,1.7027,2.5009,1.8154,1.0000,,0.0000,,3,0
9792,14053.0,0.7642,3,1.000,0.027,asphalt,0.0000,0.0000,0.0000,0.9430,0.0570,3.5000,1.8916,1.7146,2.5185,1.8282,1.0000,,0.0000,,3,0
9842,14145.0,0.7716,3,1.000,0.028,asphalt,0.0000,0.0000,0.0000,0.9136,0.0864,3.5000,1.9040,1.7258,2.5349,1.8401,1.0000,,0.0000,,3,0
9892,14233.0,0.7786,3,1.000,0.028,asphalt,0.0000,0.0000,0.0000,0.8854,0.1146,3.5000,1.9159,1.7366,2.5507,1.8516,1.0000,,0.0000,,3,1
9942,14317.0,0.7854,3,1.000,0.028,asphalt,0.0000,0.0000,0.0000,0.8586,0.1414,3.5000,1.9272,1.7468,2.5658,1.8625,1.0000,,0.0000,,3,1
9992,14396.0,0.7917,3,1.000,0.027,asphalt,0.0000,0.0000,0.0000,0.8333,0.1667,3.5000,1.9378,1.7565,2.5799,1.8728,1.0000,,0.0000,,3,1
10042,14472.0,0.7978,3,1.000,0.027,asphalt,0.0000,0.0000,0.0000,0.8090,0.1910,3.5000,1.9480,1.7657,2.5935,1.8827,1.0000,,0.0000,,3,1
10092,14544.0,0.8035,3,1.000,0.026,asphalt,0.0000,0.0000,0.0000,0.7859,0.2141,3.5000,1.9577,1.7745,2.6065,1.8920,1.0000,,0.0000,,3,1
10142,14612.0,0.8090,3,1.000,0.025,asphalt,0.0000,0.0000,0.0000,0.7642,0.2358,3.5000,1.9669,1.7828,2.6186,1.9009,1.0000,,0.0000,,3,1
10192,14677.0,0.8142,3,1.000,0.024,asphalt,0.0000,0.0000,0.0000,0.7434,0.2566,3.5000,1.9756,1.7908,2.6303,1.9093,1.0000,,0.0000,,3,1
10242,14740.0,0.8192,3,1.000,0.023,asphalt,0.0000,0.0000,0.0000,0.7232,0.2768,3.5000,1.9841,1.7984,2.6416,1.9175,1.0000,,0.0000,,3,1
10292,14801.0,0.8241,3,1.000,0.022,asphalt,0.0000,0.0000,0.0000,0.7037,0.2963,3.5000,1.9923,1.8059,2.6525,1.9255,1.0000,,0.0000,,3,1
10342,14859.0,0.8287,3,1.000,0.021,asphalt,0.0000,0.0000,0.0000,0.6851,0.3149,3.5000,2.0001,1.8130,2.6629,1.9330,1.0000,,0.0000,,3,1
10392,14916.0,0.8333,3,1.000,0.019,asphalt,0.0000,0.0000,0.0000,0.6669,0.3331,3.5000,2.0078,1.8199,2.6731,1.9404,1.0000,,0.0000,,3,1
10442,14972.0,0.8378,3,1.000,0.018,asphalt,0.0000,0.0000,0.0000,0.6490,0.3510,3.5000,2.0153,1.8267,2.6832,1.9477,1.0000,,0.0000,,3,1
10492,15027.0,0.8422,3,1.000,0.017,asphalt,0.0000,0.0000,0.0000,0.6314,0.3686,3.5000,2.0227,1.8335,2.6930,1.9549,1.0000,,0.0000,,3,1
10542,15082.0,0.8466,3,1.000,0.015,asphalt,0.0000,0.0000,0.0000,0.6138,0.3862,3.5000,2.0302,1.8402,2.7029,1.9620,1.0000,,0.0000,,3,1
10592,15137.0,0.8510,3,1.000,0.014,asphalt,0.0000,0.0000,0.0000,0.5962,0.4038,3.5000,2.0376,1.8469,2.7127,1.9692,1.0000,,0.0000,,3,1
10642,15192.0,0.8554,3,1.000,0.013,asphalt,0.0000,0.0000,0.0000,0.5786,0.4214,3.5000,2.0450,1.8536,2.7226,1.9763,1.0000,,0.0000,,3,1
10692,15248.0,0.8598,3,1.000,0.012,asphalt,0.0000,0.0000,0.0000,0.5606,0.4394,3.5000,2.0525,1.8604,2.7326,1.9836,1.0000,,0.0000,,3,1
10742,15304.0,0.8643,3,1.000,0.011,asphalt,0.0000,0.0000,0.0000,0.5427,0.4573,3.5000,2.0600,1.8673,2.7427,1.9909,1.0000,,0.0000,,3,1
10792,15361.0,0.8689,3,1.000,0.010,asphalt,0.0000,0.0000,0.0000,0.5245,0.4755,3.5000,2.0677,1.8742,2.7529,1.9983,1.0000,,0.0000,,3,1
10842,15418.0,0.8734,3,1.000,0.010,asphalt,0.0000,0.0000,0.0000,0.5062,0.4938,3.5000,2.0754,1.8812,2.7631,2.0057,1.0000,,0.0000,,3,1
10892,15475.0,0.8780,3,1.000,0.009,asphalt,0.0000,0.0000,0.0000,0.4880,0.5120,3.5000,2.0831,1.8881,2.7733,2.0131,1.0000,,0.0000,,4,1
10942,15532.0,0.8826,3,1.000,0.009,asphalt,0.0000,0.0000,0.0000,0.4698,0.5302,3.5000,2.0907,1.8951,2.7835,2.0206,1.0000,,0.0000,,4,1
10992,15588.0,0.8870,3,1.000,0.009,asphalt,0.0000,0.0000,0.0000,0.4518,0.5482,3.5000,2.0983,1.9019,2.7935,2.0278,1.0000,,0.0000,,4,1
11042,15643.0,0.8914,3,1.000,0.008,asphalt,0.0000,0.0000,0.0000,0.4342,0.5658,3.5000,2.1057,1.9086,2.8034,2.0350,1.0000,,0.0000,,4,1
11092,15697.0,0.8958,3,1.000,0.009,asphalt,0.0000,0.0000,0.0000,0.4170,0.5830,3.5000,2.1129,1.9152,2.8131,2.0420,1.0000,,0.0000,,4,1
11142,15763.0,0.9010,3,1.000,0.012,asphalt,0.0000,0.0000,0.0000,0.3958,0.6042,3.5000,2.1218,1.9233,2.8249,2.0506,1.0000,,0.0000,,4,1
11192,15872.0,0.9098,3,1.000,0.015,asphalt,0.0000,0.0000,0.0000,0.3610,0.6390,3.5000,2.1365,1.9366,2.8444,2.0648,1.0000,,0.0000,,4,1
11242,15912.0,0.9130,3,1.000,0.011,asphalt,0.0000,0.0000,0.0000,0.3482,0.6518,3.5000,2.1419,1.9414,2.8516,2.0700,1.0000,,0.0000,,4,1
11292,15935.0,0.9148,3,1.000,0.010,asphalt,0.0000,0.0000,0.0000,0.3408,0.6592,3.5000,2.1450,1.9442,2.8557,2.0730,1.0000,,0.0000,,4,1
11342,15960.0,0.9168,3,1.000,0.009,asphalt,0.0000,0.0000,0.0000,0.3328,0.6672,3.5000,2.1483,1.9473,2.8602,2.0762,1.0000,,0.0000,,4,1
11392,15993.0,0.9194,3,1.000,0.008,asphalt,0.0000,0.0000,0.0000,0.3222,0.6778,3.5000,2.1528,1.9513,2.8661,2.0805,1.0000,,0.0000,,4,1
11442,16048.0,0.9238,3,1.000,0.008,asphalt,0.0000,0.0000,0.0000,0.3046,0.6954,3.5000,2.1602,1.9580,2.8760,2.0877,1.0000,,0.0000,,4,1
11492,14669.0,0.8135,3,0.000,0.003,asphalt,0.0000,0.0000,0.0000,0.7459,0.2541,3.5000,1.9746,1.7898,2.6289,1.9083,0.4500,,0.0000,,3,1
11542,13162.0,0.6930,3,0.000,0.007,asphalt,0.0000,0.0000,0.2282,0.7718,0.0000,3.3398,1.7717,1.6059,2.3588,1.7122,0.4500,,0.0000,,3,1
11592,12179.0,0.6143,4,0.333,0.002,asphalt,0.0000,0.0000,0.5427,0.4573,0.0000,3.0903,1.6394,1.4860,2.1826,1.5844,0.6331,,0.0000,shift_up,2,1
11642,12739.0,0.6591,4,1.000,0.015,asphalt,0.0000,0.0000,0.3635,0.6365,0.0000,3.2324,1.7148,1.5543,2.2830,1.6572,1.0000,,0.0000,,3,1
11692,13261.0,0.7009,4,1.000,0.030,asphalt,0.0000,0.0000,0.1965,0.8035,0.0000,3.3649,1.7850,1.6180,2.3765,1.7251,1.0000,,0.0000,,3,1
11742,13680.0,0.7344,4,1.000,0.050,asphalt,0.0000,0.0000,0.0624,0.9376,0.0000,3.4712,1.8414,1.6691,2.4516,1.7796,1.0000,,0.0000,,3,0
11792,14042.0,0.7634,4,1.000,0.060,asphalt,0.0000,0.0000,0.0000,0.9466,0.0534,3.5000,1.8902,1.7133,2.5165,1.8267,1.0000,,0.0000,,3,0
11842,14265.0,0.7812,4,1.000,0.077,asphalt,0.0000,0.0000,0.0000,0.8752,0.1248,3.5000,1.9202,1.7405,2.5565,1.8557,1.0000,,0.0000,,3,1
11892,14354.0,0.7883,4,1.000,0.076,asphalt,0.0000,0.0000,0.0000,0.8467,0.1533,3.5000,1.9322,1.7513,2.5724,1.8673,1.0000,,0.0000,,3,1
11942,14480.0,0.7984,4,1.000,0.095,asphalt,0.0000,0.0000,0.0000,0.8064,0.1936,3.5000,1.9491,1.7667,2.5950,1.8837,1.0000,,0.0000,,3,1
11992,14515.0,0.8012,4,1.000,0.092,asphalt,0.0000,0.0000,0.0000,0.7952,0.2048,3.5000,1.9538,1.7710,2.6013,1.8883,1.0000,,0.0000,,3,1
12042,14678.0,0.8142,4,1.000,0.094,asphalt,0.0000,0.0000,0.0000,0.7430,0.2570,3.5000,1.9758,1.7909,2.6305,1.9095,1.0000,,0.0000,,3,1
12092,14922.0,0.8338,4,1.000,0.115,asphalt,0.0000,0.0000,0.0000,0.6650,0.3350,3.5000,2.0086,1.8206,2.6742,1.9412,1.0000,,0.0000,,3,1
12142,14815.0,0.8252,4,1.000,0.099,asphalt,0.0000,0.0000,0.0000,0.6992,0.3008,3.5000,1.9942,1.8076,2.6550,1.9273,1.0000,,0.0000,,3,1
12192,15020.0,0.8416,4,1.000,0.123,asphalt,0.0000,0.0000,0.0000,0.6336,0.3664,3.5000,2.0218,1.8326,2.6918,1.9539,1.0000,,0.0000,,3,1
12242,14808.0,0.8246,4,1.000,0.107,asphalt,0.0000,0.0000,0.0000,0.7014,0.2986,3.5000,1.9933,1.8067,2.6538,1.9264,1.0000,,0.0000,,3,1
12292,14931.0,0.8345,4,1.000,0.103,asphalt,0.0000,0.0000,0.0000,0.6621,0.3379,3.5000,2.0098,1.8217,2.6758,1.9424,1.0000,,0.0000,,3,1
12342,15200.0,0.8560,4,1.000,0.122,asphalt,0.0000,0.0000,0.0000,0.5760,0.4240,3.5000,2.0460,1.8546,2.7240,1.9774,1.0000,,0.0000,,3,1
12392,15078.0,0.8462,4,1.000,0.115,asphalt,0.0000,0.0000,0.0000,0.6150,0.3850,3.5000,2.0296,1.8397,2.7022,1.9615,1.0000,,0.0000,,3,1
12442,15189.0,0.8551,4,1.000,0.131,asphalt,0.0000,0.0000,0.0000,0.5795,0.4205,3.5000,2.0446,1.8532,2.7220,1.9759,1.0000,,0.0000,,3,1
12492,15046.0,0.8437,4,1.000,0.112,asphalt,0.0000,0.0000,0.0000,0.6253,0.3747,3.5000,2.0253,1.8358,2.6964,1.9573,1.0000,,0.0000,,3,1
12542,15092.0,0.8474,4,1.000,0.118,asphalt,0.0000,0.0000,0.0000,0.6106,0.3894,3.5000,2.0315,1.8414,2.7047,1.9633,1.0000,,0.0000,,3,1
12592,14968.0,0.8374,4,1.000,0.103,asphalt,0.0000,0.0000,0.0000,0.6502,0.3498,3.5000,2.0148,1.8263,2.6824,1.9472,1.0000,,0.0000,,3,1
12642,14818.0,0.8254,4,1.000,0.084,asphalt,0.0000,0.0000,0.0000,0.6982,0.3018,3.5000,1.9946,1.8080,2.6556,1.9277,1.0000,,0.0000,,3,1
12692,14809.0,0.8247,4,1.000,0.086,asphalt,0.0000,0.0000,0.0000,0.7011,0.2989,3.5000,1.9934,1.8069,2.6539,1.9265,1.0000,,0.0000,,3,1
12742,14804.0,0.8243,4,1.000,0.080,asphalt,0.0000,0.0000,0.0000,0.7027,0.2973,3.5000,1.9927,1.8062,2.6530,1.9258,1.0000,,0.0000,,3,1
12792,14664.0,0.8131,4,1.000,0.060,asphalt,0.0000,0.0000,0.0000,0.7475,0.2525,3.5000,1.9739,1.7892,2.6280,1.9076,1.0000,,0.0000,,3,1
12842,14638.0,0.8110,4,1.000,0.052,asphalt,0.0000,0.0000,0.0000,0.7558,0.2442,3.5000,1.9704,1.7860,2.6233,1.9043,1.0000,,0.0000,,3,1
12892,14681.0,0.8145,4,1.000,0.049,asphalt,0.0000,0.0000,0.0000,0.7421,0.2579,3.5000,1.9762,1.7912,2.6310,1.9098,1.0000,,0.0000,,3,1
12942,14748.0,0.8198,4,1.000,0.048,asphalt,0.0000,0.0000,0.0000,0.7206,0.2794,3.5000,1.9852,1.7994,2.6430,1.9186,1.0000,,0.0000,,3,1
12992,14893.0,0.8314,4,1.000,0.052,asphalt,0.0000,0.0000,0.0000,0.6742,0.3258,3.5000,2.0047,1.8171,2.6690,1.9374,1.0000,,0.0000,,3,1
13042,15044.0,0.8435,4,1.000,0.057,asphalt,0.0000,0.0000,0.0000,0.6259,0.3741,3.5000,2.0250,1.8355,2.6961,1.9571,1.0000,,0.0000,,3,1
13092,15077.0,0.8462,4,1.000,0.057,asphalt,0.0000,0.0000,0.0000,0.6154,0.3846,3.5000,2.0295,1.8396,2.7020,1.9614,1.0000,,0.0000,,3,1
13142,15248.0,0.8598,4,1.000,0.065,asphalt,0.0000,0.0000,0.0000,0.5606,0.4394,3.5000,2.0525,1.8604,2.7326,1.9836,1.0000,,0.0000,,3,1
13192,15368.0,0.8694,4,1.000,0.082,asphalt,0.0000,0.0000,0.0000,0.5222,0.4778,3.5000,2.0686,1.8751,2.7541,1.9992,1.0000,,0.0000,,3,1
13242,15411.0,0.8729,4,1.000,0.075,asphalt,0.0000,0.0000,0.0000,0.5085,0.4915,3.5000,2.0744,1.8803,2.7618,2.0048,1.0000,,0.0000,,3,1
13292,15430.0,0.8744,4,1.000,0.083,asphalt,0.0000,0.0000,0.0000,0.5024,0.4976,3.5000,2.0770,1.8826,2.7652,2.0073,1.0000,,0.0000,,3,1
13342,15676.0,0.8941,4,1.000,0.090,asphalt,0.0000,0.0000,0.0000,0.4237,0.5763,3.5000,2.1101,1.9126,2.8093,2.0393,1.0000,,0.0000,,4,1
13392,15753.0,0.9002,4,1.000,0.108,asphalt,0.0000,0.0000,0.0000,0.3990,0.6010,3.5000,2.1205,1.9220,2.8231,2.0493,1.0000,,0.0000,,4,1
13442,15686.0,0.8949,4,1.000,0.118,asphalt,0.0000,0.0000,0.0000,0.4205,0.5795,3.5000,2.1115,1.9139,2.8111,2.0406,1.0000,,0.0000,,4,1
13492,16086.0,0.9269,4,1.000,0.130,asphalt,0.0000,0.0000,0.0000,0.2925,0.7075,3.5000,2.1653,1.9627,2.8828,2.0926,1.0000,,0.0000,,4,1
13542,16076.0,0.9261,4,1.000,0.130,asphalt,0.0000,0.0000,0.0000,0.2957,0.7043,3.5000,2.1640,1.9614,2.8810,2.0913,1.0000,,0.0000,,4,1
13592,16100.0,0.9280,4,1.000,0.146,asphalt,0.0000,0.0000,0.0000,0.2880,0.7120,3.5000,2.1672,1.9644,2.8853,2.0944,1.0000,,0.0000,,4,1
13642,15553.0,0.8842,4,0.000,0.135,asphalt,0.0000,0.0000,0.0000,0.4630,0.5370,3.5000,2.0936,1.8976,2.7873,2.0233,0.4500,,0.0000,,4,1
13692,13955.0,0.7564,4,0.000,0.098,asphalt,0.0000,0.0000,0.0000,0.9744,0.0256,3.5000,1.8784,1.7027,2.5009,1.8154,0.4500,,0.0000,,3,0
13742,12521.0,0.6417,4,0.000,0.060,asphalt,0.0000,0.0000,0.4333,0.5667,0.0000,3.1771,1.6854,1.5277,2.2439,1.6289,0.4500,,0.0000,,3,1
13792,12111.0,0.6089,5,0.833,0.037,asphalt,0.0000,0.0000,0.5645,0.4355,0.0000,3.0731,1.6302,1.4777,2.1704,1.5755,0.9081,,0.0000,shift_up,2,1
13842,12624.0,0.6499,5,1.000,0.067,asphalt,0.0000,0.0000,0.4003,0.5997,0.0000,3.2032,1.6993,1.5403,2.2624,1.6423,1.0000,,0.0000,,3,1
13892,13033.0,0.6826,5,1.000,0.092,asphalt,0.0000,0.0000,0.2694,0.7306,0.0000,3.3070,1.7543,1.5902,2.3357,1.6955,1.0000,,0.0000,,3,1
13942,13214.0,0.6971,5,1.000,0.113,asphalt,0.0000,0.0000,0.2115,0.7885,0.0000,3.3530,1.7787,1.6122,2.3681,1.7190,1.0000,,0.0000,,3,1
13992,13109.0,0.6887,5,1.000,0.100,asphalt,0.0000,0.0000,0.2451,0.7549,0.0000,3.3263,1.7646,1.5994,2.3493,1.7053,1.0000,,0.0000,,3,1
14042,13091.0,0.6873,5,1.000,0.093,asphalt,0.0000,0.0000,0.2509,0.7491,0.0000,3.3217,1.7621,1.5972,2.3461,1.7030,1.0000,,0.0000,,3,1
14092,13075.0,0.6860,5,1.000,0.100,asphalt,0.0000,0.0000,0.2560,0.7440,0.0000,3.3177,1.7600,1.5953,2.3432,1.7009,1.0000,,0.0000,,3,1
14142,12962.0,0.6770,5,1.000,0.084,asphalt,0.0000,0.0000,0.2922,0.7078,0.0000,3.2890,1.7448,1.5815,2.3229,1.6862,1.0000,,0.0000,,3,1
14192,12839.0,0.6671,5,1.000,0.066,asphalt,0.0000,0.0000,0.3315,0.6685,0.0000,3.2578,1.7282,1.5665,2.3009,1.6702,1.0000,,0.0000,,3,1
14242,12771.0,0.6617,5,1.000,0.054,asphalt,0.0000,0.0000,0.3533,0.6467,0.0000,3.2405,1.7191,1.5582,2.2887,1.6614,1.0000,,0.0000,,3,1
14292,12800.0,0.6640,5,1.000,0.051,asphalt,0.0000,0.0000,0.3440,0.6560,0.0000,3.2479,1.7230,1.5617,2.2939,1.6651,1.0000,,0.0000,,3,1
14342,12879.0,0.6703,5,1.000,0.052,asphalt,0.0000,0.0000,0.3187,0.6813,0.0000,3.2680,1.7336,1.5714,2.3081,1.6754,1.0000,,0.0000,,3,1
14392,12941.0,0.6753,5,1.000,0.052,asphalt,0.0000,0.0000,0.2989,0.7011,0.0000,3.2837,1.7420,1.5789,2.3192,1.6835,1.0000,,0.0000,,3,1
14442,12947.0,0.6758,5,1.000,0.049,asphalt,0.0000,0.0000,0.2970,0.7030,0.0000,3.2852,1.7428,1.5797,2.3203,1.6843,1.0000,,0.0000,,3,1
14492,12982.0,0.6786,5,1.000,0.051,asphalt,0.0000,0.0000,0.2858,0.7142,0.0000,3.2941,1.7475,1.5839,2.3265,1.6888,1.0000,,0.0000,,3,1
14542,13086.0,0.6869,5,1.000,0.058,asphalt,0.0000,0.0000,0.2525,0.7475,0.0000,3.3205,1.7615,1.5966,2.3452,1.7024,1.0000,,0.0000,,3,1
14592,13190.0,0.6952,5,1.000,0.062,asphalt,0.0000,0.0000,0.2192,0.7808,0.0000,3.3469,1.7755,1.6093,2.3638,1.7159,1.0000,,0.0000,,3,1
14642,13228.0,0.6982,5,1.000,0.058,asphalt,0.0000,0.0000,0.2070,0.7930,0.0000,3.3565,1.7806,1.6140,2.3706,1.7208,1.0000,,0.0000,,3,1
14692,13036.0,0.6829,5,0.500,0.045,asphalt,0.0000,0.0000,0.2685,0.7315,0.0000,3.3078,1.7547,1.5905,2.3362,1.6959,0.7250,,0.0000,,3,1
14742,12302.0,0.6242,5,0.000,0.004,asphalt,0.0000,0.0000,0.5034,0.4966,0.0000,3.1215,1.6559,1.5010,2.2047,1.6004,0.4500,,0.0000,,2,1
14792,12109.0,0.6087,5,0.000,0.011,asphalt,0.0000,0.0000,0.5651,0.4349,0.0000,3.0726,1.6300,1.4774,2.1701,1.5753,0.4500,,0.0000,,2,1
14842,11994.0,0.5995,5,0.000,0.027,asphalt,0.0000,0.0000,0.6019,0.3981,0.0000,3.0434,1.6145,1.4634,2.1495,1.5603,0.4500,,0.0000,,2,1
14892,11841.0,0.5873,5,0.000,0.049,asphalt,0.0000,0.0000,0.6509,0.3491,0.0000,3.0046,1.5939,1.4447,2.1220,1.5404,0.4500,,0.0000,,2,1
14942,11661.0,0.5729,5,0.000,0.066,asphalt,0.0000,0.0000,0.7085,0.2915,0.0000,2.9589,1.5697,1.4228,2.0898,1.5170,0.4500,,0.0000,,2,1
14992,11472.0,0.5578,5,0.000,0.080,asphalt,0.0000,0.0000,0.7690,0.2310,0.0000,2.9109,1.5442,1.3997,2.0559,1.4924,0.4500,,0.0000,,2,1
15042,11264.0,0.5411,5,0.000,0.090,asphalt,0.0000,0.0000,0.8355,0.1645,0.0000,2.8582,1.5162,1.3743,2.0186,1.4653,0.4500,,0.0000,,2,1
15092,11019.0,0.5215,5,0.000,0.096,asphalt,0.0000,0.0000,0.9139,0.0861,0.0000,2.7960,1.4832,1.3444,1.9747,1.4335,0.4500,,0.0000,,2,0
15142,10790.0,0.5032,5,0.000,0.100,asphalt,0.0000,0.0000,0.9872,0.0128,0.0000,2.7379,1.4524,1.3165,1.9337,1.4037,0.4500,,0.0000,,2,0
15192,10570.0,0.4856,5,0.000,0.105,asphalt,0.0000,0.0576,0.9424,0.0000,0.0000,2.6821,1.4228,1.2897,1.8943,1.3750,0.4500,,0.0000,,2,0
15242,10353.0,0.4682,5,0.000,0.109,asphalt,0.0000,0.1270,0.8730,0.0000,0.0000,2.6270,1.3936,1.2632,1.8554,1.3468,0.4500,,0.0000,,2,1
15292,10143.0,0.4514,5,0.000,0.117,asphalt,0.0000,0.1942,0.8058,0.0000,0.0000,2.5737,1.3653,1.2376,1.8177,1.3195,0.4500,,0.0000,,2,1
15343,9921.0,0.4337,5,0.000,0.125,asphalt,0.0000,0.2653,0.7347,0.0000,0.0000,2.5174,1.3354,1.2105,1.7780,1.2906,0.4500,,0.0000,,2,1
15401,9502.0,0.4002,5,0.000,0.125,asphalt,0.0000,0.3994,0.6006,0.0000,0.0000,2.4111,1.2790,1.1593,1.7029,1.2361,0.4500,,0.0000,,2,1
15451,8526.0,0.3221,5,0.000,0.102,asphalt,0.0000,0.7117,0.2883,0.0000,0.0000,2.1634,1.1477,1.0403,1.5280,1.1091,0.4500,,0.0000,,1,1
15501,7650.0,0.2520,5,0.000,0.102,asphalt,0.0000,0.9920,0.0080,0.0000,0.0000,1.9411,1.0297,0.9334,1.3710,0.9952,0.4500,,0.0000,,1,0
15551,9742.0,0.4194,4,0.000,0.101,asphalt,0.0000,0.3226,0.6774,0.0000,0.0000,2.4720,1.3113,1.1886,1.7459,1.2673,0.4500,,0.0000,shift_down,2,1
15601,9660.0,0.4128,4,0.000,0.130,asphalt,0.0000,0.3488,0.6512,0.0000,0.0000,2.4512,1.3003,1.1786,1.7312,1.2567,0.4500,,0.0000,,2,1
15651,9560.0,0.4048,4,0.000,0.153,asphalt,0.0000,0.3808,0.6192,0.0000,0.0000,2.4258,1.2868,1.1664,1.7133,1.2437,0.4500,,0.0000,,2,1
15701,9438.0,0.3950,4,0.000,0.164,asphalt,0.0000,0.4198,0.5802,0.0000,0.0000,2.3948,1.2704,1.1515,1.6914,1.2278,0.4500,,0.0000,,2,1
15751,9314.0,0.3851,4,0.000,0.162,asphalt,0.0000,0.4595,0.5405,0.0000,0.0000,2.3634,1.2537,1.1364,1.6692,1.2117,0.4500,,0.0000,,2,1
15801,9190.0,0.3752,4,0.000,0.158,asphalt,0.0000,0.4992,0.5008,0.0000,0.0000,2.3319,1.2370,1.1213,1.6470,1.1955,0.4500,,0.0000,,2,1
15851,9050.0,0.3640,4,0.000,0.149,asphalt,0.0000,0.5440,0.4560,0.0000,0.0000,2.2964,1.2182,1.1042,1.6219,1.1773,0.4500,,0.0000,,1,1
15901,8915.0,0.3532,4,0.000,0.141,asphalt,0.0000,0.5872,0.4128,0.0000,0.0000,2.2621,1.2000,1.0877,1.5977,1.1598,0.4500,,0.0000,,1,1
15959,8646.0,0.3317,4,0.000,0.136,asphalt,0.0000,0.6733,0.3267,0.0000,0.0000,2.1939,1.1638,1.0549,1.5495,1.1248,0.4500,,0.0000,,1,1
16009,7758.0,0.2606,4,0.000,0.109,asphalt,0.0000,0.9574,0.0426,0.0000,0.0000,1.9685,1.0443,0.9466,1.3903,1.0092,0.4500,,0.0000,,1,0
16059,6961.0,0.1969,4,0.000,0.085,asphalt,0.2125,0.7875,0.0000,0.0000,0.0000,1.7663,0.9370,0.8493,1.2475,0.9056,0.4500,,0.0000,,1,1
16109,9493.0,0.3994,3,0.000,0.065,asphalt,0.0000,0.4022,0.5978,0.0000,0.0000,2.4088,1.2778,1.1582,1.7013,1.2349,0.4500,,0.0000,shift_down,2,1
16159,9480.0,0.3984,3,0.000,0.076,asphalt,0.0000,0.4064,0.5936,0.0000,0.0000,2.4055,1.2761,1.1567,1.6989,1.2333,0.4500,,0.0000,,2,1
16209,9488.0,0.3990,3,0.000,0.086,asphalt,0.0000,0.4038,0.5962,0.0000,0.0000,2.4075,1.2772,1.1576,1.7004,1.2343,0.4500,,0.0000,,2,1
16259,9480.0,0.3984,3,0.000,0.097,asphalt,0.0000,0.4064,0.5936,0.0000,0.0000,2.4055,1.2761,1.1567,1.6989,1.2333,0.4500,,0.0000,,2,1
16309,9438.0,0.3950,3,0.000,0.107,asphalt,0.0000,0.4198,0.5802,0.0000,0.0000,2.3948,1.2704,1.1515,1.6914,1.2278,0.4500,,0.0000,,2,1
16367,9391.0,0.3913,3,0.167,0.113,asphalt,0.0000,0.4349,0.5651,0.0000,0.0000,2.3829,1.2641,1.1458,1.6830,1.2217,0.5418,,0.0000,,2,1
16417,9509.0,0.4007,3,0.000,0.107,asphalt,0.0000,0.3971,0.6029,0.0000,0.0000,2.4128,1.2800,1.1602,1.7041,1.2370,0.4500,,0.0000,,2,1
16467,9524.0,0.4019,3,0.500,0.103,asphalt,0.0000,0.3923,0.6077,0.0000,0.0000,2.4166,1.2820,1.1620,1.7068,1.2390,0.7250,,0.0000,,2,1
16517,10316.0,0.4653,3,1.000,0.049,asphalt,0.0000,0.1389,0.8611,0.0000,0.0000,2.6176,1.3886,1.2587,1.8487,1.3420,1.0000,,0.0000,,2,1
16567,11008.0,0.5206,3,1.000,0.075,asphalt,0.0000,0.0000,0.9174,0.0826,0.0000,2.7932,1.4818,1.3431,1.9728,1.4320,1.0000,,0.0000,,2,0
16617,11522.0,0.5618,3,1.000,0.122,asphalt,0.0000,0.0000,0.7530,0.2470,0.0000,2.9236,1.5509,1.4058,2.0649,1.4989,1.0000,,0.0000,,2,1
16667,11943.0,0.5954,3,1.000,0.154,asphalt,0.0000,0.0000,0.6182,0.3818,0.0000,3.0304,1.6076,1.4572,2.1403,1.5537,1.0000,,0.0000,,2,1
16717,12280.0,0.6224,3,1.000,0.180,asphalt,0.0000,0.0000,0.5104,0.4896,0.0000,3.1160,1.6530,1.4983,2.2007,1.5975,1.0000,,0.0000,,2,1
16767,12554.0,0.6443,3,1.000,0.200,asphalt,0.0000,0.0000,0.4227,0.5773,0.0000,3.1855,1.6899,1.5317,2.2498,1.6331,1.0000,,0.0000,,3,1
16817,12783.0,0.6626,3,1.000,0.216,asphalt,0.0000,0.0000,0.3494,0.6506,0.0000,3.2436,1.7207,1.5597,2.2909,1.6629,1.0000,,0.0000,,3,1
16867,12979.0,0.6783,3,1.000,0.228,asphalt,0.0000,0.0000,0.2867,0.7133,0.0000,3.2933,1.7471,1.5836,2.3260,1.6884,1.0000,,0.0000,,3,1
16917,13153.0,0.6922,3,1.000,0.237,asphalt,0.0000,0.0000,0.2310,0.7690,0.0000,3.3375,1.7705,1.6048,2.3572,1.7111,1.0000,,0.0000,,3,1
16967,13311.0,0.7049,3,1.000,0.243,asphalt,0.0000,0.0000,0.1805,0.8195,0.0000,3.3776,1.7918,1.6241,2.3855,1.7316,1.0000,,0.0000,,3,1
17017,13459.0,0.7167,3,1.000,0.248,asphalt,0.0000,0.0000,0.1331,0.8669,0.0000,3.4151,1.8117,1.6421,2.4120,1.7509,1.0000,,0.0000,,3,1
17067,13252.0,0.7002,3,0.333,0.231,asphalt,0.0000,0.0000,0.1994,0.8006,0.0000,3.3626,1.7838,1.6169,2.3749,1.7239,0.6331,,0.0000,,3,1
17117,12230.0,0.6184,3,0.000,0.164,asphalt,0.0000,0.0000,0.5264,0.4736,0.0000,3.1033,1.6463,1.4922,2.1918,1.5910,0.4500,,0.0000,,2,1
17167,11271.0,0.5417,3,0.000,0.095,asphalt,0.0000,0.0000,0.8333,0.1667,0.0000,2.8599,1.5172,1.3752,2.0199,1.4662,0.4500,,0.0000,,2,1
17217,10469.0,0.4775,3,0.000,0.033,asphalt,0.0000,0.0899,0.9101,0.0000,0.0000,2.6564,1.4092,1.2773,1.8762,1.3619,0.4500,,0.0000,,2,0
17267,10007.0,0.4406,3,0.000,0.008,asphalt,0.0000,0.2378,0.7622,0.0000,0.0000,2.5392,1.3470,1.2210,1.7934,1.3018,0.4500,,0.0000,,2,1
17317,10016.0,0.4413,3,0.000,0.010,asphalt,0.0000,0.2349,0.7651,0.0000,0.0000,2.5415,1.3482,1.2221,1.7950,1.3030,0.4500,,0.0000,,2,1
17367,9983.0,0.4386,3,0.000,0.012,asphalt,0.0000,0.2454,0.7546,0.0000,0.0000,2.5331,1.3438,1.2180,1.7891,1.2987,0.4500,,0.0000,,2,1
17417,9945.0,0.4356,3,0.000,0.013,asphalt,0.0000,0.2576,0.7424,0.0000,0.0000,2.5235,1.3387,1.2134,1.7823,1.2937,0.4500,,0.0000,,2,1
17467,9901.0,0.4321,3,0.000,0.013,asphalt,0.0000,0.2717,0.7283,0.0000,0.0000,2.5123,1.3328,1.2080,1.7744,1.2880,0.4500,,0.0000,,2,1
17517,9849.0,0.4279,3,0.000,0.012,asphalt,0.0000,0.2883,0.7117,0.0000,0.0000,2.4991,1.3258,1.2017,1.7651,1.2813,0.4500,,0.0000,,2,1
17567,9787.0,0.4230,3,0.000,0.011,asphalt,0.0000,0.3082,0.6918,0.0000,0.0000,2.4834,1.3174,1.1941,1.7539,1.2732,0.4500,,0.0000,,2,1
17617,8930.0,0.3544,3,0.000,0.008,asphalt,0.0000,0.5824,0.4176,0.0000,0.0000,2.2659,1.2020,1.0896,1.6004,1.1617,0.4500,,0.0000,,1,1
17667,8012.0,0.2810,3,0.000,0.009,asphalt,0.0000,0.8762,0.1238,0.0000,0.0000,2.0330,1.0785,0.9776,1.4358,1.0423,0.4500,,0.0000,,1,1
17717,9911.0,0.4329,2,0.000,0.018,asphalt,0.0000,0.2685,0.7315,0.0000,0.0000,2.5148,1.3341,1.2092,1.7762,1.2893,0.4500,,0.0000,shift_down,2,1
17767,9815.0,0.4252,2,0.000,0.036,asphalt,0.0000,0.2992,0.7008,0.0000,0.0000,2.4905,1.3212,1.1975,1.7590,1.2768,0.4500,,0.0000,,2,1
17817,9781.0,0.4225,2,0.000,0.041,asphalt,0.0000,0.3101,0.6899,0.0000,0.0000,2.4819,1.3166,1.1934,1.7529,1.2724,0.4500,,0.0000,,2,1
17867,9757.0,0.4206,2,0.000,0.043,asphalt,0.0000,0.3178,0.6822,0.0000,0.0000,2.4758,1.3134,1.1905,1.7486,1.2693,0.4500,,0.0000,,2,1
17917,9724.0,0.4179,2,0.000,0.048,asphalt,0.0000,0.3283,0.6717,0.0000,0.0000,2.4674,1.3089,1.1864,1.7427,1.2650,0.4500,,0.0000,,2,1
17967,9683.0,0.4146,2,0.000,0.052,asphalt,0.0000,0.3414,0.6586,0.0000,0.0000,2.4570,1.3034,1.1814,1.7353,1.2597,0.4500,,0.0000,,2,1
18017,9631.0,0.4105,2,0.000,0.055,asphalt,0.0000,0.3581,0.6419,0.0000,0.0000,2.4438,1.2964,1.1751,1.7260,1.2529,0.4500,,0.0000,,2,1
18067,9570.0,0.4056,2,0.000,0.060,asphalt,0.0000,0.3776,0.6224,0.0000,0.0000,2.4283,1.2882,1.1676,1.7151,1.2450,0.4500,,0.0000,,2,1
18117,9493.0,0.3994,2,0.000,0.068,asphalt,0.0000,0.4022,0.5978,0.0000,0.0000,2.4088,1.2778,1.1582,1.7013,1.2349,0.4500,,0.0000,,2,1
18167,9365.0,0.3892,2,0.000,0.080,asphalt,0.0000,0.4432,0.5568,0.0000,0.0000,2.3763,1.2606,1.1426,1.6783,1.2183,0.4500,,0.0000,,2,1
18217,9321.0,0.3857,2,0.333,0.083,asphalt,0.0000,0.4573,0.5427,0.0000,0.0000,2.3651,1.2547,1.1373,1.6704,1.2126,0.6331,,0.0000,,2,1
18267,10082.0,0.4466,2,1.000,0.038,asphalt,0.0000,0.2138,0.7862,0.0000,0.0000,2.5582,1.3571,1.2301,1.8068,1.3116,1.0000,,0.0000,,2,1
18317,10804.0,0.5043,2,1.000,0.097,asphalt,0.0000,0.0000,0.9827,0.0173,0.0000,2.7414,1.4543,1.3182,1.9362,1.4055,1.0000,,0.0000,,2,0
18367,11305.0,0.5444,2,1.000,0.153,asphalt,0.0000,0.0000,0.8224,0.1776,0.0000,2.8686,1.5217,1.3793,2.0260,1.4707,1.0000,,0.0000,,2,1
18417,11727.0,0.5782,2,1.000,0.199,asphalt,0.0000,0.0000,0.6874,0.3126,0.0000,2.9756,1.5785,1.4308,2.1016,1.5256,1.0000,,0.0000,,2,1
18467,11777.0,0.5822,2,0.333,0.217,asphalt,0.0000,0.0000,0.6714,0.3286,0.0000,2.9883,1.5853,1.4369,2.1106,1.5321,0.6331,,0.0000,,2,1
18517,11038.0,0.5230,2,0.000,0.176,asphalt,0.0000,0.0000,0.9078,0.0922,0.0000,2.8008,1.4858,1.3468,1.9781,1.4359,0.4500,,0.0000,,2,0
18567,10396.0,0.4717,2,0.000,0.134,asphalt,0.0000,0.1133,0.8867,0.0000,0.0000,2.6379,1.3994,1.2684,1.8631,1.3524,0.4500,,0.0000,,2,1
18617,9865.0,0.4292,2,0.000,0.095,asphalt,0.0000,0.2832,0.7168,0.0000,0.0000,2.5032,1.3279,1.2036,1.7679,1.2833,0.4500,,0.0000,,2,1
18667,9411.0,0.3929,2,0.000,0.044,asphalt,0.0000,0.4285,0.5715,0.0000,0.0000,2.3880,1.2668,1.1482,1.6866,1.2243,0.4500,,0.0000,,2,1
18717,8821.0,0.3457,2,0.000,0.009,asphalt,0.0000,0.6173,0.3827,0.0000,0.0000,2.2383,1.1874,1.0763,1.5808,1.1475,0.4500,,0.0000,,1,1
18767,7915.0,0.2732,2,0.000,0.011,asphalt,0.0000,0.9072,0.0928,0.0000,0.0000,2.0084,1.0654,0.9657,1.4185,1.0297,0.4500,,0.0000,,1,0
18817,7102.0,0.2082,2,0.000,0.007,asphalt,0.1674,0.8326,0.0000,0.0000,0.0000,1.8021,0.9560,0.8665,1.2728,0.9239,0.4500,,0.0000,,1,1
18867,9591.0,0.4073,1,0.000,0.011,asphalt,0.0000,0.3709,0.6291,0.0000,0.0000,2.4336,1.2910,1.1702,1.7188,1.2477,0.4500,,0.0000,shift_down,2,1
18917,9546.0,0.4037,1,0.000,0.021,asphalt,0.0000,0.3853,0.6147,0.0000,0.0000,2.4222,1.2850,1.1647,1.7108,1.2418,0.4500,,0.0000,,2,1
18967,9484.0,0.3987,1,0.000,0.029,asphalt,0.0000,0.4051,0.5949,0.0000,0.0000,2.4065,1.2766,1.1571,1.6996,1.2338,0.4500,,0.0000,,2,1
19017,9416.0,0.3933,1,0.000,0.036,asphalt,0.0000,0.4269,0.5731,0.0000,0.0000,2.3892,1.2675,1.1489,1.6875,1.2249,0.4500,,0.0000,,2,1
19067,9340.0,0.3872,1,0.000,0.041,asphalt,0.0000,0.4512,0.5488,0.0000,0.0000,2.3700,1.2572,1.1396,1.6738,1.2150,0.4500,,0.0000,,2,1
19117,9255.0,0.3804,1,0.000,0.046,asphalt,0.0000,0.4784,0.5216,0.0000,0.0000,2.3484,1.2458,1.1292,1.6586,1.2040,0.4500,,0.0000,,2,1
19174,9981.0,0.4385,1,1.000,0.018,asphalt,0.0000,0.2461,0.7539,0.0000,0.0000,2.5326,1.3435,1.2178,1.7887,1.2984,1.0000,,0.0000,,2,1
19224,10744.0,0.4995,1,1.000,0.050,asphalt,0.0000,0.0019,0.9981,0.0000,0.0000,2.7262,1.4462,1.3109,1.9254,1.3977,1.0000,,0.0000,,2,0
19274,11251.0,0.5401,1,1.000,0.079,asphalt,0.0000,0.0000,0.8397,0.1603,0.0000,2.8549,1.5145,1.3727,2.0163,1.4636,1.0000,,0.0000,,2,1
19331,11731.0,0.5785,1,1.000,0.103,asphalt,0.0000,0.0000,0.6861,0.3139,0.0000,2.9767,1.5791,1.4313,2.1023,1.5261,1.0000,,0.0000,,2,1
19387,12181.0,0.6145,1,1.000,0.118,asphalt,0.0000,0.0000,0.5421,0.4579,0.0000,3.0908,1.6397,1.4862,2.1830,1.5846,1.0000,,0.0000,,2,1
19442,12574.0,0.6459,1,1.000,0.115,asphalt,0.0000,0.0000,0.4163,0.5837,0.0000,3.1906,1.6926,1.5342,2.2534,1.6357,1.0000,,0.0000,,3,1
19492,12881.0,0.6705,1,1.000,0.118,asphalt,0.0000,0.0000,0.3181,0.6819,0.0000,3.2685,1.7339,1.5716,2.3084,1.6757,1.0000,,0.0000,,3,1
19542,13174.0,0.6939,1,1.000,0.131,asphalt,0.0000,0.0000,0.2243,0.7757,0.0000,3.3428,1.7733,1.6074,2.3609,1.7138,1.0000,,0.0000,,3,1
19592,13460.0,0.7168,1,1.000,0.153,asphalt,0.0000,0.0000,0.1328,0.8672,0.0000,3.4154,1.8118,1.6423,2.4122,1.7510,1.0000,,0.0000,,3,1
19642,13748.0,0.7398,1,1.000,0.174,asphalt,0.0000,0.0000,0.0406,0.9594,0.0000,3.4885,1.8506,1.6774,2.4638,1.7885,1.0000,,0.0000,,3,0
19692,14051.0,0.7641,1,1.000,0.193,asphalt,0.0000,0.0000,0.0000,0.9437,0.0563,3.5000,1.8914,1.7144,2.5181,1.8279,1.0000,,0.0000,,3,0
19742,14364.0,0.7891,1,1.000,0.213,asphalt,0.0000,0.0000,0.0000,0.8435,0.1565,3.5000,1.9335,1.7526,2.5742,1.8686,1.0000,,0.0000,,3,1
19792,14678.0,0.8142,1,1.000,0.236,asphalt,0.0000,0.0000,0.0000,0.7430,0.2570,3.5000,1.9758,1.7909,2.6305,1.9095,1.0000,,0.0000,,3,1
19842,14982.0,0.8386,1,1.000,0.260,asphalt,0.0000,0.0000,0.0000,0.6458,0.3542,3.5000,2.0167,1.8280,2.6849,1.9490,1.0000,,0.0000,,3,1
19892,15272.0,0.8618,1,1.000,0.279,asphalt,0.0000,0.0000,0.0000,0.5530,0.4470,3.5000,2.0557,1.8633,2.7369,1.9867,1.0000,,0.0000,,3,1
19942,15178.0,0.8542,1,0.333,0.259,asphalt,0.0000,0.0000,0.0000,0.5830,0.4170,3.5000,2.0431,1.8519,2.7201,1.9745,0.6331,,0.0000,,3,1
19992,14233.0,0.7786,1,0.000,0.194,asphalt,0.0000,0.0000,0.0000,0.8854,0.1146,3.5000,1.9159,1.7366,2.5507,1.8516,0.4500,,0.0000,,3,1
20042,13484.0,0.7187,1,0.000,0.144,asphalt,0.0000,0.0000,0.1251,0.8749,0.0000,3.4215,1.8150,1.6452,2.4165,1.7541,0.4500,,0.0000,,3,1
20092,12650.0,0.6520,1,0.000,0.096,asphalt,0.0000,0.0000,0.3920,0.6080,0.0000,3.2098,1.7028,1.5434,2.2670,1.6456,0.4500,,0.0000,,3,1
20142,11905.0,0.5924,1,0.000,0.059,asphalt,0.0000,0.0000,0.6304,0.3696,0.0000,3.0208,1.6025,1.4525,2.1335,1.5487,0.4500,,0.0000,,2,1
20192,11404.0,0.5523,1,0.000,0.024,asphalt,0.0000,0.0000,0.7907,0.2093,0.0000,2.8937,1.5351,1.3914,2.0437,1.4835,0.4500,,0.0000,,2,1
20242,11007.0,0.5206,1,0.000,0.045,asphalt,0.0000,0.0000,0.9178,0.0822,0.0000,2.7929,1.4816,1.3430,1.9726,1.4319,0.4500,,0.0000,,2,0
20293,10732.0,0.4986,1,0.000,0.059,asphalt,0.0000,0.0058,0.9942,0.0000,0.0000,2.7232,1.4446,1.3094,1.9233,1.3961,0.4500,,0.0000,,2,0
20343,10444.0,0.4755,1,0.000,0.070,asphalt,0.0000,0.0979,0.9021,0.0000,0.0000,2.6501,1.4058,1.2743,1.8717,1.3587,0.4500,,0.0000,,2,0
20393,10296.0,0.4637,1,0.000,0.062,asphalt,0.0000,0.1453,0.8547,0.0000,0.0000,2.6125,1.3859,1.2562,1.8452,1.3394,0.4500,,0.0000,,2,1
20450,10112.0,0.4490,1,0.000,0.057,asphalt,0.0000,0.2042,0.7958,0.0000,0.0000,2.5658,1.3612,1.2338,1.8122,1.3155,0.4500,,0.0000,,2,1
20501,9944.0,0.4355,1,0.000,0.064,asphalt,0.0000,0.2579,0.7421,0.0000,0.0000,2.5232,1.3385,1.2133,1.7821,1.2936,0.4500,,0.0000,,2,1
20559,9757.0,0.4206,1,0.000,0.078,asphalt,0.0000,0.3178,0.6822,0.0000,0.0000,2.4758,1.3134,1.1905,1.7486,1.2693,0.4500,,0.0000,,2,1
20609,9590.0,0.4072,1,0.000,0.090,asphalt,0.0000,0.3712,0.6288,0.0000,0.0000,2.4334,1.2909,1.1701,1.7186,1.2476,0.4500,,0.0000,,2,1
20659,9399.0,0.3919,1,0.000,0.102,asphalt,0.0000,0.4323,0.5677,0.0000,0.0000,2.3849,1.2652,1.1468,1.6844,1.2227,0.4500,,0.0000,,2,1
20709,9195.0,0.3756,1,0.000,0.112,asphalt,0.0000,0.4976,0.5024,0.0000,0.0000,2.3332,1.2377,1.1219,1.6478,1.1962,0.4500,,0.0000,,2,1
20759,8981.0,0.3585,1,0.000,0.120,asphalt,0.0000,0.5661,0.4339,0.0000,0.0000,2.2789,1.2089,1.0958,1.6095,1.1683,0.4500,,0.0000,,1,1
20809,8760.0,0.3408,1,0.000,0.125,asphalt,0.0000,0.6368,0.3632,0.0000,0.0000,2.2228,1.1792,1.0688,1.5699,1.1396,0.4500,,0.0000,,1,1
20867,8532.0,0.3226,1,0.000,0.128,asphalt,0.0000,0.7098,0.2902,0.0000,0.0000,2.1649,1.1485,1.0410,1.5290,1.1099,0.4500,,0.0000,,1,1
20924,8223.0,0.2978,1,0.000,0.126,asphalt,0.0000,0.8086,0.1914,0.0000,0.0000,2.0865,1.1069,1.0033,1.4737,1.0697,0.4500,,0.0000,,1,1
20975,7989.0,0.2791,1,0.000,0.123,asphalt,0.0000,0.8835,0.1165,0.0000,0.0000,2.0272,1.0754,0.9747,1.4317,1.0393,0.4500,,0.0000,,1,1
21027,7756.0,0.2605,1,0.000,0.119,asphalt,0.0000,0.9581,0.0419,0.0000,0.0000,1.9680,1.0440,0.9463,1.3900,1.0090,0.4500,,0.0000,,1,0
21078,7526.0,0.2421,1,0.000,0.116,asphalt,0.0317,0.9683,0.0000,0.0000,0.0000,1.9097,1.0131,0.9183,1.3487,0.9791,0.4500,,0.0000,,1,0
21132,7303.0,0.2242,1,0.000,0.116,asphalt,0.1030,0.8970,0.0000,0.0000,0.0000,1.8531,0.9830,0.8910,1.3088,0.9500,0.4500,,0.0000,,1,1
21182,7086.0,0.2069,1,0.000,0.118,asphalt,0.1725,0.8275,0.0000,0.0000,0.0000,1.7980,0.9538,0.8646,1.2699,0.9218,0.4500,,0.0000,,1,1
21240,6835.0,0.1868,1,0.000,0.103,asphalt,0.2528,0.7472,0.0000,0.0000,0.0000,1.7343,0.9200,0.8339,1.2249,0.8892,0.4500,,0.0000,,1,1
21302,6592.0,0.1674,1,0.000,0.076,asphalt,0.3306,0.6694,0.0000,0.0000,0.0000,1.6727,0.8873,0.8043,1.1814,0.8576,0.4500,,0.0000,,1,1
21359,6392.0,0.1514,1,0.000,0.101,asphalt,0.3946,0.6054,0.0000,0.0000,0.0000,1.6219,0.8604,0.7799,1.1455,0.8315,0.4500,,0.0000,,1,1
21419,6269.0,0.1415,1,0.000,0.129,asphalt,0.4339,0.5661,0.0000,0.0000,0.0000,1.5907,0.8439,0.7649,1.1235,0.8155,0.4500,,0.0000,,1,1
21481,6244.0,0.1395,1,0.000,0.139,asphalt,0.4419,0.5581,0.0000,0.0000,0.0000,1.5844,0.8405,0.7618,1.1190,0.8123,0.4500,,0.0000,,1,1
21545,6690.0,0.1752,1,1.000,0.097,asphalt,0.2992,0.7008,0.0000,0.0000,0.0000,1.6975,0.9005,0.8163,1.1989,0.8703,1.0000,,0.0000,,1,1
21609,7566.0,0.2453,1,1.000,0.228,asphalt,0.0189,0.9811,0.0000,0.0000,0.0000,1.9198,1.0184,0.9231,1.3559,0.9843,1.0000,,0.0000,,1,0
21673,8095.0,0.2876,1,1.000,0.304,asphalt,0.0000,0.8496,0.1504,0.0000,0.0000,2.0540,1.0896,0.9877,1.4507,1.0531,1.0000,,0.0000,,1,1
21736,8621.0,0.3297,1,1.000,0.308,asphalt,0.0000,0.6813,0.3187,0.0000,0.0000,2.1875,1.1605,1.0519,1.5450,1.1215,1.0000,,0.0000,,1,1
21798,9104.0,0.3683,1,1.000,0.279,asphalt,0.0000,0.5267,0.4733,0.0000,0.0000,2.3101,1.2255,1.1108,1.6315,1.1843,1.0000,,0.0000,,1,1
21859,9509.0,0.4007,1,1.000,0.259,asphalt,0.0000,0.3971,0.6029,0.0000,0.0000,2.4128,1.2800,1.1602,1.7041,1.2370,1.0000,,0.0000,,2,1
21917,9977.0,0.4382,1,1.000,0.292,asphalt,0.0000,0.2474,0.7526,0.0000,0.0000,2.5316,1.3430,1.2173,1.7880,1.2979,1.0000,,0.0000,,2,1
21974,10393.0,0.4714,1,1.000,0.339,asphalt,0.0000,0.1142,0.8858,0.0000,0.0000,2.6371,1.3990,1.2681,1.8625,1.3520,1.0000,,0.0000,,2,1
22029,10812.0,0.5050,1,1.000,0.381,asphalt,0.0000,0.0000,0.9802,0.0198,0.0000,2.7435,1.4554,1.3192,1.9376,1.4065,1.0000,,0.0000,,2,0
22080,10475.0,0.4780,1,0.000,0.357,asphalt,0.0000,0.0880,0.9120,0.0000,0.0000,2.6580,1.4100,1.2781,1.8772,1.3627,0.4500,,0.0000,,2,0
22132,10243.0,0.4594,1,0.833,0.332,asphalt,0.0000,0.1622,0.8378,0.0000,0.0000,2.5991,1.3788,1.2498,1.8357,1.3325,0.9081,,0.0000,,2,1
22182,10763.0,0.5010,1,1.000,0.370,asphalt,0.0000,0.0000,0.9958,0.0042,0.0000,2.7310,1.4488,1.3132,1.9289,1.4002,1.0000,,0.0000,,2,0
22233,11230.0,0.5384,1,1.000,0.414,asphalt,0.0000,0.0000,0.8464,0.1536,0.0000,2.8495,1.5116,1.3702,2.0125,1.4609,1.0000,,0.0000,,2,1
22286,11656.0,0.5725,1,1.000,0.461,asphalt,0.0000,0.0000,0.7101,0.2899,0.0000,2.9576,1.5690,1.4222,2.0889,1.5163,1.0000,,0.0000,,2,1
22342,12122.0,0.6098,1,1.000,0.479,asphalt,0.0000,0.0000,0.5610,0.4390,0.0000,3.0759,1.6317,1.4790,2.1724,1.5769,1.0000,,0.0000,,2,1
22399,12496.0,0.6397,1,1.000,0.466,asphalt,0.0000,0.0000,0.4413,0.5587,0.0000,3.1708,1.6821,1.5246,2.2394,1.6256,1.0000,,0.0000,,3,1
22459,12903.0,0.6722,1,1.000,0.457,asphalt,0.0000,0.0000,0.3110,0.6890,0.0000,3.2740,1.7368,1.5743,2.3124,1.6785,1.0000,,0.0000,,3,1
22523,13217.0,0.6974,1,0.667,0.475,asphalt,0.0000,0.0000,0.2106,0.7894,0.0000,3.3537,1.7791,1.6126,2.3686,1.7194,0.8169,,0.0000,,3,1
22585,12307.0,0.6246,1,0.000,0.427,asphalt,0.0000,0.0000,0.5018,0.4982,0.0000,3.1228,1.6566,1.5016,2.2056,1.6010,0.4500,,0.0000,,2,1
22650,11191.0,0.5353,1,0.000,0.369,asphalt,0.0000,0.0000,0.8589,0.1411,0.0000,2.8396,1.5064,1.3654,2.0056,1.4558,0.4500,,0.0000,,2,1
22712,10353.0,0.4682,1,0.000,0.236,asphalt,0.0000,0.1270,0.8730,0.0000,0.0000,2.6270,1.3936,1.2632,1.8554,1.3468,0.4500,,0.0000,,2,1
22774,9523.0,0.4018,1,0.000,0.157,asphalt,0.0000,0.3926,0.6074,0.0000,0.0000,2.4164,1.2819,1.1619,1.7066,1.2388,0.4500,,0.0000,,2,1
22834,8861.0,0.3489,1,0.000,0.080,asphalt,0.0000,0.6045,0.3955,0.0000,0.0000,2.2484,1.1928,1.0811,1.5880,1.1527,0.4500,,0.0000,,1,1
22894,8412.0,0.3130,1,0.000,0.011,asphalt,0.0000,0.7482,0.2518,0.0000,0.0000,2.1345,1.1323,1.0264,1.5075,1.0943,0.4500,,0.0000,,1,1
22953,8216.0,0.2973,1,0.000,0.018,asphalt,0.0000,0.8109,0.1891,0.0000,0.0000,2.0848,1.1059,1.0024,1.4724,1.0688,0.4500,,0.0000,,1,1
23012,7996.0,0.2797,1,0.000,0.040,asphalt,0.0000,0.8813,0.1187,0.0000,0.0000,2.0289,1.0763,0.9756,1.4330,1.0402,0.4500,,0.0000,,1,1
23071,7786.0,0.2629,1,0.000,0.059,asphalt,0.0000,0.9485,0.0515,0.0000,0.0000,1.9756,1.0481,0.9500,1.3953,1.0129,0.4500,,0.0000,,1,0
23129,7607.0,0.2486,1,0.000,0.082,asphalt,0.0058,0.9942,0.0000,0.0000,0.0000,1.9302,1.0240,0.9281,1.3633,0.9896,0.4500,,0.0000,,1,0
23186,7351.0,0.2281,1,0.000,0.113,asphalt,0.0877,0.9123,0.0000,0.0000,0.0000,1.8653,0.9895,0.8969,1.3174,0.9563,0.4500,,0.0000,,1,0
23246,7139.0,0.2111,1,0.000,0.134,asphalt,0.1555,0.8445,0.0000,0.0000,0.0000,1.8115,0.9610,0.8710,1.2794,0.9287,0.4500,,0.0000,,1,1
23303,6919.0,0.1935,1,0.000,0.154,asphalt,0.2259,0.7741,0.0000,0.0000,0.0000,1.7556,0.9314,0.8442,1.2400,0.9001,0.4500,,0.0000,,1,1
23360,6697.0,0.1758,1,0.000,0.172,asphalt,0.2970,0.7030,0.0000,0.0000,0.0000,1.6993,0.9015,0.8171,1.2002,0.8712,0.4500,,0.0000,,1,1
23418,6472.0,0.1578,1,0.000,0.189,asphalt,0.3690,0.6310,0.0000,0.0000,0.0000,1.6422,0.8712,0.7897,1.1599,0.8419,0.4500,,0.0000,,1,1
23476,6248.0,0.1398,1,0.000,0.208,asphalt,0.4406,0.5594,0.0000,0.0000,0.0000,1.5854,0.8410,0.7623,1.1197,0.8128,0.4500,,0.0000,,1,1
23535,6033.0,0.1226,1,0.000,0.223,asphalt,0.5094,0.4906,0.0000,0.0000,0.0000,1.5308,0.8121,0.7361,1.0812,0.7848,0.4500,,0.0000,,0,1
23594,5826.0,0.1061,1,0.000,0.240,asphalt,0.5757,0.4243,0.0000,0.0000,0.0000,1.4783,0.7842,0.7108,1.0441,0.7579,0.4500,,0.0000,,0,1
23652,5650.0,0.0920,1,0.000,0.247,asphalt,0.6320,0.3680,0.0000,0.0000,0.0000,1.4336,0.7605,0.6894,1.0125,0.7350,0.4500,,0.0000,,0,1
23710,5460.0,0.0768,1,0.000,0.255,asphalt,0.6928,0.3072,0.0000,0.0000,0.0000,1.3854,0.7350,0.6662,0.9785,0.7103,0.4500,,0.0000,,0,1
23768,5270.0,0.0616,1,0.000,0.261,asphalt,0.7536,0.2464,0.0000,0.0000,0.0000,1.3372,0.7094,0.6430,0.9444,0.6856,0.4500,,0.0000,,0,1
23827,5085.0,0.0468,1,0.000,0.266,asphalt,0.8128,0.1872,0.0000,0.0000,0.0000,1.2903,0.6845,0.6204,0.9113,0.6615,0.4500,,0.0000,,0,1
23886,4906.0,0.0325,1,0.000,0.271,asphalt,0.8701,0.1299,0.0000,0.0000,0.0000,1.2449,0.6604,0.5986,0.8792,0.6382,0.4500,,0.0000,,0,1
23944,4734.0,0.0187,1,0.000,0.275,asphalt,0.9251,0.0749,0.0000,0.0000,0.0000,1.2012,0.6372,0.5776,0.8484,0.6158,0.4500,,0.0000,,0,0
24004,5058.0,0.0446,1,1.000,0.216,asphalt,0.8214,0.1786,0.0000,0.0000,0.0000,1.2834,0.6808,0.6171,0.9065,0.6580,1.0000,,0.0000,,0,1
24063,5774.0,0.1019,1,1.000,0.079,asphalt,0.5923,0.4077,0.0000,0.0000,0.0000,1.4651,0.7772,0.7045,1.0348,0.7511,1.0000,,0.0000,,0,1
24121,6501.0,0.1601,1,1.000,0.082,asphalt,0.3597,0.6403,0.0000,0.0000,0.0000,1.6496,0.8751,0.7932,1.1651,0.8457,1.0000,,0.0000,,1,1
24178,7220.0,0.2176,1,1.000,0.193,asphalt,0.1296,0.8704,0.0000,0.0000,0.0000,1.8320,0.9719,0.8809,1.2939,0.9392,1.0000,,0.0000,,1,1
24233,7911.0,0.2729,1,1.000,0.315,asphalt,0.0000,0.9085,0.0915,0.0000,0.0000,2.0074,1.0649,0.9652,1.4177,1.0291,1.0000,,0.0000,,1,0
24285,8480.0,0.3184,1,1.000,0.411,asphalt,0.0000,0.7264,0.2736,0.0000,0.0000,2.1517,1.1415,1.0347,1.5197,1.1032,1.0000,,0.0000,,1,1
24335,9050.0,0.3640,1,1.000,0.500,asphalt,0.0000,0.5440,0.4560,0.0000,0.0000,2.2964,1.2182,1.1042,1.6219,1.1773,1.0000,,0.0000,,1,1
24395,9830.0,0.4264,1,1.000,0.591,asphalt,0.0000,0.2944,0.7056,0.0000,0.0000,2.4943,1.3232,1.1994,1.7616,1.2788,1.0000,,0.0000,,2,1
24455,10523.0,0.4818,1,1.000,0.660,asphalt,0.0000,0.0726,0.9274,0.0000,0.0000,2.6701,1.4165,1.2839,1.8858,1.3689,1.0000,,0.0000,,2,0
24515,11198.0,0.5358,1,1.000,0.726,asphalt,0.0000,0.0000,0.8566,0.1434,0.0000,2.8414,1.5073,1.3663,2.0068,1.4567,1.0000,,0.0000,,2,1
24576,11366.0,0.5493,1,0.167,0.735,asphalt,0.0000,0.0000,0.8029,0.1971,0.0000,2.8840,1.5300,1.3868,2.0369,1.4786,0.5418,,0.0000,,2,1
24637,10563.0,0.4850,1,0.000,0.646,asphalt,0.0000,0.0598,0.9402,0.0000,0.0000,2.6803,1.4219,1.2888,1.8930,1.3741,0.4500,,0.0000,,2,0
24689,10115.0,0.4492,1,0.000,0.605,asphalt,0.0000,0.2032,0.7968,0.0000,0.0000,2.5666,1.3616,1.2341,1.8127,1.3159,0.4500,,0.0000,,2,1
24739,9655.0,0.4124,1,0.167,0.568,asphalt,0.0000,0.3504,0.6496,0.0000,0.0000,2.4499,1.2996,1.1780,1.7303,1.2560,0.5418,,0.0000,,2,1
24790,10082.0,0.4466,1,1.000,0.602,asphalt,0.0000,0.2138,0.7862,0.0000,0.0000,2.5582,1.3571,1.2301,1.8068,1.3116,1.0000,,0.0000,,2,1
24842,10803.0,0.5042,1,1.000,0.646,asphalt,0.0000,0.0000,0.9830,0.0170,0.0000,2.7412,1.4542,1.3181,1.9360,1.4054,1.0000,,0.0000,,2,0
24895,11428.0,0.5542,1,1.000,0.711,asphalt,0.0000,0.0000,0.7830,0.2170,0.0000,2.8998,1.5383,1.3943,2.0480,1.4867,1.0000,,0.0000,,2,1
24948,12077.0,0.6062,1,1.000,0.799,asphalt,0.0000,0.0000,0.5754,0.4246,0.0000,3.0645,1.6257,1.4735,2.1643,1.5711,1.0000,,0.0000,,2,1
25001,12623.0,0.6498,1,1.000,0.874,asphalt,0.0000,0.0000,0.4006,0.5994,0.0000,3.2030,1.6992,1.5401,2.2622,1.6421,1.0000,,0.0000,,3,1
25054,13250.0,0.7000,1,1.000,0.958,asphalt,0.0000,0.0000,0.2000,0.8000,0.0000,3.3621,1.7836,1.6166,2.3746,1.7237,1.0000,,0.0000,,3,1
25107,13772.0,0.7418,1,1.000,1.000,asphalt,0.0000,0.0000,0.0330,0.9670,0.0000,3.4945,1.8538,1.6803,2.4681,1.7916,1.0000,,0.0000,,3,0
25160,14277.0,0.7822,1,1.000,1.000,asphalt,0.0000,0.0000,0.0000,0.8714,0.1286,3.5000,1.9218,1.7419,2.5586,1.8573,1.0000,,0.0000,,3,1
25213,14830.0,0.8264,1,1.000,1.000,asphalt,0.0000,0.0000,0.0000,0.6944,0.3056,3.5000,1.9962,1.8094,2.6577,1.9292,1.0000,,0.0000,,3,1
25267,15273.0,0.8618,1,1.000,1.000,asphalt,0.0000,0.0000,0.0000,0.5526,0.4474,3.5000,2.0559,1.8635,2.7371,1.9869,1.0000,,0.0000,,3,1
25319,15746.0,0.8997,1,1.000,1.000,asphalt,0.0000,0.0000,0.0000,0.4013,0.5987,3.5000,2.1195,1.9212,2.8219,2.0484,1.0000,,0.0000,,4,1
25371,16109.0,0.9287,1,1.000,1.000,asphalt,0.0000,0.0000,0.0000,0.2851,0.7149,3.5000,2.1684,1.9655,2.8869,2.0956,1.0000,,0.0000,,4,1
25422,16451.0,0.9561,1,1.000,1.000,asphalt,0.0000,0.0000,0.0000,0.1757,0.8243,3.5000,2.2144,2.0072,2.9482,2.1401,1.0000,,0.0000,,4,1
25473,16792.0,0.9834,1,1.000,1.000,asphalt,0.0000,0.0000,0.0000,0.0666,0.9334,3.5000,2.2603,2.0488,3.0093,2.1845,1.0000,,0.0000,,4,0
25523,16374.0,0.9499,1,0.000,1.000,asphalt,0.0000,0.0000,0.0000,0.2003,0.7997,3.5000,2.2041,1.9978,2.9344,2.1301,0.4500,,0.0000,,4,1
25573,15518.0,0.8814,1,0.000,1.000,asphalt,0.0000,0.0000,0.0000,0.4742,0.5258,3.5000,2.0888,1.8934,2.7810,2.0187,0.4500,,0.0000,,4,1
25623,14747.0,0.8198,1,0.000,1.000,asphalt,0.0000,0.0000,0.0000,0.7210,0.2790,3.5000,1.9851,1.7993,2.6428,1.9184,0.4500,,0.0000,,3,1
25674,14254.0,0.7803,1,0.500,1.000,asphalt,0.0000,0.0000,0.0000,0.8787,0.1213,3.5000,1.9187,1.7391,2.5545,1.8543,0.7250,,0.0000,,3,1
25725,14785.0,0.8228,1,1.000,1.000,asphalt,0.0000,0.0000,0.0000,0.7088,0.2912,3.5000,1.9902,1.8039,2.6496,1.9234,1.0000,,0.0000,,3,1
25776,15325.0,0.8660,1,1.000,1.000,asphalt,0.0000,0.0000,0.0000,0.5360,0.4640,3.5000,2.0629,1.8698,2.7464,1.9936,1.0000,,0.0000,,3,1
25828,15802.0,0.9042,1,1.000,1.000,asphalt,0.0000,0.0000,0.0000,0.3834,0.6166,3.5000,2.1271,1.9280,2.8319,2.0557,1.0000,,0.0000,,4,1
25887,16291.0,0.9433,1,1.000,1.000,asphalt,0.0000,0.0000,0.0000,0.2269,0.7731,3.5000,2.1929,1.9877,2.9195,2.1193,1.0000,,0.0000,,4,1
25944,16674.0,0.9739,1,1.000,1.000,asphalt,0.0000,0.0000,0.0000,0.1043,0.8957,3.5000,2.2444,2.0344,2.9882,2.1691,1.0000,,0.0000,,4,1
25999,16989.0,0.9991,1,1.000,1.000,asphalt,0.0000,0.0000,0.0000,0.0035,0.9965,3.5000,2.2868,2.0728,3.0446,2.2101,1.0000,,0.0000,,4,0
26056,16388.0,0.9510,1,0.000,1.000,asphalt,0.0000,0.0000,0.0000,0.1958,0.8042,3.5000,2.2059,1.9995,2.9369,2.1319,0.4500,,0.0000,,4,1
26115,15436.0,0.8749,1,0.000,1.000,asphalt,0.0000,0.0000,0.0000,0.5005,0.4995,3.5000,2.0778,1.8834,2.7663,2.0081,0.4500,,0.0000,,3,1
26172,14568.0,0.8054,1,0.000,1.000,asphalt,0.0000,0.0000,0.0000,0.7782,0.2218,3.5000,1.9610,1.7775,2.6108,1.8951,0.4500,,0.0000,,3,1
26232,14704.0,0.8163,1,1.000,1.000,asphalt,0.0000,0.0000,0.0000,0.7347,0.2653,3.5000,1.9793,1.7940,2.6351,1.9128,1.0000,,0.0000,,3,1
26293,15428.0,0.8742,1,1.000,1.000,asphalt,0.0000,0.0000,0.0000,0.5030,0.4970,3.5000,2.0767,1.8824,2.7649,2.0070,1.0000,,0.0000,,3,1
26349,16019.0,0.9215,1,1.000,1.000,asphalt,0.0000,0.0000,0.0000,0.3139,0.6861,3.5000,2.1563,1.9545,2.8708,2.0839,1.0000,,0.0000,,4,1
26405,16290.0,0.9432,1,1.000,1.000,asphalt,0.0000,0.0000,0.0000,0.2272,0.7728,3.5000,2.1928,1.9876,2.9194,2.1192,1.0000,,0.0000,,4,1
26460,16537.0,0.9630,1,1.000,1.000,asphalt,0.0000,0.0000,0.0000,0.1482,0.8518,3.5000,2.2260,2.0177,2.9636,2.1513,1.0000,,0.0000,,4,1
26515,16768.0,0.9814,1,1.000,1.000,asphalt,0.0000,0.0000,0.0000,0.0742,0.9258,3.5000,2.2571,2.0459,3.0050,2.1813,1.0000,,0.0000,,4,0
26570,16937.0,0.9950,1,1.000,1.000,asphalt,0.0000,0.0000,0.0000,0.0202,0.9798,3.5000,2.2798,2.0665,3.0353,2.2033,1.0000,,0.0000,,4,0
26625,17064.0,1.0000,1,1.000,1.000,asphalt,0.0000,0.0000,0.0000,0.0000,1.0000,3.5000,2.2969,2.0820,3.0581,2.2199,1.0000,,0.0000,,4,0
26679,17130.0,1.0000,1,1.000,1.000,asphalt,0.0000,0.0000,0.0000,0.0000,1.0000,3.5000,2.3058,2.0900,3.0699,2.2284,1.0000,,0.0000,,4,0
26736,17138.0,1.0000,1,1.000,1.000,asphalt,0.0000,0.0000,0.0000,0.0000,1.0000,3.5000,2.3069,2.0910,3.0713,2.2295,1.0000,,0.0000,,4,0
26790,17134.0,1.0000,1,1.000,1.000,asphalt,0.0000,0.0000,0.0000,0.0000,1.0000,3.5000,2.3064,2.0905,3.0706,2.2290,1.0000,,0.0000,,4,0
26845,17130.0,1.0000,1,1.000,1.000,asphalt,0.0000,0.0000,0.0000,0.0000,1.0000,3.5000,2.3058,2.0900,3.0699,2.2284,1.0000,,0.0000,,4,0
26900,17131.0,1.0000,1,1.000,1.000,asphalt,0.0000,0.0000,0.0000,0.0000,1.0000,3.5000,2.3060,2.0902,3.0701,2.2286,1.0000,,0.0000,,4,0
26954,17136.0,1.0000,1,1.000,1.000,asphalt,0.0000,0.0000,0.0000,0.0000,1.0000,3.5000,2.3066,2.0908,3.0710,2.2292,1.0000,,0.0000,,4,0
27009,17148.0,1.0000,1,1.000,1.000,asphalt,0.0000,0.0000,0.0000,0.0000,1.0000,3.5000,2.3083,2.0922,3.0731,2.2308,1.0000,,0.0000,,4,0
27063,17156.0,1.0000,1,1.000,0.978,asphalt,0.0000,0.0000,0.0000,0.0000,1.0000,3.5000,2.3093,2.0932,3.0746,2.2318,1.0000,,0.0000,,4,0
27118,17159.0,1.0000,1,1.000,0.939,asphalt,0.0000,0.0000,0.0000,0.0000,1.0000,3.5000,2.3097,2.0936,3.0751,2.2322,1.0000,,0.0000,,4,0
27173,17169.0,1.0000,1,1.000,0.896,asphalt,0.0000,0.0000,0.0000,0.0000,1.0000,3.5000,2.3111,2.0948,3.0769,2.2335,1.0000,,0.0000,,4,0
27230,17181.0,1.0000,1,1.000,0.862,asphalt,0.0000,0.0000,0.0000,0.0000,1.0000,3.5000,2.3127,2.0963,3.0790,2.2351,1.0000,,0.0000,,4,0
27285,17196.0,1.0000,1,1.000,0.823,asphalt,0.0000,0.0000,0.0000,0.0000,1.0000,3.5000,2.3147,2.0981,3.0817,2.2370,1.0000,,0.0000,,4,0
27340,17209.0,1.0000,1,1.000,0.791,asphalt,0.0000,0.0000,0.0000,0.0000,1.0000,3.5000,2.3165,2.0997,3.0841,2.2387,1.0000,,0.0000,,4,0
27396,17223.0,1.0000,1,1.000,0.756,asphalt,0.0000,0.0000,0.0000,0.0000,1.0000,3.5000,2.3183,2.1014,3.0866,2.2405,1.0000,,0.0000,,4,0
27449,17237.0,1.0000,1,1.000,0.722,asphalt,0.0000,0.0000,0.0000,0.0000,1.0000,3.5000,2.3202,2.1031,3.0891,2.2424,1.0000,,0.0000,,4,0
27503,17249.0,1.0000,1,1.000,0.694,asphalt,0.0000,0.0000,0.0000,0.0000,1.0000,3.5000,2.3218,2.1046,3.0912,2.2439,1.0000,,0.0000,,4,0
27557,17262.0,1.0000,1,1.000,0.663,asphalt,0.0000,0.0000,0.0000,0.0000,1.0000,3.5000,2.3236,2.1061,3.0935,2.2456,1.0000,,0.0000,,4,0
27611,17272.0,1.0000,1,1.000,0.645,asphalt,0.0000,0.0000,0.0000,0.0000,1.0000,3.5000,2.3249,2.1074,3.0953,2.2469,1.0000,,0.0000,,4,0
27665,17283.0,1.0000,1,1.000,0.638,asphalt,0.0000,0.0000,0.0000,0.0000,1.0000,3.5000,2.3264,2.1087,3.0973,2.2483,1.0000,,0.0000,,4,0
27719,17297.0,1.0000,1,1.000,0.592,asphalt,0.0000,0.0000,0.0000,0.0000,1.0000,3.5000,2.3283,2.1104,3.0998,2.2502,1.0000,,0.0000,,4,0
27775,17309.0,1.0000,1,1.000,0.559,asphalt,0.0000,0.0000,0.0000,0.0000,1.0000,3.5000,2.3299,2.1119,3.1020,2.2517,1.0000,,0.0000,,4,0
27830,17319.0,1.0000,1,1.000,0.537,asphalt,0.0000,0.0000,0.0000,0.0000,1.0000,3.5000,2.3313,2.1131,3.1038,2.2530,1.0000,,0.0000,,4,0
27884,17330.0,1.0000,1,1.000,0.512,asphalt,0.0000,0.0000,0.0000,0.0000,1.0000,3.5000,2.3328,2.1144,3.1057,2.2545,1.0000,,0.0000,,4,0
27937,17339.0,1.0000,1,1.000,0.491,asphalt,0.0000,0.0000,0.0000,0.0000,1.0000,3.5000,2.3340,2.1155,3.1073,2.2556,1.0000,,0.0000,,4,0
27989,17350.0,1.0000,1,1.000,0.468,asphalt,0.0000,0.0000,0.0000,0.0000,1.0000,3.5000,2.3354,2.1169,3.1093,2.2571,1.0000,,0.0000,,4,0
28042,17358.0,1.0000,1,1.000,0.449,asphalt,0.0000,0.0000,0.0000,0.0000,1.0000,3.5000,2.3365,2.1179,3.1108,2.2581,1.0000,,0.0000,,4,0
28094,17367.0,1.0000,1,1.000,0.430,asphalt,0.0000,0.0000,0.0000,0.0000,1.0000,3.5000,2.3377,2.1190,3.1124,2.2593,1.0000,,0.0000,,4,0
28147,17376.0,1.0000,1,1.000,0.409,asphalt,0.0000,0.0000,0.0000,0.0000,1.0000,3.5000,2.3389,2.1201,3.1140,2.2604,1.0000,,0.0000,,4,0
28199,17384.0,1.0000,1,1.000,0.391,asphalt,0.0000,0.0000,0.0000,0.0000,1.0000,3.5000,2.3400,2.1210,3.1154,2.2615,1.0000,,0.0000,,4,0
28250,17392.0,1.0000,1,1.000,0.375,asphalt,0.0000,0.0000,0.0000,0.0000,1.0000,3.5000,2.3411,2.1220,3.1168,2.2625,1.0000,,0.0000,,4,0
28301,17399.0,1.0000,1,1.000,0.358,asphalt,0.0000,0.0000,0.0000,0.0000,1.0000,3.5000,2.3420,2.1229,3.1181,2.2634,1.0000,,0.0000,,4,0
28351,16485.0,0.9588,1,0.000,0.320,asphalt,0.0000,0.0000,0.0000,0.1648,0.8352,3.5000,2.2190,2.0113,2.9543,2.1445,0.4500,,0.0000,,4,1
28401,14791.0,0.8233,1,0.000,0.260,asphalt,0.0000,0.0000,0.0000,0.7069,0.2931,3.5000,1.9910,1.8047,2.6507,1.9242,0.4500,,0.0000,,3,1
28452,13271.0,0.7017,2,0.000,0.199,asphalt,0.0000,0.0000,0.1933,0.8067,0.0000,3.3674,1.7864,1.6192,2.3783,1.7264,0.4500,,0.0000,shift_up,3,1
28503,12965.0,0.6772,2,1.000,0.181,asphalt,0.0000,0.0000,0.2912,0.7088,0.0000,3.2898,1.7452,1.5819,2.3235,1.6866,1.0000,,0.0000,,3,1
28553,13211.0,0.6969,2,1.000,0.198,asphalt,0.0000,0.0000,0.2125,0.7875,0.0000,3.3522,1.7783,1.6119,2.3676,1.7186,1.0000,,0.0000,,3,1
28603,13459.0,0.7167,2,1.000,0.215,asphalt,0.0000,0.0000,0.1331,0.8669,0.0000,3.4151,1.8117,1.6421,2.4120,1.7509,1.0000,,0.0000,,3,1
28653,13719.0,0.7375,2,1.000,0.220,asphalt,0.0000,0.0000,0.0499,0.9501,0.0000,3.4811,1.8467,1.6739,2.4586,1.7847,1.0000,,0.0000,,3,0
28703,13969.0,0.7575,2,1.000,0.216,asphalt,0.0000,0.0000,0.0000,0.9699,0.0301,3.5000,1.8803,1.7044,2.5034,1.8172,1.0000,,0.0000,,3,0
28754,14194.0,0.7755,2,1.000,0.218,asphalt,0.0000,0.0000,0.0000,0.8979,0.1021,3.5000,1.9106,1.7318,2.5437,1.8465,1.0000,,0.0000,,3,1
28814,14452.0,0.7962,2,1.000,0.230,asphalt,0.0000,0.0000,0.0000,0.8154,0.1846,3.5000,1.9453,1.7633,2.5900,1.8801,1.0000,,0.0000,,3,1
28873,14659.0,0.8127,2,1.000,0.246,asphalt,0.0000,0.0000,0.0000,0.7491,0.2509,3.5000,1.9732,1.7886,2.6271,1.9070,1.0000,,0.0000,,3,1
28930,14867.0,0.8294,2,1.000,0.262,asphalt,0.0000,0.0000,0.0000,0.6826,0.3174,3.5000,2.0012,1.8139,2.6643,1.9340,1.0000,,0.0000,,3,1
28988,15084.0,0.8467,2,1.000,0.279,asphalt,0.0000,0.0000,0.0000,0.6131,0.3869,3.5000,2.0304,1.8404,2.7032,1.9623,1.0000,,0.0000,,3,1
29043,15311.0,0.8649,2,1.000,0.300,asphalt,0.0000,0.0000,0.0000,0.5405,0.4595,3.5000,2.0610,1.8681,2.7439,1.9918,1.0000,,0.0000,,3,1
29094,15509.0,0.8807,2,1.000,0.319,asphalt,0.0000,0.0000,0.0000,0.4771,0.5229,3.5000,2.0876,1.8923,2.7794,2.0176,1.0000,,0.0000,,4,1
29145,15704.0,0.8963,2,1.000,0.326,asphalt,0.0000,0.0000,0.0000,0.4147,0.5853,3.5000,2.1139,1.9161,2.8143,2.0429,1.0000,,0.0000,,4,1
29196,15895.0,0.9116,2,1.000,0.333,asphalt,0.0000,0.0000,0.0000,0.3536,0.6464,3.5000,2.1396,1.9394,2.8486,2.0678,1.0000,,0.0000,,4,1
29250,16102.0,0.9282,2,1.000,0.362,asphalt,0.0000,0.0000,0.0000,0.2874,0.7126,3.5000,2.1675,1.9646,2.8857,2.0947,1.0000,,0.0000,,4,1
29303,16204.0,0.9363,2,1.000,0.380,asphalt,0.0000,0.0000,0.0000,0.2547,0.7453,3.5000,2.1812,1.9771,2.9039,2.1080,1.0000,,0.0000,,4,1
29358,16337.0,0.9470,2,1.000,0.408,asphalt,0.0000,0.0000,0.0000,0.2122,0.7878,3.5000,2.1991,1.9933,2.9278,2.1253,1.0000,,0.0000,,4,1
29408,16456.0,0.9565,2,1.000,0.433,asphalt,0.0000,0.0000,0.0000,0.1741,0.8259,3.5000,2.2151,2.0078,2.9491,2.1408,1.0000,,0.0000,,4,1
29458,16594.0,0.9675,2,1.000,0.465,asphalt,0.0000,0.0000,0.0000,0.1299,0.8701,3.5000,2.2337,2.0246,2.9738,2.1587,1.0000,,0.0000,,4,1
29512,16724.0,0.9779,2,1.000,0.475,asphalt,0.0000,0.0000,0.0000,0.0883,0.9117,3.5000,2.2512,2.0405,2.9971,2.1756,1.0000,,0.0000,,4,0
29567,16818.0,0.9854,2,1.000,0.465,asphalt,0.0000,0.0000,0.0000,0.0582,0.9418,3.5000,2.2638,2.0520,3.0140,2.1878,1.0000,,0.0000,,4,0
29617,16861.0,0.9889,2,1.000,0.456,asphalt,0.0000,0.0000,0.0000,0.0445,0.9555,3.5000,2.2696,2.0572,3.0217,2.1934,1.0000,,0.0000,,4,0
29667,16790.0,0.9832,2,0.667,0.446,asphalt,0.0000,0.0000,0.0000,0.0672,0.9328,3.5000,2.2601,2.0486,3.0090,2.1842,0.8169,,0.0000,,4,0
29717,15876.0,0.9101,2,0.000,0.397,asphalt,0.0000,0.0000,0.0000,0.3597,0.6403,3.5000,2.1370,1.9370,2.8452,2.0653,0.4500,,0.0000,,4,1
29769,14865.0,0.8292,2,0.000,0.340,asphalt,0.0000,0.0000,0.0000,0.6832,0.3168,3.5000,2.0009,1.8137,2.6640,1.9338,0.4500,,0.0000,,3,1
29825,13811.0,0.7449,2,0.000,0.266,asphalt,0.0000,0.0000,0.0205,0.9795,0.0000,3.5000,1.8591,1.6851,2.4751,1.7967,0.4500,,0.0000,,3,0
29875,12999.0,0.6799,2,0.000,0.202,asphalt,0.0000,0.0000,0.2803,0.7197,0.0000,3.2984,1.7498,1.5860,2.3296,1.6910,0.4500,,0.0000,,3,1
29925,12265.0,0.6212,2,0.000,0.144,asphalt,0.0000,0.0000,0.5152,0.4848,0.0000,3.1122,1.6510,1.4965,2.1980,1.5956,0.4500,,0.0000,,2,1
29975,11612.0,0.5690,2,0.000,0.092,asphalt,0.0000,0.0000,0.7242,0.2758,0.0000,2.9465,1.5631,1.4168,2.0810,1.5106,0.4500,,0.0000,,2,1
30025,11049.0,0.5239,2,0.000,0.046,asphalt,0.0000,0.0000,0.9043,0.0957,0.0000,2.8036,1.4873,1.3481,1.9801,1.4374,0.4500,,0.0000,,2,0
30075,10601.0,0.4881,2,0.000,0.008,asphalt,0.0000,0.0477,0.9523,0.0000,0.0000,2.6899,1.4270,1.2934,1.8998,1.3791,0.4500,,0.0000,,2,0
30125,10314.0,0.4651,2,0.000,0.022,asphalt,0.0000,0.1395,0.8605,0.0000,0.0000,2.6171,1.3883,1.2584,1.8484,1.3417,0.4500,,0.0000,,2,1
30175,10136.0,0.4509,2,0.000,0.048,asphalt,0.0000,0.1965,0.8035,0.0000,0.0000,2.5719,1.3644,1.2367,1.8165,1.3186,0.4500,,0.0000,,2,1
30225,9988.0,0.4390,2,0.000,0.059,asphalt,0.0000,0.2438,0.7562,0.0000,0.0000,2.5344,1.3445,1.2186,1.7900,1.2993,0.4500,,0.0000,,2,1
30275,9838.0,0.4270,2,0.000,0.076,asphalt,0.0000,0.2918,0.7082,0.0000,0.0000,2.4963,1.3243,1.2003,1.7631,1.2798,0.4500,,0.0000,,2,1
30325,9684.0,0.4147,2,0.000,0.087,asphalt,0.0000,0.3411,0.6589,0.0000,0.0000,2.4572,1.3035,1.1816,1.7355,1.2598,0.4500,,0.0000,,2,1
30375,9524.0,0.4019,2,0.000,0.092,asphalt,0.0000,0.3923,0.6077,0.0000,0.0000,2.4166,1.2820,1.1620,1.7068,1.2390,0.4500,,0.0000,,2,1
30425,9334.0,0.3867,2,0.000,0.107,asphalt,0.0000,0.4531,0.5469,0.0000,0.0000,2.3684,1.2564,1.1388,1.6728,1.2143,0.4500,,0.0000,,2,1
30475,9143.0,0.3714,2,0.000,0.106,asphalt,0.0000,0.5142,0.4858,0.0000,0.0000,2.3200,1.2307,1.1155,1.6385,1.1894,0.4500,,0.0000,,1,1
30525,8966.0,0.3573,2,0.000,0.103,asphalt,0.0000,0.5709,0.4291,0.0000,0.0000,2.2751,1.2069,1.0939,1.6068,1.1664,0.4500,,0.0000,,1,1
30575,8747.0,0.3398,2,0.000,0.105,asphalt,0.0000,0.6410,0.3590,0.0000,0.0000,2.2195,1.1774,1.0672,1.5676,1.1379,0.4500,,0.0000,,1,1
30625,8281.0,0.3025,2,0.000,0.100,asphalt,0.0000,0.7901,0.2099,0.0000,0.0000,2.1012,1.1147,1.0104,1.4841,1.0773,0.4500,,0.0000,,1,1
30675,7431.0,0.2345,2,0.000,0.108,asphalt,0.0621,0.9379,0.0000,0.0000,0.0000,1.8856,1.0003,0.9067,1.3317,0.9667,0.4500,,0.0000,,1,0
30725,6667.0,0.1734,2,0.000,0.089,asphalt,0.3066,0.6934,0.0000,0.0000,0.0000,1.6917,0.8974,0.8134,1.1948,0.8673,0.4500,,0.0000,,1,1
30775,9007.0,0.3606,1,0.000,0.066,asphalt,0.0000,0.5578,0.4422,0.0000,0.0000,2.2855,1.2124,1.0990,1.6142,1.1717,0.4500,,0.0000,shift_down,1,1
30825,8762.0,0.3410,1,0.000,0.052,asphalt,0.0000,0.6362,0.3638,0.0000,0.0000,2.2233,1.1794,1.0691,1.5703,1.1398,0.4500,,0.0000,,1,1
30875,8534.0,0.3227,1,0.000,0.052,asphalt,0.0000,0.7091,0.2909,0.0000,0.0000,2.1654,1.1487,1.0412,1.5294,1.1102,0.4500,,0.0000,,1,1
30925,8319.0,0.3055,1,0.000,0.066,asphalt,0.0000,0.7779,0.2221,0.0000,0.0000,2.1109,1.1198,1.0150,1.4909,1.0822,0.4500,,0.0000,,1,1
30975,8121.0,0.2897,1,0.000,0.080,asphalt,0.0000,0.8413,0.1587,0.0000,0.0000,2.0606,1.0931,0.9908,1.4554,1.0565,0.4500,,0.0000,,1,1
31025,7913.0,0.2730,1,0.000,0.089,asphalt,0.0000,0.9078,0.0922,0.0000,0.0000,2.0079,1.0652,0.9655,1.4181,1.0294,0.4500,,0.0000,,1,0
31075,7728.0,0.2582,1,0.000,0.088,asphalt,0.0000,0.9670,0.0330,0.0000,0.0000,1.9609,1.0402,0.9429,1.3849,1.0053,0.4500,,0.0000,,1,0
31125,7571.0,0.2457,1,0.000,0.113,asphalt,0.0173,0.9827,0.0000,0.0000,0.0000,1.9211,1.0191,0.9237,1.3568,0.9849,0.4500,,0.0000,,1,0
31175,7447.0,0.2358,1,0.000,0.120,asphalt,0.0570,0.9430,0.0000,0.0000,0.0000,1.8896,1.0024,0.9086,1.3346,0.9688,0.4500,,0.0000,,1,0
31225,7314.0,0.2251,1,0.000,0.116,asphalt,0.0995,0.9005,0.0000,0.0000,0.0000,1.8559,0.9845,0.8924,1.3108,0.9515,0.4500,,0.0000,,1,0
31275,7193.0,0.2154,1,0.000,0.117,asphalt,0.1382,0.8618,0.0000,0.0000,0.0000,1.8252,0.9682,0.8776,1.2891,0.9357,0.4500,,0.0000,,1,1
31325,7089.0,0.2071,1,0.000,0.130,asphalt,0.1715,0.8285,0.0000,0.0000,0.0000,1.7988,0.9542,0.8649,1.2704,0.9222,0.4500,,0.0000,,1,1
31375,7022.0,0.2018,1,0.000,0.140,asphalt,0.1930,0.8070,0.0000,0.0000,0.0000,1.7818,0.9452,0.8568,1.2584,0.9135,0.4500,,0.0000,,1,1
31425,6984.0,0.1987,1,0.000,0.147,asphalt,0.2051,0.7949,0.0000,0.0000,0.0000,1.7721,0.9401,0.8521,1.2516,0.9085,0.4500,,0.0000,,1,1
31475,6941.0,0.1953,1,0.000,0.153,asphalt,0.2189,0.7811,0.0000,0.0000,0.0000,1.7612,0.9343,0.8469,1.2439,0.9030,0.4500,,0.0000,,1,1
31525,6867.0,0.1894,1,0.000,0.158,asphalt,0.2426,0.7574,0.0000,0.0000,0.0000,1.7425,0.9244,0.8378,1.2306,0.8933,0.4500,,0.0000,,1,1
31575,6758.0,0.1806,1,0.000,0.161,asphalt,0.2774,0.7226,0.0000,0.0000,0.0000,1.7148,0.9097,0.8245,1.2111,0.8791,0.4500,,0.0000,,1,1
31625,6630.0,0.1704,1,0.000,0.161,asphalt,0.3184,0.6816,0.0000,0.0000,0.0000,1.6823,0.8924,0.8089,1.1882,0.8625,0.4500,,0.0000,,1,1
31675,6481.0,0.1585,1,0.000,0.145,asphalt,0.3661,0.6339,0.0000,0.0000,0.0000,1.6445,0.8724,0.7908,1.1615,0.8431,0.4500,,0.0000,,1,1
31725,6364.0,0.1491,1,0.000,0.119,asphalt,0.4035,0.5965,0.0000,0.0000,0.0000,1.6148,0.8566,0.7765,1.1405,0.8279,0.4500,,0.0000,,1,1
31775,6292.0,0.1434,1,0.000,0.095,asphalt,0.4266,0.5734,0.0000,0.0000,0.0000,1.5965,0.8470,0.7677,1.1276,0.8185,0.4500,,0.0000,,1,1
31825,6252.0,0.1402,1,0.000,0.085,asphalt,0.4394,0.5606,0.0000,0.0000,0.0000,1.5864,0.8416,0.7628,1.1204,0.8133,0.4500,,0.0000,,1,1
31875,6222.0,0.1378,1,0.000,0.066,asphalt,0.4490,0.5510,0.0000,0.0000,0.0000,1.5788,0.8375,0.7592,1.1151,0.8094,0.4500,,0.0000,,1,1
31925,6190.0,0.1352,1,0.000,0.047,asphalt,0.4592,0.5408,0.0000,0.0000,0.0000,1.5707,0.8332,0.7552,1.1093,0.8053,0.4500,,0.0000,,1,1
31975,6154.0,0.1323,1,0.000,0.027,asphalt,0.4707,0.5293,0.0000,0.0000,0.0000,1.5615,0.8284,0.7509,1.1029,0.8006,0.4500,,0.0000,,1,1
32025,6112.0,0.1290,1,0.000,0.007,asphalt,0.4842,0.5158,0.0000,0.0000,0.0000,1.5509,0.8227,0.7457,1.0953,0.7951,0.4500,,0.0000,,1,1
32075,5962.0,0.1170,1,0.000,0.014,asphalt,0.5322,0.4678,0.0000,0.0000,0.0000,1.5128,0.8025,0.7274,1.0685,0.7756,0.4500,,0.0000,,0,1
32125,5855.0,0.1084,1,0.000,0.005,asphalt,0.5664,0.4336,0.0000,0.0000,0.0000,1.4857,0.7881,0.7144,1.0493,0.7617,0.4500,,0.0000,,0,1
32175,5711.0,0.0969,1,0.000,0.007,asphalt,0.6125,0.3875,0.0000,0.0000,0.0000,1.4491,0.7687,0.6968,1.0235,0.7429,0.4500,,0.0000,,0,1
32225,5579.0,0.0863,1,0.000,0.007,asphalt,0.6547,0.3453,0.0000,0.0000,0.0000,1.4156,0.7510,0.6807,0.9998,0.7258,0.4500,,0.0000,,0,1
32275,5492.0,0.0794,1,0.000,0.005,asphalt,0.6826,0.3174,0.0000,0.0000,0.0000,1.3936,0.7393,0.6701,0.9842,0.7145,0.4500,,0.0000,,0,1
32325,5495.0,0.0796,1,0.500,0.006,asphalt,0.6816,0.3184,0.0000,0.0000,0.0000,1.3943,0.7397,0.6704,0.9848,0.7148,0.7250,,0.0000,,0,1
32375,5829.0,0.1063,1,1.000,0.041,asphalt,0.5747,0.4253,0.0000,0.0000,0.0000,1.4791,0.7846,0.7112,1.0446,0.7583,1.0000,,0.0000,,0,1
32425,6153.0,0.1322,1,1.000,0.057,asphalt,0.4710,0.5290,0.0000,0.0000,0.0000,1.5613,0.8282,0.7507,1.1027,0.8004,1.0000,,0.0000,,1,1
32475,6479.0,0.1583,1,1.000,0.072,asphalt,0.3667,0.6333,0.0000,0.0000,0.0000,1.6440,0.8721,0.7905,1.1611,0.8429,1.0000,,0.0000,,1,1
32525,6812.0,0.1850,1,1.000,0.086,asphalt,0.2602,0.7398,0.0000,0.0000,0.0000,1.7285,0.9169,0.8311,1.2208,0.8862,1.0000,,0.0000,,1,1
32575,7147.0,0.2118,1,1.000,0.101,asphalt,0.1530,0.8470,0.0000,0.0000,0.0000,1.8135,0.9620,0.8720,1.2808,0.9298,1.0000,,0.0000,,1,1
32625,7479.0,0.2383,1,1.000,0.115,asphalt,0.0467,0.9533,0.0000,0.0000,0.0000,1.8977,1.0067,0.9125,1.3403,0.9729,1.0000,,0.0000,,1,0
32675,7803.0,0.2642,1,1.000,0.127,asphalt,0.0000,0.9430,0.0570,0.0000,0.0000,1.9800,1.0503,0.9520,1.3984,1.0151,1.0000,,0.0000,,1,0
32725,8120.0,0.2896,1,1.000,0.137,asphalt,0.0000,0.8416,0.1584,0.0000,0.0000,2.0604,1.0930,0.9907,1.4552,1.0563,1.0000,,0.0000,,1,1
32775,8435.0,0.3148,1,1.000,0.148,asphalt,0.0000,0.7408,0.2592,0.0000,0.0000,2.1403,1.1354,1.0292,1.5116,1.0973,1.0000,,0.0000,,1,1
32825,8757.0,0.3406,1,1.000,0.158,asphalt,0.0000,0.6378,0.3622,0.0000,0.0000,2.2220,1.1788,1.0684,1.5694,1.1392,1.0000,,0.0000,,1,1
32875,9088.0,0.3670,1,1.000,0.170,asphalt,0.0000,0.5318,0.4682,0.0000,0.0000,2.3060,1.2233,1.1088,1.6287,1.1823,1.0000,,0.0000,,1,1
32925,9430.0,0.3944,1,1.000,0.183,asphalt,0.0000,0.4224,0.5776,0.0000,0.0000,2.3928,1.2693,1.1506,1.6900,1.2267,1.0000,,0.0000,,2,1
32975,9784.0,0.4227,1,1.000,0.196,asphalt,0.0000,0.3091,0.6909,0.0000,0.0000,2.4826,1.3170,1.1938,1.7534,1.2728,1.0000,,0.0000,,2,1
33025,10144.0,0.4515,1,1.000,0.210,asphalt,0.0000,0.1939,0.8061,0.0000,0.0000,2.5740,1.3655,1.2377,1.8179,1.3196,1.0000,,0.0000,,2,1
33075,10504.0,0.4803,1,1.000,0.224,asphalt,0.0000,0.0787,0.9213,0.0000,0.0000,2.6653,1.4139,1.2816,1.8824,1.3665,1.0000,,0.0000,,2,0
33125,10853.0,0.5082,1,1.000,0.235,asphalt,0.0000,0.0000,0.9670,0.0330,0.0000,2.7539,1.4609,1.3242,1.9450,1.4119,1.0000,,0.0000,,2,0
33175,11190.0,0.5352,1,1.000,0.246,asphalt,0.0000,0.0000,0.8592,0.1408,0.0000,2.8394,1.5063,1.3653,2.0054,1.4557,1.0000,,0.0000,,2,1
33225,11519.0,0.5615,1,1.000,0.255,asphalt,0.0000,0.0000,0.7539,0.2461,0.0000,2.9229,1.5505,1.4054,2.0643,1.4985,1.0000,,0.0000,,2,1
33275,11840.0,0.5872,1,1.000,0.264,asphalt,0.0000,0.0000,0.6512,0.3488,0.0000,3.0043,1.5938,1.4446,2.1219,1.5403,1.0000,,0.0000,,2,1
33325,12155.0,0.6124,1,1.000,0.276,asphalt,0.0000,0.0000,0.5504,0.4496,0.0000,3.0842,1.6362,1.4830,2.1783,1.5812,1.0000,,0.0000,,2,1
33375,12464.0,0.6371,1,1.000,0.303,asphalt,0.0000,0.0000,0.4515,0.5485,0.0000,3.1626,1.6777,1.5207,2.2337,1.6214,1.0000,,0.0000,,3,1
33425,12775.0,0.6620,1,1.000,0.331,asphalt,0.0000,0.0000,0.3520,0.6480,0.0000,3.2416,1.7196,1.5587,2.2894,1.6619,1.0000,,0.0000,,3,1
33475,13091.0,0.6873,1,1.000,0.355,asphalt,0.0000,0.0000,0.2509,0.7491,0.0000,3.3217,1.7621,1.5972,2.3461,1.7030,1.0000,,0.0000,,3,1
33525,13407.0,0.7126,1,1.000,0.338,asphalt,0.0000,0.0000,0.1498,0.8502,0.0000,3.4019,1.8047,1.6358,2.4027,1.7441,1.0000,,0.0000,,3,1
33575,13710.0,0.7368,1,1.000,0.327,asphalt,0.0000,0.0000,0.0528,0.9472,0.0000,3.4788,1.8455,1.6728,2.4570,1.7835,1.0000,,0.0000,,3,0
33625,13994.0,0.7595,1,1.000,0.332,asphalt,0.0000,0.0000,0.0000,0.9619,0.0381,3.5000,1.8837,1.7074,2.5079,1.8205,1.0000,,0.0000,,3,0
33675,14259.0,0.7807,1,1.000,0.350,asphalt,0.0000,0.0000,0.0000,0.8771,0.1229,3.5000,1.9194,1.7398,2.5554,1.8549,1.0000,,0.0000,,3,1
33725,14515.0,0.8012,1,1.000,0.370,asphalt,0.0000,0.0000,0.0000,0.7952,0.2048,3.5000,1.9538,1.7710,2.6013,1.8883,1.0000,,0.0000,,3,1
33775,14763.0,0.8210,1,1.000,0.372,asphalt,0.0000,0.0000,0.0000,0.7158,0.2842,3.5000,1.9872,1.8012,2.6457,1.9205,1.0000,,0.0000,,3,1
33825,14996.0,0.8397,1,1.000,0.356,asphalt,0.0000,0.0000,0.0000,0.6413,0.3587,3.5000,2.0186,1.8297,2.6875,1.9508,1.0000,,0.0000,,3,1
33875,15208.0,0.8566,1,1.000,0.351,asphalt,0.0000,0.0000,0.0000,0.5734,0.4266,3.5000,2.0471,1.8555,2.7254,1.9784,1.0000,,0.0000,,3,1
33925,15397.0,0.8718,1,1.000,0.348,asphalt,0.0000,0.0000,0.0000,0.5130,0.4870,3.5000,2.0726,1.8786,2.7593,2.0030,1.0000,,0.0000,,3,1
33975,15571.0,0.8857,1,1.000,0.345,asphalt,0.0000,0.0000,0.0000,0.4573,0.5427,3.5000,2.0960,1.8998,2.7905,2.0256,1.0000,,0.0000,,4,1
34025,15732.0,0.8986,1,1.000,0.340,asphalt,0.0000,0.0000,0.0000,0.4058,0.5942,3.5000,2.1176,1.9195,2.8194,2.0466,1.0000,,0.0000,,4,1
34075,15884.0,0.9107,1,1.000,0.336,asphalt,0.0000,0.0000,0.0000,0.3571,0.6429,3.5000,2.1381,1.9380,2.8466,2.0663,1.0000,,0.0000,,4,1
34125,16027.0,0.9222,1,1.000,0.330,asphalt,0.0000,0.0000,0.0000,0.3114,0.6886,3.5000,2.1574,1.9555,2.8722,2.0849,1.0000,,0.0000,,4,1
34175,16211.0,0.9369,1,1.000,0.334,asphalt,0.0000,0.0000,0.0000,0.2525,0.7475,3.5000,2.1821,1.9779,2.9052,2.1089,1.0000,,0.0000,,4,1
34225,16473.0,0.9578,1,1.000,0.345,asphalt,0.0000,0.0000,0.0000,0.1686,0.8314,3.5000,2.2174,2.0099,2.9522,2.1430,1.0000,,0.0000,,4,1
34275,16677.0,0.9742,1,1.000,0.362,asphalt,0.0000,0.0000,0.0000,0.1034,0.8966,3.5000,2.2449,2.0348,2.9887,2.1695,1.0000,,0.0000,,4,1
34325,16824.0,0.9859,1,1.000,0.384,asphalt,0.0000,0.0000,0.0000,0.0563,0.9437,3.5000,2.2646,2.0527,3.0151,2.1886,1.0000,,0.0000,,4,0
34375,16948.0,0.9958,1,1.000,0.405,asphalt,0.0000,0.0000,0.0000,0.0166,0.9834,3.5000,2.2813,2.0678,3.0373,2.2048,1.0000,,0.0000,,4,0
34425,17070.0,1.0000,1,1.000,0.429,asphalt,0.0000,0.0000,0.0000,0.0000,1.0000,3.5000,2.2978,2.0827,3.0591,2.2206,1.0000,,0.0000,,4,0
34475,17200.0,1.0000,1,1.000,0.455,asphalt,0.0000,0.0000,0.0000,0.0000,1.0000,3.5000,2.3153,2.0986,3.0824,2.2375,1.0000,,0.0000,,4,0
34525,17360.0,1.0000,1,1.000,0.462,asphalt,0.0000,0.0000,0.0000,0.0000,1.0000,3.5000,2.3368,2.1181,3.1111,2.2584,1.0000,,0.0000,,4,0
34575,17534.0,1.0000,1,1.000,0.468,asphalt,0.0000,0.0000,0.0000,0.0000,1.0000,3.5000,2.3602,2.1393,3.1423,2.2810,1.0000,,0.0000,,4,0
34625,17656.0,1.0000,1,1.000,0.459,asphalt,0.0000,0.0000,0.0000,0.0000,1.0000,3.5000,2.3766,2.1542,3.1642,2.2969,1.0000,,0.0000,,4,0
34675,17676.0,1.0000,1,1.000,0.445,asphalt,0.0000,0.0000,0.0000,0.0000,1.0000,3.5000,2.3793,2.1567,3.1677,2.2995,1.0000,,0.0000,,4,0
34725,17683.0,1.0000,1,1.000,0.429,asphalt,0.0000,0.0000,0.0000,0.0000,1.0000,3.5000,2.3803,2.1575,3.1690,2.3004,1.0000,,0.0000,,4,0
34775,17361.0,1.0000,1,0.333,0.406,asphalt,0.0000,0.0000,0.0000,0.0000,1.0000,3.5000,2.3369,2.1182,3.1113,2.2585,0.6331,,0.0000,,4,0
34825,16264.0,0.9411,1,0.000,0.353,asphalt,0.0000,0.0000,0.0000,0.2355,0.7645,3.5000,2.1893,1.9844,2.9147,2.1158,0.4500,,0.0000,,4,1
34875,15216.0,0.8573,1,0.000,0.301,asphalt,0.0000,0.0000,0.0000,0.5709,0.4291,3.5000,2.0482,1.8565,2.7269,1.9794,0.4500,,0.0000,,3,1
34925,14230.0,0.7784,1,0.000,0.239,asphalt,0.0000,0.0000,0.0000,0.8864,0.1136,3.5000,1.9155,1.7362,2.5502,1.8512,0.4500,,0.0000,,3,1
34975,13316.0,0.7053,1,0.000,0.158,asphalt,0.0000,0.0000,0.1789,0.8211,0.0000,3.3788,1.7924,1.6247,2.3864,1.7323,0.4500,,0.0000,,3,1
35025,12513.0,0.6410,1,0.000,0.082,asphalt,0.0000,0.0000,0.4358,0.5642,0.0000,3.1751,1.6843,1.5267,2.2425,1.6278,0.4500,,0.0000,,3,1
35075,11863.0,0.5890,1,0.000,0.023,asphalt,0.0000,0.0000,0.6438,0.3562,0.0000,3.0101,1.5969,1.4474,2.1260,1.5433,0.4500,,0.0000,,2,1
35125,11556.0,0.5645,1,0.333,0.006,asphalt,0.0000,0.0000,0.7421,0.2579,0.0000,2.9323,1.5555,1.4100,2.0710,1.5033,0.6331,,0.0000,,2,1
35175,12237.0,0.6190,1,1.000,0.022,asphalt,0.0000,0.0000,0.5242,0.4758,0.0000,3.1050,1.6472,1.4930,2.1930,1.5919,1.0000,,0.0000,,2,1
35225,12908.0,0.6726,1,1.000,0.045,asphalt,0.0000,0.0000,0.3094,0.6906,0.0000,3.2753,1.7375,1.5749,2.3133,1.6792,1.0000,,0.0000,,3,1
35275,13472.0,0.7178,1,1.000,0.061,asphalt,0.0000,0.0000,0.1290,0.8710,0.0000,3.4184,1.8134,1.6437,2.4143,1.7526,1.0000,,0.0000,,3,1
35325,13964.0,0.7571,1,1.000,0.076,asphalt,0.0000,0.0000,0.0000,0.9715,0.0285,3.5000,1.8797,1.7038,2.5025,1.8166,1.0000,,0.0000,,3,0
35375,14402.0,0.7922,1,1.000,0.089,asphalt,0.0000,0.0000,0.0000,0.8314,0.1686,3.5000,1.9386,1.7572,2.5810,1.8736,1.0000,,0.0000,,3,1
35425,14756.0,0.8205,1,1.000,0.085,asphalt,0.0000,0.0000,0.0000,0.7181,0.2819,3.5000,1.9863,1.8004,2.6444,1.9196,1.0000,,0.0000,,3,1
35475,15027.0,0.8422,1,1.000,0.080,asphalt,0.0000,0.0000,0.0000,0.6314,0.3686,3.5000,2.0227,1.8335,2.6930,1.9549,1.0000,,0.0000,,3,1
35525,15242.0,0.8594,1,1.000,0.082,asphalt,0.0000,0.0000,0.0000,0.5626,0.4374,3.5000,2.0517,1.8597,2.7315,1.9828,1.0000,,0.0000,,3,1
35575,15430.0,0.8744,1,1.000,0.089,asphalt,0.0000,0.0000,0.0000,0.5024,0.4976,3.5000,2.0770,1.8826,2.7652,2.0073,1.0000,,0.0000,,3,1
35625,15278.0,0.8622,1,0.333,0.085,asphalt,0.0000,0.0000,0.0000,0.5510,0.4490,3.5000,2.0565,1.8641,2.7380,1.9875,0.6331,,0.0000,,3,1
35675,14397.0,0.7918,1,0.000,0.052,asphalt,0.0000,0.0000,0.0000,0.8330,0.1670,3.5000,1.9379,1.7566,2.5801,1.8729,0.4500,,0.0000,,3,1
35725,13655.0,0.7324,1,0.000,0.018,asphalt,0.0000,0.0000,0.0704,0.9296,0.0000,3.4649,1.8381,1.6661,2.4471,1.7764,0.4500,,0.0000,,3,0
35775,13161.0,0.6929,1,0.000,0.022,asphalt,0.0000,0.0000,0.2285,0.7715,0.0000,3.3395,1.7716,1.6058,2.3586,1.7121,0.4500,,0.0000,,3,1
35825,13096.0,0.6877,1,0.667,0.026,asphalt,0.0000,0.0000,0.2493,0.7507,0.0000,3.3230,1.7628,1.5979,2.3470,1.7037,0.8169,,0.0000,,3,1
35875,13847.0,0.7478,1,1.000,0.050,asphalt,0.0000,0.0000,0.0090,0.9910,0.0000,3.5000,1.8639,1.6895,2.4815,1.8014,1.0000,,0.0000,,3,0
35925,14432.0,0.7946,1,1.000,0.079,asphalt,0.0000,0.0000,0.0000,0.8218,0.1782,3.5000,1.9427,1.7609,2.5864,1.8775,1.0000,,0.0000,,3,1
35975,14873.0,0.8298,1,1.000,0.099,asphalt,0.0000,0.0000,0.0000,0.6806,0.3194,3.5000,2.0020,1.8147,2.6654,1.9348,1.0000,,0.0000,,3,1
36025,15223.0,0.8578,1,1.000,0.104,asphalt,0.0000,0.0000,0.0000,0.5686,0.4314,3.5000,2.0491,1.8574,2.7281,1.9804,1.0000,,0.0000,,3,1
36075,15488.0,0.8790,1,1.000,0.101,asphalt,0.0000,0.0000,0.0000,0.4838,0.5162,3.5000,2.0848,1.8897,2.7756,2.0148,1.0000,,0.0000,,4,1
36125,15697.0,0.8958,1,1.000,0.113,asphalt,0.0000,0.0000,0.0000,0.4170,0.5830,3.5000,2.1129,1.9152,2.8131,2.0420,1.0000,,0.0000,,4,1
36175,15889.0,0.9111,1,1.000,0.125,asphalt,0.0000,0.0000,0.0000,0.3555,0.6445,3.5000,2.1388,1.9386,2.8475,2.0670,1.0000,,0.0000,,4,1
36225,16083.0,0.9266,1,1.000,0.138,asphalt,0.0000,0.0000,0.0000,0.2934,0.7066,3.5000,2.1649,1.9623,2.8823,2.0922,1.0000,,0.0000,,4,1
36275,16287.0,0.9430,1,1.000,0.151,asphalt,0.0000,0.0000,0.0000,0.2282,0.7718,3.5000,2.1924,1.9872,2.9188,2.1188,1.0000,,0.0000,,4,1
36325,16487.0,0.9590,1,1.000,0.165,asphalt,0.0000,0.0000,0.0000,0.1642,0.8358,3.5000,2.2193,2.0116,2.9547,2.1448,1.0000,,0.0000,,4,1
36375,14793.0,0.8234,1,0.000,0.135,asphalt,0.0000,0.0000,0.0000,0.7062,0.2938,3.5000,1.9913,1.8049,2.6511,1.9244,0.4500,,0.0000,,3,1
36425,13273.0,0.7018,1,0.000,0.098,asphalt,0.0000,0.0000,0.1926,0.8074,0.0000,3.3679,1.7866,1.6194,2.3787,1.7267,0.4500,,0.0000,,3,1
36475,12198.0,0.6158,2,0.000,0.049,asphalt,0.0000,0.0000,0.5366,0.4634,0.0000,3.0952,1.6419,1.4883,2.1860,1.5868,0.4500,,0.0000,shift_up,2,1
36525,11499.0,0.5599,2,0.000,0.016,asphalt,0.0000,0.0000,0.7603,0.2397,0.0000,2.9178,1.5479,1.4030,2.0608,1.4959,0.4500,,0.0000,,2,1
36575,11120.0,0.5296,2,0.000,0.006,asphalt,0.0000,0.0000,0.8816,0.1184,0.0000,2.8216,1.4968,1.3568,1.9928,1.4466,0.4500,,0.0000,,2,1
36625,10931.0,0.5145,2,0.000,0.008,asphalt,0.0000,0.0000,0.9421,0.0579,0.0000,2.7737,1.4714,1.3337,1.9590,1.4220,0.4500,,0.0000,,2,0
36675,10742.0,0.4994,2,0.000,0.011,asphalt,0.0000,0.0026,0.9974,0.0000,0.0000,2.7257,1.4460,1.3106,1.9251,1.3974,0.4500,,0.0000,,2,0
36725,10573.0,0.4858,2,0.000,0.012,asphalt,0.0000,0.0566,0.9434,0.0000,0.0000,2.6828,1.4232,1.2900,1.8948,1.3754,0.4500,,0.0000,,2,0
36775,10419.0,0.4735,2,0.000,0.012,asphalt,0.0000,0.1059,0.8941,0.0000,0.0000,2.6437,1.4025,1.2712,1.8672,1.3554,0.4500,,0.0000,,2,1
36825,10279.0,0.4623,2,0.000,0.012,asphalt,0.0000,0.1507,0.8493,0.0000,0.0000,2.6082,1.3836,1.2541,1.8421,1.3372,0.4500,,0.0000,,2,1
36875,10121.0,0.4497,2,0.000,0.017,asphalt,0.0000,0.2013,0.7987,0.0000,0.0000,2.5681,1.3624,1.2349,1.8138,1.3166,0.4500,,0.0000,,2,1
36925,9957.0,0.4366,2,0.167,0.026,asphalt,0.0000,0.2538,0.7462,0.0000,0.0000,2.5265,1.3403,1.2149,1.7844,1.2953,0.5418,,0.0000,,2,1
36975,10443.0,0.4754,2,1.000,0.031,asphalt,0.0000,0.0982,0.9018,0.0000,0.0000,2.6498,1.4057,1.2742,1.8715,1.3585,1.0000,,0.0000,,2,0
37025,10967.0,0.5174,2,1.000,0.077,asphalt,0.0000,0.0000,0.9306,0.0694,0.0000,2.7828,1.4762,1.3381,1.9654,1.4267,1.0000,,0.0000,,2,0
37075,11305.0,0.5444,2,1.000,0.088,asphalt,0.0000,0.0000,0.8224,0.1776,0.0000,2.8686,1.5217,1.3793,2.0260,1.4707,1.0000,,0.0000,,2,1
37125,11536.0,0.5629,2,1.000,0.078,asphalt,0.0000,0.0000,0.7485,0.2515,0.0000,2.9272,1.5528,1.4075,2.0674,1.5007,1.0000,,0.0000,,2,1
37175,11805.0,0.5844,2,1.000,0.087,asphalt,0.0000,0.0000,0.6624,0.3376,0.0000,2.9954,1.5890,1.4403,2.1156,1.5357,1.0000,,0.0000,,2,1
37225,12072.0,0.6058,2,1.000,0.104,asphalt,0.0000,0.0000,0.5770,0.4230,0.0000,3.0632,1.6250,1.4729,2.1634,1.5704,1.0000,,0.0000,,2,1
37275,12211.0,0.6169,2,1.000,0.098,asphalt,0.0000,0.0000,0.5325,0.4675,0.0000,3.0985,1.6437,1.4899,2.1884,1.5885,1.0000,,0.0000,,2,1
37325,12449.0,0.6359,2,1.000,0.106,asphalt,0.0000,0.0000,0.4563,0.5437,0.0000,3.1588,1.6757,1.5189,2.2310,1.6195,1.0000,,0.0000,,3,1
37375,12734.0,0.6587,2,1.000,0.125,asphalt,0.0000,0.0000,0.3651,0.6349,0.0000,3.2312,1.7141,1.5537,2.2821,1.6566,1.0000,,0.0000,,3,1
37425,12870.0,0.6696,2,1.000,0.136,asphalt,0.0000,0.0000,0.3216,0.6784,0.0000,3.2657,1.7324,1.5703,2.3065,1.6743,1.0000,,0.0000,,3,1
37475,13086.0,0.6869,2,1.000,0.134,asphalt,0.0000,0.0000,0.2525,0.7475,0.0000,3.3205,1.7615,1.5966,2.3452,1.7024,1.0000,,0.0000,,3,1
37525,13344.0,0.7075,2,1.000,0.135,asphalt,0.0000,0.0000,0.1699,0.8301,0.0000,3.3859,1.7962,1.6281,2.3914,1.7359,1.0000,,0.0000,,3,1
37575,13622.0,0.7298,2,1.000,0.150,asphalt,0.0000,0.0000,0.0810,0.9190,0.0000,3.4565,1.8336,1.6620,2.4412,1.7721,1.0000,,0.0000,,3,0
37625,13636.0,0.7309,2,1.000,0.142,asphalt,0.0000,0.0000,0.0765,0.9235,0.0000,3.4600,1.8355,1.6637,2.4437,1.7739,1.0000,,0.0000,,3,0
37675,13800.0,0.7440,2,1.000,0.134,asphalt,0.0000,0.0000,0.0240,0.9760,0.0000,3.5000,1.8576,1.6837,2.4731,1.7952,1.0000,,0.0000,,3,0
37725,14076.0,0.7661,2,1.000,0.151,asphalt,0.0000,0.0000,0.0000,0.9357,0.0643,3.5000,1.8947,1.7174,2.5226,1.8311,1.0000,,0.0000,,3,0
37775,14322.0,0.7858,2,1.000,0.160,asphalt,0.0000,0.0000,0.0000,0.8570,0.1430,3.5000,1.9279,1.7474,2.5667,1.8631,1.0000,,0.0000,,3,1
37825,14331.0,0.7865,2,1.000,0.150,asphalt,0.0000,0.0000,0.0000,0.8541,0.1459,3.5000,1.9291,1.7485,2.5683,1.8643,1.0000,,0.0000,,3,1
37875,14473.0,0.7978,2,1.000,0.143,asphalt,0.0000,0.0000,0.0000,0.8086,0.1914,3.5000,1.9482,1.7659,2.5937,1.8828,1.0000,,0.0000,,3,1
37925,14749.0,0.8199,2,1.000,0.164,asphalt,0.0000,0.0000,0.0000,0.7203,0.2797,3.5000,1.9853,1.7995,2.6432,1.9187,1.0000,,0.0000,,3,1
37975,14887.0,0.8310,2,1.000,0.156,asphalt,0.0000,0.0000,0.0000,0.6762,0.3238,3.5000,2.0039,1.8164,2.6679,1.9366,1.0000,,0.0000,,3,1
38025,14932.0,0.8346,2,1.000,0.154,asphalt,0.0000,0.0000,0.0000,0.6618,0.3382,3.5000,2.0100,1.8219,2.6760,1.9425,1.0000,,0.0000,,3,1
38075,14989.0,0.8391,2,1.000,0.160,asphalt,0.0000,0.0000,0.0000,0.6435,0.3565,3.5000,2.0176,1.8288,2.6862,1.9499,1.0000,,0.0000,,3,1
38125,15169.0,0.8535,2,1.000,0.171,asphalt,0.0000,0.0000,0.0000,0.5859,0.4141,3.5000,2.0419,1.8508,2.7185,1.9733,1.0000,,0.0000,,3,1
38175,15354.0,0.8683,2,1.000,0.173,asphalt,0.0000,0.0000,0.0000,0.5267,0.4733,3.5000,2.0668,1.8734,2.7516,1.9974,1.0000,,0.0000,,3,1
38225,15547.0,0.8838,2,1.000,0.173,asphalt,0.0000,0.0000,0.0000,0.4650,0.5350,3.5000,2.0927,1.8969,2.7862,2.0225,1.0000,,0.0000,,4,1
38275,15648.0,0.8918,2,1.000,0.170,asphalt,0.0000,0.0000,0.0000,0.4326,0.5674,3.5000,2.1063,1.9092,2.8043,2.0356,1.0000,,0.0000,,4,1
38325,15668.0,0.8934,2,1.000,0.154,asphalt,0.0000,0.0000,0.0000,0.4262,0.5738,3.5000,2.1090,1.9117,2.8079,2.0382,1.0000,,0.0000,,4,1
38375,15665.0,0.8932,2,1.000,0.145,asphalt,0.0000,0.0000,0.0000,0.4272,0.5728,3.5000,2.1086,1.9113,2.8073,2.0379,1.0000,,0.0000,,4,1
38425,15767.0,0.9014,2,1.000,0.144,asphalt,0.0000,0.0000,0.0000,0.3946,0.6054,3.5000,2.1224,1.9237,2.8256,2.0511,1.0000,,0.0000,,4,1
38475,15885.0,0.9108,2,1.000,0.146,asphalt,0.0000,0.0000,0.0000,0.3568,0.6432,3.5000,2.1382,1.9381,2.8468,2.0665,1.0000,,0.0000,,4,1
38525,15963.0,0.9170,2,1.000,0.141,asphalt,0.0000,0.0000,0.0000,0.3318,0.6682,3.5000,2.1487,1.9477,2.8608,2.0766,1.0000,,0.0000,,4,1
38575,16032.0,0.9226,2,1.000,0.138,asphalt,0.0000,0.0000,0.0000,0.3098,0.6902,3.5000,2.1580,1.9561,2.8731,2.0856,1.0000,,0.0000,,4,1
38625,16102.0,0.9282,2,1.000,0.134,asphalt,0.0000,0.0000,0.0000,0.2874,0.7126,3.5000,2.1675,1.9646,2.8857,2.0947,1.0000,,0.0000,,4,1
38675,16161.0,0.9329,2,1.000,0.134,asphalt,0.0000,0.0000,0.0000,0.2685,0.7315,3.5000,2.1754,1.9718,2.8962,2.1024,1.0000,,0.0000,,4,1
38725,14773.0,0.8218,2,0.000,0.082,asphalt,0.0000,0.0000,0.0000,0.7126,0.2874,3.5000,1.9886,1.8025,2.6475,1.9218,0.4500,,0.0000,,3,1
38775,13255.0,0.7004,2,0.000,0.053,asphalt,0.0000,0.0000,0.1984,0.8016,0.0000,3.3634,1.7842,1.6173,2.3754,1.7243,0.4500,,0.0000,,3,1
38825,12207.0,0.6166,3,0.333,0.037,asphalt,0.0000,0.0000,0.5338,0.4662,0.0000,3.0974,1.6432,1.4894,2.1876,1.5880,0.6331,,0.0000,shift_up,2,1
38875,12436.0,0.6349,3,1.000,0.049,asphalt,0.0000,0.0000,0.4605,0.5395,0.0000,3.1555,1.6740,1.5173,2.2287,1.6178,1.0000,,0.0000,,3,1
38925,12660.0,0.6528,3,1.000,0.049,asphalt,0.0000,0.0000,0.3888,0.6112,0.0000,3.2124,1.7041,1.5447,2.2688,1.6469,1.0000,,0.0000,,3,1
38975,12844.0,0.6675,3,1.000,0.050,asphalt,0.0000,0.0000,0.3299,0.6701,0.0000,3.2591,1.7289,1.5671,2.3018,1.6709,1.0000,,0.0000,,3,1
39025,13013.0,0.6810,3,1.000,0.057,asphalt,0.0000,0.0000,0.2758,0.7242,0.0000,3.3020,1.7516,1.5877,2.3321,1.6929,1.0000,,0.0000,,3,1
39075,13169.0,0.6935,3,1.000,0.061,asphalt,0.0000,0.0000,0.2259,0.7741,0.0000,3.3415,1.7726,1.6068,2.3600,1.7132,1.0000,,0.0000,,3,1
39125,13314.0,0.7051,3,1.000,0.065,asphalt,0.0000,0.0000,0.1795,0.8205,0.0000,3.3783,1.7922,1.6245,2.3860,1.7320,1.0000,,0.0000,,3,1
39175,13454.0,0.7163,3,1.000,0.069,asphalt,0.0000,0.0000,0.1347,0.8653,0.0000,3.4139,1.8110,1.6415,2.4111,1.7502,1.0000,,0.0000,,3,1
39225,13594.0,0.7275,3,1.000,0.073,asphalt,0.0000,0.0000,0.0899,0.9101,0.0000,3.4494,1.8299,1.6586,2.4362,1.7684,1.0000,,0.0000,,3,0
39275,13776.0,0.7421,3,1.000,0.081,asphalt,0.0000,0.0000,0.0317,0.9683,0.0000,3.4956,1.8544,1.6808,2.4688,1.7921,1.0000,,0.0000,,3,0
39325,13904.0,0.7523,3,1.000,0.085,asphalt,0.0000,0.0000,0.0000,0.9907,0.0093,3.5000,1.8716,1.6964,2.4918,1.8088,1.0000,,0.0000,,3,0
39375,14014.0,0.7611,3,1.000,0.087,asphalt,0.0000,0.0000,0.0000,0.9555,0.0445,3.5000,1.8864,1.7099,2.5115,1.8231,1.0000,,0.0000,,3,0
39425,14145.0,0.7716,3,1.000,0.091,asphalt,0.0000,0.0000,0.0000,0.9136,0.0864,3.5000,1.9040,1.7258,2.5349,1.8401,1.0000,,0.0000,,3,0
39475,14250.0,0.7800,3,1.000,0.093,asphalt,0.0000,0.0000,0.0000,0.8800,0.1200,3.5000,1.9182,1.7387,2.5538,1.8538,1.0000,,0.0000,,3,1
39525,14380.0,0.7904,3,1.000,0.096,asphalt,0.0000,0.0000,0.0000,0.8384,0.1616,3.5000,1.9357,1.7545,2.5771,1.8707,1.0000,,0.0000,,3,1
39575,14499.0,0.7999,3,1.000,0.099,asphalt,0.0000,0.0000,0.0000,0.8003,0.1997,3.5000,1.9517,1.7690,2.5984,1.8862,1.0000,,0.0000,,3,1
39625,14636.0,0.8109,3,1.000,0.104,asphalt,0.0000,0.0000,0.0000,0.7565,0.2435,3.5000,1.9701,1.7857,2.6229,1.9040,1.0000,,0.0000,,3,1
39675,14703.0,0.8162,3,1.000,0.106,asphalt,0.0000,0.0000,0.0000,0.7350,0.2650,3.5000,1.9791,1.7939,2.6349,1.9127,1.0000,,0.0000,,3,1
39725,14784.0,0.8227,3,1.000,0.112,asphalt,0.0000,0.0000,0.0000,0.7091,0.2909,3.5000,1.9900,1.8038,2.6495,1.9232,1.0000,,0.0000,,3,1
39775,14902.0,0.8322,3,1.000,0.108,asphalt,0.0000,0.0000,0.0000,0.6714,0.3286,3.5000,2.0059,1.8182,2.6706,1.9386,1.0000,,0.0000,,3,1
39825,14963.0,0.8370,3,1.000,0.107,asphalt,0.0000,0.0000,0.0000,0.6518,0.3482,3.5000,2.0141,1.8256,2.6815,1.9465,1.0000,,0.0000,,3,1
39875,15015.0,0.8412,3,1.000,0.107,asphalt,0.0000,0.0000,0.0000,0.6352,0.3648,3.5000,2.0211,1.8320,2.6909,1.9533,1.0000,,0.0000,,3,1
39925,15076.0,0.8461,3,1.000,0.105,asphalt,0.0000,0.0000,0.0000,0.6157,0.3843,3.5000,2.0293,1.8394,2.7018,1.9612,1.0000,,0.0000,,3,1
39975,15093.0,0.8474,3,1.000,0.101,asphalt,0.0000,0.0000,0.0000,0.6102,0.3898,3.5000,2.0316,1.8415,2.7048,1.9634,1.0000,,0.0000,,3,1
40025,15155.0,0.8524,3,1.000,0.099,asphalt,0.0000,0.0000,0.0000,0.5904,0.4096,3.5000,2.0400,1.8491,2.7159,1.9715,1.0000,,0.0000,,3,1
40075,15358.0,0.8686,3,1.000,0.108,asphalt,0.0000,0.0000,0.0000,0.5254,0.4746,3.5000,2.0673,1.8738,2.7523,1.9979,1.0000,,0.0000,,3,1
40125,15366.0,0.8693,3,1.000,0.106,asphalt,0.0000,0.0000,0.0000,0.5229,0.4771,3.5000,2.0684,1.8748,2.7538,1.9990,1.0000,,0.0000,,3,1
40175,15443.0,0.8754,3,1.000,0.113,asphalt,0.0000,0.0000,0.0000,0.4982,0.5018,3.5000,2.0787,1.8842,2.7676,2.0090,1.0000,,0.0000,,4,1
40225,15502.0,0.8802,3,1.000,0.121,asphalt,0.0000,0.0000,0.0000,0.4794,0.5206,3.5000,2.0867,1.8914,2.7781,2.0167,1.0000,,0.0000,,4,1
40275,15722.0,0.8978,3,1.000,0.142,asphalt,0.0000,0.0000,0.0000,0.4090,0.5910,3.5000,2.1163,1.9183,2.8176,2.0453,1.0000,,0.0000,,4,1
40325,15823.0,0.9058,3,1.000,0.154,asphalt,0.0000,0.0000,0.0000,0.3766,0.6234,3.5000,2.1299,1.9306,2.8357,2.0584,1.0000,,0.0000,,4,1
40375,15988.0,0.9190,3,1.000,0.158,asphalt,0.0000,0.0000,0.0000,0.3238,0.6762,3.5000,2.1521,1.9507,2.8652,2.0799,1.0000,,0.0000,,4,1
40425,16069.0,0.9255,3,1.000,0.161,asphalt,0.0000,0.0000,0.0000,0.2979,0.7021,3.5000,2.1630,1.9606,2.8797,2.0904,1.0000,,0.0000,,4,1
40475,16188.0,0.9350,3,1.000,0.173,asphalt,0.0000,0.0000,0.0000,0.2598,0.7402,3.5000,2.1790,1.9751,2.9011,2.1059,1.0000,,0.0000,,4,1
40525,14781.0,0.8225,3,0.000,0.149,asphalt,0.0000,0.0000,0.0000,0.7101,0.2899,3.5000,1.9896,1.8034,2.6489,1.9229,0.4500,,0.0000,,3,1
40575,13263.0,0.7010,3,0.000,0.130,asphalt,0.0000,0.0000,0.1958,0.8042,0.0000,3.3654,1.7853,1.6182,2.3769,1.7254,0.4500,,0.0000,,3,1
40625,12206.0,0.6165,4,0.333,0.117,asphalt,0.0000,0.0000,0.5341,0.4659,0.0000,3.0972,1.6430,1.4893,2.1875,1.5879,0.6331,,0.0000,shift_up,2,1
40678,12567.0,0.6454,4,1.000,0.126,asphalt,0.0000,0.0000,0.4186,0.5814,0.0000,3.1888,1.6916,1.5333,2.2522,1.6348,1.0000,,0.0000,,3,1
40735,13046.0,0.6837,4,1.000,0.158,asphalt,0.0000,0.0000,0.2653,0.7347,0.0000,3.3103,1.7561,1.5918,2.3380,1.6972,1.0000,,0.0000,,3,1
40785,13463.0,0.7170,4,1.000,0.184,asphalt,0.0000,0.0000,0.1318,0.8682,0.0000,3.4161,1.8122,1.6426,2.4127,1.7514,1.0000,,0.0000,,3,1
40838,13703.0,0.7362,4,1.000,0.191,asphalt,0.0000,0.0000,0.0550,0.9450,0.0000,3.4770,1.8445,1.6719,2.4557,1.7826,1.0000,,0.0000,,3,0
40892,13937.0,0.7550,4,1.000,0.205,asphalt,0.0000,0.0000,0.0000,0.9802,0.0198,3.5000,1.8760,1.7005,2.4977,1.8131,1.0000,,0.0000,,3,0
40950,14170.0,0.7736,4,1.000,0.220,asphalt,0.0000,0.0000,0.0000,0.9056,0.0944,3.5000,1.9074,1.7289,2.5394,1.8434,1.0000,,0.0000,,3,0
41005,14355.0,0.7884,4,1.000,0.232,asphalt,0.0000,0.0000,0.0000,0.8464,0.1536,3.5000,1.9323,1.7515,2.5726,1.8674,1.0000,,0.0000,,3,1
41062,14495.0,0.7996,4,1.000,0.241,asphalt,0.0000,0.0000,0.0000,0.8016,0.1984,3.5000,1.9511,1.7685,2.5977,1.8857,1.0000,,0.0000,,3,1
41119,14601.0,0.8081,4,1.000,0.248,asphalt,0.0000,0.0000,0.0000,0.7677,0.2323,3.5000,1.9654,1.7815,2.6167,1.8994,1.0000,,0.0000,,3,1
41177,14682.0,0.8146,4,1.000,0.252,asphalt,0.0000,0.0000,0.0000,0.7418,0.2582,3.5000,1.9763,1.7914,2.6312,1.9100,1.0000,,0.0000,,3,1
41234,14745.0,0.8196,4,1.000,0.258,asphalt,0.0000,0.0000,0.0000,0.7216,0.2784,3.5000,1.9848,1.7990,2.6425,1.9182,1.0000,,0.0000,,3,1
41291,14815.0,0.8252,4,1.000,0.268,asphalt,0.0000,0.0000,0.0000,0.6992,0.3008,3.5000,1.9942,1.8076,2.6550,1.9273,1.0000,,0.0000,,3,1
41349,14901.0,0.8321,4,1.000,0.281,asphalt,0.0000,0.0000,0.0000,0.6717,0.3283,3.5000,2.0058,1.8181,2.6704,1.9385,1.0000,,0.0000,,3,1
41407,15011.0,0.8409,4,1.000,0.299,asphalt,0.0000,0.0000,0.0000,0.6365,0.3635,3.5000,2.0206,1.8315,2.6901,1.9528,1.0000,,0.0000,,3,1
41465,15138.0,0.8510,4,1.000,0.310,asphalt,0.0000,0.0000,0.0000,0.5958,0.4042,3.5000,2.0377,1.8470,2.7129,1.9693,1.0000,,0.0000,,3,1
41525,15260.0,0.8608,4,1.000,0.313,asphalt,0.0000,0.0000,0.0000,0.5568,0.4432,3.5000,2.0541,1.8619,2.7348,1.9852,1.0000,,0.0000,,3,1
41584,15356.0,0.8685,4,1.000,0.317,asphalt,0.0000,0.0000,0.0000,0.5261,0.4739,3.5000,2.0670,1.8736,2.7520,1.9977,1.0000,,0.0000,,3,1
41644,15428.0,0.8742,4,1.000,0.319,asphalt,0.0000,0.0000,0.0000,0.5030,0.4970,3.5000,2.0767,1.8824,2.7649,2.0070,1.0000,,0.0000,,3,1
41705,15492.0,0.8794,4,1.000,0.321,asphalt,0.0000,0.0000,0.0000,0.4826,0.5174,3.5000,2.0853,1.8902,2.7763,2.0154,1.0000,,0.0000,,4,1
41765,15536.0,0.8829,4,1.000,0.321,asphalt,0.0000,0.0000,0.0000,0.4685,0.5315,3.5000,2.0913,1.8956,2.7842,2.0211,1.0000,,0.0000,,4,1
41826,15570.0,0.8856,4,1.000,0.321,asphalt,0.0000,0.0000,0.0000,0.4576,0.5424,3.5000,2.0958,1.8997,2.7903,2.0255,1.0000,,0.0000,,4,1
41887,15600.0,0.8880,4,1.000,0.319,asphalt,0.0000,0.0000,0.0000,0.4480,0.5520,3.5000,2.0999,1.9034,2.7957,2.0294,1.0000,,0.0000,,4,1
41948,15620.0,0.8896,4,1.000,0.317,asphalt,0.0000,0.0000,0.0000,0.4416,0.5584,3.5000,2.1026,1.9058,2.7993,2.0320,1.0000,,0.0000,,4,1
42009,15637.0,0.8910,4,1.000,0.314,asphalt,0.0000,0.0000,0.0000,0.4362,0.5638,3.5000,2.1049,1.9079,2.8023,2.0342,1.0000,,0.0000,,4,1
42070,15649.0,0.8919,4,1.000,0.311,asphalt,0.0000,0.0000,0.0000,0.4323,0.5677,3.5000,2.1065,1.9093,2.8045,2.0358,1.0000,,0.0000,,4,1
42121,15657.0,0.8926,4,1.000,0.308,asphalt,0.0000,0.0000,0.0000,0.4298,0.5702,3.5000,2.1076,1.9103,2.8059,2.0368,1.0000,,0.0000,,4,1
42182,15664.0,0.8931,4,1.000,0.304,asphalt,0.0000,0.0000,0.0000,0.4275,0.5725,3.5000,2.1085,1.9112,2.8072,2.0377,1.0000,,0.0000,,4,1
42243,15671.0,0.8937,4,1.000,0.300,asphalt,0.0000,0.0000,0.0000,0.4253,0.5747,3.5000,2.1094,1.9120,2.8084,2.0386,1.0000,,0.0000,,4,1
42304,15676.0,0.8941,4,1.000,0.295,asphalt,0.0000,0.0000,0.0000,0.4237,0.5763,3.5000,2.1101,1.9126,2.8093,2.0393,1.0000,,0.0000,,4,1
42365,15680.0,0.8944,4,1.000,0.291,asphalt,0.0000,0.0000,0.0000,0.4224,0.5776,3.5000,2.1106,1.9131,2.8100,2.0398,1.0000,,0.0000,,4,1
42415,15682.0,0.8946,4,1.000,0.286,asphalt,0.0000,0.0000,0.0000,0.4218,0.5782,3.5000,2.1109,1.9134,2.8104,2.0401,1.0000,,0.0000,,4,1
42476,15685.0,0.8948,4,1.000,0.283,asphalt,0.0000,0.0000,0.0000,0.4208,0.5792,3.5000,2.1113,1.9137,2.8109,2.0405,1.0000,,0.0000,,4,1
42538,15693.0,0.8954,4,1.000,0.285,asphalt,0.0000,0.0000,0.0000,0.4182,0.5818,3.5000,2.1124,1.9147,2.8124,2.0415,1.0000,,0.0000,,4,1
42599,15713.0,0.8970,4,1.000,0.291,asphalt,0.0000,0.0000,0.0000,0.4118,0.5882,3.5000,2.1151,1.9172,2.8159,2.0441,1.0000,,0.0000,,4,1
42649,15758.0,0.9006,4,1.000,0.295,asphalt,0.0000,0.0000,0.0000,0.3974,0.6026,3.5000,2.1211,1.9226,2.8240,2.0500,1.0000,,0.0000,,4,1
42710,15820.0,0.9056,4,1.000,0.293,asphalt,0.0000,0.0000,0.0000,0.3776,0.6224,3.5000,2.1295,1.9302,2.8351,2.0580,1.0000,,0.0000,,4,1
42760,15869.0,0.9095,4,1.000,0.293,asphalt,0.0000,0.0000,0.0000,0.3619,0.6381,3.5000,2.1361,1.9362,2.8439,2.0644,1.0000,,0.0000,,4,1
42821,15912.0,0.9130,4,1.000,0.292,asphalt,0.0000,0.0000,0.0000,0.3482,0.6518,3.5000,2.1419,1.9414,2.8516,2.0700,1.0000,,0.0000,,4,1
42871,15942.0,0.9154,4,1.000,0.291,asphalt,0.0000,0.0000,0.0000,0.3386,0.6614,3.5000,2.1459,1.9451,2.8570,2.0739,1.0000,,0.0000,,4,1
42934,15970.0,0.9176,4,1.000,0.288,asphalt,0.0000,0.0000,0.0000,0.3296,0.6704,3.5000,2.1497,1.9485,2.8620,2.0775,1.0000,,0.0000,,4,1
42985,15984.0,0.9187,4,1.000,0.281,asphalt,0.0000,0.0000,0.0000,0.3251,0.6749,3.5000,2.1516,1.9502,2.8645,2.0794,1.0000,,0.0000,,4,1
43035,15980.0,0.9184,4,1.000,0.281,asphalt,0.0000,0.0000,0.0000,0.3264,0.6736,3.5000,2.1510,1.9497,2.8638,2.0788,1.0000,,0.0000,,4,1
43096,15941.0,0.9153,4,1.000,0.266,asphalt,0.0000,0.0000,0.0000,0.3389,0.6611,3.5000,2.1458,1.9450,2.8568,2.0738,1.0000,,0.0000,,4,1
43146,15891.0,0.9113,4,1.000,0.256,asphalt,0.0000,0.0000,0.0000,0.3549,0.6451,3.5000,2.1390,1.9389,2.8478,2.0673,1.0000,,0.0000,,4,1
43207,15836.0,0.9069,4,1.000,0.249,asphalt,0.0000,0.0000,0.0000,0.3725,0.6275,3.5000,2.1316,1.9322,2.8380,2.0601,1.0000,,0.0000,,4,1
43257,15797.0,0.9038,4,1.000,0.241,asphalt,0.0000,0.0000,0.0000,0.3850,0.6150,3.5000,2.1264,1.9274,2.8310,2.0550,1.0000,,0.0000,,4,1
43307,15756.0,0.9005,4,1.000,0.233,asphalt,0.0000,0.0000,0.0000,0.3981,0.6019,3.5000,2.1209,1.9224,2.8237,2.0497,1.0000,,0.0000,,4,1
43368,15720.0,0.8976,4,1.000,0.225,asphalt,0.0000,0.0000,0.0000,0.4096,0.5904,3.5000,2.1160,1.9180,2.8172,2.0450,1.0000,,0.0000,,4,1
43429,15687.0,0.8950,4,1.000,0.217,asphalt,0.0000,0.0000,0.0000,0.4202,0.5798,3.5000,2.1116,1.9140,2.8113,2.0407,1.0000,,0.0000,,4,1
43490,15668.0,0.8934,4,1.000,0.219,asphalt,0.0000,0.0000,0.0000,0.4262,0.5738,3.5000,2.1090,1.9117,2.8079,2.0382,1.0000,,0.0000,,4,1
43540,15659.0,0.8927,4,1.000,0.209,asphalt,0.0000,0.0000,0.0000,0.4291,0.5709,3.5000,2.1078,1.9106,2.8063,2.0371,1.0000,,0.0000,,4,1
43600,15652.0,0.8922,4,1.000,0.201,asphalt,0.0000,0.0000,0.0000,0.4314,0.5686,3.5000,2.1069,1.9097,2.8050,2.0362,1.0000,,0.0000,,4,1
43661,15651.0,0.8921,4,1.000,0.196,asphalt,0.0000,0.0000,0.0000,0.4317,0.5683,3.5000,2.1067,1.9096,2.8048,2.0360,1.0000,,0.0000,,4,1
43721,15650.0,0.8920,4,1.000,0.190,asphalt,0.0000,0.0000,0.0000,0.4320,0.5680,3.5000,2.1066,1.9095,2.8047,2.0359,1.0000,,0.0000,,4,1
43781,15647.0,0.8918,4,1.000,0.184,asphalt,0.0000,0.0000,0.0000,0.4330,0.5670,3.5000,2.1062,1.9091,2.8041,2.0355,1.0000,,0.0000,,4,1
43842,15639.0,0.8911,4,1.000,0.178,asphalt,0.0000,0.0000,0.0000,0.4355,0.5645,3.5000,2.1051,1.9081,2.8027,2.0345,1.0000,,0.0000,,4,1
43901,15627.0,0.8902,4,1.000,0.172,asphalt,0.0000,0.0000,0.0000,0.4394,0.5606,3.5000,2.1035,1.9067,2.8005,2.0329,1.0000,,0.0000,,4,1
43962,15610.0,0.8888,4,1.000,0.163,asphalt,0.0000,0.0000,0.0000,0.4448,0.5552,3.5000,2.1012,1.9046,2.7975,2.0307,1.0000,,0.0000,,4,1
44021,15577.0,0.8862,4,1.000,0.163,asphalt,0.0000,0.0000,0.0000,0.4554,0.5446,3.5000,2.0968,1.9006,2.7916,2.0264,1.0000,,0.0000,,4,1
44081,15527.0,0.8822,4,1.000,0.146,asphalt,0.0000,0.0000,0.0000,0.4714,0.5286,3.5000,2.0901,1.8945,2.7826,2.0199,1.0000,,0.0000,,4,1
44142,15480.0,0.8784,4,1.000,0.138,asphalt,0.0000,0.0000,0.0000,0.4864,0.5136,3.5000,2.0837,1.8887,2.7742,2.0138,1.0000,,0.0000,,4,1
44201,15440.0,0.8752,4,1.000,0.130,asphalt,0.0000,0.0000,0.0000,0.4992,0.5008,3.5000,2.0783,1.8838,2.7670,2.0086,1.0000,,0.0000,,4,1
44260,15405.0,0.8724,4,1.000,0.125,asphalt,0.0000,0.0000,0.0000,0.5104,0.4896,3.5000,2.0736,1.8796,2.7608,2.0040,1.0000,,0.0000,,3,1
44319,15376.0,0.8701,4,1.000,0.126,asphalt,0.0000,0.0000,0.0000,0.5197,0.4803,3.5000,2.0697,1.8760,2.7556,2.0003,1.0000,,0.0000,,3,1
44377,15395.0,0.8716,4,1.000,0.127,asphalt,0.0000,0.0000,0.0000,0.5136,0.4864,3.5000,2.0723,1.8784,2.7590,2.0027,1.0000,,0.0000,,3,1
44436,15478.0,0.8782,4,1.000,0.121,asphalt,0.0000,0.0000,0.0000,0.4870,0.5130,3.5000,2.0835,1.8885,2.7738,2.0135,1.0000,,0.0000,,4,1
44495,15555.0,0.8844,4,1.000,0.118,asphalt,0.0000,0.0000,0.0000,0.4624,0.5376,3.5000,2.0938,1.8979,2.7876,2.0235,1.0000,,0.0000,,4,1
44555,15601.0,0.8881,4,1.000,0.117,asphalt,0.0000,0.0000,0.0000,0.4477,0.5523,3.5000,2.1000,1.9035,2.7959,2.0295,1.0000,,0.0000,,4,1
44612,15620.0,0.8896,4,1.000,0.114,asphalt,0.0000,0.0000,0.0000,0.4416,0.5584,3.5000,2.1026,1.9058,2.7993,2.0320,1.0000,,0.0000,,4,1
44669,15619.0,0.8895,4,1.000,0.112,asphalt,0.0000,0.0000,0.0000,0.4419,0.5581,3.5000,2.1024,1.9057,2.7991,2.0319,1.0000,,0.0000,,4,1
44726,15622.0,0.8898,4,1.000,0.111,asphalt,0.0000,0.0000,0.0000,0.4410,0.5590,3.5000,2.1028,1.9061,2.7996,2.0323,1.0000,,0.0000,,4,1
44781,15618.0,0.8894,4,1.000,0.104,asphalt,0.0000,0.0000,0.0000,0.4422,0.5578,3.5000,2.1023,1.9056,2.7989,2.0317,1.0000,,0.0000,,4,1
44839,15604.0,0.8883,4,1.000,0.100,asphalt,0.0000,0.0000,0.0000,0.4467,0.5533,3.5000,2.1004,1.9039,2.7964,2.0299,1.0000,,0.0000,,4,1
44893,15583.0,0.8866,4,1.000,0.095,asphalt,0.0000,0.0000,0.0000,0.4534,0.5466,3.5000,2.0976,1.9013,2.7927,2.0272,1.0000,,0.0000,,4,1
44949,15551.0,0.8841,4,1.000,0.089,asphalt,0.0000,0.0000,0.0000,0.4637,0.5363,3.5000,2.0933,1.8974,2.7869,2.0230,1.0000,,0.0000,,4,1
45006,15521.0,0.8817,4,1.000,0.083,asphalt,0.0000,0.0000,0.0000,0.4733,0.5267,3.5000,2.0892,1.8937,2.7815,2.0191,1.0000,,0.0000,,4,1
45060,15485.0,0.8788,4,1.000,0.077,asphalt,0.0000,0.0000,0.0000,0.4848,0.5152,3.5000,2.0844,1.8893,2.7751,2.0144,1.0000,,0.0000,,4,1
45114,15455.0,0.8764,4,1.000,0.071,asphalt,0.0000,0.0000,0.0000,0.4944,0.5056,3.5000,2.0804,1.8857,2.7697,2.0105,1.0000,,0.0000,,4,1
45168,15423.0,0.8738,4,1.000,0.065,asphalt,0.0000,0.0000,0.0000,0.5046,0.4954,3.5000,2.0761,1.8818,2.7640,2.0064,1.0000,,0.0000,,3,1
45222,15398.0,0.8718,4,1.000,0.060,asphalt,0.0000,0.0000,0.0000,0.5126,0.4874,3.5000,2.0727,1.8787,2.7595,2.0031,1.0000,,0.0000,,3,1
45276,15373.0,0.8698,4,1.000,0.058,asphalt,0.0000,0.0000,0.0000,0.5206,0.4794,3.5000,2.0693,1.8757,2.7550,1.9999,1.0000,,0.0000,,3,1
45329,15408.0,0.8726,4,1.000,0.060,asphalt,0.0000,0.0000,0.0000,0.5094,0.4906,3.5000,2.0740,1.8799,2.7613,2.0044,1.0000,,0.0000,,3,1
45383,15497.0,0.8798,4,1.000,0.059,asphalt,0.0000,0.0000,0.0000,0.4810,0.5190,3.5000,2.0860,1.8908,2.7772,2.0160,1.0000,,0.0000,,4,1
45437,15541.0,0.8833,4,1.000,0.055,asphalt,0.0000,0.0000,0.0000,0.4669,0.5331,3.5000,2.0919,1.8962,2.7851,2.0217,1.0000,,0.0000,,4,1
45490,15541.0,0.8833,4,1.000,0.052,asphalt,0.0000,0.0000,0.0000,0.4669,0.5331,3.5000,2.0919,1.8962,2.7851,2.0217,1.0000,,0.0000,,4,1
45543,15514.0,0.8811,4,1.000,0.047,asphalt,0.0000,0.0000,0.0000,0.4755,0.5245,3.5000,2.0883,1.8929,2.7803,2.0182,1.0000,,0.0000,,4,1
45596,15486.0,0.8789,4,1.000,0.043,asphalt,0.0000,0.0000,0.0000,0.4845,0.5155,3.5000,2.0845,1.8895,2.7753,2.0146,1.0000,,0.0000,,4,1
45648,15499.0,0.8799,4,1.000,0.040,asphalt,0.0000,0.0000,0.0000,0.4803,0.5197,3.5000,2.0863,1.8910,2.7776,2.0163,1.0000,,0.0000,,4,1
45701,15525.0,0.8820,4,1.000,0.039,asphalt,0.0000,0.0000,0.0000,0.4720,0.5280,3.5000,2.0898,1.8942,2.7823,2.0196,1.0000,,0.0000,,4,1
45753,15572.0,0.8858,4,1.000,0.042,asphalt,0.0000,0.0000,0.0000,0.4570,0.5430,3.5000,2.0961,1.9000,2.7907,2.0258,1.0000,,0.0000,,4,1
45804,15597.0,0.8878,4,1.000,0.038,asphalt,0.0000,0.0000,0.0000,0.4490,0.5510,3.5000,2.0995,1.9030,2.7952,2.0290,1.0000,,0.0000,,4,1
45856,15615.0,0.8892,4,1.000,0.037,asphalt,0.0000,0.0000,0.0000,0.4432,0.5568,3.5000,2.1019,1.9052,2.7984,2.0314,1.0000,,0.0000,,4,1
45906,15632.0,0.8906,4,1.000,0.036,asphalt,0.0000,0.0000,0.0000,0.4378,0.5622,3.5000,2.1042,1.9073,2.8014,2.0336,1.0000,,0.0000,,4,1
45958,15649.0,0.8919,4,1.000,0.034,asphalt,0.0000,0.0000,0.0000,0.4323,0.5677,3.5000,2.1065,1.9093,2.8045,2.0358,1.0000,,0.0000,,4,1
46009,15666.0,0.8933,4,1.000,0.033,asphalt,0.0000,0.0000,0.0000,0.4269,0.5731,3.5000,2.1088,1.9114,2.8075,2.0380,1.0000,,0.0000,,4,1
46059,15683.0,0.8946,4,1.000,0.032,asphalt,0.0000,0.0000,0.0000,0.4214,0.5786,3.5000,2.1111,1.9135,2.8106,2.0402,1.0000,,0.0000,,4,1
46110,15699.0,0.8959,4,1.000,0.033,asphalt,0.0000,0.0000,0.0000,0.4163,0.5837,3.5000,2.1132,1.9154,2.8134,2.0423,1.0000,,0.0000,,4,1
46161,15769.0,0.9015,4,1.000,0.038,asphalt,0.0000,0.0000,0.0000,0.3939,0.6061,3.5000,2.1226,1.9240,2.8260,2.0514,1.0000,,0.0000,,4,1
46211,15906.0,0.9125,4,1.000,0.047,asphalt,0.0000,0.0000,0.0000,0.3501,0.6499,3.5000,2.1411,1.9407,2.8505,2.0692,1.0000,,0.0000,,4,1
46261,16050.0,0.9240,4,1.000,0.056,asphalt,0.0000,0.0000,0.0000,0.3040,0.6960,3.5000,2.1605,1.9583,2.8763,2.0879,1.0000,,0.0000,,4,1
46311,15253.0,0.8602,4,0.000,0.040,asphalt,0.0000,0.0000,0.0000,0.5590,0.4410,3.5000,2.0532,1.8610,2.7335,1.9843,0.4500,,0.0000,,3,1
46361,13686.0,0.7349,4,0.000,0.014,asphalt,0.0000,0.0000,0.0605,0.9395,0.0000,3.4727,1.8422,1.6698,2.4527,1.7804,0.4500,,0.0000,,3,0
46411,12280.0,0.6224,5,0.000,0.006,asphalt,0.0000,0.0000,0.5104,0.4896,0.0000,3.1160,1.6530,1.4983,2.2007,1.5975,0.4500,,0.0000,shift_up,2,1
46461,12522.0,0.6418,5,1.000,0.008,asphalt,0.0000,0.0000,0.4330,0.5670,0.0000,3.1774,1.6856,1.5278,2.2441,1.6290,1.0000,,0.0000,,3,1
46512,12822.0,0.6658,5,1.000,0.013,asphalt,0.0000,0.0000,0.3370,0.6630,0.0000,3.2535,1.7259,1.5644,2.2978,1.6680,1.0000,,0.0000,,3,1
46571,13016.0,0.6813,5,1.000,0.017,asphalt,0.0000,0.0000,0.2749,0.7251,0.0000,3.3027,1.7521,1.5881,2.3326,1.6932,1.0000,,0.0000,,3,1
46621,13226.0,0.6981,5,1.000,0.026,asphalt,0.0000,0.0000,0.2077,0.7923,0.0000,3.3560,1.7803,1.6137,2.3703,1.7206,1.0000,,0.0000,,3,1
46680,13438.0,0.7150,5,1.000,0.030,asphalt,0.0000,0.0000,0.1398,0.8602,0.0000,3.4098,1.8089,1.6396,2.4082,1.7481,1.0000,,0.0000,,3,1
46730,13468.0,0.7174,5,0.833,0.027,asphalt,0.0000,0.0000,0.1302,0.8698,0.0000,3.4174,1.8129,1.6432,2.4136,1.7520,0.9081,,0.0000,,3,1
46789,12870.0,0.6696,5,0.000,0.004,asphalt,0.0000,0.0000,0.3216,0.6784,0.0000,3.2657,1.7324,1.5703,2.3065,1.6743,0.4500,,0.0000,,3,1
46848,12758.0,0.6606,5,0.000,0.008,asphalt,0.0000,0.0000,0.3574,0.6426,0.0000,3.2372,1.7173,1.5566,2.2864,1.6597,0.4500,,0.0000,,3,1
46898,12670.0,0.6536,5,0.000,0.018,asphalt,0.0000,0.0000,0.3856,0.6144,0.0000,3.2149,1.7055,1.5459,2.2706,1.6482,0.4500,,0.0000,,3,1
46956,12520.0,0.6416,5,0.000,0.038,asphalt,0.0000,0.0000,0.4336,0.5664,0.0000,3.1769,1.6853,1.5276,2.2437,1.6287,0.4500,,0.0000,,3,1
47008,12343.0,0.6274,5,0.000,0.054,asphalt,0.0000,0.0000,0.4902,0.5098,0.0000,3.1319,1.6615,1.5060,2.2120,1.6057,0.4500,,0.0000,,3,1
47065,12096.0,0.6077,5,0.000,0.070,asphalt,0.0000,0.0000,0.5693,0.4307,0.0000,3.0693,1.6282,1.4758,2.1677,1.5736,0.4500,,0.0000,,2,1
47124,11801.0,0.5841,5,0.000,0.084,asphalt,0.0000,0.0000,0.6637,0.3363,0.0000,2.9944,1.5885,1.4398,2.1149,1.5352,0.4500,,0.0000,,2,1
47182,11474.0,0.5579,5,0.000,0.090,asphalt,0.0000,0.0000,0.7683,0.2317,0.0000,2.9114,1.5445,1.4000,2.0563,1.4926,0.4500,,0.0000,,2,1
47240,11165.0,0.5332,5,0.000,0.099,asphalt,0.0000,0.0000,0.8672,0.1328,0.0000,2.8330,1.5029,1.3622,2.0009,1.4525,0.4500,,0.0000,,2,1
47298,10879.0,0.5103,5,0.000,0.106,asphalt,0.0000,0.0000,0.9587,0.0413,0.0000,2.7605,1.4644,1.3274,1.9496,1.4152,0.4500,,0.0000,,2,0
47356,10609.0,0.4887,5,0.000,0.112,asphalt,0.0000,0.0451,0.9549,0.0000,0.0000,2.6920,1.4281,1.2944,1.9013,1.3801,0.4500,,0.0000,,2,0
47414,10357.0,0.4686,5,0.000,0.117,asphalt,0.0000,0.1258,0.8742,0.0000,0.0000,2.6280,1.3941,1.2637,1.8561,1.3473,0.4500,,0.0000,,2,1
47472,10110.0,0.4488,5,0.000,0.122,asphalt,0.0000,0.2048,0.7952,0.0000,0.0000,2.5653,1.3609,1.2335,1.8118,1.3152,0.4500,,0.0000,,2,1
47529,9868.0,0.4294,5,0.000,0.128,asphalt,0.0000,0.2822,0.7178,0.0000,0.0000,2.5039,1.3283,1.2040,1.7685,1.2837,0.4500,,0.0000,,2,1
47587,9627.0,0.4102,5,0.000,0.130,asphalt,0.0000,0.3594,0.6406,0.0000,0.0000,2.4428,1.2959,1.1746,1.7253,1.2524,0.4500,,0.0000,,2,1
47644,8483.0,0.3186,5,0.000,0.099,asphalt,0.0000,0.7254,0.2746,0.0000,0.0000,2.1525,1.1419,1.0350,1.5203,1.1036,0.4500,,0.0000,,1,1
47701,7611.0,0.2489,5,0.000,0.081,asphalt,0.0045,0.9955,0.0000,0.0000,0.0000,1.9312,1.0245,0.9286,1.3640,0.9901,0.4500,,0.0000,,1,0
47759,9803.0,0.4242,4,0.000,0.078,asphalt,0.0000,0.3030,0.6970,0.0000,0.0000,2.4874,1.3196,1.1961,1.7568,1.2753,0.4500,,0.0000,shift_down,2,1
47815,9792.0,0.4234,4,0.000,0.113,asphalt,0.0000,0.3066,0.6934,0.0000,0.0000,2.4846,1.3181,1.1947,1.7548,1.2738,0.4500,,0.0000,,2,1
47872,9704.0,0.4163,4,0.000,0.132,asphalt,0.0000,0.3347,0.6653,0.0000,0.0000,2.4623,1.3062,1.1840,1.7391,1.2624,0.4500,,0.0000,,2,1
47929,9563.0,0.4050,4,0.000,0.134,asphalt,0.0000,0.3798,0.6202,0.0000,0.0000,2.4265,1.2873,1.1668,1.7138,1.2440,0.4500,,0.0000,,2,1
47986,9380.0,0.3904,4,0.000,0.132,asphalt,0.0000,0.4384,0.5616,0.0000,0.0000,2.3801,1.2626,1.1445,1.6810,1.2202,0.4500,,0.0000,,2,1
48044,9597.0,0.4078,4,0.833,0.099,asphalt,0.0000,0.3690,0.6310,0.0000,0.0000,2.4352,1.2918,1.1709,1.7199,1.2485,0.9081,,0.0000,,2,1
48101,10328.0,0.4662,4,1.000,0.026,asphalt,0.0000,0.1350,0.8650,0.0000,0.0000,2.6207,1.3902,1.2601,1.8509,1.3436,1.0000,,0.0000,,2,1
48160,10990.0,0.5192,4,1.000,0.103,asphalt,0.0000,0.0000,0.9232,0.0768,0.0000,2.7886,1.4793,1.3409,1.9695,1.4297,1.0000,,0.0000,,2,0
48216,11506.0,0.5605,4,1.000,0.171,asphalt,0.0000,0.0000,0.7581,0.2419,0.0000,2.9196,1.5488,1.4039,2.0620,1.4968,1.0000,,0.0000,,2,1
48268,11931.0,0.5945,4,1.000,0.227,asphalt,0.0000,0.0000,0.6221,0.3779,0.0000,3.0274,1.6060,1.4557,2.1382,1.5521,1.0000,,0.0000,,2,1
48326,12384.0,0.6307,4,1.000,0.269,asphalt,0.0000,0.0000,0.4771,0.5229,0.0000,3.1423,1.6670,1.5110,2.2194,1.6110,1.0000,,0.0000,,3,1
48383,12571.0,0.6457,4,1.000,0.282,asphalt,0.0000,0.0000,0.4173,0.5827,0.0000,3.1898,1.6922,1.5338,2.2529,1.6354,1.0000,,0.0000,,3,1
48433,12725.0,0.6580,4,1.000,0.290,asphalt,0.0000,0.0000,0.3680,0.6320,0.0000,3.2289,1.7129,1.5526,2.2805,1.6554,1.0000,,0.0000,,3,1
48484,12968.0,0.6774,4,1.000,0.313,asphalt,0.0000,0.0000,0.2902,0.7098,0.0000,3.2905,1.7456,1.5822,2.3240,1.6870,1.0000,,0.0000,,3,1
48541,12878.0,0.6702,4,1.000,0.292,asphalt,0.0000,0.0000,0.3190,0.6810,0.0000,3.2677,1.7335,1.5713,2.3079,1.6753,1.0000,,0.0000,,3,1
48595,12992.0,0.6794,4,1.000,0.293,asphalt,0.0000,0.0000,0.2826,0.7174,0.0000,3.2966,1.7488,1.5852,2.3283,1.6901,1.0000,,0.0000,,3,1
48650,13204.0,0.6963,4,1.000,0.309,asphalt,0.0000,0.0000,0.2147,0.7853,0.0000,3.3504,1.7774,1.6110,2.3663,1.7177,1.0000,,0.0000,,3,1
48700,13400.0,0.7120,4,1.000,0.328,asphalt,0.0000,0.0000,0.1520,0.8480,0.0000,3.4002,1.8037,1.6349,2.4014,1.7432,1.0000,,0.0000,,3,1
48750,13565.0,0.7252,4,1.000,0.344,asphalt,0.0000,0.0000,0.0992,0.9008,0.0000,3.4420,1.8260,1.6551,2.4310,1.7647,1.0000,,0.0000,,3,0
48800,13696.0,0.7357,4,1.000,0.346,asphalt,0.0000,0.0000,0.0573,0.9427,0.0000,3.4753,1.8436,1.6711,2.4545,1.7817,1.0000,,0.0000,,3,0
48850,13808.0,0.7446,4,1.000,0.351,asphalt,0.0000,0.0000,0.0214,0.9786,0.0000,3.5000,1.8587,1.6847,2.4746,1.7963,1.0000,,0.0000,,3,0
48900,13904.0,0.7523,4,1.000,0.355,asphalt,0.0000,0.0000,0.0000,0.9907,0.0093,3.5000,1.8716,1.6964,2.4918,1.8088,1.0000,,0.0000,,3,0
48950,13993.0,0.7594,4,1.000,0.363,asphalt,0.0000,0.0000,0.0000,0.9622,0.0378,3.5000,1.8836,1.7073,2.5077,1.8203,1.0000,,0.0000,,3,0
49000,14083.0,0.7666,4,1.000,0.370,asphalt,0.0000,0.0000,0.0000,0.9334,0.0666,3.5000,1.8957,1.7183,2.5238,1.8321,1.0000,,0.0000,,3,0
49050,14171.0,0.7737,4,1.000,0.367,asphalt,0.0000,0.0000,0.0000,0.9053,0.0947,3.5000,1.9075,1.7290,2.5396,1.8435,1.0000,,0.0000,,3,0
49100,14336.0,0.7869,4,1.000,0.378,asphalt,0.0000,0.0000,0.0000,0.8525,0.1475,3.5000,1.9297,1.7491,2.5692,1.8650,1.0000,,0.0000,,3,1
49150,13962.0,0.7570,4,0.167,0.355,asphalt,0.0000,0.0000,0.0000,0.9722,0.0278,3.5000,1.8794,1.7035,2.5022,1.8163,0.5418,,0.0000,,3,0
49200,12684.0,0.6547,4,0.000,0.258,asphalt,0.0000,0.0000,0.3811,0.6189,0.0000,3.2185,1.7074,1.5476,2.2731,1.6501,0.4500,,0.0000,,3,1
49250,11550.0,0.5640,4,0.000,0.154,asphalt,0.0000,0.0000,0.7440,0.2560,0.0000,2.9307,1.5547,1.4092,2.0699,1.5025,0.4500,,0.0000,,2,1
49300,10702.0,0.4962,4,0.000,0.098,asphalt,0.0000,0.0154,0.9846,0.0000,0.0000,2.7156,1.4406,1.3058,1.9179,1.3922,0.4500,,0.0000,,2,0
49350,10101.0,0.4481,4,0.000,0.209,asphalt,0.0000,0.2077,0.7923,0.0000,0.0000,2.5631,1.3597,1.2324,1.8102,1.3140,0.4500,,0.0000,,2,1
49400,10024.0,0.4419,4,0.000,0.197,asphalt,0.0000,0.2323,0.7677,0.0000,0.0000,2.5435,1.3493,1.2230,1.7964,1.3040,0.4500,,0.0000,,2,1
49450,9752.0,0.4202,4,0.000,0.046,asphalt,0.0000,0.3194,0.6806,0.0000,0.0000,2.4745,1.3127,1.1898,1.7477,1.2686,0.4500,,0.0000,,2,1
49500,8750.0,0.3400,4,0.000,0.024,asphalt,0.0000,0.6400,0.3600,0.0000,0.0000,2.2202,1.1778,1.0676,1.5681,1.1383,0.4500,,0.0000,,1,1
49550,7851.0,0.2681,4,0.000,0.035,asphalt,0.0000,0.9277,0.0723,0.0000,0.0000,1.9921,1.0568,0.9579,1.4070,1.0213,0.4500,,0.0000,,1,0
49600,9860.0,0.4288,3,0.000,0.086,asphalt,0.0000,0.2848,0.7152,0.0000,0.0000,2.5019,1.3272,1.2030,1.7670,1.2827,0.4500,,0.0000,shift_down,2,1
49650,9819.0,0.4255,3,0.000,0.067,asphalt,0.0000,0.2979,0.7021,0.0000,0.0000,2.4915,1.3217,1.1980,1.7597,1.2774,0.4500,,0.0000,,2,1
49700,9747.0,0.4198,3,0.000,0.088,asphalt,0.0000,0.3210,0.6790,0.0000,0.0000,2.4732,1.3120,1.1892,1.7468,1.2680,0.4500,,0.0000,,2,1
49750,9674.0,0.4139,3,0.000,0.308,asphalt,0.0000,0.3443,0.6557,0.0000,0.0000,2.4547,1.3022,1.1803,1.7337,1.2585,0.4500,,0.0000,,2,1
49800,9536.0,0.4029,3,0.000,0.329,asphalt,0.0000,0.3885,0.6115,0.0000,0.0000,2.4197,1.2836,1.1635,1.7090,1.2405,0.4500,,0.0000,,2,1
49850,9272.0,0.3818,3,0.000,0.249,asphalt,0.0000,0.4730,0.5270,0.0000,0.0000,2.3527,1.2481,1.1313,1.6616,1.2062,0.4500,,0.0000,,2,1
49900,9113.0,0.3690,3,0.000,0.178,asphalt,0.0000,0.5238,0.4762,0.0000,0.0000,2.3124,1.2267,1.1119,1.6332,1.1855,0.4500,,0.0000,,1,1
49950,9002.0,0.3602,3,0.000,0.128,asphalt,0.0000,0.5594,0.4406,0.0000,0.0000,2.2842,1.2117,1.0983,1.6133,1.1711,0.4500,,0.0000,,1,1
50000,8215.0,0.2972,3,0.000,0.083,asphalt,0.0000,0.8112,0.1888,0.0000,0.0000,2.0845,1.1058,1.0023,1.4722,1.0687,0.4500,,0.0000,,1,1
50050,7371.0,0.2297,3,0.000,0.060,asphalt,0.0813,0.9187,0.0000,0.0000,0.0000,1.8703,0.9922,0.8993,1.3210,0.9589,0.4500,,0.0000,,1,0
50100,9459.0,0.3967,2,0.000,0.053,asphalt,0.0000,0.4131,0.5869,0.0000,0.0000,2.4002,1.2733,1.1541,1.6952,1.2305,0.4500,,0.0000,shift_down,2,1
50158,9226.0,0.3781,2,0.000,0.074,asphalt,0.0000,0.4877,0.5123,0.0000,0.0000,2.3410,1.2419,1.1257,1.6534,1.2002,0.4500,,0.0000,,2,1
50208,9062.0,0.3650,2,0.000,0.084,asphalt,0.0000,0.5402,0.4598,0.0000,0.0000,2.2994,1.2198,1.1057,1.6240,1.1789,0.4500,,0.0000,,1,1
50258,8913.0,0.3530,2,0.000,0.093,asphalt,0.0000,0.5878,0.4122,0.0000,0.0000,2.2616,1.1998,1.0875,1.5973,1.1595,0.4500,,0.0000,,1,1
50308,8721.0,0.3377,2,0.000,0.096,asphalt,0.0000,0.6493,0.3507,0.0000,0.0000,2.2129,1.1739,1.0641,1.5629,1.1345,0.4500,,0.0000,,1,1
50358,8570.0,0.3256,2,0.000,0.098,asphalt,0.0000,0.6976,0.3024,0.0000,0.0000,2.1746,1.1536,1.0456,1.5358,1.1149,0.4500,,0.0000,,1,1
50408,8372.0,0.3098,2,0.000,0.097,asphalt,0.0000,0.7610,0.2390,0.0000,0.0000,2.1243,1.1269,1.0215,1.5004,1.0891,0.4500,,0.0000,,1,1
50458,8252.0,0.3002,2,0.000,0.079,asphalt,0.0000,0.7994,0.2006,0.0000,0.0000,2.0939,1.1108,1.0068,1.4789,1.0735,0.4500,,0.0000,,1,1
50508,7404.0,0.2323,2,0.000,0.041,asphalt,0.0707,0.9293,0.0000,0.0000,0.0000,1.8787,0.9966,0.9034,1.3269,0.9632,0.4500,,0.0000,,1,0
50558,6643.0,0.1714,2,0.000,0.032,asphalt,0.3142,0.6858,0.0000,0.0000,0.0000,1.6856,0.8942,0.8105,1.1905,0.8642,0.4500,,0.0000,,1,1
50608,9337.0,0.3870,1,0.667,0.061,asphalt,0.0000,0.4522,0.5478,0.0000,0.0000,2.3692,1.2568,1.1392,1.6733,1.2146,0.8169,,0.0000,shift_down,2,1
50658,10093.0,0.4474,1,1.000,0.096,asphalt,0.0000,0.2102,0.7898,0.0000,0.0000,2.5610,1.3586,1.2315,1.8088,1.3130,1.0000,,0.0000,,2,1
50716,11078.0,0.5262,1,1.000,0.147,asphalt,0.0000,0.0000,0.8950,0.1050,0.0000,2.8110,1.4912,1.3516,1.9853,1.4411,1.0000,,0.0000,,2,1
50766,11798.0,0.5838,1,1.000,0.193,asphalt,0.0000,0.0000,0.6646,0.3354,0.0000,2.9937,1.5881,1.4395,2.1143,1.5348,1.0000,,0.0000,,2,1
50816,12416.0,0.6333,1,1.000,0.241,asphalt,0.0000,0.0000,0.4669,0.5331,0.0000,3.1505,1.6713,1.5149,2.2251,1.6152,1.0000,,0.0000,,3,1
50866,12859.0,0.6687,1,1.000,0.276,asphalt,0.0000,0.0000,0.3251,0.6749,0.0000,3.2629,1.7309,1.5689,2.3045,1.6728,1.0000,,0.0000,,3,1
50916,13391.0,0.7113,1,1.000,0.312,asphalt,0.0000,0.0000,0.1549,0.8451,0.0000,3.3979,1.8025,1.6338,2.3998,1.7420,1.0000,,0.0000,,3,1
50966,13835.0,0.7468,1,1.000,0.338,asphalt,0.0000,0.0000,0.0128,0.9872,0.0000,3.5000,1.8623,1.6880,2.4794,1.7998,1.0000,,0.0000,,3,0
51024,14222.0,0.7778,1,1.000,0.333,asphalt,0.0000,0.0000,0.0000,0.8890,0.1110,3.5000,1.9144,1.7352,2.5487,1.8501,1.0000,,0.0000,,3,1
51075,14524.0,0.8019,1,1.000,0.337,asphalt,0.0000,0.0000,0.0000,0.7923,0.2077,3.5000,1.9550,1.7721,2.6029,1.8894,1.0000,,0.0000,,3,1
51133,14831.0,0.8265,1,1.000,0.354,asphalt,0.0000,0.0000,0.0000,0.6941,0.3059,3.5000,1.9964,1.8095,2.6579,1.9294,1.0000,,0.0000,,3,1
51183,15055.0,0.8444,1,1.000,0.378,asphalt,0.0000,0.0000,0.0000,0.6224,0.3776,3.5000,2.0265,1.8369,2.6980,1.9585,1.0000,,0.0000,,3,1
51233,15248.0,0.8598,1,1.000,0.400,asphalt,0.0000,0.0000,0.0000,0.5606,0.4394,3.5000,2.0525,1.8604,2.7326,1.9836,1.0000,,0.0000,,3,1
51290,15455.0,0.8764,1,1.000,0.371,asphalt,0.0000,0.0000,0.0000,0.4944,0.5056,3.5000,2.0804,1.8857,2.7697,2.0105,1.0000,,0.0000,,4,1
51344,15646.0,0.8917,1,1.000,0.345,asphalt,0.0000,0.0000,0.0000,0.4333,0.5667,3.5000,2.1061,1.9090,2.8039,2.0354,1.0000,,0.0000,,4,1
51400,15826.0,0.9061,1,1.000,0.329,asphalt,0.0000,0.0000,0.0000,0.3757,0.6243,3.5000,2.1303,1.9309,2.8362,2.0588,1.0000,,0.0000,,4,1
51458,15996.0,0.9197,1,1.000,0.337,asphalt,0.0000,0.0000,0.0000,0.3213,0.6787,3.5000,2.1532,1.9517,2.8667,2.0809,1.0000,,0.0000,,4,1
51508,16135.0,0.9308,1,1.000,0.328,asphalt,0.0000,0.0000,0.0000,0.2768,0.7232,3.5000,2.1719,1.9686,2.8916,2.0990,1.0000,,0.0000,,4,1
51558,16262.0,0.9410,1,1.000,0.311,asphalt,0.0000,0.0000,0.0000,0.2362,0.7638,3.5000,2.1890,1.9841,2.9143,2.1155,1.0000,,0.0000,,4,1
51608,16379.0,0.9503,1,1.000,0.304,asphalt,0.0000,0.0000,0.0000,0.1987,0.8013,3.5000,2.2047,1.9984,2.9353,2.1307,1.0000,,0.0000,,4,1
51658,16476.0,0.9581,1,1.000,0.307,asphalt,0.0000,0.0000,0.0000,0.1677,0.8323,3.5000,2.2178,2.0102,2.9527,2.1434,1.0000,,0.0000,,4,1
51708,16558.0,0.9646,1,1.000,0.315,asphalt,0.0000,0.0000,0.0000,0.1414,0.8586,3.5000,2.2288,2.0203,2.9674,2.1540,1.0000,,0.0000,,4,1
51758,16635.0,0.9708,1,1.000,0.314,asphalt,0.0000,0.0000,0.0000,0.1168,0.8832,3.5000,2.2392,2.0296,2.9812,2.1640,1.0000,,0.0000,,4,1
51808,16707.0,0.9766,1,1.000,0.291,asphalt,0.0000,0.0000,0.0000,0.0938,0.9062,3.5000,2.2489,2.0384,2.9941,2.1734,1.0000,,0.0000,,4,0
51858,14990.0,0.8392,1,0.000,0.224,asphalt,0.0000,0.0000,0.0000,0.6432,0.3568,3.5000,2.0178,1.8289,2.6864,1.9500,0.4500,,0.0000,,3,1
51908,13450.0,0.7160,1,0.000,0.173,asphalt,0.0000,0.0000,0.1360,0.8640,0.0000,3.4128,1.8105,1.6410,2.4104,1.7497,0.4500,,0.0000,,3,1
51958,12425.0,0.6340,2,0.500,0.125,asphalt,0.0000,0.0000,0.4640,0.5360,0.0000,3.1528,1.6725,1.5160,2.2267,1.6164,0.7250,,0.0000,shift_up,3,1
52008,12575.0,0.6460,2,1.000,0.138,asphalt,0.0000,0.0000,0.4160,0.5840,0.0000,3.1908,1.6927,1.5343,2.2536,1.6359,1.0000,,0.0000,,3,1
52058,12836.0,0.6669,2,1.000,0.158,asphalt,0.0000,0.0000,0.3325,0.6675,0.0000,3.2570,1.7278,1.5661,2.3004,1.6698,1.0000,,0.0000,,3,1
52108,13107.0,0.6886,2,1.000,0.178,asphalt,0.0000,0.0000,0.2458,0.7542,0.0000,3.3258,1.7643,1.5992,2.3489,1.7051,1.0000,,0.0000,,3,1
52158,13338.0,0.7070,2,1.000,0.183,asphalt,0.0000,0.0000,0.1718,0.8282,0.0000,3.3844,1.7954,1.6274,2.3903,1.7351,1.0000,,0.0000,,3,1
52210,13638.0,0.7310,2,1.000,0.183,asphalt,0.0000,0.0000,0.0758,0.9242,0.0000,3.4605,1.8358,1.6640,2.4441,1.7742,1.0000,,0.0000,,3,0
52266,13901.0,0.7521,2,1.000,0.191,asphalt,0.0000,0.0000,0.0000,0.9917,0.0083,3.5000,1.8712,1.6961,2.4912,1.8084,1.0000,,0.0000,,3,0
52316,14102.0,0.7682,2,1.000,0.196,asphalt,0.0000,0.0000,0.0000,0.9274,0.0726,3.5000,1.8982,1.7206,2.5272,1.8345,1.0000,,0.0000,,3,0
52366,14286.0,0.7829,2,1.000,0.201,asphalt,0.0000,0.0000,0.0000,0.8685,0.1315,3.5000,1.9230,1.7430,2.5602,1.8585,1.0000,,0.0000,,3,1
52416,14459.0,0.7967,2,1.000,0.207,asphalt,0.0000,0.0000,0.0000,0.8131,0.1869,3.5000,1.9463,1.7642,2.5912,1.8810,1.0000,,0.0000,,3,1
52466,14622.0,0.8098,2,1.000,0.219,asphalt,0.0000,0.0000,0.0000,0.7610,0.2390,3.5000,1.9682,1.7840,2.6204,1.9022,1.0000,,0.0000,,3,1
52516,14783.0,0.8226,2,1.000,0.232,asphalt,0.0000,0.0000,0.0000,0.7094,0.2906,3.5000,1.9899,1.8037,2.6493,1.9231,1.0000,,0.0000,,3,1
52566,14952.0,0.8362,2,1.000,0.235,asphalt,0.0000,0.0000,0.0000,0.6554,0.3446,3.5000,2.0127,1.8243,2.6796,1.9451,1.0000,,0.0000,,3,1
52616,15117.0,0.8494,2,1.000,0.227,asphalt,0.0000,0.0000,0.0000,0.6026,0.3974,3.5000,2.0349,1.8444,2.7091,1.9666,1.0000,,0.0000,,3,1
52666,15264.0,0.8611,2,1.000,0.226,asphalt,0.0000,0.0000,0.0000,0.5555,0.4445,3.5000,2.0547,1.8624,2.7355,1.9857,1.0000,,0.0000,,3,1
52716,15391.0,0.8713,2,1.000,0.225,asphalt,0.0000,0.0000,0.0000,0.5149,0.4851,3.5000,2.0717,1.8779,2.7582,2.0022,1.0000,,0.0000,,3,1
52766,15503.0,0.8802,2,1.000,0.224,asphalt,0.0000,0.0000,0.0000,0.4790,0.5210,3.5000,2.0868,1.8915,2.7783,2.0168,1.0000,,0.0000,,4,1
52816,15605.0,0.8884,2,1.000,0.222,asphalt,0.0000,0.0000,0.0000,0.4464,0.5536,3.5000,2.1006,1.9040,2.7966,2.0301,1.0000,,0.0000,,4,1
52866,15698.0,0.8958,2,1.000,0.220,asphalt,0.0000,0.0000,0.0000,0.4166,0.5834,3.5000,2.1131,1.9153,2.8133,2.0421,1.0000,,0.0000,,4,1
52916,15786.0,0.9029,2,1.000,0.217,asphalt,0.0000,0.0000,0.0000,0.3885,0.6115,3.5000,2.1249,1.9261,2.8290,2.0536,1.0000,,0.0000,,4,1
52966,15868.0,0.9094,2,1.000,0.213,asphalt,0.0000,0.0000,0.0000,0.3622,0.6378,3.5000,2.1360,1.9361,2.8437,2.0643,1.0000,,0.0000,,4,1
53016,15946.0,0.9157,2,1.000,0.210,asphalt,0.0000,0.0000,0.0000,0.3373,0.6627,3.5000,2.1465,1.9456,2.8577,2.0744,1.0000,,0.0000,,4,1
53066,16021.0,0.9217,2,1.000,0.206,asphalt,0.0000,0.0000,0.0000,0.3133,0.6867,3.5000,2.1565,1.9547,2.8711,2.0842,1.0000,,0.0000,,4,1
53116,16093.0,0.9274,2,1.000,0.202,asphalt,0.0000,0.0000,0.0000,0.2902,0.7098,3.5000,2.1662,1.9635,2.8841,2.0935,1.0000,,0.0000,,4,1
53166,16162.0,0.9330,2,1.000,0.197,asphalt,0.0000,0.0000,0.0000,0.2682,0.7318,3.5000,2.1755,1.9719,2.8964,2.1025,1.0000,,0.0000,,4,1
53216,14776.0,0.8221,2,0.000,0.146,asphalt,0.0000,0.0000,0.0000,0.7117,0.2883,3.5000,1.9890,1.8028,2.6480,1.9222,0.4500,,0.0000,,3,1
53266,13258.0,0.7006,2,0.000,0.087,asphalt,0.0000,0.0000,0.1974,0.8026,0.0000,3.3641,1.7846,1.6176,2.3760,1.7247,0.4500,,0.0000,,3,1
53316,12129.0,0.6103,3,0.333,0.038,asphalt,0.0000,0.0000,0.5587,0.4413,0.0000,3.0776,1.6327,1.4799,2.1737,1.5779,0.6331,,0.0000,shift_up,2,1
53366,12205.0,0.6164,3,1.000,0.046,asphalt,0.0000,0.0000,0.5344,0.4656,0.0000,3.0969,1.6429,1.4891,2.1873,1.5877,1.0000,,0.0000,,2,1
53416,12361.0,0.6289,3,1.000,0.054,asphalt,0.0000,0.0000,0.4845,0.5155,0.0000,3.1365,1.6639,1.5082,2.2152,1.6080,1.0000,,0.0000,,3,1
53466,12512.0,0.6410,3,1.000,0.061,asphalt,0.0000,0.0000,0.4362,0.5638,0.0000,3.1748,1.6842,1.5266,2.2423,1.6277,1.0000,,0.0000,,3,1
53516,12662.0,0.6530,3,1.000,0.066,asphalt,0.0000,0.0000,0.3882,0.6118,0.0000,3.2129,1.7044,1.5449,2.2692,1.6472,1.0000,,0.0000,,3,1
53566,12811.0,0.6649,3,1.000,0.072,asphalt,0.0000,0.0000,0.3405,0.6595,0.0000,3.2507,1.7245,1.5631,2.2959,1.6666,1.0000,,0.0000,,3,1
53616,12960.0,0.6768,3,1.000,0.077,asphalt,0.0000,0.0000,0.2928,0.7072,0.0000,3.2885,1.7445,1.5813,2.3226,1.6860,1.0000,,0.0000,,3,1
53666,13106.0,0.6885,3,1.000,0.081,asphalt,0.0000,0.0000,0.2461,0.7539,0.0000,3.3256,1.7642,1.5991,2.3487,1.7050,1.0000,,0.0000,,3,1
53716,13250.0,0.7000,3,1.000,0.086,asphalt,0.0000,0.0000,0.2000,0.8000,0.0000,3.3621,1.7836,1.6166,2.3746,1.7237,1.0000,,0.0000,,3,1
53766,13392.0,0.7114,3,1.000,0.090,asphalt,0.0000,0.0000,0.1546,0.8454,0.0000,3.3981,1.8027,1.6340,2.4000,1.7422,1.0000,,0.0000,,3,1
53816,13529.0,0.7223,3,1.000,0.094,asphalt,0.0000,0.0000,0.1107,0.8893,0.0000,3.4329,1.8211,1.6507,2.4246,1.7600,1.0000,,0.0000,,3,1
53866,13663.0,0.7330,3,1.000,0.097,asphalt,0.0000,0.0000,0.0678,0.9322,0.0000,3.4669,1.8391,1.6670,2.4486,1.7774,1.0000,,0.0000,,3,0
53916,13793.0,0.7434,3,1.000,0.100,asphalt,0.0000,0.0000,0.0262,0.9738,0.0000,3.4999,1.8566,1.6829,2.4719,1.7943,1.0000,,0.0000,,3,0
53966,13918.0,0.7534,3,1.000,0.103,asphalt,0.0000,0.0000,0.0000,0.9862,0.0138,3.5000,1.8735,1.6981,2.4943,1.8106,1.0000,,0.0000,,3,0
54016,14039.0,0.7631,3,1.000,0.106,asphalt,0.0000,0.0000,0.0000,0.9475,0.0525,3.5000,1.8898,1.7129,2.5159,1.8263,1.0000,,0.0000,,3,0
54066,14154.0,0.7723,3,1.000,0.108,asphalt,0.0000,0.0000,0.0000,0.9107,0.0893,3.5000,1.9052,1.7269,2.5366,1.8413,1.0000,,0.0000,,3,0
54116,14264.0,0.7811,3,1.000,0.110,asphalt,0.0000,0.0000,0.0000,0.8755,0.1245,3.5000,1.9200,1.7404,2.5563,1.8556,1.0000,,0.0000,,3,1
54166,14369.0,0.7895,3,1.000,0.111,asphalt,0.0000,0.0000,0.0000,0.8419,0.1581,3.5000,1.9342,1.7532,2.5751,1.8693,1.0000,,0.0000,,3,1
54216,14467.0,0.7974,3,1.000,0.114,asphalt,0.0000,0.0000,0.0000,0.8106,0.1894,3.5000,1.9474,1.7651,2.5927,1.8820,1.0000,,0.0000,,3,1
54266,14559.0,0.8047,3,1.000,0.121,asphalt,0.0000,0.0000,0.0000,0.7811,0.2189,3.5000,1.9598,1.7764,2.6091,1.8940,1.0000,,0.0000,,3,1
54316,14657.0,0.8126,3,1.000,0.130,asphalt,0.0000,0.0000,0.0000,0.7498,0.2502,3.5000,1.9729,1.7883,2.6267,1.9067,1.0000,,0.0000,,3,1
54366,14787.0,0.8230,3,1.000,0.135,asphalt,0.0000,0.0000,0.0000,0.7082,0.2918,3.5000,1.9904,1.8042,2.6500,1.9236,1.0000,,0.0000,,3,1
54416,14933.0,0.8346,3,1.000,0.132,asphalt,0.0000,0.0000,0.0000,0.6614,0.3386,3.5000,2.0101,1.8220,2.6762,1.9426,1.0000,,0.0000,,3,1
54466,15057.0,0.8446,3,1.000,0.132,asphalt,0.0000,0.0000,0.0000,0.6218,0.3782,3.5000,2.0268,1.8371,2.6984,1.9588,1.0000,,0.0000,,3,1
54516,15148.0,0.8518,3,1.000,0.133,asphalt,0.0000,0.0000,0.0000,0.5926,0.4074,3.5000,2.0390,1.8482,2.7147,1.9706,1.0000,,0.0000,,3,1
54566,15219.0,0.8575,3,1.000,0.133,asphalt,0.0000,0.0000,0.0000,0.5699,0.4301,3.5000,2.0486,1.8569,2.7274,1.9798,1.0000,,0.0000,,3,1
54616,15275.0,0.8620,3,1.000,0.132,asphalt,0.0000,0.0000,0.0000,0.5520,0.4480,3.5000,2.0561,1.8637,2.7375,1.9871,1.0000,,0.0000,,3,1
54666,15321.0,0.8657,3,1.000,0.130,asphalt,0.0000,0.0000,0.0000,0.5373,0.4627,3.5000,2.0623,1.8693,2.7457,1.9931,1.0000,,0.0000,,3,1
54716,15362.0,0.8690,3,1.000,0.127,asphalt,0.0000,0.0000,0.0000,0.5242,0.4758,3.5000,2.0678,1.8743,2.7530,1.9984,1.0000,,0.0000,,3,1
54766,15400.0,0.8720,3,1.000,0.124,asphalt,0.0000,0.0000,0.0000,0.5120,0.4880,3.5000,2.0730,1.8790,2.7599,2.0034,1.0000,,0.0000,,3,1
54816,15435.0,0.8748,3,1.000,0.121,asphalt,0.0000,0.0000,0.0000,0.5008,0.4992,3.5000,2.0777,1.8832,2.7661,2.0079,1.0000,,0.0000,,3,1
54866,15468.0,0.8774,3,1.000,0.118,asphalt,0.0000,0.0000,0.0000,0.4902,0.5098,3.5000,2.0821,1.8873,2.7720,2.0122,1.0000,,0.0000,,4,1
54916,15498.0,0.8798,3,1.000,0.120,asphalt,0.0000,0.0000,0.0000,0.4806,0.5194,3.5000,2.0861,1.8909,2.7774,2.0161,1.0000,,0.0000,,4,1
54966,15530.0,0.8824,3,1.000,0.123,asphalt,0.0000,0.0000,0.0000,0.4704,0.5296,3.5000,2.0905,1.8948,2.7832,2.0203,1.0000,,0.0000,,4,1
55016,15580.0,0.8864,3,1.000,0.114,asphalt,0.0000,0.0000,0.0000,0.4544,0.5456,3.5000,2.0972,1.9009,2.7921,2.0268,1.0000,,0.0000,,4,1
55066,15624.0,0.8899,3,1.000,0.109,asphalt,0.0000,0.0000,0.0000,0.4403,0.5597,3.5000,2.1031,1.9063,2.8000,2.0325,1.0000,,0.0000,,4,1
55116,15659.0,0.8927,3,1.000,0.106,asphalt,0.0000,0.0000,0.0000,0.4291,0.5709,3.5000,2.1078,1.9106,2.8063,2.0371,1.0000,,0.0000,,4,1
55166,15688.0,0.8950,3,1.000,0.103,asphalt,0.0000,0.0000,0.0000,0.4198,0.5802,3.5000,2.1117,1.9141,2.8115,2.0408,1.0000,,0.0000,,4,1
55216,15708.0,0.8966,3,1.000,0.106,asphalt,0.0000,0.0000,0.0000,0.4134,0.5866,3.5000,2.1144,1.9165,2.8151,2.0434,1.0000,,0.0000,,4,1
55266,15738.0,0.8990,3,1.000,0.110,asphalt,0.0000,0.0000,0.0000,0.4038,0.5962,3.5000,2.1185,1.9202,2.8204,2.0474,1.0000,,0.0000,,4,1
55316,15816.0,0.9053,3,1.000,0.108,asphalt,0.0000,0.0000,0.0000,0.3789,0.6211,3.5000,2.1290,1.9297,2.8344,2.0575,1.0000,,0.0000,,4,1
55366,15917.0,0.9134,3,1.000,0.104,asphalt,0.0000,0.0000,0.0000,0.3466,0.6534,3.5000,2.1425,1.9420,2.8525,2.0706,1.0000,,0.0000,,4,1
55416,15994.0,0.9195,3,1.000,0.101,asphalt,0.0000,0.0000,0.0000,0.3219,0.6781,3.5000,2.1529,1.9514,2.8663,2.0807,1.0000,,0.0000,,4,1
55466,16042.0,0.9234,3,1.000,0.100,asphalt,0.0000,0.0000,0.0000,0.3066,0.6934,3.5000,2.1594,1.9573,2.8749,2.0869,1.0000,,0.0000,,4,1
55516,15491.0,0.8793,3,0.000,0.081,asphalt,0.0000,0.0000,0.0000,0.4829,0.5171,3.5000,2.0852,1.8901,2.7762,2.0152,0.4500,,0.0000,,4,1
55566,13900.0,0.7520,3,0.000,0.034,asphalt,0.0000,0.0000,0.0000,0.9920,0.0080,3.5000,1.8710,1.6959,2.4910,1.8082,0.4500,,0.0000,,3,0
55616,12472.0,0.6378,3,0.000,0.013,asphalt,0.0000,0.0000,0.4490,0.5510,0.0000,3.1647,1.6788,1.5217,2.2351,1.6225,0.4500,,0.0000,,3,1
55666,12293.0,0.6234,4,0.833,0.009,asphalt,0.0000,0.0000,0.5062,0.4938,0.0000,3.1193,1.6547,1.4999,2.2030,1.5992,0.9081,,0.0000,shift_up,2,1
55716,12567.0,0.6454,4,1.000,0.018,asphalt,0.0000,0.0000,0.4186,0.5814,0.0000,3.1888,1.6916,1.5333,2.2522,1.6348,1.0000,,0.0000,,3,1
55766,12706.0,0.6565,4,1.000,0.020,asphalt,0.0000,0.0000,0.3741,0.6259,0.0000,3.2241,1.7103,1.5503,2.2771,1.6529,1.0000,,0.0000,,3,1
55816,12821.0,0.6657,4,1.000,0.021,asphalt,0.0000,0.0000,0.3373,0.6627,0.0000,3.2532,1.7258,1.5643,2.2977,1.6679,1.0000,,0.0000,,3,1
55866,12927.0,0.6742,4,1.000,0.022,asphalt,0.0000,0.0000,0.3034,0.6966,0.0000,3.2801,1.7401,1.5772,2.3167,1.6817,1.0000,,0.0000,,3,1
55916,13026.0,0.6821,4,1.000,0.024,asphalt,0.0000,0.0000,0.2717,0.7283,0.0000,3.3053,1.7534,1.5893,2.3344,1.6945,1.0000,,0.0000,,3,1
55966,13119.0,0.6895,4,1.000,0.026,asphalt,0.0000,0.0000,0.2419,0.7581,0.0000,3.3289,1.7659,1.6007,2.3511,1.7066,1.0000,,0.0000,,3,1
56016,13208.0,0.6966,4,1.000,0.028,asphalt,0.0000,0.0000,0.2134,0.7866,0.0000,3.3514,1.7779,1.6115,2.3670,1.7182,1.0000,,0.0000,,3,1
56066,13293.0,0.7034,4,1.000,0.031,asphalt,0.0000,0.0000,0.1862,0.8138,0.0000,3.3730,1.7893,1.6219,2.3823,1.7293,1.0000,,0.0000,,3,1
56116,13398.0,0.7118,4,1.000,0.038,asphalt,0.0000,0.0000,0.1526,0.8474,0.0000,3.3996,1.8035,1.6347,2.4011,1.7429,1.0000,,0.0000,,3,1
56166,13577.0,0.7262,4,1.000,0.050,asphalt,0.0000,0.0000,0.0954,0.9046,0.0000,3.4451,1.8276,1.6565,2.4332,1.7662,1.0000,,0.0000,,3,0
56216,13760.0,0.7408,4,1.000,0.057,asphalt,0.0000,0.0000,0.0368,0.9632,0.0000,3.4915,1.8522,1.6789,2.4659,1.7900,1.0000,,0.0000,,3,0
56266,13875.0,0.7500,4,1.000,0.058,asphalt,0.0000,0.0000,0.0000,1.0000,0.0000,3.5000,1.8677,1.6929,2.4866,1.8050,1.0000,,0.0000,,3,0
56316,13944.0,0.7555,4,1.000,0.059,asphalt,0.0000,0.0000,0.0000,0.9779,0.0221,3.5000,1.8770,1.7013,2.4989,1.8140,1.0000,,0.0000,,3,0
56366,13992.0,0.7594,4,1.000,0.060,asphalt,0.0000,0.0000,0.0000,0.9626,0.0374,3.5000,1.8834,1.7072,2.5075,1.8202,1.0000,,0.0000,,3,0
56416,14034.0,0.7627,4,1.000,0.060,asphalt,0.0000,0.0000,0.0000,0.9491,0.0509,3.5000,1.8891,1.7123,2.5151,1.8257,1.0000,,0.0000,,3,0
56466,14075.0,0.7660,4,1.000,0.060,asphalt,0.0000,0.0000,0.0000,0.9360,0.0640,3.5000,1.8946,1.7173,2.5224,1.8310,1.0000,,0.0000,,3,0
56516,14118.0,0.7694,4,1.000,0.059,asphalt,0.0000,0.0000,0.0000,0.9222,0.0778,3.5000,1.9004,1.7225,2.5301,1.8366,1.0000,,0.0000,,3,0
56566,14161.0,0.7729,4,1.000,0.059,asphalt,0.0000,0.0000,0.0000,0.9085,0.0915,3.5000,1.9062,1.7278,2.5378,1.8422,1.0000,,0.0000,,3,0
56616,14203.0,0.7762,4,1.000,0.058,asphalt,0.0000,0.0000,0.0000,0.8950,0.1050,3.5000,1.9118,1.7329,2.5453,1.8477,1.0000,,0.0000,,3,1
56666,14244.0,0.7795,4,1.000,0.057,asphalt,0.0000,0.0000,0.0000,0.8819,0.1181,3.5000,1.9174,1.7379,2.5527,1.8530,1.0000,,0.0000,,3,1
56716,14284.0,0.7827,4,1.000,0.056,asphalt,0.0000,0.0000,0.0000,0.8691,0.1309,3.5000,1.9227,1.7428,2.5599,1.8582,1.0000,,0.0000,,3,1
56766,14323.0,0.7858,4,1.000,0.055,asphalt,0.0000,0.0000,0.0000,0.8566,0.1434,3.5000,1.9280,1.7476,2.5668,1.8633,1.0000,,0.0000,,3,1
56816,14360.0,0.7888,4,1.000,0.054,asphalt,0.0000,0.0000,0.0000,0.8448,0.1552,3.5000,1.9330,1.7521,2.5735,1.8681,1.0000,,0.0000,,3,1
56866,14396.0,0.7917,4,1.000,0.052,asphalt,0.0000,0.0000,0.0000,0.8333,0.1667,3.5000,1.9378,1.7565,2.5799,1.8728,1.0000,,0.0000,,3,1
56916,14431.0,0.7945,4,1.000,0.051,asphalt,0.0000,0.0000,0.0000,0.8221,0.1779,3.5000,1.9425,1.7607,2.5862,1.8773,1.0000,,0.0000,,3,1
56966,14464.0,0.7971,4,1.000,0.050,asphalt,0.0000,0.0000,0.0000,0.8115,0.1885,3.5000,1.9470,1.7648,2.5921,1.8816,1.0000,,0.0000,,3,1
57016,14496.0,0.7997,4,1.000,0.048,asphalt,0.0000,0.0000,0.0000,0.8013,0.1987,3.5000,1.9513,1.7687,2.5978,1.8858,1.0000,,0.0000,,3,1
57066,14527.0,0.8022,4,1.000,0.047,asphalt,0.0000,0.0000,0.0000,0.7914,0.2086,3.5000,1.9554,1.7724,2.6034,1.8898,1.0000,,0.0000,,3,1
57116,14557.0,0.8046,4,1.000,0.045,asphalt,0.0000,0.0000,0.0000,0.7818,0.2182,3.5000,1.9595,1.7761,2.6088,1.8937,1.0000,,0.0000,,3,1
57166,14585.0,0.8068,4,1.000,0.043,asphalt,0.0000,0.0000,0.0000,0.7728,0.2272,3.5000,1.9633,1.7795,2.6138,1.8974,1.0000,,0.0000,,3,1
57216,14613.0,0.8090,4,1.000,0.042,asphalt,0.0000,0.0000,0.0000,0.7638,0.2362,3.5000,1.9670,1.7829,2.6188,1.9010,1.0000,,0.0000,,3,1
57266,14640.0,0.8112,4,1.000,0.040,asphalt,0.0000,0.0000,0.0000,0.7552,0.2448,3.5000,1.9707,1.7862,2.6237,1.9045,1.0000,,0.0000,,3,1
57316,14665.0,0.8132,4,1.000,0.038,asphalt,0.0000,0.0000,0.0000,0.7472,0.2528,3.5000,1.9740,1.7893,2.6281,1.9078,1.0000,,0.0000,,3,1
57366,14690.0,0.8152,4,1.000,0.036,asphalt,0.0000,0.0000,0.0000,0.7392,0.2608,3.5000,1.9774,1.7923,2.6326,1.9110,1.0000,,0.0000,,3,1
57416,14715.0,0.8172,4,1.000,0.035,asphalt,0.0000,0.0000,0.0000,0.7312,0.2688,3.5000,1.9808,1.7954,2.6371,1.9143,1.0000,,0.0000,,3,1
57466,14738.0,0.8190,4,1.000,0.033,asphalt,0.0000,0.0000,0.0000,0.7238,0.2762,3.5000,1.9838,1.7982,2.6412,1.9173,1.0000,,0.0000,,3,1
57516,14762.0,0.8210,4,1.000,0.031,asphalt,0.0000,0.0000,0.0000,0.7162,0.2838,3.5000,1.9871,1.8011,2.6455,1.9204,1.0000,,0.0000,,3,1
57566,14785.0,0.8228,4,1.000,0.029,asphalt,0.0000,0.0000,0.0000,0.7088,0.2912,3.5000,1.9902,1.8039,2.6496,1.9234,1.0000,,0.0000,,3,1
57616,14824.0,0.8259,4,1.000,0.031,asphalt,0.0000,0.0000,0.0000,0.6963,0.3037,3.5000,1.9954,1.8087,2.6566,1.9285,1.0000,,0.0000,,3,1
57666,14932.0,0.8346,4,1.000,0.038,asphalt,0.0000,0.0000,0.0000,0.6618,0.3382,3.5000,2.0100,1.8219,2.6760,1.9425,1.0000,,0.0000,,3,1
57716,15089.0,0.8471,4,1.000,0.045,asphalt,0.0000,0.0000,0.0000,0.6115,0.3885,3.5000,2.0311,1.8410,2.7041,1.9629,1.0000,,0.0000,,3,1
57766,15171.0,0.8537,4,1.000,0.044,asphalt,0.0000,0.0000,0.0000,0.5853,0.4147,3.5000,2.0421,1.8510,2.7188,1.9736,1.0000,,0.0000,,3,1
57816,15205.0,0.8564,4,1.000,0.043,asphalt,0.0000,0.0000,0.0000,0.5744,0.4256,3.5000,2.0467,1.8552,2.7249,1.9780,1.0000,,0.0000,,3,1
57866,15208.0,0.8566,4,1.000,0.042,asphalt,0.0000,0.0000,0.0000,0.5734,0.4266,3.5000,2.0471,1.8555,2.7254,1.9784,1.0000,,0.0000,,3,1
57916,15201.0,0.8561,4,1.000,0.040,asphalt,0.0000,0.0000,0.0000,0.5757,0.4243,3.5000,2.0462,1.8547,2.7242,1.9775,1.0000,,0.0000,,3,1
57966,15203.0,0.8562,4,1.000,0.039,asphalt,0.0000,0.0000,0.0000,0.5750,0.4250,3.5000,2.0464,1.8549,2.7246,1.9778,1.0000,,0.0000,,3,1
58016,15233.0,0.8586,4,1.000,0.038,asphalt,0.0000,0.0000,0.0000,0.5654,0.4346,3.5000,2.0505,1.8586,2.7299,1.9817,1.0000,,0.0000,,3,1
58066,15240.0,0.8592,4,1.000,0.035,asphalt,0.0000,0.0000,0.0000,0.5632,0.4368,3.5000,2.0514,1.8594,2.7312,1.9826,1.0000,,0.0000,,3,1
58116,15248.0,0.8598,4,1.000,0.034,asphalt,0.0000,0.0000,0.0000,0.5606,0.4394,3.5000,2.0525,1.8604,2.7326,1.9836,1.0000,,0.0000,,3,1
58166,15258.0,0.8606,4,1.000,0.032,asphalt,0.0000,0.0000,0.0000,0.5574,0.4426,3.5000,2.0538,1.8616,2.7344,1.9849,1.0000,,0.0000,,3,1
58216,15271.0,0.8617,4,1.000,0.030,asphalt,0.0000,0.0000,0.0000,0.5533,0.4467,3.5000,2.0556,1.8632,2.7367,1.9866,1.0000,,0.0000,,3,1
58266,15284.0,0.8627,4,1.000,0.028,asphalt,0.0000,0.0000,0.0000,0.5491,0.4509,3.5000,2.0573,1.8648,2.7391,1.9883,1.0000,,0.0000,,3,1
58316,15299.0,0.8639,4,1.000,0.027,asphalt,0.0000,0.0000,0.0000,0.5443,0.4557,3.5000,2.0594,1.8666,2.7418,1.9902,1.0000,,0.0000,,3,1
58366,15335.0,0.8668,4,1.000,0.029,asphalt,0.0000,0.0000,0.0000,0.5328,0.4672,3.5000,2.0642,1.8710,2.7482,1.9949,1.0000,,0.0000,,3,1
58416,15450.0,0.8760,4,1.000,0.037,asphalt,0.0000,0.0000,0.0000,0.4960,0.5040,3.5000,2.0797,1.8851,2.7688,2.0099,1.0000,,0.0000,,4,1
58466,15614.0,0.8891,4,1.000,0.047,asphalt,0.0000,0.0000,0.0000,0.4435,0.5565,3.5000,2.1018,1.9051,2.7982,2.0312,1.0000,,0.0000,,4,1
58516,15781.0,0.9025,4,1.000,0.058,asphalt,0.0000,0.0000,0.0000,0.3901,0.6099,3.5000,2.1242,1.9255,2.8281,2.0529,1.0000,,0.0000,,4,1
58566,15911.0,0.9129,4,1.000,0.065,asphalt,0.0000,0.0000,0.0000,0.3485,0.6515,3.5000,2.1417,1.9413,2.8514,2.0699,1.0000,,0.0000,,4,1
58616,16010.0,0.9208,4,1.000,0.066,asphalt,0.0000,0.0000,0.0000,0.3168,0.6832,3.5000,2.1551,1.9534,2.8692,2.0827,1.0000,,0.0000,,4,1
58666,16068.0,0.9254,4,1.000,0.072,asphalt,0.0000,0.0000,0.0000,0.2982,0.7018,3.5000,2.1629,1.9605,2.8796,2.0903,1.0000,,0.0000,,4,1
58716,16017.0,0.9214,4,0.667,0.074,asphalt,0.0000,0.0000,0.0000,0.3146,0.6854,3.5000,2.1560,1.9542,2.8704,2.0836,0.8169,,0.0000,,4,1
58766,15188.0,0.8550,4,0.000,0.040,asphalt,0.0000,0.0000,0.0000,0.5798,0.4202,3.5000,2.0444,1.8531,2.7219,1.9758,0.4500,,0.0000,,3,1
58816,14453.0,0.7962,4,0.000,0.007,asphalt,0.0000,0.0000,0.0000,0.8150,0.1850,3.5000,1.9455,1.7634,2.5901,1.8802,0.4500,,0.0000,,3,1
58866,14048.0,0.7638,4,0.000,0.029,asphalt,0.0000,0.0000,0.0000,0.9446,0.0554,3.5000,1.8910,1.7140,2.5176,1.8275,0.4500,,0.0000,,3,0
58916,13835.0,0.7468,4,0.000,0.047,asphalt,0.0000,0.0000,0.0128,0.9872,0.0000,3.5000,1.8623,1.6880,2.4794,1.7998,0.4500,,0.0000,,3,0
58966,13608.0,0.7286,4,0.000,0.065,asphalt,0.0000,0.0000,0.0854,0.9146,0.0000,3.4529,1.8317,1.6603,2.4387,1.7703,0.4500,,0.0000,,3,0
59016,13342.0,0.7074,4,0.000,0.084,asphalt,0.0000,0.0000,0.1706,0.8294,0.0000,3.3854,1.7959,1.6279,2.3910,1.7357,0.4500,,0.0000,,3,1
59066,13084.0,0.6867,4,0.000,0.098,asphalt,0.0000,0.0000,0.2531,0.7469,0.0000,3.3200,1.7612,1.5964,2.3448,1.7021,0.4500,,0.0000,,3,1
59116,12819.0,0.6655,4,0.000,0.112,asphalt,0.0000,0.0000,0.3379,0.6621,0.0000,3.2527,1.7255,1.5641,2.2973,1.6676,0.4500,,0.0000,,3,1
59166,12539.0,0.6431,4,0.000,0.124,asphalt,0.0000,0.0000,0.4275,0.5725,0.0000,3.1817,1.6878,1.5299,2.2471,1.6312,0.4500,,0.0000,,3,1
59216,12258.0,0.6206,4,0.000,0.136,asphalt,0.0000,0.0000,0.5174,0.4826,0.0000,3.1104,1.6500,1.4956,2.1968,1.5946,0.4500,,0.0000,,2,1
59266,11972.0,0.5978,4,0.000,0.147,asphalt,0.0000,0.0000,0.6090,0.3910,0.0000,3.0378,1.6115,1.4607,2.1455,1.5574,0.4500,,0.0000,,2,1
59316,11674.0,0.5739,4,0.000,0.159,asphalt,0.0000,0.0000,0.7043,0.2957,0.0000,2.9622,1.5714,1.4244,2.0921,1.5187,0.4500,,0.0000,,2,1
59366,11362.0,0.5490,4,0.000,0.171,asphalt,0.0000,0.0000,0.8042,0.1958,0.0000,2.8830,1.5294,1.3863,2.0362,1.4781,0.4500,,0.0000,,2,1
59416,11030.0,0.5224,4,0.000,0.178,asphalt,0.0000,0.0000,0.9104,0.0896,0.0000,2.7988,1.4847,1.3458,1.9767,1.4349,0.4500,,0.0000,,2,0
59466,10697.0,0.4958,4,0.000,0.181,asphalt,0.0000,0.0170,0.9830,0.0000,0.0000,2.7143,1.4399,1.3051,1.9170,1.3916,0.4500,,0.0000,,2,0
59516,10414.0,0.4731,4,0.000,0.177,asphalt,0.0000,0.1075,0.8925,0.0000,0.0000,2.6425,1.4018,1.2706,1.8663,1.3548,0.4500,,0.0000,,2,1
59566,10202.0,0.4562,4,0.000,0.170,asphalt,0.0000,0.1754,0.8246,0.0000,0.0000,2.5887,1.3733,1.2448,1.8283,1.3272,0.4500,,0.0000,,2,1
59616,10624.0,0.4899,4,1.000,0.128,asphalt,0.0000,0.0403,0.9597,0.0000,0.0000,2.6958,1.4301,1.2962,1.9039,1.3821,1.0000,,0.0000,,2,0
59666,11377.0,0.5502,4,1.000,0.059,asphalt,0.0000,0.0000,0.7994,0.2006,0.0000,2.8868,1.5314,1.3881,2.0389,1.4800,1.0000,,0.0000,,2,1
59716,12019.0,0.6015,4,1.000,0.003,asphalt,0.0000,0.0000,0.5939,0.4061,0.0000,3.0497,1.6178,1.4664,2.1539,1.5635,1.0000,,0.0000,,2,1
59766,12495.0,0.6396,4,1.000,0.043,asphalt,0.0000,0.0000,0.4416,0.5584,0.0000,3.1705,1.6819,1.5245,2.2392,1.6255,1.0000,,0.0000,,3,1
59816,12780.0,0.6624,4,1.000,0.072,asphalt,0.0000,0.0000,0.3504,0.6496,0.0000,3.2428,1.7203,1.5593,2.2903,1.6625,1.0000,,0.0000,,3,1
59866,12930.0,0.6744,4,1.000,0.088,asphalt,0.0000,0.0000,0.3024,0.6976,0.0000,3.2809,1.7405,1.5776,2.3172,1.6821,1.0000,,0.0000,,3,1
59916,13026.0,0.6821,4,1.000,0.100,asphalt,0.0000,0.0000,0.2717,0.7283,0.0000,3.3053,1.7534,1.5893,2.3344,1.6945,1.0000,,0.0000,,3,1
59966,13119.0,0.6895,4,1.000,0.111,asphalt,0.0000,0.0000,0.2419,0.7581,0.0000,3.3289,1.7659,1.6007,2.3511,1.7066,1.0000,,0.0000,,3,1
60016,13232.0,0.6986,4,1.000,0.121,asphalt,0.0000,0.0000,0.2058,0.7942,0.0000,3.3575,1.7811,1.6144,2.3713,1.7213,1.0000,,0.0000,,3,1
60066,13367.0,0.7094,4,1.000,0.129,asphalt,0.0000,0.0000,0.1626,0.8374,0.0000,3.3918,1.7993,1.6309,2.3955,1.7389,1.0000,,0.0000,,3,1
60116,13522.0,0.7218,4,1.000,0.142,asphalt,0.0000,0.0000,0.1130,0.8870,0.0000,3.4311,1.8202,1.6498,2.4233,1.7591,1.0000,,0.0000,,3,1
60166,13658.0,0.7326,4,0.833,0.158,asphalt,0.0000,0.0000,0.0694,0.9306,0.0000,3.4656,1.8385,1.6664,2.4477,1.7768,0.9081,,0.0000,,3,0
60216,13021.0,0.6817,4,0.000,0.134,asphalt,0.0000,0.0000,0.2733,0.7267,0.0000,3.3040,1.7527,1.5887,2.3335,1.6939,0.4500,,0.0000,,3,1
60266,12249.0,0.6199,4,0.000,0.088,asphalt,0.0000,0.0000,0.5203,0.4797,0.0000,3.1081,1.6488,1.4945,2.1952,1.5935,0.4500,,0.0000,,2,1
60316,11659.0,0.5727,4,0.000,0.056,asphalt,0.0000,0.0000,0.7091,0.2909,0.0000,2.9584,1.5694,1.4225,2.0894,1.5167,0.4500,,0.0000,,2,1
60366,11202.0,0.5362,4,0.000,0.049,asphalt,0.0000,0.0000,0.8554,0.1446,0.0000,2.8424,1.5079,1.3668,2.0075,1.4573,0.4500,,0.0000,,2,1
60416,10831.0,0.5065,4,0.000,0.182,asphalt,0.0000,0.0000,0.9741,0.0259,0.0000,2.7483,1.4579,1.3215,1.9410,1.4090,0.4500,,0.0000,,2,0
60466,10510.0,0.4808,4,0.000,0.267,asphalt,0.0000,0.0768,0.9232,0.0000,0.0000,2.6668,1.4147,1.2823,1.8835,1.3672,0.4500,,0.0000,,2,0
60516,10211.0,0.4569,4,0.000,0.271,asphalt,0.0000,0.1725,0.8275,0.0000,0.0000,2.5910,1.3745,1.2459,1.8299,1.3283,0.4500,,0.0000,,2,1
60566,9948.0,0.4358,4,0.167,0.195,asphalt,0.0000,0.2566,0.7434,0.0000,0.0000,2.5242,1.3391,1.2138,1.7828,1.2941,0.5418,,0.0000,,2,1
60616,10420.0,0.4736,4,1.000,0.110,asphalt,0.0000,0.1056,0.8944,0.0000,0.0000,2.6440,1.4026,1.2714,1.8674,1.3555,1.0000,,0.0000,,2,1
60666,11030.0,0.5224,4,1.000,0.080,asphalt,0.0000,0.0000,0.9104,0.0896,0.0000,2.7988,1.4847,1.3458,1.9767,1.4349,1.0000,,0.0000,,2,0
60716,11528.0,0.5622,4,1.000,0.156,asphalt,0.0000,0.0000,0.7510,0.2490,0.0000,2.9251,1.5518,1.4065,2.0659,1.4997,1.0000,,0.0000,,2,1
60766,11914.0,0.5931,4,1.000,0.217,asphalt,0.0000,0.0000,0.6275,0.3725,0.0000,3.0231,1.6037,1.4536,2.1351,1.5499,1.0000,,0.0000,,2,1
60816,12284.0,0.6227,4,1.000,0.285,asphalt,0.0000,0.0000,0.5091,0.4909,0.0000,3.1170,1.6535,1.4988,2.2014,1.5980,1.0000,,0.0000,,2,1
60866,12588.0,0.6470,4,1.000,0.341,asphalt,0.0000,0.0000,0.4118,0.5882,0.0000,3.1941,1.6944,1.5359,2.2559,1.6376,1.0000,,0.0000,,3,1
60916,12873.0,0.6698,4,1.000,0.402,asphalt,0.0000,0.0000,0.3206,0.6794,0.0000,3.2664,1.7328,1.5706,2.3070,1.6746,1.0000,,0.0000,,3,1
60966,13122.0,0.6898,4,1.000,0.457,asphalt,0.0000,0.0000,0.2410,0.7590,0.0000,3.3296,1.7663,1.6010,2.3516,1.7070,1.0000,,0.0000,,3,1
61016,13339.0,0.7071,4,1.000,0.520,asphalt,0.0000,0.0000,0.1715,0.8285,0.0000,3.3847,1.7955,1.6275,2.3905,1.7353,1.0000,,0.0000,,3,1
61066,13535.0,0.7228,4,1.000,0.577,asphalt,0.0000,0.0000,0.1088,0.8912,0.0000,3.4344,1.8219,1.6514,2.4256,1.7608,1.0000,,0.0000,,3,1
61116,13749.0,0.7399,4,1.000,0.642,asphalt,0.0000,0.0000,0.0403,0.9597,0.0000,3.4887,1.8507,1.6775,2.4640,1.7886,1.0000,,0.0000,,3,0
61166,13952.0,0.7562,4,1.000,0.713,asphalt,0.0000,0.0000,0.0000,0.9754,0.0246,3.5000,1.8780,1.7023,2.5004,1.8150,1.0000,,0.0000,,3,0
61216,14135.0,0.7708,4,1.000,0.786,asphalt,0.0000,0.0000,0.0000,0.9168,0.0832,3.5000,1.9027,1.7246,2.5332,1.8388,1.0000,,0.0000,,3,0
61266,14301.0,0.7841,4,1.000,0.865,asphalt,0.0000,0.0000,0.0000,0.8637,0.1363,3.5000,1.9250,1.7449,2.5629,1.8604,1.0000,,0.0000,,3,1
61316,14447.0,0.7958,4,1.000,0.951,asphalt,0.0000,0.0000,0.0000,0.8170,0.1830,3.5000,1.9447,1.7627,2.5891,1.8794,1.0000,,0.0000,,3,1
61366,14573.0,0.8058,4,1.000,1.000,asphalt,0.0000,0.0000,0.0000,0.7766,0.2234,3.5000,1.9616,1.7781,2.6116,1.8958,1.0000,,0.0000,,3,1
61416,14685.0,0.8148,4,1.000,1.000,asphalt,0.0000,0.0000,0.0000,0.7408,0.2592,3.5000,1.9767,1.7917,2.6317,1.9104,1.0000,,0.0000,,3,1
61466,14782.0,0.8226,4,1.000,1.000,asphalt,0.0000,0.0000,0.0000,0.7098,0.2902,3.5000,1.9898,1.8036,2.6491,1.9230,1.0000,,0.0000,,3,1
61520,14864.0,0.8291,4,1.000,1.000,asphalt,0.0000,0.0000,0.0000,0.6835,0.3165,3.5000,2.0008,1.8136,2.6638,1.9337,1.0000,,0.0000,,3,1
61579,14735.0,0.8188,4,0.500,1.000,asphalt,0.0000,0.0000,0.0000,0.7248,0.2752,3.5000,1.9834,1.7978,2.6407,1.9169,0.7250,,0.0000,,3,1
61629,13753.0,0.7402,4,0.000,1.000,asphalt,0.0000,0.0000,0.0390,0.9610,0.0000,3.4897,1.8513,1.6780,2.4647,1.7891,0.4500,,0.0000,,3,0
61684,12764.0,0.6611,4,0.000,1.000,asphalt,0.0000,0.0000,0.3555,0.6445,0.0000,3.2388,1.7181,1.5573,2.2875,1.6605,0.4500,,0.0000,,3,1
61743,11572.0,0.5658,4,0.000,1.000,asphalt,0.0000,0.0000,0.7370,0.2630,0.0000,2.9363,1.5577,1.4119,2.0738,1.5054,0.4500,,0.0000,,2,1
61795,10763.0,0.5010,4,0.000,1.000,asphalt,0.0000,0.0000,0.9958,0.0042,0.0000,2.7310,1.4488,1.3132,1.9289,1.4002,0.4500,,0.0000,,2,0
61851,10015.0,0.4412,4,0.000,1.000,asphalt,0.0000,0.2352,0.7648,0.0000,0.0000,2.5412,1.3481,1.2219,1.7948,1.3028,0.4500,,0.0000,,2,1
61911,9213.0,0.3770,4,0.000,1.000,asphalt,0.0000,0.4918,0.5082,0.0000,0.0000,2.3377,1.2401,1.1241,1.6511,1.1985,0.4500,,0.0000,,2,1
61961,8423.0,0.3138,4,0.000,1.000,asphalt,0.0000,0.7446,0.2554,0.0000,0.0000,2.1373,1.1338,1.0277,1.5095,1.0957,0.4500,,0.0000,,1,1
62013,7558.0,0.2446,4,0.000,1.000,asphalt,0.0214,0.9786,0.0000,0.0000,0.0000,1.9178,1.0174,0.9222,1.3545,0.9832,0.4500,,0.0000,,1,0
62067,7843.0,0.2674,3,0.000,1.000,asphalt,0.0000,0.9302,0.0698,0.0000,0.0000,1.9901,1.0557,0.9569,1.4056,1.0203,0.4500,,0.0000,shift_down,1,0
62119,7381.0,0.2305,3,0.000,1.000,asphalt,0.0781,0.9219,0.0000,0.0000,0.0000,1.8729,0.9935,0.9006,1.3228,0.9602,0.4500,,0.0000,,1,0
62173,6944.0,0.1955,3,0.000,1.000,asphalt,0.2179,0.7821,0.0000,0.0000,0.0000,1.7620,0.9347,0.8472,1.2444,0.9033,0.4500,,0.0000,,1,1
62227,6216.0,0.1373,3,0.000,1.000,asphalt,0.4509,0.5491,0.0000,0.0000,0.0000,1.5773,0.8367,0.7584,1.1140,0.8086,0.4500,,0.0000,,1,1
62280,5577.0,0.0862,3,0.000,1.000,asphalt,0.6554,0.3446,0.0000,0.0000,0.0000,1.4151,0.7507,0.6805,0.9995,0.7255,0.4500,,0.0000,,0,1
62333,7092.0,0.2074,2,0.000,0.845,asphalt,0.1706,0.8294,0.0000,0.0000,0.0000,1.7995,0.9546,0.8653,1.2710,0.9226,0.4500,,0.0000,shift_down,1,1
62386,6707.0,0.1766,2,0.000,0.748,asphalt,0.2938,0.7062,0.0000,0.0000,0.0000,1.7019,0.9028,0.8183,1.2020,0.8725,0.4500,,0.0000,,1,1
62439,6369.0,0.1495,2,0.000,0.655,asphalt,0.4019,0.5981,0.0000,0.0000,0.0000,1.6161,0.8573,0.7771,1.1414,0.8285,0.4500,,0.0000,,1,1
62493,5613.0,0.0890,2,0.000,0.627,asphalt,0.6438,0.3562,0.0000,0.0000,0.0000,1.4243,0.7556,0.6848,1.0059,0.7302,0.4500,,0.0000,,0,1
62547,5036.0,0.0429,2,0.000,0.571,asphalt,0.8285,0.1715,0.0000,0.0000,0.0000,1.2778,0.6779,0.6144,0.9025,0.6551,0.4500,,0.0000,,0,1
62601,6955.0,0.1964,1,0.000,0.443,asphalt,0.2144,0.7856,0.0000,0.0000,0.0000,1.7648,0.9362,0.8486,1.2464,0.9048,0.4500,,0.0000,shift_down,1,1
62653,6660.0,0.1728,1,0.000,0.358,asphalt,0.3088,0.6912,0.0000,0.0000,0.0000,1.6899,0.8965,0.8126,1.1935,0.8664,0.4500,,0.0000,,1,1
62707,6349.0,0.1479,1,0.000,0.268,asphalt,0.4083,0.5917,0.0000,0.0000,0.0000,1.6110,0.8546,0.7746,1.1378,0.8259,0.4500,,0.0000,,1,1
62760,6113.0,0.1290,1,0.000,0.192,asphalt,0.4838,0.5162,0.0000,0.0000,0.0000,1.5511,0.8229,0.7459,1.0955,0.7952,0.4500,,0.0000,,1,1
62813,5899.0,0.1119,1,0.000,0.123,asphalt,0.5523,0.4477,0.0000,0.0000,0.0000,1.4968,0.7941,0.7197,1.0572,0.7674,0.4500,,0.0000,,0,1
62868,5680.0,0.0944,1,0.000,0.049,asphalt,0.6224,0.3776,0.0000,0.0000,0.0000,1.4413,0.7646,0.6930,1.0179,0.7389,0.4500,,0.0000,,0,1
62921,5603.0,0.0882,1,0.333,0.010,asphalt,0.6470,0.3530,0.0000,0.0000,0.0000,1.4217,0.7542,0.6836,1.0041,0.7289,0.6331,,0.0000,,0,1
62975,6394.0,0.1515,1,1.000,0.053,asphalt,0.3939,0.6061,0.0000,0.0000,0.0000,1.6224,0.8607,0.7801,1.1459,0.8318,1.0000,,0.0000,,1,1
63027,7075.0,0.2060,1,1.000,0.102,asphalt,0.1760,0.8240,0.0000,0.0000,0.0000,1.7952,0.9523,0.8632,1.2679,0.9204,1.0000,,0.0000,,1,1
63080,7633.0,0.2506,1,1.000,0.137,asphalt,0.0000,0.9974,0.0026,0.0000,0.0000,1.9368,1.0275,0.9313,1.3679,0.9930,1.0000,,0.0000,,1,0
63134,7913.0,0.2730,1,1.000,0.129,asphalt,0.0000,0.9078,0.0922,0.0000,0.0000,2.0079,1.0652,0.9655,1.4181,1.0294,1.0000,,0.0000,,1,0
63187,8179.0,0.2943,1,1.000,0.122,asphalt,0.0000,0.8227,0.1773,0.0000,0.0000,2.0754,1.1010,0.9979,1.4658,1.0640,1.0000,,0.0000,,1,1
63243,8546.0,0.3237,1,1.000,0.130,asphalt,0.0000,0.7053,0.2947,0.0000,0.0000,2.1685,1.1504,1.0427,1.5315,1.1117,1.0000,,0.0000,,1,1
63296,8902.0,0.3522,1,1.000,0.148,asphalt,0.0000,0.5914,0.4086,0.0000,0.0000,2.2588,1.1983,1.0861,1.5953,1.1581,1.0000,,0.0000,,1,1
63349,9344.0,0.3875,1,1.000,0.181,asphalt,0.0000,0.4499,0.5501,0.0000,0.0000,2.3710,1.2578,1.1401,1.6746,1.2156,1.0000,,0.0000,,2,1
63402,9702.0,0.4162,1,1.000,0.218,asphalt,0.0000,0.3354,0.6646,0.0000,0.0000,2.4618,1.3060,1.1837,1.7387,1.2621,1.0000,,0.0000,,2,1
63455,10148.0,0.4518,1,1.000,0.259,asphalt,0.0000,0.1926,0.8074,0.0000,0.0000,2.5750,1.3660,1.2382,1.8186,1.3202,1.0000,,0.0000,,2,1
63509,10544.0,0.4835,1,1.000,0.284,asphalt,0.0000,0.0659,0.9341,0.0000,0.0000,2.6755,1.4193,1.2865,1.8896,1.3717,1.0000,,0.0000,,2,0
63562,10944.0,0.5155,1,1.000,0.305,asphalt,0.0000,0.0000,0.9379,0.0621,0.0000,2.7770,1.4731,1.3353,1.9613,1.4237,1.0000,,0.0000,,2,0
63614,11334.0,0.5467,1,1.000,0.319,asphalt,0.0000,0.0000,0.8131,0.1869,0.0000,2.8759,1.5256,1.3829,2.0312,1.4744,1.0000,,0.0000,,2,1
63667,11838.0,0.5870,1,1.000,0.365,asphalt,0.0000,0.0000,0.6518,0.3482,0.0000,3.0038,1.5935,1.4444,2.1215,1.5400,1.0000,,0.0000,,2,1
63720,12400.0,0.6320,1,1.000,0.421,asphalt,0.0000,0.0000,0.4720,0.5280,0.0000,3.1464,1.6691,1.5129,2.2222,1.6131,1.0000,,0.0000,,3,1
63772,12939.0,0.6751,1,1.000,0.504,asphalt,0.0000,0.0000,0.2995,0.7005,0.0000,3.2832,1.7417,1.5787,2.3188,1.6832,1.0000,,0.0000,,3,1
63825,13488.0,0.7190,1,1.000,0.581,asphalt,0.0000,0.0000,0.1238,0.8762,0.0000,3.4225,1.8156,1.6457,2.4172,1.7547,1.0000,,0.0000,,3,1
63877,13558.0,0.7246,1,0.167,0.636,asphalt,0.0000,0.0000,0.1014,0.8986,0.0000,3.4402,1.8250,1.6542,2.4297,1.7638,0.5418,,0.0000,,3,1
63929,12848.0,0.6678,1,0.000,0.627,asphalt,0.0000,0.0000,0.3286,0.6714,0.0000,3.2601,1.7294,1.5676,2.3025,1.6714,0.4500,,0.0000,,3,1
63981,12197.0,0.6158,1,0.000,0.612,asphalt,0.0000,0.0000,0.5370,0.4630,0.0000,3.0949,1.6418,1.4882,2.1858,1.5867,0.4500,,0.0000,,2,1
64033,11516.0,0.5613,1,0.000,0.596,asphalt,0.0000,0.0000,0.7549,0.2451,0.0000,2.9221,1.5501,1.4051,2.0638,1.4981,0.4500,,0.0000,,2,1
64083,10985.0,0.5188,1,0.000,0.585,asphalt,0.0000,0.0000,0.9248,0.0752,0.0000,2.7874,1.4787,1.3403,1.9686,1.4290,0.4500,,0.0000,,2,0
64133,10499.0,0.4799,1,0.000,0.581,asphalt,0.0000,0.0803,0.9197,0.0000,0.0000,2.6640,1.4132,1.2810,1.8815,1.3658,0.4500,,0.0000,,2,0
64192,9975.0,0.4380,1,0.000,0.576,asphalt,0.0000,0.2480,0.7520,0.0000,0.0000,2.5311,1.3427,1.2171,1.7876,1.2976,0.4500,,0.0000,,2,1
64247,9491.0,0.3993,1,0.000,0.576,asphalt,0.0000,0.4029,0.5971,0.0000,0.0000,2.4083,1.2776,1.1580,1.7009,1.2347,0.4500,,0.0000,,2,1
64297,9104.0,0.3683,1,0.000,0.576,asphalt,0.0000,0.5267,0.4733,0.0000,0.0000,2.3101,1.2255,1.1108,1.6315,1.1843,0.4500,,0.0000,,1,1
64355,8679.0,0.3343,1,0.000,0.572,asphalt,0.0000,0.6627,0.3373,0.0000,0.0000,2.2022,1.1683,1.0589,1.5554,1.1290,0.4500,,0.0000,,1,1
64410,8279.0,0.3023,1,0.000,0.564,asphalt,0.0000,0.7907,0.2093,0.0000,0.0000,2.1007,1.1144,1.0101,1.4837,1.0770,0.4500,,0.0000,,1,1
64460,7955.0,0.2764,1,0.000,0.555,asphalt,0.0000,0.8944,0.1056,0.0000,0.0000,2.0185,1.0708,0.9706,1.4256,1.0349,0.4500,,0.0000,,1,1
64517,7599.0,0.2479,1,0.000,0.544,asphalt,0.0083,0.9917,0.0000,0.0000,0.0000,1.9282,1.0229,0.9272,1.3618,0.9886,0.4500,,0.0000,,1,0
64570,7310.0,0.2248,1,0.000,0.533,asphalt,0.1008,0.8992,0.0000,0.0000,0.0000,1.8549,0.9840,0.8919,1.3100,0.9510,0.4500,,0.0000,,1,1
64624,6988.0,0.1990,1,0.000,0.517,asphalt,0.2038,0.7962,0.0000,0.0000,0.0000,1.7732,0.9406,0.8526,1.2523,0.9091,0.4500,,0.0000,,1,1
64674,6724.0,0.1779,1,0.000,0.502,asphalt,0.2883,0.7117,0.0000,0.0000,0.0000,1.7062,0.9051,0.8204,1.2050,0.8747,0.4500,,0.0000,,1,1
64724,6472.0,0.1578,1,0.000,0.485,asphalt,0.3690,0.6310,0.0000,0.0000,0.0000,1.6422,0.8712,0.7897,1.1599,0.8419,0.4500,,0.0000,,1,1
64774,6229.0,0.1383,1,0.000,0.465,asphalt,0.4467,0.5533,0.0000,0.0000,0.0000,1.5806,0.8385,0.7600,1.1163,0.8103,0.4500,,0.0000,,1,1
64824,5997.0,0.1198,1,0.000,0.444,asphalt,0.5210,0.4790,0.0000,0.0000,0.0000,1.5217,0.8072,0.7317,1.0747,0.7801,0.4500,,0.0000,,0,1
64874,5773.0,0.1018,1,0.000,0.421,asphalt,0.5926,0.4074,0.0000,0.0000,0.0000,1.4649,0.7771,0.7044,1.0346,0.7510,0.4500,,0.0000,,0,1
64924,5558.0,0.0846,1,0.000,0.396,asphalt,0.6614,0.3386,0.0000,0.0000,0.0000,1.4103,0.7481,0.6781,0.9961,0.7230,0.4500,,0.0000,,0,1
64974,5352.0,0.0682,1,0.000,0.372,asphalt,0.7274,0.2726,0.0000,0.0000,0.0000,1.3580,0.7204,0.6530,0.9591,0.6962,0.4500,,0.0000,,0,1
65024,5154.0,0.0523,1,0.000,0.346,asphalt,0.7907,0.2093,0.0000,0.0000,0.0000,1.3078,0.6938,0.6288,0.9237,0.6705,0.4500,,0.0000,,0,1
65074,4963.0,0.0370,1,0.000,0.320,asphalt,0.8518,0.1482,0.0000,0.0000,0.0000,1.2593,0.6681,0.6055,0.8894,0.6456,0.4500,,0.0000,,0,1
65124,4780.0,0.0224,1,0.000,0.294,asphalt,0.9104,0.0896,0.0000,0.0000,0.0000,1.2129,0.6434,0.5832,0.8566,0.6218,0.4500,,0.0000,,0,0
65174,4604.0,0.0083,1,0.000,0.268,asphalt,0.9667,0.0333,0.0000,0.0000,0.0000,1.1682,0.6197,0.5617,0.8251,0.5989,0.4500,,0.0000,,0,0
65224,4500.0,0.0000,1,0.000,0.284,asphalt,1.0000,0.0000,0.0000,0.0000,0.0000,1.1418,0.6057,0.5490,0.8065,0.5854,0.4500,,0.0000,,0,0
65274,4500.0,0.0000,1,0.000,0.297,asphalt,1.0000,0.0000,0.0000,0.0000,0.0000,1.1418,0.6057,0.5490,0.8065,0.5854,0.4500,,0.0000,,0,0
65324,4500.0,0.0000,1,0.000,0.307,asphalt,1.0000,0.0000,0.0000,0.0000,0.0000,1.1418,0.6057,0.5490,0.8065,0.5854,0.4500,,0.0000,,0,0
65374,4500.0,0.0000,1,0.000,0.316,asphalt,1.0000,0.0000,0.0000,0.0000,0.0000,1.1418,0.6057,0.5490,0.8065,0.5854,0.4500,,0.0000,,0,0
65424,4500.0,0.0000,1,0.000,0.322,asphalt,1.0000,0.0000,0.0000,0.0000,0.0000,1.1418,0.6057,0.5490,0.8065,0.5854,0.4500,,0.0000,,0,0
65474,4500.0,0.0000,1,0.000,0.325,asphalt,1.0000,0.0000,0.0000,0.0000,0.0000,1.1418,0.6057,0.5490,0.8065,0.5854,0.4500,,0.0000,,0,0
65524,4500.0,0.0000,1,0.000,0.327,asphalt,1.0000,0.0000,0.0000,0.0000,0.0000,1.1418,0.6057,0.5490,0.8065,0.5854,0.4500,,0.0000,,0,0
65574,4500.0,0.0000,1,0.000,0.325,asphalt,1.0000,0.0000,0.0000,0.0000,0.0000,1.1418,0.6057,0.5490,0.8065,0.5854,0.4500,,0.0000,,0,0
65624,4500.0,0.0000,1,0.000,0.323,asphalt,1.0000,0.0000,0.0000,0.0000,0.0000,1.1418,0.6057,0.5490,0.8065,0.5854,0.4500,,0.0000,,0,0
65674,4500.0,0.0000,1,0.000,0.316,asphalt,1.0000,0.0000,0.0000,0.0000,0.0000,1.1418,0.6057,0.5490,0.8065,0.5854,0.4500,,0.0000,,0,0
65724,4500.0,0.0000,1,0.000,0.315,asphalt,1.0000,0.0000,0.0000,0.0000,0.0000,1.1418,0.6057,0.5490,0.8065,0.5854,0.4500,,0.0000,,0,0
65774,4500.0,0.0000,1,0.000,0.308,asphalt,1.0000,0.0000,0.0000,0.0000,0.0000,1.1418,0.6057,0.5490,0.8065,0.5854,0.4500,,0.0000,,0,0
65824,4500.0,0.0000,1,0.000,0.299,asphalt,1.0000,0.0000,0.0000,0.0000,0.0000,1.1418,0.6057,0.5490,0.8065,0.5854,0.4500,,0.0000,,0,0
65874,4500.0,0.0000,1,0.000,0.290,asphalt,1.0000,0.0000,0.0000,0.0000,0.0000,1.1418,0.6057,0.5490,0.8065,0.5854,0.4500,,0.0000,,0,0
65924,4500.0,0.0000,1,0.000,0.279,asphalt,1.0000,0.0000,0.0000,0.0000,0.0000,1.1418,0.6057,0.5490,0.8065,0.5854,0.4500,,0.0000,,0,0
65974,4500.0,0.0000,1,0.000,0.285,asphalt,1.0000,0.0000,0.0000,0.0000,0.0000,1.1418,0.6057,0.5490,0.8065,0.5854,0.4500,,0.0000,,0,0
66024,4500.0,0.0000,1,0.000,0.265,asphalt,1.0000,0.0000,0.0000,0.0000,0.0000,1.1418,0.6057,0.5490,0.8065,0.5854,0.4500,,0.0000,,0,0
66075,4500.0,0.0000,1,0.000,0.240,asphalt,1.0000,0.0000,0.0000,0.0000,0.0000,1.1418,0.6057,0.5490,0.8065,0.5854,0.4500,,0.0000,,0,0
66125,4500.0,0.0000,1,0.000,0.229,asphalt,1.0000,0.0000,0.0000,0.0000,0.0000,1.1418,0.6057,0.5490,0.8065,0.5854,0.4500,,0.0000,,0,0
66175,4500.0,0.0000,1,0.000,0.202,asphalt,1.0000,0.0000,0.0000,0.0000,0.0000,1.1418,0.6057,0.5490,0.8065,0.5854,0.4500,,0.0000,,0,0
66233,4500.0,0.0000,1,0.000,0.162,asphalt,1.0000,0.0000,0.0000,0.0000,0.0000,1.1418,0.6057,0.5490,0.8065,0.5854,0.4500,,0.0000,,0,0
66291,4500.0,0.0000,1,0.000,0.126,asphalt,1.0000,0.0000,0.0000,0.0000,0.0000,1.1418,0.6057,0.5490,0.8065,0.5854,0.4500,,0.0000,,0,0
66341,4500.0,0.0000,1,0.000,0.108,asphalt,1.0000,0.0000,0.0000,0.0000,0.0000,1.1418,0.6057,0.5490,0.8065,0.5854,0.4500,,0.0000,,0,0
66391,4500.0,0.0000,1,0.000,0.084,asphalt,1.0000,0.0000,0.0000,0.0000,0.0000,1.1418,0.6057,0.5490,0.8065,0.5854,0.4500,,0.0000,,0,0
66441,4500.0,0.0000,1,0.000,0.046,asphalt,1.0000,0.0000,0.0000,0.0000,0.0000,1.1418,0.6057,0.5490,0.8065,0.5854,0.4500,,0.0000,,0,0
66491,4500.0,0.0000,1,0.000,0.031,asphalt,1.0000,0.0000,0.0000,0.0000,0.0000,1.1418,0.6057,0.5490,0.8065,0.5854,0.4500,,0.0000,,0,0
66541,4500.0,0.0000,1,0.000,0.022,asphalt,1.0000,0.0000,0.0000,0.0000,0.0000,1.1418,0.6057,0.5490,0.8065,0.5854,0.4500,,0.0000,,0,0
66591,4500.0,0.0000,1,0.000,0.018,asphalt,1.0000,0.0000,0.0000,0.0000,0.0000,1.1418,0.6057,0.5490,0.8065,0.5854,0.4500,,0.0000,,0,0
66641,4500.0,0.0000,1,0.000,0.015,asphalt,1.0000,0.0000,0.0000,0.0000,0.0000,1.1418,0.6057,0.5490,0.8065,0.5854,0.4500,,0.0000,,0,0
66691,4500.0,0.0000,1,0.000,0.014,asphalt,1.0000,0.0000,0.0000,0.0000,0.0000,1.1418,0.6057,0.5490,0.8065,0.5854,0.4500,,0.0000,,0,0
66741,4500.0,0.0000,1,0.000,0.013,asphalt,1.0000,0.0000,0.0000,0.0000,0.0000,1.1418,0.6057,0.5490,0.8065,0.5854,0.4500,,0.0000,,0,0
66791,4500.0,0.0000,1,0.000,0.013,asphalt,1.0000,0.0000,0.0000,0.0000,0.0000,1.1418,0.6057,0.5490,0.8065,0.5854,0.4500,,0.0000,,0,0
66841,4500.0,0.0000,1,0.000,0.012,asphalt,1.0000,0.0000,0.0000,0.0000,0.0000,1.1418,0.6057,0.5490,0.8065,0.5854,0.4500,,0.0000,,0,0
66891,4500.0,0.0000,1,0.000,0.012,asphalt,1.0000,0.0000,0.0000,0.0000,0.0000,1.1418,0.6057,0.5490,0.8065,0.5854,0.4500,,0.0000,,0,0
66941,4500.0,0.0000,1,0.000,0.012,asphalt,1.0000,0.0000,0.0000,0.0000,0.0000,1.1418,0.6057,0.5490,0.8065,0.5854,0.4500,,0.0000,,0,0
66991,4500.0,0.0000,1,0.000,0.012,asphalt,1.0000,0.0000,0.0000,0.0000,0.0000,1.1418,0.6057,0.5490,0.8065,0.5854,0.4500,,0.0000,,0,0
67041,4500.0,0.0000,1,0.000,0.012,asphalt,1.0000,0.0000,0.0000,0.0000,0.0000,1.1418,0.6057,0.5490,0.8065,0.5854,0.4500,,0.0000,,0,0
67091,4500.0,0.0000,1,0.000,0.012,asphalt,1.0000,0.0000,0.0000,0.0000,0.0000,1.1418,0.6057,0.5490,0.8065,0.5854,0.4500,,0.0000,,0,0
67141,4500.0,0.0000,1,0.000,0.012,asphalt,1.0000,0.0000,0.0000,0.0000,0.0000,1.1418,0.6057,0.5490,0.8065,0.5854,0.4500,,0.0000,,0,0
67191,4500.0,0.0000,1,0.000,0.012,asphalt,1.0000,0.0000,0.0000,0.0000,0.0000,1.1418,0.6057,0.5490,0.8065,0.5854,0.4500,,0.0000,,0,0
67323,4500.0,0.0000,1,0.000,0.012,asphalt,1.0000,0.0000,0.0000,0.0000,0.0000,1.1418,0.6057,0.5490,0.8065,0.5854,0.4500,,0.0000,,0,0
