1,4500.000,0.00000,0.000,0.000,1,0.00001,0.0000011872798,-0.000021952075,0.00000081231946,-0.000021577163,0,0,0,0,0,2319.2957,2316.65,3618.4663,3605.8948,-0.9052275,-0.9033226,-1.0893221,-1.0833778,112.3549,112.353195,107.41404,107.40828,0
2,4500.000,0.00000,0.957,0.000,1,0.00553,0.0054488587,0.0056206034,0.0054542883,0.0055921804,0,0,0,0,0,1802.5869,1822.8777,3841.7117,3860.674,-1.474648,-1.4612957,-1.1490664,-1.1373405,112.38069,112.40017,108.24904,108.25876,0
3,4500.000,0.00000,1.284,0.006,1,0.00608,0.0015563795,0.0016361225,0.005967378,0.006194511,0,0,0,0,0,3176.2568,3176.3936,4448.011,4445.9336,-0.9520073,-0.94437,-0.84924656,-0.8442821,113.850525,113.857605,109.04609,109.047356,0
4,4500.000,0.00000,1.784,0.019,1,0.01163,-0.011369557,-0.011881944,0.002167742,0.0021155553,0,0,0,0,0,3469.0522,3466.044,4324.2617,4320.436,-0.4750279,-0.4725623,-0.6805813,-0.679744,114.73544,114.73431,109.27807,109.27517,0
5,4500.000,0.00000,2.302,0.033,1,0.00348,-0.0033820411,-0.0035768067,-0.0022270582,-0.0025675711,0,0,0,0,0,3248.455,3247.0771,3994.885,3993.7908,-0.30650562,-0.30607387,-0.65483,-0.65496397,114.828766,114.82642,109.13869,109.136536,0
6,4500.000,0.00000,2.762,0.044,1,0.01037,0.01010351,0.010640321,-0.005255295,-0.005662042,0,0,0,0,0,2941.3054,2941.635,3623.93,3624.8733,-0.34079865,-0.3406001,-0.7075528,-0.70740044,114.53654,114.53576,108.838,108.83773,0
7,4500.000,0.00000,3.150,0.048,1,0.00695,0.0047486653,0.005155241,-0.006831056,-0.0070781657,0,0,0,0,0,2665.1296,2666.1877,3266.0305,3267.6582,-0.45301333,-0.452611,-0.78461844,-0.78412503,114.15028,114.15093,108.49459,108.49553,0
8,4500.000,0.00000,3.473,0.045,1,0.00722,-0.007100957,-0.007335692,-0.006560019,-0.006531828,0,0,0,0,0,2430.4348,2431.5757,2929.629,2931.171,-0.5713556,-0.57086885,-0.8573503,-0.8567949,113.78447,113.78576,108.15499,108.15631,10.036402
9,4500.000,0.00000,3.735,0.037,1,0.00716,-0.006950132,-0.0073606684,-0.0044640847,-0.004173927,0,0,0,0,0,2219.151,2220.112,2610.2036,2611.4504,-0.6697724,-0.669393,-0.9153251,-0.9149086,113.45595,113.45728,107.83029,107.831535,10.036402
10,4500.000,0.00000,3.942,0.028,1,0.00245,0.0024700947,0.0024357066,-0.0015812361,-0.0011445106,0,0,0,0,0,2015.4122,2016.1953,2303.525,2304.504,-0.7454245,-0.74522966,-0.95693153,-0.956716,113.15057,113.15176,107.519966,107.521,10.036402
11,4500.000,0.00000,4.096,0.019,1,0.00745,0.007313836,0.0075916746,0.0007789113,0.0012072955,0,0,0,0,0,1812.1461,1812.8063,2008.3506,2009.1495,-0.8025767,-0.8025535,-0.983498,-0.98345697,112.85422,112.85523,107.2222,107.22305,10.036402
12,4500.000,0.00000,4.197,0.012,1,0.00290,0.0028180322,0.002991886,0.0019778674,0.0022728683,0,0,0,0,0,1608.7096,1609.2866,1725.712,1726.3651,-0.8453909,-0.8454922,-0.9967124,-0.9968023,112.56047,112.561356,106.93671,106.93741,10.036402
13,4500.000,0.00000,4.248,0.008,1,0.00439,-0.0043226117,-0.0044562127,0.0021375006,0.0022449174,0,0,0,0,0,1407.4008,1407.8916,1457.4636,1458.0138,-0.87618303,-0.8763714,-0.9979712,-0.998143,112.269165,112.269936,106.66448,106.66508,10.036402
14,4500.000,0.00000,4.249,0.005,1,0.00702,-0.006869677,-0.0071612922,0.0016362113,0.0015699667,0,0,0,0,0,1211.1694,1211.5752,1192.7191,1193.1636,-0.8958635,-0.89610916,-0.98644936,-0.9866769,111.98315,111.9838,106.398285,106.39878,10.036402
15,4500.000,0.00000,4.202,0.003,1,0.00417,-0.004069278,-0.004264062,0.00067431066,0.0004878004,0,0,0,0,0,1022.51056,1022.82697,935.9097,936.21796,-0.9048049,-0.90508825,-0.96586496,-0.96613115,111.70585,111.70638,106.13764,106.13802,10.036402
16,4500.000,0.00000,4.109,0.002,1,0.00080,0.00037468574,0.0003986072,-0.00067759433,-0.0009233731,0,0,0,0,0,837.89526,838.08685,678.19214,678.3385,-0.9021816,-0.9024971,-0.9333905,-0.93368137,111.43492,111.435295,105.879326,105.87956,10.0048485
17,4500.000,0.00000,3.970,0.001,1,0.00308,0.0029808865,0.0031757243,-0.0024071625,-0.0026636412,0,0,0,0,0,653.71136,653.8015,425.57254,425.51584,-0.888894,-0.8892261,-0.8911853,-0.8914874,111.165276,111.165504,105.62595,105.626015,10.0048485
18,4500.000,0.00000,3.785,0.001,1,0.00457,0.0028254124,0.0030725729,-0.0044523566,-0.004691217,0,0,0,0,0,465.829,465.7973,179.80975,179.51906,-0.86416,-0.86448956,-0.83743906,-0.8377276,110.89313,110.893196,105.38212,105.38199,10.0048485
19,4500.000,0.00000,3.556,0.008,1,0.00100,0.0008943967,0.0011041272,0,0,0,0,0,0,0,275.7406,275.59906,0,0,-0.8285194,-0.82882285,-0.76806074,-0.768297,110.61956,110.61948,105.15288,105.15258,10.0048485
20,4500.000,0.00000,3.287,0.001,1,0.00115,-0.0012222672,-0.0010733152,0,0,0,0,0,0,0,83.82387,83.51163,0,0,-0.77825475,-0.7785169,-0.6839552,-0.6841493,110.34937,110.3491,105.00001,105.00001,10.0048485
21,4500.000,0.00000,2.999,0.007,1,0.00000,0,0,0,0,0,0,0,0,0,0,0,0,0,-0.7065569,-0.7067446,-0.5999598,-0.6001196,110.092606,110.09214,105.00001,105.00001,9.985953
22,4500.000,0.00000,2.703,0.002,1,0.00000,0,0,0,0,0,0,0,0,0,0,0,0,0,-0.6224849,-0.62262124,-0.5221145,-0.52224624,110.0001,110.0001,105.00001,105.00001,9.985953
23,4500.000,0.00000,2.407,0.006,1,0.00000,0,0,0,0,0,0,0,0,0,0,0,0,0,-0.5392547,-0.5393549,-0.45243415,-0.45254278,110.00011,110.00011,105.00001,105.00001,9.985953
24,4500.000,0.00000,2.111,0.002,1,0.00000,0,0,0,0,0,0,0,0,0,0,0,0,0,-0.46259552,-0.46266994,-0.39114657,-0.39123622,110.00011,110.00011,105.00001,105.00001,9.985953
25,4500.000,0.00000,1.815,0.006,1,0.00000,0,0,0,0,0,0,0,0,0,0,0,0,0,-0.39452842,-0.39458412,-0.33773467,-0.33780867,110.000114,110.000114,105.00001,105.00001,9.985953
26,4500.000,0.00000,1.519,0.003,1,0.00000,0,0,0,0,0,0,0,0,0,0,0,0,0,-0.3352989,-0.33534086,-0.29141515,-0.29147622,110.00012,110.00012,105.00001,105.00001,9.973629
27,4500.000,0.00000,1.224,0.006,1,0.00000,0,0,0,0,0,0,0,0,0,0,0,0,0,-0.28435606,-0.28438783,-0.2513533,-0.25140372,110.00013,110.00013,105.00001,105.00001,9.973629
28,4500.000,0.00000,0.929,0.003,1,0.00000,0,0,0,0,0,0,0,0,0,0,0,0,0,-0.24084088,-0.24086504,-0.216754,-0.21679565,110.00013,110.00013,105.00001,105.00001,9.973629
29,4500.000,0.00000,0.634,0.005,1,0.00000,0,0,0,0,0,0,0,0,0,0,0,0,0,-0.20382352,-0.20384195,-0.18689616,-0.18693055,110.00014,110.00014,105.00001,105.00001,9.973629
30,4500.000,0.00000,0.340,0.003,1,0.00000,0,0,0,0,0,0,0,0,0,0,0,0,0,-0.17241225,-0.17242633,-0.16114119,-0.16116957,110.000145,110.000145,105.00001,105.00001,9.969107
31,4500.000,0.00000,0.046,0.005,1,0.00000,0,0,0,0,0,0,0,0,0,0,0,0,0,-0.1457985,-0.14580928,-0.13893059,-0.13895403,110.00015,110.00015,105.000015,105.000015,9.969107
32,4500.000,0.00000,0.249,0.003,1,0.00000,0,0,0,0,0,0,0,0,0,0,0,0,0,-0.12327046,-0.12327872,-0.12037293,-0.12038899,110.00015,110.00015,105.000015,105.000015,9.969107
33,4500.000,0.00000,0.542,0.003,1,0.01114,0,0,-0.010256436,-0.0120268855,0,0,0,0,0,0,0,403.38727,399.3487,-0.110121235,-0.11012464,-0.029210016,-0.030118499,110.00016,110.00016,105.14419,105.13952,9.969107
34,4500.000,0.00000,0.794,0.003,1,0.00791,0,0,-0.0071570417,-0.008665567,0,0,0,0,0,0,0,705.35693,702.9899,-0.101866834,-0.10186918,0.058390096,0.057665695,110.00017,110.00017,105.48029,105.47696,9.96928
35,4500.000,0.00000,1.014,0.006,1,0.00187,-0.0016211637,-0.0014751451,-0.0012977975,-0.0024351217,0,0,0,0,0,294.1722,291.9174,934.2583,933.19196,-0.010646595,-0.011357089,0.13347712,0.13306926,110.09868,110.094055,105.75277,105.75079,9.96928
36,4500.000,0.00000,1.179,0.013,1,0.00355,0.0025194648,0.0026307884,0.0038855318,0.0032191616,0,0,0,0,0,554.39984,553.63556,1087.2334,1087.3888,0.09973358,0.099358685,0.2080094,0.20808634,110.5275,110.52492,105.9587,105.95806,9.96928
37,4500.000,0.00000,1.301,0.018,1,0.00742,0.004592168,0.004616442,0.007486975,0.007358235,0,0,0,0,0,734.0929,734.15875,1182.8428,1183.3364,0.20937003,0.20936167,0.2636544,0.264123,110.86429,110.86331,106.09689,106.097,9.96928
38,4500.000,0.00000,1.394,0.022,1,0.00944,0.0031598476,0.0030661616,0.009240124,0.009632559,0,0,0,0,0,834.4007,834.62555,1261.9087,1262.1721,0.30167526,0.30193943,0.2966173,0.29716012,111.08952,111.08936,106.19537,106.19559,9.973539
39,4500.000,0.00000,1.468,0.021,1,0.00985,-0.00083513465,-0.001016151,0.009443978,0.010265192,0,0,0,0,0,899.37054,899.4677,1342.9542,1342.9587,0.35778856,0.3581156,0.31418622,0.31460384,111.23078,111.23081,106.27984,106.2799,9.973539
40,4500.000,0.00000,1.526,0.018,1,0.00893,-0.00469787,-0.0048873452,0.008379995,0.009480987,0,0,0,0,0,961.5474,961.50507,1429.817,1429.6907,0.3846875,0.3849347,0.32350808,0.3237523,111.33526,111.33521,106.36354,106.36345,9.973539
41,4500.000,0.00000,1.570,0.010,1,0.00684,-0.0058039706,-0.005920803,0.006240083,0.007437791,0,0,0,0,0,1032.269,1032.1803,1520.2859,1520.1382,0.39557582,0.3957154,0.32860684,0.328714,111.434784,111.43466,106.4501,106.44994,9.973539
42,4500.000,0.00000,1.596,0.002,1,0.00378,-0.0031792216,-0.0031857216,0.0032324917,0.0043365336,0,0,0,0,0,1110.6022,1110.5244,1611.039,1610.9432,0.39962432,0.3996843,0.33091706,0.3309529,111.54124,111.5411,106.53849,106.538345,9.979655
43,4500.000,0.00000,1.605,0.013,1,0.00164,0.0016032918,0.0016790105,-0.00034625988,0.0004979927,0,0,0,0,0,1191.7041,1191.6823,1699.5479,1699.5487,0.40056953,0.40060145,0.330577,0.33060458,111.65415,111.65407,106.62646,106.626396,9.979655
44,4500.000,0.00000,1.596,0.026,1,0.00511,0.0050663296,0.0051513426,-0.0040839766,-0.003608632,0,0,0,0,0,1271.3949,1271.4791,1784.2773,1784.4088,0.39882496,0.39889017,0.32736266,0.32743156,111.76887,111.76891,106.71206,106.71212,9.979655
45,4500.000,0.00000,1.570,0.037,1,0.00740,0.0043524005,0.0043877424,-0.007439563,-0.0073611834,0,0,0,0,0,1347.2521,1347.4299,1864.4128,1864.6488,0.39367554,0.39380026,0.32114494,0.321268,111.881004,111.88119,106.79401,106.794174,9.979655
46,4500.000,0.00000,1.527,0.044,1,0.00990,-0.00005142751,-0.000057983634,-0.009770378,-0.01002945,0,0,0,0,0,1418.1483,1418.4407,1939.2557,1939.6312,0.38447654,0.38467926,0.31190518,0.31209603,111.987724,111.98807,106.87137,106.87167,9.979655
47,4500.000,0.00000,1.469,0.045,1,0.01070,-0.0042025745,-0.0041841734,-0.010471651,-0.010938145,0,0,0,0,0,1483.6915,1484.0762,2008.3488,2008.8392,0.37107667,0.37134603,0.2997801,0.30002844,112.08761,112.0881,106.94353,106.943954,9.987933
48,4500.000,0.00000,1.398,0.041,1,0.00948,-0.0041016797,-0.0040057087,-0.009226007,-0.00973707,0,0,0,0,0,1543.6223,1544.0421,2071.2183,2071.7715,0.35370588,0.35399607,0.2849724,0.2852454,112.17994,112.180504,107.00996,107.01046,9.987933
49,4500.000,0.00000,1.313,0.031,1,0.00643,0.00023601051,0.0003749635,-0.006221902,-0.006629511,0,0,0,0,0,1597.562,1597.9883,2127.4478,2128.024,0.33273643,0.33300164,0.267722,0.26798275,112.26411,112.2647,107.07018,107.070724,9.987933
50,4500.000,0.00000,1.217,0.017,1,0.00443,0.0043907785,0.004462624,-0.0021520313,-0.002364446,0,0,0,0,0,1645.0737,1645.4861,2176.7766,2177.3198,0.3085557,0.30876106,0.24832316,0.24853125,112.33949,112.34008,107.12388,107.12441,9.987933
51,4500.000,0.00000,1.112,0.003,1,0.00387,0.0039130156,0.0038342813,0.0020519637,0.002048744,0,0,0,0,0,1685.7399,1686.1155,2219.0383,2219.5002,0.28152874,0.28164944,0.22710508,0.22722606,112.40546,112.406,107.17081,107.17128,9.993664
52,4500.000,0.00000,0.997,0.010,1,0.00564,-0.00080967107,-0.0010033544,0.005564455,0.00571061,0,0,0,0,0,1719.2881,1719.6013,2253.9744,2254.3418,0.2520431,0.25206274,0.20434707,0.20436768,112.46149,112.46195,107.2107,107.21108,9.993664
53,4500.000,0.00000,0.876,0.019,1,0.00793,-0.0047366912,-0.0049122875,0.007838578,0.008027606,0,0,0,0,0,1745.56,1745.7783,2281.472,2281.719,0.22051728,0.22042325,0.18032649,0.18024203,112.50724,112.50759,107.24337,107.24365,9.993664
54,4500.000,0.00000,0.749,0.023,1,0.00862,-0.0036579634,-0.0037086841,0.008560333,0.008679319,0,0,0,0,0,1764.4939,1764.6522,2301.4539,2301.6123,0.18739328,0.18721217,0.15530372,0.15513709,112.54252,112.54278,107.26869,107.26888,9.993664
55,4500.000,0.00000,0.618,0.021,1,0.00756,0.001066494,0.0011271108,0.0075739683,0.0075455327,0,0,0,0,0,1776.0917,1776.1653,2313.994,2314.0427,0.15311302,0.15286046,0.12955958,0.1293263,112.56724,112.56739,107.28666,107.28675,9.997578
56,4500.000,0.00000,0.485,0.015,1,0.00487,0.004081725,0.004155207,0.0049689063,0.004780076,0,0,0,0,0,1780.4254,1780.4382,2318.0066,2317.8628,0.11810677,0.11781485,0.10572083,0.10551796,112.58141,112.58148,107.29706,107.297035,9.997578
57,4500.000,0.00000,0.350,0.006,1,0.00219,0.0021818534,0.0022034394,0.0012446821,0.000952017,0,0,0,0,0,1770.5122,1770.3676,2298.353,2298.0315,0.09016857,0.08996488,0.08735396,0.08715475,112.5812,112.58113,107.29175,107.29155,9.997578
58,4500.000,0.00000,0.220,0.004,1,0.00284,-0.0021544637,-0.002151842,-0.0026984278,-0.0029902048,0,0,0,0,0,1740.0027,1739.7792,2263.2646,2262.8704,0.0648086,0.06461864,0.06769063,0.06749074,112.55618,112.55597,107.26901,107.2687,9.997578
59,4500.000,0.00000,0.096,0.011,1,0.00590,-0.0037961358,-0.0037423251,-0.005807073,-0.00598683,0,0,0,0,0,1697.7234,1697.4755,2218.7275,2218.3486,0.037693735,0.037517592,0.04671895,0.04654088,112.50939,112.509094,107.2334,107.233055,9.999325
60,4500.000,0.00000,0.020,0.014,1,0.00741,-0.0010678156,-0.00095543696,-0.007411141,-0.0074038934,0,0,0,0,0,1648.9213,1648.7365,2168.2688,2167.9614,0.009847502,0.00971639,0.025471529,0.02533306,112.4481,112.44783,107.18917,107.18886,9.999325
61,4500.000,0.00000,0.123,0.013,1,0.00727,0.0028439704,0.0029419134,-0.0073755495,-0.0071667694,0,0,0,0,0,1595.3871,1595.2181,2114.3303,2114.0984,-0.015480706,-0.015558901,0.0048327264,0.004735132,112.37768,112.37743,107.13951,107.13925,9.999325
62,4500.000,0.00000,0.216,0.007,1,0.00576,0.0038799646,0.0038828368,-0.0059442744,-0.0055811624,0,0,0,0,0,1535.4929,1535.384,2056.4634,2056.3125,-0.037037328,-0.037079986,-0.012976576,-0.013021395,112.298355,112.29817,107.08597,107.085785,9.999325
63,4500.000,0.00000,0.297,0.001,1,0.00330,0.0013356063,0.0012346387,-0.0035118253,-0.0030839152,0,0,0,0,0,1473.6692,1473.6202,1993.2765,1993.2091,-0.057077404,-0.057092354,-0.028354038,-0.028369304,112.2129,112.21278,107.027534,107.02743,9.999053
64,4500.000,0.00000,0.364,0.011,1,0.00210,-0.0020311808,-0.0021687767,-0.000554137,-0.00016436496,0,0,0,0,0,1412.9797,1412.9966,1928.7396,1928.7556,-0.075212486,-0.07520142,-0.04272058,-0.042712685,112.1259,112.12587,106.96584,106.96581,9.999053
65,4500.000,0.00000,0.419,0.020,1,0.00319,-0.0031478764,-0.0032404372,0.002428442,0.0026918051,0,0,0,0,0,1355.3638,1355.4257,1865.4661,1865.5535,-0.090904616,-0.09087651,-0.055785898,-0.055759925,112.040985,112.04102,106.90356,106.9036,9.999053
66,4500.000,0.00000,0.461,0.027,1,0.00497,-0.001406715,-0.0014198009,0.0049272915,0.0050105406,0,0,0,0,0,1302.0217,1302.1084,1805.1963,1805.3083,-0.10386288,-0.10382692,-0.067210644,-0.06717906,111.96063,111.96073,106.84284,106.842926,9.999053
67,4500.000,0.00000,0.490,0.032,1,0.00645,0.0012917896,0.0013325901,0.0065062824,0.00639886,0,0,0,0,0,1253.6218,1253.7051,1749.1567,1749.2665,-0.114018254,-0.113985315,-0.0767861,-0.07675675,111.886406,111.88652,106.78526,106.78536,9.999053
68,4500.000,0.00000,0.509,0.032,1,0.00678,0.002573594,0.0026176241,0.0069166967,0.0066493596,0,0,0,0,0,1212.0255,1212.0714,1698.1545,1698.2281,-0.12233156,-0.12229948,-0.084424995,-0.08440617,111.819916,111.82001,106.73194,106.73202,9.996875
69,4500.000,0.00000,0.519,0.029,1,0.00597,0.0015503762,0.0015657867,0.006157109,0.0057906825,0,0,0,0,0,1177.8848,1177.8875,1652.6653,1652.7062,-0.12935962,-0.12935197,-0.09013339,-0.09012451,111.762955,111.762985,106.68358,106.68363,9.996875
70,4500.000,0.00000,0.520,0.024,1,0.00426,-0.0007541551,-0.0007607621,0.0044595962,0.0040697693,0,0,0,0,0,1149.3655,1149.3545,1612.9725,1612.9586,-0.13282001,-0.13282844,-0.09397036,-0.09397553,111.71551,111.71551,106.64063,106.64065,9.996875
71,4500.000,0.00000,0.513,0.017,1,0.00245,-0.0024462377,-0.0024444868,0.0022116597,0.0018722424,0,0,0,0,0,1124.5822,1124.5541,1579.0692,1579.019,-0.1329453,-0.13296837,-0.09606201,-0.09607652,111.67533,111.6753,106.60328,106.60326,9.996875
72,4500.000,0.00000,0.501,0.010,1,0.00225,-0.0022683258,-0.002234768,-0.00016236703,-0.00039386217,0,0,0,0,0,1102.1649,1102.109,1550.7643,1550.6768,-0.13037866,-0.13041891,-0.096575156,-0.09659799,111.64005,111.63999,106.57147,106.57141,9.994687
73,4500.000,0.00000,0.483,0.003,1,0.00234,-0.00043793157,-0.00037742828,-0.002295975,-0.002387536,0,0,0,0,0,1081.6843,1081.6254,1527.7,1527.5753,-0.1258907,-0.12593538,-0.095707856,-0.09573822,111.60827,111.60819,106.544975,106.544876,9.994687
74,4500.000,0.00000,0.461,0.002,1,0.00390,0.0016688263,0.0017259225,-0.003924347,-0.00387226,0,0,0,0,0,1063.4073,1063.3395,1509.4224,1509.288,-0.12000645,-0.12004773,-0.0936707,-0.09370182,111.57971,111.57962,106.52343,106.523315,9.994687
75,4500.000,0.00000,0.435,0.006,1,0.00480,0.0026054522,0.002624699,-0.0048829033,-0.004709277,0,0,0,0,0,1048.2743,1048.2218,1495.4442,1495.3363,-0.11419405,-0.114212684,-0.090669796,-0.09069274,111.55508,111.555,106.50641,106.506294,9.994687
76,4500.000,0.00000,0.406,0.007,1,0.00497,0.0018478974,0.0018148021,-0.0050944313,-0.004839972,0,0,0,0,0,1039.1322,1039.0942,1485.3362,1485.2644,-0.10852416,-0.10852863,-0.08688486,-0.08689707,111.536766,111.536705,106.493484,106.4934,9.992745
77,4500.000,0.00000,0.376,0.006,1,0.00443,0.000027264377,-0.00004358891,-0.004575945,-0.0042910245,0,0,0,0,0,1034.5741,1034.5435,1478.698,1478.6595,-0.10195089,-0.10195061,-0.082474835,-0.08247745,111.52526,111.52521,106.48426,106.4842,9.992745
78,4500.000,0.00000,0.343,0.003,1,0.00328,-0.0015704671,-0.0016442533,-0.0034158463,-0.0031509514,0,0,0,0,0,1033.6062,1033.6323,1475.1355,1475.1588,-0.09455776,-0.094538935,-0.07758497,-0.07757249,111.51965,111.51965,106.47833,106.478325,9.992745
79,4500.000,0.00000,0.311,0.001,1,0.00193,-0.0019067434,-0.0019493811,-0.0017872226,-0.0015844746,0,0,0,0,0,1035.5831,1035.636,1474.3333,1474.382,-0.08661359,-0.08658531,-0.072332196,-0.07231325,111.51897,111.51901,106.47537,106.475395,9.992745
80,4500.000,0.00000,0.279,0.006,1,0.00087,-0.00086730847,-0.0008652722,0.000056957106,0.00016945746,0,0,0,0,0,1039.8917,1039.9407,1475.9081,1475.9972,-0.07838574,-0.07835972,-0.066838086,-0.06681082,111.52227,111.52233,106.475006,106.475075,9.991293
81,4500.000,0.00000,0.247,0.010,1,0.00182,0.00071290793,0.00074689934,0.0018184147,0.0018301822,0,0,0,0,0,1045.975,1046.0654,1479.5746,1479.692,-0.07010599,-0.0700695,-0.061195288,-0.06116275,111.528725,111.528824,106.47693,106.47703,9.991293
82,4500.000,0.00000,0.216,0.014,1,0.00317,0.0016653945,0.0017038714,0.003213309,0.0031323084,0,0,0,0,0,1053.411,1053.4924,1485.0244,1485.1161,-0.061943073,-0.061911028,-0.055492375,-0.055467438,111.53761,111.53772,106.48083,106.48092,9.991293
83,4500.000,0.00000,0.187,0.016,1,0.00396,0.0013118789,0.0013315495,0.0040354915,0.0038851127,0,0,0,0,0,1061.7594,1061.8315,1491.9066,1491.9941,-0.054051578,-0.05402589,-0.04982154,-0.049800284,111.54827,111.54838,106.486374,106.486465,9.991293
84,4500.000,0.00000,0.159,0.016,1,0.00410,-0.0000724179,-0.00007569182,0.0041967854,0.004010863,0,0,0,0,0,1070.7378,1070.7655,1500.0123,1500.073,-0.046524145,-0.04651556,-0.044237826,-0.044224598,111.5602,111.56027,106.49332,106.493385,9.991293
85,4500.000,0.00000,0.133,0.014,1,0.00364,-0.0014741657,-0.0014852498,0.0037297364,0.0035455495,0,0,0,0,0,1080.0189,1080.0267,1508.9978,1509.0126,-0.039452765,-0.039453685,-0.038818654,-0.03881759,111.57292,111.57295,106.501335,106.50137,9.990199
86,4500.000,0.00000,0.109,0.011,1,0.00268,-0.0018801221,-0.0018782521,0.002756856,0.0026082003,0,0,0,0,0,1089.4275,1089.4155,1518.5981,1518.5837,-0.032875184,-0.032883618,-0.033621598,-0.033628542,111.586075,111.586075,106.51016,106.51017,9.990199
87,4500.000,0.00000,0.088,0.007,1,0.00140,-0.00100744,-0.0009839354,0.0014483623,0.0013590719,0,0,0,0,0,1098.8021,1098.7598,1528.6158,1528.5553,-0.026814708,-0.026833072,-0.028683294,-0.02870096,111.59938,111.59934,106.51957,106.51954,9.990199
88,4500.000,0.00000,0.068,0.002,1,0.00052,0.0005025327,0.0005362184,-0.000009893192,-0.000029931083,0,0,0,0,0,1108.0215,1107.9623,1538.7329,1538.6492,-0.021278467,-0.021302009,-0.024062594,-0.024085334,111.61263,111.612564,106.529274,106.529205,9.990199
89,4500.000,0.00000,0.050,0.002,1,0.00158,0.0015660871,0.0015863506,-0.0014303171,-0.0013857556,0,0,0,0,0,1116.8978,1116.8314,1548.8242,1548.7555,-0.016291732,-0.01631625,-0.019774104,-0.01979237,111.62558,111.62549,106.53908,106.53902,9.989824
90,4500.000,0.00000,0.034,0.006,1,0.00258,0.0014603781,0.0014492893,-0.0026253173,-0.0025327809,0,0,0,0,0,1125.418,1125.3795,1558.7161,1558.657,-0.011825731,-0.011839447,-0.015837297,-0.015851505,111.6381,111.63803,106.54883,106.54877,9.989824
91,4500.000,0.00000,0.021,0.008,1,0.00336,0.00034393027,0.0003032186,-0.0034204924,-0.0033040354,0,0,0,0,0,1133.5006,1133.4628,1568.2476,1568.1868,-0.007867249,-0.007878026,-0.012268181,-0.012281243,111.65008,111.650024,106.558334,106.55827,9.989824
92,4500.000,0.00000,0.010,0.009,1,0.00363,-0.0008874608,-0.0009367901,-0.0036833447,-0.0035693524,0,0,0,0,0,1141.1205,1141.0975,1577.3645,1577.3413,-0.0043887715,-0.0043935413,-0.0090576,-0.009061169,111.66146,111.661415,106.56751,106.567474,9.989824
93,4500.000,0.00000,0.006,0.008,1,0.00332,-0.001297312,-0.0013286205,-0.0033639742,-0.0032755213,0,0,0,0,0,1148.2369,1148.2299,1585.8914,1585.8768,-0.001367344,-0.0013658192,-0.0062211156,-0.0062213503,111.672165,111.67214,106.57621,106.57618,9.989769
94,4500.000,0.00000,0.012,0.006,1,0.00250,-0.0006190245,-0.0006178586,-0.0025230395,-0.0024756633,0,0,0,0,0,1154.7429,1154.7689,1593.7911,1593.8147,0.0013521184,0.0013669734,-0.0037452448,-0.003736583,111.68212,111.68214,106.58434,106.58435,9.989769
95,4500.000,0.00000,0.019,0.002,1,0.00132,0.00056442455,0.0005915246,-0.0013242436,-0.0013234583,0,0,0,0,0,1160.2328,1160.2578,1601.0715,1601.1053,0.0039197067,0.003936363,-0.0016040637,-0.0015927454,111.69096,111.69099,106.591896,106.59192,9.989769
96,4500.000,0.00000,0.025,0.002,1,0.00132,0.0012992535,0.0013307999,0.000010586384,-0.00003060427,0,0,0,0,0,1164.9319,1164.9595,1607.6726,1607.7279,0.0059952294,0.0060116285,0.00022117185,0.00023787927,111.69855,111.698586,106.59882,106.59886,9.989769
97,4500.000,0.00000,0.029,0.005,1,0.00122,0.0010067911,0.0010231193,0.0012554099,0.0011856059,0,0,0,0,0,1169.1086,1169.1447,1613.2672,1613.316,0.007591888,0.0076096547,0.0019849823,0.002002266,111.70517,111.705215,106.60498,106.60503,9.989878
98,4500.000,0.00000,0.033,0.009,1,0.00219,-0.00008058903,-0.0000836213,0.002227285,0.0021475707,0,0,0,0,0,1172.8994,1172.9255,1617.899,1617.9342,0.008801298,0.008813917,0.0034320212,0.0034442453,111.71108,111.71112,106.610176,106.610214,9.989878
99,4500.000,0.00000,0.035,0.010,1,0.00278,-0.0011215196,-0.0011318809,0.0028112608,0.0027410886,0,0,0,0,0,1176.3325,1176.3429,1621.9393,1621.9592,0.009686979,0.009691159,0.004548206,0.0045542247,111.71641,111.71643,106.61463,106.614655,9.989878
100,4500.000,0.00000,0.037,0.011,1,0.00294,-0.0013336729,-0.0013350254,0.002957978,0.0029129952,0,0,0,0,0,1179.447,1179.4478,1625.5194,1625.5216,0.010304527,0.010302546,0.0053902185,0.0053896653,111.72123,111.72124,106.61851,106.61852,9.989878
101,4500.000,0.00000,0.039,0.010,1,0.00266,-0.00059633167,-0.00058229634,0.0026684122,0.002657168,0,0,0,0,0,1182.2471,1182.2421,1628.7505,1628.735,0.01069022,0.010684763,0.0060197283,0.006013153,111.725586,111.725586,106.62196,106.621956,9.990042
102,4500.000,0.00000,0.039,0.008,1,0.00200,0.0004841524,0.00050443335,0.001989049,0.0020114814,0,0,0,0,0,1184.7378,1184.7277,1631.6792,1631.6716,0.0108731855,0.010865476,0.006477835,0.0064726737,111.72949,111.729485,106.62508,106.62507,9.990042
103,4500.000,0.00000,0.039,0.005,1,0.00108,0.0010746031,0.0010839459,0.0010170934,0.0010653135,0,0,0,0,0,1186.8989,1186.8914,1634.3474,1634.3179,0.010869024,0.0108625,0.0067970273,0.006786802,111.73294,111.732925,106.6279,106.62788,9.990042
104,4500.000,0.00000,0.039,0.002,1,0.00076,0.0007698539,0.00075712387,-0.000096706055,-0.000035853376,0,0,0,0,0,1188.7804,1188.7562,1636.7438,1636.7241,0.010714869,0.010703111,0.006991357,0.0069835973,111.73596,111.73593,106.63045,106.630424,9.990042
105,4500.000,0.00000,0.038,0.001,1,0.00114,-0.00011586914,-0.00014639173,-0.0011644695,-0.0011060181,0,0,0,0,0,1190.3683,1190.359,1638.8816,1638.8647,0.010426465,0.01042015,0.0070766513,0.0070708483,111.738556,111.73854,106.63274,106.63272,9.990042
106,4500.000,0.00000,0.037,0.004,1,0.00198,-0.0008325568,-0.000863499,-0.0019999188,-0.0019570785,0,0,0,0,0,1191.7063,1191.7032,1640.7445,1640.7516,0.010034537,0.010032552,0.0070599923,0.0070615,111.740776,111.74077,106.63476,106.63476,9.990279
107,4500.000,0.00000,0.036,0.005,1,0.00246,-0.0008055379,-0.00081895816,-0.002465747,-0.0024472913,0,0,0,0,0,1192.8208,1192.8214,1642.3287,1642.3193,0.009564705,0.009565374,0.006949539,0.0069480827,111.742645,111.742645,106.63651,106.636505,9.990279
108,4500.000,0.00000,0.034,0.005,1,0.00251,-0.0000799552,-0.00007009948,-0.0025070286,-0.002515873,0,0,0,0,0,1193.7114,1193.7155,1643.6288,1643.6561,0.009029198,0.009031762,0.00675243,0.0067602163,111.744194,111.744194,106.637985,106.638,9.990279
109,4500.000,0.00000,0.032,0.004,1,0.00217,0.0007435279,0.00076694833,-0.0021543496,-0.0021873792,0,0,0,0,0,1194.4188,1194.4403,1644.6526,1644.6763,0.008451335,0.008460628,0.00647883,0.006486886,111.745445,111.74546,106.63919,106.639206,9.990279
110,4500.000,0.00000,0.029,0.002,1,0.00153,0.0010056531,0.001025898,-0.0015012568,-0.0015501073,0,0,0,0,0,1194.934,1194.9425,1645.4631,1645.4595,0.007836928,0.007842137,0.0061531723,0.0061533283,111.746414,111.74643,106.64016,106.64016,9.990459
111,4500.000,0.00000,0.027,0.000,1,0.00070,0.0005111449,0.0005168446,-0.0006693412,-0.0007226316,0,0,0,0,0,1195.26,1195.2687,1646.0068,1646.0388,0.007191285,0.0071949894,0.005770218,0.005778125,111.7471,111.747116,106.64088,106.64089,9.990459
112,4500.000,0.00000,0.024,0.003,1,0.00034,-0.00033899222,-0.00034626064,0.00021580559,0.0001700384,0,0,0,0,0,1195.4119,1195.4171,1646.3864,1646.3699,0.0065237577,0.0065254243,0.0053604105,0.0053564245,111.74753,111.747536,106.641396,106.64139,9.990459
113,4500.000,0.00000,0.022,0.006,1,0.00102,-0.00088743685,-0.00089614646,0.0010347924,0.0010063684,0,0,0,0,0,1195.3992,1195.3978,1646.5548,1646.554,0.0058419765,0.005840489,0.0049195895,0.004917589,111.74771,111.74771,106.64171,106.64171,9.990459
114,4500.000,0.00000,0.019,0.008,1,0.00167,-0.00074431184,-0.00074353983,0.0016766697,0.001671146,0,0,0,0,0,1195.2356,1195.2222,1646.5604,1646.5482,0.005154,0.005147357,0.0044620507,0.004457644,111.74766,111.74764,106.641846,106.64184,9.990588
115,4500.000,0.00000,0.016,0.009,1,0.00206,-0.000075278294,-0.00006404416,0.002046355,0.0020637286,0,0,0,0,0,1194.9132,1194.9106,1646.4207,1646.4014,0.004459344,0.004456142,0.00399662,0.003990219,111.74737,111.74736,106.64183,106.641815,9.990588
116,4500.000,0.00000,0.014,0.009,1,0.00210,0.0005595377,0.0005719964,0.0020828506,0.0021181346,0,0,0,0,0,1194.495,1194.4784,1646.1641,1646.1515,0.0037819033,0.003774692,0.003533313,0.0035288383,111.74691,111.746895,106.64168,106.64166,9.990588
117,4500.000,0.00000,0.012,0.008,1,0.00180,0.00066578557,0.0006675265,0.0017809267,0.0018253375,0,0,0,0,0,1193.9163,1193.9086,1645.8212,1645.8037,0.0031021747,0.0030979863,0.003082181,0.0030772013,111.74624,111.74622,106.641426,106.64141,9.990588
118,4500.000,0.00000,0.009,0.006,1,0.00122,0.00019779711,0.00018453607,0.0012014685,0.0012450669,0,0,0,0,0,1193.2562,1193.2458,1645.374,1645.3757,0.0024449716,0.0024409473,0.0026395905,0.00264005,111.74541,111.74539,106.64107,106.64106,9.990662
119,4500.000,0.00000,0.007,0.004,1,0.00048,-0.00043190838,-0.00045331303,0.0004593629,0.000493063,0,0,0,0,0,1192.5109,1192.505,1644.8619,1644.8505,0.0018131926,0.0018113329,0.00221462,0.0022126916,111.744446,111.74444,106.640625,106.64062,9.990662
120,4500.000,0.00000,0.006,0.002,1,0.00071,-0.00070218823,-0.00071851414,-0.00030688348,-0.0002893122,0,0,0,0,0,1191.7172,1191.7161,1644.2786,1644.2799,0.0012192973,0.0012199697,0.001806159,0.0018073005,111.743385,111.74338,106.640114,106.64011,9.990662
121,4500.000,0.00000,0.004,0.000,1,0.00097,-0.00039946695,-0.00040095983,-0.0009705011,-0.00097152963,0,0,0,0,0,1190.8936,1190.9099,1643.6218,1643.6406,0.0006703309,0.000678049,0.0014121947,0.001418489,111.74226,111.74227,106.63952,106.639534,9.990662
122,4500.000,0.00000,0.004,0.002,1,0.00145,0.00022866132,0.00024159603,-0.0014409135,-0.0014589251,0,0,0,0,0,1190.0951,1190.1119,1642.8943,1642.9283,0.00018499407,0.00019389394,0.0010318726,0.0010427592,111.741135,111.74115,106.638855,106.638885,9.990662
123,4500.000,0.00000,0.003,0.002,1,0.00168,0.0006889191,0.0007062807,-0.0016697022,-0.0016999326,0,0,0,0,0,1189.2764,1189.2827,1642.1393,1642.1328,-0.00022342759,-0.00021999661,0.0006755864,0.00067571877,111.73999,111.740005,106.63815,106.63815,9.990712
124,4500.000,0.00000,0.004,0.002,1,0.00166,0.0006384994,0.00064878934,-0.0016436633,-0.001679154,0,0,0,0,0,1188.3894,1188.3962,1641.3317,1641.3468,-0.0005485548,-0.0005464274,0.00033688731,0.00034043056,111.73879,111.7388,106.63739,106.637405,9.990712
125,4500.000,0.00000,0.005,0.002,1,0.00139,0.00014337325,0.00014198419,-0.0013767756,-0.0014098288,0,0,0,0,0,1187.5067,1187.5217,1640.4908,1640.4979,-0.00083573663,-0.00083136774,0.000018309793,0.000020136778,111.73755,111.737564,106.6366,106.636604,9.990712
126,4500.000,0.00000,0.005,0.000,1,0.00092,-0.0003958123,-0.00040415235,-0.0009095226,-0.0009333743,0,0,0,0,0,1186.6859,1186.6757,1639.5872,1639.5929,-0.001078987,-0.0010826194,-0.00024368352,-0.00024295747,111.73635,111.73634,106.63575,106.63576,9.990712
127,4500.000,0.00000,0.006,0.002,1,0.00057,-0.0005716405,-0.0005777437,-0.0003109026,-0.00032124252,0,0,0,0,0,1185.9156,1185.9148,1638.6294,1638.6205,-0.0012840107,-0.0012855817,-0.00047209288,-0.0004748448,111.7352,111.7352,106.63486,106.63485,9.990712
128,4500.000,0.00000,0.006,0.004,1,0.00033,-0.00028449905,-0.00028234892,0.00032369661,0.0003280423,0,0,0,0,0,1185.213,1185.2052,1637.6365,1637.624,-0.0014487873,-0.0014520761,-0.00068988826,-0.0006936407,111.73414,111.73413,106.6339,106.633896,9.990728
129,4500.000,0.00000,0.007,0.005,1,0.00090,0.00020005208,0.00020849549,0.0008867522,0.00090360217,0,0,0,0,0,1184.5994,1184.5886,1636.6936,1636.689,-0.0015689348,-0.0015731347,-0.00088167685,-0.00088350236,111.733185,111.73317,106.632965,106.632965,9.990728
130,4500.000,0.00000,0.007,0.006,1,0.00129,0.00047971145,0.00048658048,0.001282243,0.001306882,0,0,0,0,0,1184.0365,1184.0276,1635.8282,1635.8114,-0.0016588342,-0.0016622191,-0.0010411531,-0.0010453437,111.732315,111.7323,106.63208,106.632065,9.990728
131,4500.000,0.00000,0.007,0.007,1,0.00146,0.00033721756,0.00033548425,0.0014497879,0.0014763396,0,0,0,0,0,1183.5077,1183.4985,1635.0399,1635.0236,-0.0017277738,-0.0017308273,-0.0011697509,-0.001173787,111.73151,111.73149,106.631256,106.63124,9.990728
132,4500.000,0.00000,0.007,0.007,1,0.00139,-0.00009945725,-0.00011041627,0.0013776079,0.0014002445,0,0,0,0,0,1183.0437,1183.0422,1634.3446,1634.3524,-0.0017687834,-0.0017691066,-0.0012659837,-0.0012643277,111.73078,111.730774,106.630516,106.630516,9.990716
133,4500.000,0.00000,0.007,0.006,1,0.00111,-0.00047495245,-0.0004884069,0.0010982464,0.001112695,0,0,0,0,0,1182.6462,1182.6414,1633.7926,1633.7787,-0.0017821598,-0.0017831243,-0.0013205371,-0.0013231823,111.73015,111.73014,106.62989,106.62988,9.990716
134,4500.000,0.00000,0.007,0.004,1,0.00068,-0.00049397384,-0.00050111173,0.000673426,0.0006774748,0,0,0,0,0,1182.2751,1182.2778,1633.3096,1633.3113,-0.0017824497,-0.001781072,-0.0013515175,-0.0013509642,111.729576,111.729576,106.62936,106.62936,9.990716
135,4500.000,0.00000,0.007,0.003,1,0.00017,-0.0001485705,-0.00014492661,0.00017581687,0.00016963194,0,0,0,0,0,1181.971,1181.9868,1632.9116,1632.9214,-0.0017598314,-0.00175406,-0.0013588908,-0.0013562206,111.72909,111.729095,106.62891,106.62891,9.990716
136,4500.000,0.00000,0.007,0.001,1,0.00033,0.00028869504,0.00030013337,-0.00032299108,-0.0003371551,0,0,0,0,0,1181.7356,1181.7332,1632.6119,1632.6404,-0.001713761,-0.0017136277,-0.0013411631,-0.0013342785,111.72868,111.72868,106.62855,106.62856,9.990716
137,4500.000,0.00000,0.007,0.000,1,0.00077,0.0004890288,0.0005001207,-0.00075616845,-0.0007748029,0,0,0,0,0,1181.5293,1181.5398,1632.3932,1632.3972,-0.0016583578,-0.0016549439,-0.001303624,-0.0013022013,111.72835,111.728355,106.62827,106.62828,9.990701
138,4500.000,1.00000,0.007,0.001,1,0.00107,0.00032208956,0.00032605298,-0.0010644314,-0.0010832403,0,0,0,0,0,1181.3964,1181.4155,1632.2236,1632.246,-0.0015821771,-0.0015759079,-0.0012552303,-0.001250487,111.728096,111.72812,106.62806,106.628075,9.990701
139,4500.000,1.00000,0.006,0.001,1,0.00121,-0.000055084503,-0.00005902472,-0.0012015697,-0.0012164317,0,0,0,0,0,1181.3241,1181.317,1632.1248,1632.1113,-0.0014890339,-0.0014911321,-0.0011928689,-0.0011960843,111.72794,111.72794,106.627914,106.627914,9.990701
140,4504.036,1.00000,0.006,0.001,1,0.00115,-0.0003356221,-0.00034263614,-0.0011446462,-0.0011527657,0,0,0,0,0,1181.2954,1181.2875,1632.0271,1632.0283,-0.001386034,-0.0013894277,-0.0011326069,-0.0011332206,111.72785,111.727844,106.62779,106.62779,9.990701
141,4515.089,1.00000,0.005,0.001,1,0.00090,-0.00030913783,-0.00031272697,-0.0009045457,-0.0009046389,0,0,0,0,0,1181.3192,1181.317,1631.9597,1631.9497,-0.0012720008,-0.0012734978,-0.0010696158,-0.0010723821,111.727844,111.72784,106.62771,106.6277,9.990699
142,4533.277,1.00000,0.005,0.001,1,0.00052,-0.000018820063,-0.000016134623,-0.0005275202,-0.00052016444,0,0,0,0,0,1181.3984,1181.389,1631.9509,1631.9333,-0.0011465383,-0.0011498751,-0.0009972058,-0.0010016931,111.72791,111.7279,106.62766,106.627655,9.990699
143,4558.785,1.00000,0.004,0.002,1,0.00029,0.0002866527,0.0002927465,-0.00008507196,-0.00007253357,0,0,0,0,0,1181.5189,1181.5189,1631.9114,1631.9176,-0.0010148019,-0.001015168,-0.00093512755,-0.00093419716,111.72804,111.72804,106.627625,106.627625,9.990699
144,4591.865,1.00000,0.004,0.003,1,0.00036,0.00035734303,0.00036093904,0.00034357756,0.00035804717,0,0,0,0,0,1181.6187,1181.6133,1631.9541,1631.9432,-0.000897446,-0.0008990243,-0.0008597819,-0.0008620906,111.72819,111.72818,106.62763,106.627625,9.990699
145,4619.218,1.00000,0.003,0.252,1,0.06834,0.00013894419,0.0001361035,0.068336934,0.068347834,0,0,0,0,0,1181.7456,1181.751,1632.0052,1632.0002,-0.00078132504,-0.0007795714,-0.00078577653,-0.0007869663,111.728355,111.728355,106.62766,106.627655,9.990699
146,4639.881,1.00000,0.009,0.713,1,0.19192,-0.002136756,-0.0021448012,0.19191791,0.19192283,0,0,0,0,0,1181.3268,1181.3197,1632.6088,1632.6165,-0.00084467005,-0.0008464993,-0.00059339544,-0.00059154496,111.728035,111.72803,106.62805,106.62805,9.9907
147,4656.616,1.00000,0.034,1.173,1,0.31010,-0.008119273,-0.008127202,0.3100967,0.31009698,0,0,0,0,0,1179.288,1179.2933,1634.8871,1634.889,-0.0014385501,-0.0014368426,-0.000026156335,-0.000025392857,111.72607,111.72607,106.6296,106.62961,9.9907
148,4671.055,1.00000,0.087,1.518,1,0.38908,-0.016091712,-0.016093917,0.38908023,0.38907766,0,0,0,0,0,1174.5577,1174.561,1639.6548,1639.6555,-0.0029143263,-0.0029128876,0.0013116015,0.0013120379,111.72104,111.72104,106.63319,106.63319,9.9907
149,4684.164,1.00000,0.171,1.711,1,0.41766,-0.021181673,-0.021176836,0.41766196,0.4176576,0,0,0,0,0,1166.6682,1166.6676,1647.1487,1647.149,-0.0054103895,-0.005410353,0.0034791816,0.0034794263,111.71203,111.71203,106.63921,106.63921,9.9907
150,4696.518,1.00000,0.282,1.760,1,0.39958,-0.019194933,-0.019186743,0.39957955,0.3995743,0,0,0,0,0,1155.8828,1155.8953,1657.1746,1657.1748,-0.008795812,-0.008791862,0.006329551,0.0063296873,111.69892,111.69893,106.64769,106.64769,9.9907
151,4708.460,1.00000,0.409,1.707,1,0.34905,0.0020155183,0.0020221183,0.34904823,0.34904283,0,0,0,0,0,1143.2823,1143.2917,1668.7391,1668.7393,-0.012653156,-0.012649951,0.009517117,0.009517194,111.68264,111.682655,106.65801,106.65801,9.99187
152,4720.195,1.00000,0.552,1.579,1,0.27391,0.014764939,0.014765993,0.27390924,0.27390444,0,0,0,0,0,1129.545,1129.5424,1681.2998,1681.2999,-0.016678708,-0.016679693,0.012800943,0.012800986,111.66413,111.66414,106.66963,106.66963,9.99187
153,4731.847,1.00000,0.704,1.409,1,0.18456,0.011426758,0.011422163,0.18456487,0.18456125,0,0,0,0,0,1115.5164,1115.5173,1694.1812,1694.192,-0.020552482,-0.020552814,0.015944608,0.015947502,111.64451,111.64451,106.681946,106.681946,9.99187
154,4738.986,1.00000,0.862,1.257,1,0.09886,-0.003352717,-0.0033585178,0.09885899,0.09885584,0,0,0,0,0,1102.0106,1102.0038,1706.6898,1706.6829,-0.023983192,-0.023985866,0.018725537,0.018724065,111.624916,111.624916,106.694275,106.694275,9.99187
155,4743.361,1.00000,1.021,1.250,1,0.05227,-0.017145937,-0.01714831,0.052264787,0.052265458,0,0,0,0,0,1089.8077,1089.8058,1718.1787,1718.1775,-0.02671378,-0.02671503,0.02095287,0.020952117,111.6065,111.60649,106.70599,106.705986,9.997021
156,4746.041,1.00000,1.178,1.416,1,0.05380,-0.019607091,-0.019604428,0.053794656,0.05379673,0,0,0,0,0,1079.4747,1079.482,1728.2822,1728.2711,-0.028576056,-0.028574103,0.022531284,0.022528097,111.59018,111.59018,106.71663,106.71662,9.997021
157,4747.684,1.00000,1.333,1.733,1,0.09702,-0.009720887,-0.009714985,0.09701521,0.09701978,0,0,0,0,0,1071.1843,1071.1769,1736.741,1736.7478,-0.029549552,-0.029551936,0.023420583,0.023421925,111.57647,111.57646,106.72585,106.72585,9.997021
158,4748.690,1.00000,1.488,2.120,1,0.15947,0.0042987694,0.004302003,0.15947334,0.15947612,0,0,0,0,0,1064.795,1064.7949,1743.7733,1743.7744,-0.02973493,-0.029735422,0.02372183,0.02372252,111.565445,111.565445,106.73369,106.73369,9.997021
159,4749.307,1.00000,1.646,2.415,1,0.19592,0.011723443,0.011721693,0.19591449,0.19591822,0,0,0,0,0,1059.895,1059.8864,1749.7352,1749.7356,-0.0293282,-0.029331049,0.023594406,0.023594687,111.55676,111.556755,106.74035,106.74035,9.997021
160,4749.684,1.00000,1.810,2.589,1,0.19788,0.0074683507,0.007461933,0.19787818,0.19788107,0,0,0,0,0,1056.037,1056.0415,1754.8854,1754.872,-0.028537031,-0.028535837,0.02317202,0.023168556,111.549904,111.549904,106.746086,106.74608,10.010742
161,4749.916,1.00000,1.978,2.667,1,0.17245,-0.0047270753,-0.004733259,0.1724476,0.17245096,0,0,0,0,0,1053.1086,1053.1012,1759.354,1759.3627,-0.027451653,-0.027453754,0.022539062,0.02254098,111.54458,111.54456,106.75106,106.75106,10.010742
162,4750.058,1.00000,2.148,2.700,1,0.13451,-0.015602302,-0.015605238,0.13450536,0.1345047,0,0,0,0,0,1051.0114,1051.0184,1763.0704,1763.072,-0.02613544,-0.026133241,0.021710074,0.021711057,111.54058,111.54058,106.75527,106.75528,10.010742
163,4750.145,1.00000,2.318,2.752,1,0.10154,-0.017298197,-0.017295344,0.101540476,0.1015392,0,0,0,0,0,1049.8383,1049.8381,1765.9457,1765.9463,-0.024583312,-0.024582958,0.020679066,0.020679483,111.53793,111.53793,106.75869,106.75869,10.010742
164,4750.198,1.00000,2.487,2.885,1,0.09124,-0.008826698,-0.0088205775,0.09123716,0.09123497,0,0,0,0,0,1049.5514,1049.5516,1767.9471,1767.9474,-0.022822166,-0.022822,0.019451207,0.019451398,111.5366,111.5366,106.76126,106.76126,10.027864
165,4750.231,1.00000,2.655,3.121,1,0.10911,0.0035219947,0.0035273177,0.10911305,0.10911007,0,0,0,0,0,1050.0157,1050.016,1769.1204,1769.1205,-0.020912178,-0.02091207,0.018054431,0.018054528,111.53644,111.53644,106.763,106.763,10.027864
166,4750.251,1.00000,2.824,3.390,1,0.13595,0.010866939,0.010868219,0.13594756,0.1359441,0,0,0,0,0,1051.0673,1051.0695,1769.6625,1769.664,-0.018923275,-0.018922556,0.016559426,0.016559837,111.537254,111.537254,106.764046,106.764046,10.027864
167,4750.263,1.00000,2.994,3.628,1,0.15358,0.008166121,0.008163279,0.15358636,0.15358277,0,0,0,0,0,1052.3663,1052.3652,1769.7993,1769.7985,-0.016977381,-0.016977675,0.015048136,0.015047979,111.538666,111.53866,106.76457,106.76457,10.027864
168,4750.270,1.00000,3.166,3.805,1,0.14884,-0.0023132027,-0.0023177739,0.14884621,0.14884332,0,0,0,0,0,1053.7681,1053.768,1769.6499,1769.6498,-0.015134406,-0.015134527,0.013570401,0.013570322,111.540405,111.540405,106.76474,106.76474,10.027864
169,4750.275,1.00000,3.339,3.934,1,0.13214,-0.012807034,-0.012809715,0.13213947,0.1321373,0,0,0,0,0,1055.2104,1055.2103,1769.2659,1769.2659,-0.0134155555,-0.013415602,0.012147798,0.0121477675,111.54231,111.54231,106.76461,106.76461,10.057285
170,4750.278,1.00000,3.511,4.049,1,0.11364,-0.01583782,-0.015836587,0.11363621,0.11363497,0,0,0,0,0,1056.7684,1056.7684,1768.5721,1768.5721,-0.011791984,-0.011792007,0.010760727,0.010760714,111.5444,111.544395,106.76418,106.76418,10.057285
171,4750.279,1.00000,3.683,4.183,1,0.10038,-0.0092772525,-0.009273075,0.10037925,0.10037896,0,0,0,0,0,1058.4597,1058.4597,1767.5446,1767.5446,-0.010247778,-0.010247791,0.009396071,0.009396065,111.546684,111.54668,106.76342,106.76342,10.057285
172,4750.281,1.00000,3.853,4.358,1,0.09691,0.0011747829,0.0011788347,0.09690775,0.09690829,0,0,0,0,0,1060.2158,1060.2158,1766.2167,1766.2167,-0.008796867,-0.008796875,0.008058324,0.008058322,111.549095,111.549095,106.76235,106.76235,10.057285
173,4750.281,1.00000,4.023,4.575,1,0.10197,0.00793958,0.007941064,0.101969704,0.10197097,0,0,0,0,0,1061.9701,1061.9639,1764.7098,1764.6978,-0.007456066,-0.007458015,0.00677863,0.0067753973,111.55157,111.55156,106.761055,106.76105,10.087317
174,4750.282,1.00000,4.193,4.811,1,0.11026,0.0076129823,0.0076110377,0.11025894,0.110261604,0,0,0,0,0,1063.6559,1063.6595,1763.0947,1763.1025,-0.006241352,-0.0062403334,0.005577835,0.0055795047,111.55399,111.55399,106.759605,106.759605,10.087317
175,4750.282,1.00000,4.363,5.044,1,0.11696,0.0014657258,0.0014619243,0.116955824,0.116957,0,0,0,0,0,1065.1781,1065.1787,1761.4956,1761.497,-0.005176552,-0.0051761046,0.0044874013,0.004488257,111.55627,111.55627,106.7581,106.7581,10.087317
176,4750.282,1.00000,4.534,5.251,1,0.11867,-0.006267131,-0.0062706615,0.118668675,0.11867069,0,0,0,0,0,1066.4927,1066.493,1759.8854,1759.8859,-0.0042688674,-0.0042686737,0.003498415,0.0034987743,111.558304,111.558304,106.75657,106.75657,10.087317
177,4750.282,1.00000,4.704,5.430,1,0.11592,-0.0111085335,-0.011110105,0.11591655,0.11591857,0,0,0,0,0,1067.712,1067.7123,1758.2778,1758.278,-0.003473646,-0.0034735426,0.002605081,0.002605244,111.560165,111.56016,106.75503,106.75503,10.11924
178,4750.282,1.00000,4.873,5.593,1,0.11092,-0.010845822,-0.010918603,0.11091431,0.11091622,0,0,0,0,0,1068.8005,1068.8007,1756.6578,1756.658,-0.002788267,-0.002788205,0.001795085,0.0017951668,111.561844,111.561844,106.75346,106.75346,10.11924
179,4750.282,1.00000,5.041,5.755,1,0.10615,-0.006081656,-0.006602555,0.106321454,0.1059804,0,0,0,0,0,1069.5297,1070.1644,1754.5969,1755.3925,-0.0022769093,-0.0020773655,0.00094589556,0.0011570137,111.563126,111.563705,106.75161,106.75211,10.11924
180,4750.282,1.00000,5.208,5.923,1,0.10277,0.00043718424,-0.00103436,0.10345826,0.102082595,0,0,0,0,0,1069.4803,1072.1337,1751.6941,1754.978,-0.002067294,-0.0012212769,-0.00007022691,0.00082684355,111.56357,111.56619,106.749115,106.75138,10.11924
181,4750.282,1.00000,5.375,6.102,1,0.10118,0.005505021,0.0027729664,0.102867045,0.099500306,0,0,0,0,0,1068.357,1074.9948,1747.4447,1755.7778,-0.0022465033,-0.00012649158,-0.0011708206,0.0009032871,111.56271,111.56971,106.74561,106.751625,10.11924
182,4750.282,1.00000,5.542,6.291,1,0.10124,0.0071185147,0.0031452917,0.10448097,0.098004356,0,0,0,0,0,1066.0063,1078.6875,1741.6279,1757.9541,-0.002843517,0.0013904035,-0.00250847,0.0014154871,111.56029,111.574425,106.74073,106.75309,10.11924
183,4750.282,1.00000,5.708,6.488,1,0.10241,0.0050961333,0.00024665985,0.10777534,0.09703612,0,0,0,0,0,1062.4525,1083.0177,1734.4111,1761.5028,-0.003819556,0.0032207167,-0.0040907036,0.002331438,111.55618,111.580154,106.73445,106.755844,10.163831
184,4750.282,1.00000,5.874,6.688,1,0.10400,0.0007537315,-0.004341952,0.112043336,0.09595764,0,0,0,0,0,1057.8344,1088.0442,1726.002,1766.2509,-0.005092896,0.0052158963,-0.0058525554,0.0035635242,111.55049,111.58686,106.72691,106.75982,10.163831
185,4750.282,1.00000,6.039,6.883,1,0.10512,-0.0038363824,-0.008485893,0.116319336,0.09391517,0,0,0,0,0,1052.484,1093.6488,1716.7125,1771.9249,-0.006522601,0.0072730314,-0.0077023814,0.004993436,111.54354,111.594444,106.71835,106.764824,10.163831
186,4750.282,1.00000,6.202,7.070,1,0.10527,-0.006795223,-0.010530668,0.120044075,0.09049819,0,0,0,0,0,1046.7028,1099.7112,1706.8944,1778.1366,-0.007980839,0.009313906,-0.009543761,0.00647626,111.53573,111.60276,106.70908,106.77053,10.163831
187,4750.282,1.00000,6.364,7.248,1,0.10450,-0.0072183628,-0.009889096,0.12316389,0.08583781,0,0,0,0,0,1040.821,1106.0234,1696.9093,1784.6089,-0.009343095,0.011242368,-0.011284878,0.007903688,111.52749,111.61158,106.699425,106.776665,10.163831
188,4750.282,1.00000,6.524,7.418,1,0.10315,-0.0053349645,-0.007104532,0.12592615,0.080383144,0,0,0,0,0,1035.1094,1112.4412,1687.086,1791.0468,-0.0105146915,0.012991584,-0.012848928,0.009179912,111.51923,111.62069,106.68971,106.782936,10.203524
189,4750.282,1.00000,6.683,7.585,1,0.10168,-0.002221576,-0.0034531723,0.12867273,0.074688986,0,0,0,0,0,1029.7734,1118.8478,1677.6628,1797.273,-0.011433472,0.014519615,-0.014186986,0.010251483,111.51129,111.629906,106.68022,106.78914,10.203524
190,4750.282,1.00000,6.841,7.752,1,0.10047,0.0007433884,-0.00034274094,0.13169146,0.0692408,0,0,0,0,0,1024.8662,1125.1041,1668.8431,1803.1671,-0.012095218,0.01578706,-0.015264884,0.011093651,111.50385,111.63903,106.67117,106.79511,10.203524
191,4750.282,1.00000,6.997,7.922,1,0.09974,0.0024266073,0.0012242415,0.13512361,0.0643529,0,0,0,0,0,1020.4726,1131.1403,1660.7605,1808.6984,-0.01249476,0.016784485,-0.016068246,0.011713796,111.49706,111.647934,106.66274,106.80078,10.203524
192,4750.282,1.00000,7.153,8.094,1,0.09952,0.002327506,0.0009514156,0.13892296,0.060109425,0,0,0,0,0,1016.60626,1136.9264,1653.43,1813.8185,-0.012649721,0.017525917,-0.016612453,0.012120912,111.490974,111.65654,106.655,106.80609,10.203524
193,4750.282,1.00000,7.308,8.269,1,0.09976,0.00063407136,-0.00077011425,0.14299463,0.056516886,0,0,0,0,0,1013.2234,1142.3859,1646.8788,1818.5049,-0.012597663,0.018012414,-0.016912505,0.012330398,111.48559,111.66474,106.647995,106.811005,10.242574
194,4750.282,1.00000,7.462,8.445,1,0.10031,-0.0019441519,-0.0031077822,0.1471559,0.053457763,0,0,0,0,0,1010.3885,1147.5708,1641.099,1822.7542,-0.012342069,0.018289143,-0.016990017,0.012362611,111.48095,111.672554,106.64173,106.815506,10.242574
195,4750.282,1.00000,7.614,8.622,1,0.10100,-0.0044665434,-0.0051382934,0.15121803,0.05077711,0,0,0,0,0,1008.0203,1152.4178,1635.987,1826.506,-0.011926694,0.018365158,-0.016887117,0.012222098,111.47702,111.679924,106.63617,106.81954,10.242574
196,4750.282,1.00000,7.766,8.796,1,0.10170,-0.0061227228,-0.006175706,0.15504575,0.048349768,0,0,0,0,0,1006.1772,1157.0062,1631.5115,1829.778,-0.011353728,0.018292384,-0.016629215,0.011930114,111.47383,111.686905,106.631256,106.82311,10.242574
197,4750.282,1.00000,7.915,8.967,1,0.10223,-0.0064683002,-0.0059554772,0.15847342,0.045987565,0,0,0,0,0,1004.77954,1161.3092,1627.5927,1832.5464,-0.010662113,0.018089041,-0.016248712,0.011498424,111.47131,111.693474,106.62693,106.826195,10.269758
198,4750.282,1.00000,8.064,9.132,1,0.10243,-0.0055165193,-0.0046568615,0.16135965,0.043506198,0,0,0,0,0,1003.8021,1165.371,1624.0922,1834.8849,-0.009875825,0.01778952,-0.015789567,0.010961488,111.46944,111.699684,106.62309,106.828835,10.269758
199,4750.282,1.00000,8.210,9.292,1,0.10228,-0.0036696652,-0.002780041,0.16370702,0.040858038,0,0,0,0,0,1003.1352,1169.2122,1620.9375,1836.8383,-0.009041025,0.017419873,-0.01527919,0.010347768,111.46809,111.70557,106.619644,106.83107,10.269758
200,4750.282,1.00000,8.356,9.447,1,0.10186,-0.0015473639,-0.00094566133,0.16561711,0.038099296,0,0,0,0,0,1002.7009,1172.8807,1618.0088,1838.4553,-0.008193321,0.017011568,-0.014751525,0.009682857,111.46714,111.71116,106.61649,106.832954,10.269758
201,4750.282,1.00000,8.500,9.598,1,0.10129,0.00022581404,0.00030903408,0.16724516,0.035338167,0,0,0,0,0,1002.4466,1176.4087,1615.2251,1839.8538,-0.0073558656,0.016588056,-0.014230104,0.009007749,111.466515,111.71652,106.61354,106.834564,10.269758
202,4750.282,1.00000,8.643,9.747,1,0.10072,0.0012021714,0.0006775811,0.16875346,0.03269015,0,0,0,0,0,1002.28436,1179.7991,1612.5565,1841.0403,-0.0065590055,0.01615767,-0.0137239825,0.008333691,111.466095,111.72168,106.61074,106.83594,10.311673
203,4750.282,1.00000,8.784,9.895,1,0.10026,0.0012195351,0.00014355245,0.17027733,0.030250553,0,0,0,0,0,1002.18787,1183.094,1609.9011,1842.0632,-0.005812371,0.015738377,-0.0132559175,0.007675615,111.46581,111.72667,106.608,106.83712,10.311673
204,4750.282,1.00000,8.924,10.043,1,0.09999,0.00040439187,-0.0010556635,0.17191246,0.028070547,0,0,0,0,0,1002.15466,1186.3147,1607.2125,1842.9315,-0.005114271,0.015341032,-0.012836155,0.007037482,111.46565,111.73152,106.60527,106.83814,10.311673
205,4750.282,1.00000,9.062,10.190,1,0.09993,-0.00090140366,-0.002524639,0.1737068,0.026157402,0,0,0,0,0,1002.20355,1189.4562,1604.4805,1843.5797,-0.0044546155,0.014963888,-0.012464686,0.0064007966,111.465614,111.73626,106.60252,106.83895,10.311673
206,4750.282,1.00000,9.198,10.337,1,0.10007,-0.0022569401,-0.0038415268,0.17566746,0.024480524,0,0,0,0,0,1002.3233,1192.5367,1601.7184,1844.0303,-0.0038323416,0.01461102,-0.012135167,0.0057671517,111.46568,111.74089,106.599754,106.83956,10.337366
207,4750.282,1.00000,9.331,10.483,1,0.10038,-0.0032610998,-0.004674739,0.17777468,0.02298012,0,0,0,0,0,1002.60223,1195.5922,1598.8724,1844.2656,-0.0032164806,0.014294189,-0.01185593,0.0051316307,111.46594,111.74545,106.59692,106.839966,10.337366
208,4750.282,1.00000,9.462,10.627,1,0.10079,-0.003651814,-0.0048593446,0.17999922,0.021585252,0,0,0,0,0,1003.00336,1198.6477,1595.905,1844.27,-0.0026133626,0.014022291,-0.011632871,0.0044888104,111.466385,111.75,106.59399,106.84014,10.337366
209,4750.282,1.00000,9.591,10.769,1,0.10127,-0.0033609143,-0.0044178017,0.18231283,0.020229036,0,0,0,0,0,1003.53046,1201.714,1592.8306,1844.0532,-0.0020213241,0.013797277,-0.011459603,0.003840356,111.46701,111.75454,106.59096,106.8401,10.337366
210,4750.282,1.00000,9.716,10.907,1,0.10178,-0.0025088603,-0.0035307962,0.18469478,0.018857064,0,0,0,0,0,1004.1314,1204.8132,1589.597,1843.6776,-0.0014551968,0.013623605,-0.011343593,0.0032032526,111.46777,111.75911,106.58779,106.839874,10.337366
211,4750.282,1.00000,9.839,11.042,1,0.10228,-0.0013529784,-0.0024712454,0.18713848,0.01743147,0,0,0,0,0,1004.8492,1208.0581,1586.1322,1843.2224,-0.00090113375,0.013539404,-0.011297783,0.00260073,111.4687,111.763824,106.584435,106.83953,10.382581
212,4750.282,1.00000,9.959,11.174,1,0.10279,-0.000761007,-0.00170236,0.18965101,0.015934737,0,0,0,0,0,1005.555,1211.4033,1582.4065,1842.7046,-0.00039589225,0.013529082,-0.011325255,0.002038767,111.46967,111.768684,106.58085,106.839096,10.382581
213,4750.282,1.00000,10.076,11.303,1,0.10327,-0.0011819266,-0.001473596,0.19218582,0.01435494,0,0,0,0,0,1006.2534,1214.787,1578.5048,1842.1426,0.000063413536,0.013558529,-0.011402136,0.0015197179,111.470665,111.77362,106.577065,106.83861,10.382581
214,4750.282,1.00000,10.192,11.428,1,0.10367,-0.0015825013,-0.0014446373,0.19462933,0.012709251,0,0,0,0,0,1006.96497,1217.978,1574.8007,1841.4183,0.0005744906,0.013529079,-0.011438668,0.0010087441,111.4717,111.77841,106.573326,106.83799,10.382581
215,4750.282,1.00000,10.307,11.551,1,0.10401,-0.001839241,-0.0014768024,0.19691609,0.01109815,0,0,0,0,0,1007.9151,1220.6754,1571.7134,1840.2246,0.0011633716,0.013309419,-0.011333706,0.00041653286,111.47297,111.782684,106.56999,106.83702,10.407017
216,4750.282,1.00000,10.420,11.673,1,0.10430,-0.0018802721,-0.0014430995,0.19898869,0.009619464,0,0,0,0,0,1009.3286,1222.6323,1569.633,1838.3223,0.0018890263,0.012793043,-0.010998727,-0.0002951485,111.47473,111.786095,106.56743,106.835495,10.407017
217,4750.282,1.00000,10.532,11.793,1,0.10457,-0.0016947337,-0.0012593006,0.20079522,0.008352667,0,0,0,0,0,1011.26514,1223.7527,1568.7709,1835.4086,0.0027728188,0.011945827,-0.010393121,-0.0010847455,111.47714,111.788414,106.56589,106.83316,10.407017
218,4750.282,1.00000,10.643,11.913,1,0.10482,-0.0013300248,-0.00089565775,0.20229082,0.0073545626,0,0,0,0,0,1013.75757,1224.0099,1569.1722,1831.5088,0.0038142586,0.010781023,-0.009521347,-0.0020366607,111.48031,111.78956,106.56552,106.829895,10.407017
219,4750.282,1.00000,10.753,12.032,1,0.10505,-0.00087264343,-0.00037786982,0.20343973,0.006650998,0,0,0,0,0,1016.69,1223.4801,1570.7991,1826.8181,0.00495207,0.00936082,-0.008411615,-0.003112791,111.48414,111.78955,106.56634,106.82578,10.407017
220,4750.282,1.00000,10.863,12.150,1,0.10523,-0.0004270799,0.00022760074,0.20421356,0.006244016,0,0,0,0,0,1019.9883,1222.215,1573.49,1821.472,0.006131461,0.007744397,-0.007120473,-0.0042683505,111.488556,111.788445,106.56827,106.820946,10.454675
221,4750.282,1.00000,10.972,12.267,1,0.10536,-0.00008779021,0.00083076244,0.20459531,0.006120784,0,0,0,0,0,1023.51056,1220.3276,1577.1223,1815.7461,0.007279673,0.0060070525,-0.005694823,-0.0054300693,111.493385,111.78638,106.57119,106.8156,10.454675
222,4750.282,1.00000,11.081,12.384,1,0.10542,0.00008023579,0.0013423647,0.2045785,0.0062587657,0,0,0,0,0,1027.1703,1217.9454,1581.4647,1809.7828,0.008347483,0.004225772,-0.0042011393,-0.006556327,111.498505,111.78349,106.574936,106.8099,10.454675
223,4750.282,1.00000,11.189,12.501,1,0.10540,0.00005523339,0.0016926149,0.20417188,0.006632009,0,0,0,0,0,1030.838,1215.1532,1586.3499,1803.8035,0.009280963,0.0024545272,-0.0026889173,-0.0075949314,111.50373,111.77993,106.57932,106.80406,10.454675
224,4750.282,1.00000,11.297,12.617,1,0.10531,-0.00014098259,0.0018423104,0.20339634,0.007213768,0,0,0,0,0,1034.4663,1212.0313,1591.6055,1797.922,0.01006101,0.0007344508,-0.0012030943,-0.008520329,111.50897,111.77582,106.5842,106.798225,10.476708
225,4750.282,1.00000,11.405,12.733,1,0.10513,-0.0004503791,0.001787003,0.20228502,0.007978844,0,0,0,0,0,1037.9714,1208.6116,1597.0973,1792.2665,0.010666068,-0.0008102297,0.00023578553,-0.009308936,111.514114,111.77125,106.5894,106.79252,10.476708
226,4750.282,1.00000,11.512,12.848,1,0.10489,-0.0007945122,0.0015560706,0.2008819,0.008902713,0,0,0,0,0,1041.2937,1204.7197,1602.3099,1786.9366,0.011085613,-0.0021038651,0.0017760682,-0.009945545,111.51905,111.76612,106.59465,106.78706,10.476708
227,4750.282,1.00000,11.620,12.964,1,0.10461,-0.0010928059,0.00119792,0.19925322,0.009962245,0,0,0,0,0,1044.4626,1200.6042,1607.1595,1781.971,0.011347714,-0.0033142008,0.0031660974,-0.01043016,111.52379,111.760506,106.599625,106.78192,10.476708
228,4750.282,1.00000,11.727,13.079,1,0.10430,-0.0012799819,0.0007713217,0.19746083,0.011138857,0,0,0,0,0,1047.4258,1196.4244,1611.7919,1777.4373,0.011455753,-0.004437332,0.004348978,-0.010758474,111.52827,111.75462,106.604355,106.77716,10.505379
229,4750.282,1.00000,11.834,13.195,1,0.10399,-0.0013222693,0.00033496754,0.19555858,0.012412492,0,0,0,0,0,1050.1984,1192.308,1616.2139,1773.3473,0.011431188,-0.0054408326,0.0053327475,-0.010939331,111.532486,111.74869,106.60885,106.77281,10.505379
230,4750.282,1.00000,11.940,13.311,1,0.10368,-0.001220422,-0.00006377761,0.19359894,0.013757262,0,0,0,0,0,1052.771,1188.3973,1620.3701,1769.7622,0.011289096,-0.0062857294,0.0061219228,-0.010971619,111.53642,111.74292,106.613106,106.768936,10.505379
231,4750.282,1.00000,12.046,13.427,1,0.10339,-0.001006037,-0.00039387142,0.1916323,0.015142916,0,0,0,0,0,1055.0897,1184.7318,1624.267,1766.695,0.011025608,-0.006967314,0.0067361994,-0.010863784,111.54003,111.73742,106.61711,106.76555,10.505379
232,4750.282,1.00000,12.151,13.544,1,0.10312,-0.0007339029,-0.0006455111,0.18970394,0.016538186,0,0,0,0,0,1057.1583,1181.4271,1627.8,1764.1394,0.010654023,-0.0074622766,0.007167448,-0.010629018,111.54329,111.732346,106.620804,106.76266,10.505379
233,4750.282,1.00000,12.256,13.661,1,0.10288,-0.00046671554,-0.00082682417,0.18785721,0.017911525,0,0,0,0,0,1058.953,1178.5193,1630.9023,1762.1144,0.010180673,-0.007771227,0.0074121873,-0.010274536,111.54618,111.72778,106.624115,106.76029,10.55086
234,4750.282,1.00000,12.360,13.778,1,0.10268,-0.00026191046,-0.0009595338,0.18613084,0.01923358,0,0,0,0,0,1060.5038,1176.0708,1633.5762,1760.6389,0.009629707,-0.007889871,0.0074865147,-0.009806349,111.548706,111.72383,106.62702,106.75845,10.55086
235,4750.282,1.00000,12.464,13.895,1,0.10252,-0.00015883386,-0.0010712338,0.18455729,0.020478774,0,0,0,0,0,1061.7366,1174.0803,1635.7936,1759.6588,0.008988852,-0.007833353,0.007401265,-0.009246228,111.55081,111.72051,106.6295,106.75712,10.55086
236,4750.282,1.00000,12.567,14.012,1,0.10240,-0.00017411816,-0.0011895406,0.1831641,0.021626044,0,0,0,0,0,1062.7006,1172.6113,1637.4478,1759.1611,0.008283536,-0.0075981305,0.0071441955,-0.008606893,111.55251,111.71791,106.63146,106.75628,10.55086
237,4750.282,1.00000,12.669,14.129,1,0.10232,-0.00029769616,-0.0013334007,0.18197602,0.022659054,0,0,0,0,0,1063.3966,1171.6104,1638.6,1759.1134,0.0075283768,-0.007214869,0.006743729,-0.007903655,111.553825,111.71599,106.632935,106.7559,10.572207
238,4750.282,1.00000,12.770,14.247,1,0.10229,-0.0004980896,-0.0015116857,0.18100859,0.023567561,0,0,0,0,0,1063.8129,1171.0946,1639.2616,1759.4663,0.006728922,-0.006694368,0.0062210876,-0.007154574,111.55474,111.71477,106.63392,106.75594,10.572207
239,4750.282,1.00000,12.871,14.364,1,0.10231,-0.0007313967,-0.001719836,0.18027176,0.024345344,0,0,0,0,0,1063.9878,1171.03,1639.3782,1760.1929,0.0059064934,-0.00605985,0.0055767335,-0.006371742,111.55528,111.71422,106.634384,106.75638,10.572207
240,4750.282,1.00000,12.971,14.480,1,0.10238,-0.00094933336,-0.0019421966,0.17977141,0.024990218,0,0,0,0,0,1063.9056,1171.4224,1638.9922,1761.2441,0.0050640777,-0.0053218366,0.0048323055,-0.0055706017,111.55545,111.71434,106.63434,106.75717,10.572207
241,4750.282,1.00000,13.069,14.597,1,0.10250,-0.001111647,-0.0021549906,0.17950563,0.025504015,0,0,0,0,0,1063.6251,1172.2278,1638.1416,1762.5679,0.0042273393,-0.004503717,0.0040107267,-0.004766447,111.555305,111.71508,106.63382,106.75826,10.572207
242,4750.282,1.00000,13.167,14.714,1,0.10268,-0.0011916114,-0.0023323298,0.17946717,0.025891414,0,0,0,0,0,1063.0906,1173.422,1636.8197,1764.1172,0.0033824316,-0.0036225987,0.0031214603,-0.00397227,111.5548,111.716415,106.63283,106.759605,10.617008
243,4750.282,1.00000,13.264,14.830,1,0.10290,-0.0011824281,-0.002450299,0.17964458,0.026159124,0,0,0,0,0,1062.3866,1174.9518,1635.0746,1765.8738,0.0025589403,-0.002702531,0.0021847696,-0.0031934006,111.554016,111.71828,106.6314,106.76118,10.617008
244,4750.282,1.00000,13.361,14.945,1,0.10317,-0.0010946252,-0.0024936092,0.18002199,0.026315589,0,0,0,0,0,1061.4863,1176.8081,1632.9166,1767.7972,0.0017528312,-0.001752692,0.0012113712,-0.002438706,111.55294,111.72064,106.629555,106.76294,10.617008
245,4750.282,1.00000,13.456,15.061,1,0.10348,-0.0009541217,-0.0024567111,0.18058039,0.02637018,0,0,0,0,0,1060.4032,1178.9535,1630.4159,1769.8909,0.00096685265,-0.00078824564,0.00022504723,-0.0017070667,111.55159,111.72345,106.627335,106.764885,10.617008
246,4750.282,1.00000,13.550,15.176,1,0.10382,-0.0007956524,-0.00234539,0.18129784,0.026333682,0,0,0,0,0,1059.1335,1181.3273,1627.4534,1772.1063,0.00019879096,0.00017748584,-0.000682646,-0.0010076646,111.54996,111.72665,106.62472,106.766975,10.637372
247,4750.282,1.00000,13.644,15.290,1,0.10419,-0.00065477565,-0.0021745823,0.18215644,0.026217781,0,0,0,0,0,1057.6692,1183.7642,1623.9464,1774.4304,-0.0004799059,0.001274434,-0.0015325685,-0.00034209923,111.54807,111.7301,106.62161,106.76919,10.637372
248,4750.282,1.00000,13.737,15.404,1,0.10459,-0.0005593043,-0.0019655877,0.1831385,0.026037103,0,0,0,0,0,1055.9253,1186.1747,1620.0626,1776.816,-0.0010824124,0.0023270282,-0.0023937912,0.00032031073,111.54584,111.73359,106.618065,106.7715,10.637372
249,4750.282,1.00000,13.829,15.517,1,0.10501,-0.0005289384,-0.001745402,0.18421923,0.025809754,0,0,0,0,0,1054.0068,1188.6611,1615.935,1779.0902,-0.0016691516,0.003294357,-0.0032470445,0.0010102697,111.54328,111.73715,106.61419,106.7738,10.637372
250,4750.282,1.00000,13.921,15.630,1,0.10546,-0.0005709729,-0.0015393595,0.18537256,0.025552813,0,0,0,0,0,1051.9767,1191.2468,1611.6309,1781.388,-0.0022340824,0.0041830693,-0.0040755975,0.0016585718,111.540504,111.74082,106.61008,106.77609,10.637372
251,4750.282,1.00000,14.012,15.742,1,0.10593,-0.0006774682,-0.0013666897,0.18657388,0.025278945,0,0,0,0,0,1049.8407,1193.9623,1607.21,1783.7098,-0.0027769872,0.005013474,-0.004865925,0.0022450483,111.53754,111.74466,106.6058,106.77838,10.682412
252,4750.282,1.00000,14.103,15.854,1,0.10640,-0.00082979543,-0.0012371155,0.18779916,0.02499943,0,0,0,0,0,1047.6344,1196.7961,1602.7767,1786.1382,-0.003289012,0.0057919463,-0.0055961884,0.0027926578,111.53443,111.74867,106.60145,106.78075,10.682412
253,4750.282,1.00000,14.193,15.966,1,0.10687,-0.0010017736,-0.0011504755,0.1890247,0.02472394,0,0,0,0,0,1045.3868,1199.7096,1598.3114,1788.6569,-0.0037626037,0.006510655,-0.0062727057,0.0033055425,111.531235,111.752815,106.597046,106.78319,10.682412
254,4750.282,1.00000,14.283,16.077,1,0.10735,-0.0011657967,-0.0010988403,0.19023065,0.024460852,0,0,0,0,0,1043.1134,1202.697,1593.8995,1791.2871,-0.004195349,0.007171368,-0.006881086,0.0037934487,111.527985,111.75709,106.59266,106.785736,10.682412
255,4750.282,1.00000,14.372,16.187,1,0.10781,-0.0012972547,-0.0010686136,0.19139747,0.02421794,0,0,0,0,0,1040.8201,1205.7319,1589.5977,1793.988,-0.004588764,0.0077704364,-0.0074119326,0.0042501506,111.52468,111.76145,106.58834,106.78836,10.699943
256,4750.282,1.00000,14.461,16.296,1,0.10825,-0.001379838,-0.0010437066,0.19250779,0.024001872,0,0,0,0,0,1038.5568,1208.7842,1585.4292,1796.7753,-0.004930911,0.00830169,-0.007864472,0.0046815844,111.52139,111.76587,106.58412,106.79108,10.699943
257,4750.282,1.00000,14.550,16.405,1,0.10868,-0.0014061086,-0.0010101259,0.19354779,0.023817647,0,0,0,0,0,1036.2997,1211.8401,1581.3958,1799.5732,-0.005232149,0.008765233,-0.008243868,0.0050716368,111.518105,111.77032,106.58003,106.79383,10.699943
258,4750.282,1.00000,14.639,16.513,1,0.10909,-0.0013797089,-0.00095788966,0.19450657,0.023669247,0,0,0,0,0,1034.1002,1214.8469,1577.554,1802.4071,-0.0054816217,0.009148084,-0.0085433405,0.005427512,111.51488,111.77473,106.576096,106.79663,10.699943
259,4750.282,1.00000,14.728,16.620,1,0.10947,-0.0013119526,-0.000883852,0.19537489,0.023559129,0,0,0,0,0,1031.9417,1217.8066,1573.9152,1805.2144,-0.005687764,0.009455542,-0.008765352,0.0057375906,111.511696,111.77908,106.57235,106.79942,10.699943
260,4750.282,1.00000,14.816,16.727,1,0.10982,-0.001221063,-0.0007913862,0.19614694,0.023488678,0,0,0,0,0,1029.8446,1220.6862,1570.4816,1808.0078,-0.005849322,0.009684025,-0.008915322,0.0060071335,111.5086,111.783356,106.5688,106.80221,10.743507
261,4750.282,1.00000,14.905,16.833,1,0.11014,-0.0011266598,-0.0006895357,0.19681913,0.023457661,0,0,0,0,0,1027.836,1223.4778,1567.3134,1810.745,-0.005961831,0.0098373825,-0.008985674,0.006229875,111.5056,111.78751,106.56548,106.80496,10.743507
262,4750.282,1.00000,14.993,16.938,1,0.11043,-0.0010476082,-0.00059068186,0.19738947,0.023465361,0,0,0,0,0,1025.9,1226.1371,1564.3685,1813.39,-0.0060342215,0.009907384,-0.008990693,0.0063993786,111.50271,111.79151,106.56239,106.80764,10.743507
263,4750.282,1.00000,15.082,17.043,1,0.11068,-0.0009978568,-0.0005082732,0.19785959,0.023509659,0,0,0,0,0,1024.0702,1228.6798,1561.6832,1815.9462,-0.0060610124,0.009905908,-0.008928839,0.0065200953,111.499954,111.79535,106.55955,106.81025,10.743507
264,4750.282,1.00000,15.170,17.146,1,0.11091,-0.0009844257,-0.00045306463,0.19823223,0.023587875,0,0,0,0,0,1022.32855,1231.0724,1559.2462,1818.3892,-0.006051307,0.00983034,-0.008807344,0.0065909666,111.49732,111.79899,106.556946,106.81275,10.757846
265,4750.282,1.00000,15.259,17.250,1,0.11110,-0.0010076071,-0.00043138344,0.19851214,0.02369718,0,0,0,0,0,1020.71155,1233.2886,1557.0817,1820.67,-0.0059984657,0.009677446,-0.008626083,0.0066034016,111.49486,111.8024,106.5546,106.81512,10.757846
266,4750.282,1.00000,15.348,17.353,1,0.11127,-0.0010609159,-0.0004450726,0.19870503,0.023834033,0,0,0,0,0,1019.2264,1235.3461,1555.1658,1822.8021,-0.0059033525,0.00946044,-0.008394832,0.0065643485,111.49257,111.80558,106.55251,106.81734,10.757846
267,4750.282,1.00000,15.436,17.455,1,0.11141,-0.0011322803,-0.0004900775,0.19881864,0.023994286,0,0,0,0,0,1017.87213,1237.2311,1553.5074,1824.7634,-0.0057702293,0.009183813,-0.008116536,0.0064740204,111.49046,111.80852,106.550674,106.819405,10.757846
268,4750.282,1.00000,15.525,17.557,1,0.11152,-0.0012071267,-0.00055753987,0.19886078,0.024173845,0,0,0,0,0,1016.6374,1238.91,1552.1105,1826.521,-0.0056068604,0.008841999,-0.0077942777,0.006328359,111.48854,111.81117,106.549095,106.82129,10.77396
269,4750.282,1.00000,15.614,17.659,1,0.11160,-0.001270951,-0.00063645636,0.19884,0.02436813,0,0,0,0,0,1015.5661,1240.4033,1550.9293,1828.0809,-0.005403445,0.008447491,-0.0074418928,0.006132929,111.48683,111.81357,106.54775,106.822975,10.77396
270,4750.282,1.00000,15.703,17.760,1,0.11167,-0.0013110321,-0.0007157904,0.198766,0.02457235,0,0,0,0,0,1014.62604,1241.7197,1550.0336,1829.4244,-0.0051723146,0.008011903,-0.0070479275,0.005888288,111.48532,111.81569,106.54667,106.82446,10.77396
271,4750.282,1.00000,15.793,17.861,1,0.11171,-0.0013199077,-0.0007857905,0.19864705,0.024781596,0,0,0,0,0,1013.8415,1242.8392,1549.2915,1830.5706,-0.004910193,0.0075346814,-0.00664355,0.005603945,111.484024,111.81754,106.54578,106.825745,10.77396
272,4750.282,1.00000,15.882,17.961,1,0.11174,-0.0012945229,-0.00084072404,0.19849406,0.02499026,0,0,0,0,0,1013.1626,1243.7867,1548.7909,1831.5012,-0.004635039,0.007029168,-0.0062138354,0.0052805045,111.4829,111.81914,106.545105,106.82683,10.77396
273,4750.282,1.00000,15.971,18.062,1,0.11175,-0.001238692,-0.0008784139,0.1983149,0.025193933,0,0,0,0,0,1012.6567,1244.5757,1548.4468,1832.2257,-0.0043295925,0.006506394,-0.005777931,0.0049238964,111.48201,111.82048,106.544624,106.8277,10.8096485
274,4750.282,1.00000,16.060,18.162,1,0.11175,-0.0011597489,-0.00090116577,0.19811946,0.025387427,0,0,0,0,0,1012.25854,1245.1837,1548.279,1832.7667,-0.0040143714,0.00596268,-0.0053343247,0.0045442153,111.48129,111.82158,106.54432,106.82838,10.8096485
275,4750.282,1.00000,16.150,18.262,1,0.11174,-0.0010686684,-0.0009142607,0.19791543,0.025566487,0,0,0,0,0,1011.968,1245.6708,1548.2339,1833.0989,-0.0036933399,0.0054215244,-0.004895496,0.004138773,111.48075,111.822464,106.54416,106.82886,10.8096485
276,4750.282,1.00000,16.239,18.362,1,0.11172,-0.0009778593,-0.00092396676,0.19770892,0.0257259,0,0,0,0,0,1011.77985,1245.9884,1548.3171,1833.2976,-0.0033691654,0.0048705097,-0.004461414,0.0037291236,111.48036,111.82312,106.54413,106.82918,10.8096485
277,4750.282,1.00000,16.328,18.461,1,0.11168,-0.000898501,-0.00093711977,0.19750579,0.025861146,0,0,0,0,0,1011.69305,1246.1925,1548.4688,1833.3333,-0.0030428697,0.004328363,-0.0040452015,0.0033122506,111.480125,111.823586,106.5442,106.82934,10.814259
278,4750.282,1.00000,16.417,18.561,1,0.11164,-0.0008386562,-0.000959004,0.19731306,0.025968993,0,0,0,0,0,1011.65063,1246.3147,1548.7059,1833.2362,-0.0027326187,0.0038107687,-0.0036433085,0.0028960614,111.47998,111.823906,106.54435,106.82935,10.814259
279,4750.282,1.00000,16.506,18.660,1,0.11159,-0.000803656,-0.0009908449,0.19713637,0.026047949,0,0,0,0,0,1011.69666,1246.3108,1548.9824,1833.0353,-0.0024257754,0.0033027723,-0.0032647338,0.0024896697,111.479965,111.82405,106.54457,106.829254,10.814259
280,4750.282,1.00000,16.595,18.759,1,0.11154,-0.00079321675,-0.0010323629,0.19698212,0.02609794,0,0,0,0,0,1011.7615,1246.251,1549.3231,1832.7285,-0.0021420112,0.0028258802,-0.002903218,0.0020934825,111.48,111.82407,106.54485,106.82904,10.814259
281,4750.282,1.00000,16.684,18.859,1,0.11149,-0.00080416334,-0.0010796287,0.1968549,0.026119936,0,0,0,0,0,1011.869,1246.1276,1549.6321,1832.3535,-0.0018746017,0.0023795383,-0.0025782462,0.0017166581,111.48011,111.824005,106.545135,106.82874,10.814259
282,4750.282,1.00000,16.773,18.958,1,0.11144,-0.00082951697,-0.0011271322,0.19676082,0.026116014,0,0,0,0,0,1012.0104,1245.9539,1549.9454,1831.9232,-0.0016238367,0.0019656688,-0.0022813743,0.0013626327,111.48027,111.823845,106.545425,106.82838,10.836066
283,4750.282,1.00000,16.861,19.057,1,0.11140,-0.00086032454,-0.0011690492,0.1967035,0.026089404,0,0,0,0,0,1012.14874,1245.7618,1550.242,1831.4486,-0.0013997506,0.0015934075,-0.0020142654,0.0010330089,111.48045,111.82363,106.545715,106.82796,10.836066
284,4750.282,1.00000,16.949,19.157,1,0.11136,-0.00088859233,-0.0011998051,0.19668609,0.026043672,0,0,0,0,0,1012.2967,1245.5482,1550.4717,1830.963,-0.0011974006,0.0012598697,-0.0017860321,0.00073473423,111.48065,111.82338,106.54596,106.82751,10.836066
285,4750.282,1.00000,17.038,19.257,1,0.11135,-0.00090613356,-0.0012158174,0.19671181,0.02598268,0,0,0,0,0,1012.40283,1245.358,1550.6467,1830.4834,-0.0010301658,0.0009772934,-0.0015921788,0.00047085265,111.48082,111.823135,106.54615,106.82705,10.836066
286,4750.282,1.00000,17.125,19.357,1,0.11135,-0.00090914586,-0.0012156289,0.19678134,0.0259104,0,0,0,0,0,1012.5087,1245.1755,1550.7668,1830.0322,-0.0008837678,0.00073788565,-0.0014296451,0.00024495396,111.48098,111.8229,106.546295,106.82661,10.837465
287,4750.282,1.00000,17.213,19.457,1,0.11136,-0.00089588494,-0.0012006497,0.19689484,0.02583054,0,0,0,0,0,1012.5604,1245.0393,1550.761,1829.6345,-0.0007710628,0.0005499026,-0.0013115377,0.000061000366,111.48109,111.8227,106.54634,106.8262,10.837465
288,4750.282,1.00000,17.301,19.558,1,0.11140,-0.0008676575,-0.0011739647,0.1970525,0.02574665,0,0,0,0,0,1012.54504,1244.9552,1550.6729,1829.2787,-0.00069489947,0.00041257916,-0.0012262621,-0.00007587616,111.48112,111.82256,106.5463,106.825836,10.837465
289,4750.282,1.00000,17.388,19.659,1,0.11146,-0.0008295441,-0.0011402222,0.19725195,0.025662584,0,0,0,0,0,1012.47345,1244.9471,1550.443,1828.9866,-0.00064895215,0.0003296142,-0.0011832098,-0.00016025621,111.481064,111.822525,106.54614,106.82553,10.837465
290,4750.282,1.00000,17.475,19.760,1,0.11154,-0.000787248,-0.0011040805,0.19749163,0.0255809,0,0,0,0,0,1012.31805,1245.0083,1550.0767,1828.7954,-0.00063817744,0.00029410853,-0.0011790694,-0.00020903863,111.48091,111.82257,106.54585,106.825294,10.844694
291,4750.282,1.00000,17.561,19.862,1,0.11164,-0.0007478629,-0.001070395,0.19776829,0.025504112,0,0,0,0,0,1012.0737,1245.1876,1549.5902,1828.7507,-0.0006617321,0.00031792352,-0.0012068129,-0.00021760653,111.48064,111.82277,106.54545,106.82518,10.844694
292,4750.282,1.00000,17.648,19.964,1,0.11176,-0.00071759056,-0.001041384,0.19807765,0.025434257,0,0,0,0,0,1011.73114,1245.4502,1548.9557,1828.8522,-0.0007192061,0.00038516894,-0.0012694715,-0.00018847614,111.48023,111.82309,106.5449,106.8252,10.844694
293,4750.282,1.00000,17.734,20.067,1,0.11189,-0.00070089934,-0.0010185336,0.1984156,0.025372727,0,0,0,0,0,1011.2911,1245.8312,1548.1827,1829.1534,-0.0008072629,0.000500747,-0.0013625503,-0.00011279686,111.47968,111.82356,106.54422,106.82539,10.844694
294,4750.282,1.00000,17.820,20.169,1,0.11205,-0.00070016395,-0.0010011949,0.19877735,0.02532085,0,0,0,0,0,1010.7358,1246.3168,1547.2542,1829.6036,-0.00092820864,0.0006559237,-0.0014869848,-0.0000043322893,111.47898,111.82419,106.54339,106.825745,10.844694
295,4750.282,1.00000,17.906,20.272,1,0.11222,-0.0007152872,-0.0009875051,0.19915782,0.02527975,0,0,0,0,0,1010.0803,1246.9152,1546.1838,1830.2109,-0.0010746975,0.0008476075,-0.0016374096,0.00016014697,111.478134,111.824974,106.54241,106.826256,10.864164
296,4750.282,1.00000,17.992,20.375,1,0.11240,-0.0007437864,-0.00097476644,0.1995494,0.025249766,0,0,0,0,0,1009.3353,1247.6327,1544.9744,1830.9388,-0.0012399969,0.0010738459,-0.0018105425,0.0003624925,111.47715,111.82593,106.5413,106.8269,10.864164
297,4750.282,1.00000,18.077,20.479,1,0.11259,-0.0007814165,-0.0009603929,0.19994496,0.025229314,0,0,0,0,0,1008.4945,1248.4598,1543.638,1831.8251,-0.0014233629,0.0013271836,-0.0020014464,0.0005970125,111.47602,111.82704,106.540054,106.82769,10.864164
298,4750.282,1.00000,18.163,20.582,1,0.11278,-0.0008226814,-0.0009426336,0.20033911,0.02521726,0,0,0,0,0,1007.54584,1249.4286,1542.1598,1832.8529,-0.0016268003,0.0016149946,-0.0022113577,0.0008551536,111.47475,111.82835,106.53867,106.82863,10.864164
299,4750.282,1.00000,18.248,20.685,1,0.11297,-0.00086196925,-0.0009194939,0.20072733,0.02521251,0,0,0,0,0,1006.48596,1250.4705,1540.6034,1834.0258,-0.0018497598,0.0019103285,-0.0024248236,0.0011339807,111.47332,111.82978,106.53719,106.829704,10.863817
300,4750.282,1.00000,18.333,20.788,1,0.11317,-0.0008922156,-0.00089207443,0.2011299,0.025215777,0,0,0,0,0,1005.38434,1251.6718,1538.8962,1835.338,-0.002068732,0.0022376764,-0.0026558712,0.0014296384,111.47179,111.83142,106.53558,106.83092,10.863817
301,4750.282,1.00000,18.417,20.891,1,0.11339,-0.0009095034,-0.00086110056,0.20154169,0.025234807,0,0,0,0,0,1004.1942,1252.955,1537.1055,1836.7549,-0.002295066,0.0025713383,-0.0028897603,0.0017306089,111.47014,111.833206,106.53387,106.83225,10.863817
302,4750.282,1.00000,18.502,20.994,1,0.11362,-0.0009136003,-0.00082911365,0.20195778,0.025273299,0,0,0,0,0,1002.9459,1254.3417,1535.2278,1838.291,-0.0025201703,0.0029123167,-0.0031253463,0.0020378234,111.4684,111.835144,106.53206,106.8337,10.863817
303,4750.282,1.00000,18.586,21.097,1,0.11385,-0.00090640696,-0.0007987813,0.20237538,0.025331555,0,0,0,0,0,1001.64307,1255.8269,1533.2599,1839.9348,-0.0027417045,0.0032583687,-0.0033630151,0.0023479261,111.46657,111.83723,106.53016,106.835266,10.862592
304,4750.282,1.00000,18.670,21.200,1,0.11410,-0.00089103275,-0.0007724389,0.2027922,0.025408871,0,0,0,0,0,1000.29126,1257.3964,1531.2076,1841.667,-0.0029577722,0.003603161,-0.0036013874,0.0026548451,111.46466,111.83944,106.528175,106.83693,10.862592
305,4750.282,1.00000,18.754,21.303,1,0.11435,-0.0008720613,-0.0007521612,0.20320588,0.025503779,0,0,0,0,0,998.9005,1259.0474,1529.13,1843.4696,-0.003165361,0.0039443434,-0.0038270892,0.0029527603,111.462685,111.841774,106.52614,106.83867,10.862592
306,4750.282,1.00000,18.837,21.406,1,0.11461,-0.00085453625,-0.00073850324,0.20361347,0.025614634,0,0,0,0,0,997.4952,1260.7583,1526.9935,1845.3364,-0.0033570833,0.0042736144,-0.0040469617,0.0032396412,111.46067,111.844215,106.52405,106.840485,10.862592
307,4750.282,1.00000,18.921,21.509,1,0.11488,-0.0008421853,-0.000731865,0.20401318,0.02573829,0,0,0,0,0,996.0608,1262.5205,1524.8427,1847.278,-0.0035377278,0.0045869364,-0.0042523816,0.0035188096,111.45862,111.84674,106.52193,106.84237,10.864063
308,4750.282,1.00000,19.004,21.612,1,0.11514,-0.00083792105,-0.00073098735,0.20440282,0.025872728,0,0,0,0,0,994.61865,1264.3334,1522.6764,1849.2258,-0.0037022664,0.004884748,-0.0044435803,0.0037735393,111.456535,111.84935,106.51978,106.84429,10.864063
309,4750.282,1.00000,19.087,21.714,1,0.11540,-0.00084298727,-0.00073415553,0.20478097,0.026015103,0,0,0,0,0,993.1788,1266.1857,1520.495,1851.2151,-0.0038482284,0.0051644384,-0.00462169,0.0040117595,111.45445,111.85202,106.51762,106.84625,10.864063
310,4750.282,1.00000,19.170,21.816,1,0.11565,-0.0008569797,-0.0007391844,0.20514609,0.026162624,0,0,0,0,0,991.75104,1268.0508,1518.3301,1853.217,-0.0039737127,0.005417343,-0.004780757,0.004228944,111.45237,111.85473,106.51546,106.84823,10.864063
311,4750.282,1.00000,19.253,21.918,1,0.11591,-0.0008773946,-0.00074411754,0.2054974,0.026313186,0,0,0,0,0,990.3292,1269.9298,1516.1726,1855.1986,-0.0040822513,0.005644383,-0.004923607,0.004417265,111.4503,111.85747,106.513306,106.850204,10.864063
312,4750.282,1.00000,19.335,22.020,1,0.11615,-0.000901294,-0.0007473584,0.20583388,0.026464116,0,0,0,0,0,988.92914,1271.8055,1514.0867,1857.1886,-0.004170904,0.0058418624,-0.0050375173,0.00458519,111.44825,111.860214,106.51119,106.85219,10.884616
313,4750.282,1.00000,19.418,22.121,1,0.11638,-0.0016889161,-0.0009822088,0.20615461,0.026613463,0,0,0,0,0,987.5555,1273.6753,1512.0178,1859.1365,-0.0042395834,0.006010816,-0.0051353294,0.004722952,111.446236,111.86296,106.50912,106.85415,10.884616
314,4750.282,1.00000,19.501,22.221,1,0.11656,-0.0022579117,-0.001086678,0.2063717,0.026745481,0,0,0,0,0,986.3584,1275.2249,1510.3662,1860.8588,-0.004242905,0.0060372846,-0.0051305937,0.0047824807,111.44439,111.8654,106.5073,106.85596,10.884616
315,4750.282,1.00000,19.585,22.321,1,0.11666,-0.0025300046,-0.00097468385,0.20642276,0.026892824,0,0,0,0,0,985.6388,1276.0781,1509.7246,1861.9355,-0.004085836,0.0057662725,-0.0048886603,0.0046492936,111.44303,111.867096,106.50621,106.8573,10.884616
316,4750.282,1.00000,19.671,22.421,1,0.11667,-0.0024908823,-0.00061783154,0.20624712,0.027086737,0,0,0,0,0,985.6518,1275.9368,1510.4187,1862.0835,-0.0036893454,0.005076477,-0.0043388302,0.0042416123,111.44253,111.86761,106.50621,106.857895,10.886116
317,4750.282,1.00000,19.758,22.521,1,0.11657,-0.002186281,-0.000048224887,0.20579089,0.027351733,0,0,0,0,0,986.6068,1274.6672,1512.837,1861.0664,-0.0029983534,0.0039282776,-0.0034091235,0.003504396,111.443184,111.866646,106.507675,106.85749,10.886116
318,4750.282,1.00000,19.847,22.620,1,0.11635,-0.0017056286,0.0006544605,0.2050016,0.027702153,0,0,0,0,0,988.4603,1272.1567,1516.998,1858.8795,-0.00204552,0.0023145762,-0.002115402,0.0024546478,111.445076,111.86402,106.51076,106.85599,10.886116
319,4750.282,1.00000,19.938,22.719,1,0.11599,-0.00116578,0.0013840869,0.20383689,0.028142845,0,0,0,0,0,991.2416,1268.4464,1522.9308,1855.5537,-0.0008509582,0.00029412252,-0.00048014784,0.0011325872,111.44828,111.85968,106.51555,106.85338,10.886116
320,4750.282,1.00000,20.031,22.816,1,0.11547,-0.0006873559,0.0020347715,0.20226623,0.028673679,0,0,0,0,0,994.765,1263.3661,1530.2102,1851.1761,0.0005572071,-0.0018232882,0.0016114545,-0.00037593508,111.452644,111.85357,106.52187,106.84971,10.897089
321,4750.282,1.00000,20.127,22.912,1,0.11479,-0.0003725746,0.0025253508,0.20027934,0.02929493,0,0,0,0,0,998.6827,1256.7594,1538.3533,1845.4899,0.002270696,-0.0040685628,0.004066584,-0.001818503,111.45789,111.8454,106.52933,106.84492,10.897089
322,4750.282,1.00000,20.224,23.008,1,0.11395,-0.00029155196,0.0028049038,0.19788018,0.030011432,0,0,0,0,0,1002.894,1248.9585,1547.2725,1838.732,0.0040191393,-0.0065156706,0.0066016694,-0.0033446068,111.46367,111.83532,106.53763,106.83898,10.897089
323,4750.282,1.00000,20.324,23.103,1,0.11295,-0.00047386737,0.0028632483,0.19507778,0.030826293,0,0,0,0,0,1007.4182,1240.2001,1557.0104,1831.2335,0.00570661,-0.009088717,0.009151215,-0.0049242387,111.46992,111.82363,106.546745,106.83213,10.897089
324,4750.282,1.00000,20.427,23.197,1,0.11181,-0.00090505497,0.0027264606,0.1918876,0.031740963,0,0,0,0,0,1012.2327,1230.7324,1567.4222,1823.2438,0.0073045697,-0.01168951,0.011661455,-0.0064944397,111.47659,111.81069,106.55659,106.82463,10.91607
325,4750.282,1.00000,20.531,23.290,1,0.11054,-0.0015277014,0.0024489139,0.18833476,0.03275449,0,0,0,0,0,1017.2759,1220.7603,1578.3501,1814.9692,0.008790454,-0.014238244,0.014082394,-0.0080026705,111.48365,111.796814,106.56702,106.8167,10.91607
326,4750.282,1.00000,20.637,23.383,1,0.10916,-0.002254122,0.0020983655,0.18445244,0.033863526,0,0,0,0,0,1022.4774,1210.4702,1589.6846,1806.657,0.010142983,-0.016669756,0.016382262,-0.0093926,111.491,111.78229,106.577934,106.80858,10.91607
327,4750.282,1.00000,20.745,23.476,1,0.10767,-0.002982018,0.0017406075,0.18027978,0.035062294,0,0,0,0,0,1027.8044,1200.084,1601.2426,1798.3912,0.011357857,-0.018915204,0.018516626,-0.010647769,111.49857,111.76741,106.58917,106.8004,10.91607
328,4750.282,1.00000,20.855,23.569,1,0.10610,-0.003611201,0.0014276188,0.17586198,0.03634258,0,0,0,0,0,1033.1532,1189.7302,1612.8751,1790.3832,0.0124098165,-0.02093981,0.020451177,-0.011729517,111.506256,111.752426,106.60059,106.79236,10.934674
329,4750.282,1.00000,20.966,23.662,1,0.10447,-0.004061086,0.0011896279,0.1712471,0.03769365,0,0,0,0,0,1038.4963,1179.5519,1624.473,1782.6746,0.013299571,-0.022712044,0.0221674,-0.012637238,111.513985,111.73754,106.61206,106.784546,10.934674
330,4750.282,1.00000,21.079,23.755,1,0.10279,-0.004282853,0.0010322318,0.16648504,0.039103925,0,0,0,0,0,1043.8319,1169.636,1635.9305,1775.3479,0.014044144,-0.024220865,0.02365261,-0.01336584,111.521736,111.72293,106.62347,106.77705,10.934674
331,4750.282,1.00000,21.194,23.850,1,0.10109,-0.004264171,0.00093819975,0.16162632,0.040559635,0,0,0,0,0,1049.0375,1160.0894,1647.1134,1768.4613,0.014618387,-0.025452744,0.024888849,-0.013915607,111.52938,111.70874,106.6347,106.769936,10.934674
332,4750.282,1.00000,21.309,23.945,1,0.09938,-0.004031076,0.00087558135,0.15672179,0.04204694,0,0,0,0,0,1054.1263,1150.9417,1657.9633,1762.0415,0.015039506,-0.026419159,0.025878606,-0.014294486,111.53689,111.69507,106.64565,106.76325,10.953302
333,4750.282,1.00000,21.426,24.041,1,0.09769,-0.0036399844,0.00080546364,0.15182,0.043552592,0,0,0,0,0,1059.0684,1142.2555,1668.4417,1756.048,0.0153176645,-0.027123898,0.026633749,-0.014525803,111.54421,111.68199,106.65629,106.756996,10.953302
334,4750.282,1.00000,21.543,24.140,1,0.09602,-0.0031644953,0.0006925836,0.14697908,0.04506533,0,0,0,0,0,1063.8514,1133.9915,1678.5012,1750.4852,0.015466801,-0.027601391,0.027164627,-0.014622946,111.55134,111.669525,106.66655,106.75116,10.953302
335,4750.282,1.00000,21.662,24.242,1,0.09449,-0.002660263,0.0005130686,0.14239039,0.04658433,0,0,0,0,0,1068.5372,1126.201,1688.173,1745.2595,0.015527841,-0.027859023,0.027501028,-0.014619053,111.558304,111.65771,106.67644,106.74569,10.953302
336,4750.282,1.00000,21.781,24.349,1,0.09310,-0.0022027805,0.000257526,0.13805346,0.048155352,0,0,0,0,0,1073.131,1118.8345,1697.3884,1740.2922,0.015523526,-0.0279313,0.027647864,-0.01454375,111.56514,111.646515,106.68591,106.74051,10.972453
337,4750.282,1.00000,21.901,24.460,1,0.09189,-0.0018513644,-0.00006769501,0.13399285,0.04978571,0,0,0,0,0,1077.6359,1111.8981,1706.1768,1735.5612,0.015468818,-0.027836012,0.027630035,-0.014411504,111.57184,111.63595,106.69497,106.735596,10.972453
338,4750.282,1.00000,22.021,24.576,1,0.09085,-0.0016412585,-0.00044189233,0.13023055,0.051470503,0,0,0,0,0,1082.0125,1105.3774,1714.501,1731.0186,0.015359392,-0.027593654,0.027456904,-0.01423966,111.57838,111.625984,106.70358,106.730896,10.972453
339,4750.282,1.00000,22.142,24.697,1,0.08999,-0.0015804163,-0.00083425455,0.12678185,0.053199723,0,0,0,0,0,1086.2937,1099.2408,1722.3557,1726.6632,0.015213127,-0.02722882,0.027142094,-0.01403422,111.58476,111.6166,106.71175,106.72639,10.972453
340,4750.282,1.00000,22.263,24.823,1,0.08931,-0.0016500646,-0.0012105558,0.1236528,0.054960646,0,0,0,0,0,1090.4489,1093.4941,1729.7838,1722.4359,0.015027929,-0.026753033,0.026711727,-0.013812322,111.59099,111.60778,106.719475,106.72204,10.99533
341,4750.282,1.00000,22.384,24.953,1,0.08879,-0.001811474,-0.0015382344,0.12083997,0.05673848,0,0,0,0,0,1094.4852,1088.1123,1736.7625,1718.3547,0.014810838,-0.026184645,0.026174866,-0.013573792,111.597046,111.59951,106.72676,106.717834,10.99533
342,4750.282,1.00000,22.506,25.088,1,0.08842,-0.0020143848,-0.0017920531,0.11833296,0.0585166,0,0,0,0,0,1098.3868,1083.0695,1743.2832,1714.4055,0.014561652,-0.025541842,0.025540069,-0.013323622,111.60291,111.59176,106.733604,106.713776,10.99533
343,4750.282,1.00000,22.628,25.226,1,0.08820,-0.0022070117,-0.0019574028,0.116114475,0.060278475,0,0,0,0,0,1102.1244,1078.3356,1749.409,1710.5984,0.014273262,-0.024842678,0.024833946,-0.0130615495,111.60857,111.58447,106.74004,106.709854,10.99533
344,4750.282,1.00000,22.751,25.367,1,0.08808,-0.0023468328,-0.0020323556,0.114161015,0.062008157,0,0,0,0,0,1105.7288,1073.9216,1755.0808,1706.886,0.013959591,-0.02409098,0.02405232,-0.012799434,111.61401,111.57766,106.74604,106.70604,11.018
345,4750.282,1.00000,22.874,25.512,1,0.08807,-0.0024057103,-0.0020260413,0.11244645,0.0636909,0,0,0,0,0,1109.1365,1069.8032,1760.3239,1703.348,0.01360346,-0.023299238,0.023207305,-0.012521291,111.61921,111.57129,106.7516,106.702385,11.018
346,4751.127,1.00000,22.998,25.652,1,0.08790,-0.002376083,-0.0019563576,0.11065179,0.06514317,0,0,0,0,0,1112.378,1065.9592,1765.2002,1699.9701,0.013216282,-0.02247936,0.02232316,-0.012230085,111.62416,111.56534,106.75678,106.698875,11.018
347,4752.613,1.00000,23.122,25.789,1,0.08763,-0.0022683737,-0.001845515,0.10889533,0.06635664,0,0,0,0,0,1115.4027,1062.3705,1769.6682,1696.7596,0.01278511,-0.021641532,0.021397289,-0.011925603,111.628815,111.559784,106.76156,106.69554,11.018
348,4754.448,1.00000,23.246,25.926,1,0.08734,-0.0021093322,-0.001716461,0.1072659,0.06741975,0,0,0,0,0,1118.2404,1059.0564,1773.7358,1693.7263,0.012322045,-0.02078289,0.02043474,-0.0116069205,111.633194,111.55462,106.76594,106.69237,11.042032
349,4756.492,1.00000,23.371,26.065,1,0.08709,-0.0019339218,-0.0015887404,0.10578354,0.06840644,0,0,0,0,0,1120.8461,1055.971,1777.471,1690.9098,0.011816618,-0.019919489,0.019457696,-0.011266267,111.63726,111.54982,106.76996,106.6894,11.042032
350,4758.682,1.00000,23.496,26.205,1,0.08691,-0.001780507,-0.0014773111,0.10444894,0.06936509,0,0,0,0,0,1123.2545,1053.1145,1780.8322,1688.2725,0.011282902,-0.019054182,0.018461222,-0.010912751,111.64103,111.545364,106.77361,106.686615,11.042032
351,4760.987,1.00000,23.622,26.347,1,0.08679,-0.0016817949,-0.0013907257,0.10325466,0.070327215,0,0,0,0,0,1125.445,1050.5011,1783.8533,1685.8497,0.010719378,-0.018183542,0.01745491,-0.010540573,111.644485,111.54126,106.776924,106.68404,11.042032
352,4763.397,1.00000,23.748,26.492,1,0.08675,-0.0016598119,-0.0013302347,0.10218771,0.07131443,0,0,0,0,0,1127.4216,1048.0793,1786.5487,1683.593,0.010129937,-0.01732381,0.016445551,-0.010161268,111.64763,111.53746,106.77989,106.68163,11.061898
353,4765.906,1.00000,23.875,26.639,1,0.08679,-0.0017225385,-0.0012920073,0.10123136,0.072340965,0,0,0,0,0,1129.181,1045.8651,1788.9509,1681.5925,0.009516513,-0.016471867,0.015443526,-0.009756521,111.65046,111.53397,106.78255,106.67947,11.061898
354,4768.513,1.00000,24.002,26.788,1,0.08689,-0.0018633775,-0.0012679056,0.100367196,0.07341574,0,0,0,0,0,1130.7677,1043.8325,1791.0498,1679.7458,0.008898275,-0.015634969,0.014447864,-0.00934884,111.653015,111.53076,106.784904,106.67747,11.061898
355,4771.216,1.00000,24.130,26.939,1,0.08706,-0.002062554,-0.0012485252,0.099575385,0.0745443,0,0,0,0,0,1132.1561,1041.9805,1792.8972,1678.0815,0.00827072,-0.014813517,0.013471658,-0.008934585,111.65529,111.527824,106.78699,106.67566,11.057739
356,4774.015,1.00000,24.257,27.092,1,0.08728,-0.0022924356,-0.0012246708,0.09883604,0.07572849,0,0,0,0,0,1133.383,1040.292,1794.4902,1676.5853,0.007647134,-0.014011772,0.012515315,-0.008516859,111.6573,111.52515,106.7888,106.67403,11.057739
357,4776.908,1.00000,24.385,27.246,1,0.08755,-0.002522171,-0.0011901811,0.09813013,0.07696732,0,0,0,0,0,1134.4418,1038.7925,1795.836,1675.2405,0.007027718,-0.013220876,0.011579258,-0.008099894,111.659065,111.522736,106.79037,106.672554,11.057739
358,4779.891,1.00000,24.514,27.401,1,0.08785,-0.0027239819,-0.0011413095,0.09743976,0.078258075,0,0,0,0,0,1135.3762,1037.4098,1796.973,1674.0216,0.0064283526,-0.012461318,0.010672068,-0.00768966,111.66063,111.52053,106.7917,106.67121,11.057739
359,4782.961,1.00000,24.642,27.557,1,0.08817,-0.0028765567,-0.0010796346,0.0967484,0.07959617,0,0,0,0,0,1136.1572,1036.1744,1797.9275,1672.9548,0.0058400156,-0.011723967,0.0098001,-0.007280379,111.661964,111.51854,106.79284,106.67003,11.091046
360,4786.115,1.00000,24.771,27.714,1,0.08851,-0.0029695893,-0.0010101629,0.096042104,0.08097574,0,0,0,0,0,1136.838,1035.0872,1798.6774,1671.9789,0.0052790227,-0.011005393,0.00895596,-0.006884774,111.66313,111.51677,106.79377,106.66895,11.091046
361,4789.349,1.00000,24.900,27.871,1,0.08885,-0.0030026853,-0.00093987345,0.09530938,0.082390726,0,0,0,0,0,1137.4004,1034.0864,1799.3145,1671.0964,0.0047399425,-0.010322816,0.008160074,-0.0065025743,111.664116,111.51516,106.794556,106.66798,11.091046
362,4792.658,1.00000,25.029,28.027,1,0.08919,-0.0029859277,-0.00087808305,0.09454106,0.08383464,0,0,0,0,0,1137.9065,1033.1859,1799.8098,1670.2727,0.0042422186,-0.009671407,0.0074049663,-0.0061403057,111.664986,111.51371,106.79519,106.66708,11.091046
363,4796.038,1.00000,25.158,28.184,1,0.08952,-0.002935302,-0.0008342141,0.09373166,0.085300274,0,0,0,0,0,1138.3396,1032.3733,1800.2177,1669.5255,0.0037803256,-0.009051628,0.0066999504,-0.005793115,111.66574,111.5124,106.795715,106.66626,11.105868
364,4799.486,1.00000,25.288,28.339,1,0.08983,-0.0029059232,-0.0008640035,0.092878625,0.086780325,0,0,0,0,0,1138.6823,1031.6366,1800.5281,1668.8297,0.0033428173,-0.008464514,0.0060401503,-0.0054646963,111.666374,111.51121,106.796135,106.665504,11.105868
365,4803.000,1.00000,25.417,28.495,1,0.09012,-0.0029066796,-0.0009945767,0.09199181,0.08825512,0,0,0,0,0,1138.9265,1031.0686,1800.6445,1668.3137,0.002921315,-0.007878276,0.0053950623,-0.0051252716,111.66686,111.510216,106.796394,106.66489,11.105868
366,4806.576,1.00000,25.547,28.650,1,0.09039,-0.0028423355,-0.0011527863,0.09109995,0.08968735,0,0,0,0,0,1138.7611,1030.8773,1800.301,1668.3075,0.00239621,-0.0072227446,0.0046865577,-0.0046984293,111.666916,111.50965,106.796295,106.664635,11.105868
367,4810.215,1.00000,25.677,28.804,1,0.09064,-0.0026994862,-0.001342723,0.09023583,0.09104571,0,0,0,0,0,1138.0381,1031.2699,1799.2444,1669.0703,0.0016925785,-0.0064286725,0.003836789,-0.0041238815,111.6663,111.50977,106.795616,106.66499,11.116142
368,4813.917,1.00000,25.808,28.958,1,0.09087,-0.0024912541,-0.0016196407,0.089429,0.09230431,0,0,0,0,0,1136.6782,1032.3838,1797.3702,1670.807,0.00077980146,-0.005455075,0.0028144016,-0.0033599485,111.66485,111.510796,106.79422,106.66618,11.116142
369,4817.681,1.00000,25.938,29.111,1,0.09107,-0.0020923421,-0.001872243,0.08873951,0.09339539,0,0,0,0,0,1134.2797,1034.6257,1794.1686,1674.0336,-0.00043592596,-0.0041838842,0.0014929997,-0.0023008771,111.662155,111.51318,106.79172,106.6686,11.116142
370,4821.511,1.00000,26.069,29.264,1,0.09125,-0.0015140167,-0.0021326337,0.08823469,0.09426478,0,0,0,0,0,1130.1965,1038.3068,1789.2577,1679.2577,-0.0019257704,-0.0025259599,-0.00022148104,-0.0008433554,111.65754,111.51738,106.78774,106.672714,11.116142
371,4825.409,1.00000,26.201,29.417,1,0.09142,-0.00081193866,-0.0024300683,0.0879737,0.094869964,0,0,0,0,0,1124.37,1043.6359,1781.9768,1686.5214,-0.0038537353,-0.0004353237,-0.0020962064,0.0011535553,111.65058,111.52374,106.78186,106.678764,11.120231
372,4829.382,1.00000,26.332,29.570,1,0.09160,-0.00006774296,-0.0027778768,0.08800984,0.09518803,0,0,0,0,0,1116.8466,1050.3481,1772.2753,1695.2784,-0.0062112026,0.0023155527,-0.004326803,0.003768943,111.641205,111.532265,106.773705,106.68652,11.120231
373,4833.439,1.00000,26.463,29.724,1,0.09180,0.0006290135,-0.0031683685,0.088377446,0.09521677,0,0,0,0,0,1107.8257,1057.9906,1760.4993,1705.4836,-0.008896181,0.0055607865,-0.0068915845,0.006686087,111.62957,111.54245,106.7634,106.695755,11.120231
374,4837.589,1.00000,26.594,29.878,1,0.09203,0.0011986594,-0.0035833295,0.0890958,0.0949592,0,0,0,0,0,1097.543,1066.6017,1747.0009,1717.0553,-0.011789132,0.008977055,-0.009683865,0.009770708,111.61594,111.55406,106.75121,106.70636,11.120231
375,4841.839,1.00000,26.725,30.033,1,0.09230,0.0015843359,-0.00399268,0.09016965,0.09442542,0,0,0,0,0,1086.3816,1076.0897,1732.2094,1729.7196,-0.014733858,0.01242049,-0.012578658,0.012906403,111.60075,111.566986,106.73751,106.718155,11.120697
376,4846.195,1.00000,26.855,30.190,1,0.09261,0.0017600677,-0.0043580807,0.09158874,0.093633324,0,0,0,0,0,1074.6584,1086.2793,1716.6288,1743.1384,-0.017603654,0.015786458,-0.015441484,0.015973924,111.584465,111.58103,106.72275,106.730865,11.120697
377,4850.661,1.00000,26.984,30.346,1,0.09297,0.0017299381,-0.0046393936,0.09333055,0.09260656,0,0,0,0,0,1062.7722,1096.946,1700.6992,1756.9807,-0.020261219,0.018972808,-0.018161211,0.018866045,111.567604,111.59593,106.707344,106.74419,11.120697
378,4855.240,1.00000,27.113,30.504,1,0.09337,0.0015252634,-0.0048037833,0.09536307,0.09137118,0,0,0,0,0,1051.0374,1107.8595,1684.9178,1770.9214,-0.022605628,0.021886624,-0.020624917,0.021489432,111.550644,111.61139,106.691795,106.7578,11.120697
379,4859.931,1.00000,27.241,30.662,1,0.09380,0.0011956088,-0.0048331157,0.09764282,0.08995023,0,0,0,0,0,1039.7374,1118.8418,1669.5271,1784.628,-0.02455965,0.024466502,-0.022784788,0.023760034,111.53403,111.62713,106.67641,106.77139,11.119243
380,4864.731,1.00000,27.367,30.819,1,0.09425,0.00080043776,-0.0047271224,0.10012472,0.08836666,0,0,0,0,0,1029.0203,1129.7303,1654.89,1797.9701,-0.026098602,0.02667112,-0.024577448,0.02565685,111.51804,111.64291,106.66153,106.78476,11.119243
381,4869.632,1.00000,27.493,30.976,1,0.09470,0.00039739886,-0.0045043854,0.10276117,0.08664192,0,0,0,0,0,1019.03015,1140.4211,1641.1395,1810.7393,-0.02720899,0.028490126,-0.025993638,0.027153494,111.50295,111.65853,106.647385,106.7977,11.119243
382,4874.627,1.00000,27.618,31.131,1,0.09513,0.00003555606,-0.0041984473,0.10548798,0.08477671,0,0,0,0,0,1009.79065,1150.8351,1628.3112,1822.9471,-0.027917925,0.0299313,-0.027052887,0.028283205,111.488846,111.67387,106.63408,106.81014,11.119243
383,4879.697,1.00000,27.742,31.284,1,0.09552,-0.0002506026,-0.003852172,0.108259015,0.08278483,0,0,0,0,0,1001.2879,1160.983,1616.4279,1834.5057,-0.028268129,0.031039556,-0.027779324,0.029062424,111.47578,111.68887,106.62166,106.822014,11.116314
384,4884.825,1.00000,27.865,31.434,1,0.09587,-0.000444043,-0.0035083839,0.11104067,0.08069004,0,0,0,0,0,993.4569,1170.8085,1605.4064,1845.5197,-0.028316965,0.031839438,-0.028219579,0.029553667,111.4637,111.70347,106.6101,106.83334,11.116314
385,4889.997,1.00000,27.987,31.582,1,0.09617,-0.00054495345,-0.0032042637,0.11381046,0.07852114,0,0,0,0,0,986.21844,1180.348,1595.1422,1855.9525,-0.028123735,0.032382272,-0.028424025,0.029786272,111.452515,111.717674,106.59933,106.84412,11.116314
386,4895.206,1.00000,28.107,31.727,1,0.09643,-0.0005671569,-0.0029644337,0.1165534,0.07631053,0,0,0,0,0,979.42914,1189.6412,1585.4873,1865.9623,-0.027763227,0.03272176,-0.028449409,0.029831378,111.44208,111.73152,106.58923,106.85443,11.116314
387,4900.450,1.00000,28.228,31.871,1,0.09668,-0.00053502293,-0.002797958,0.11926094,0.07409078,0,0,0,0,0,973.03906,1198.7198,1576.337,1875.538,-0.027276777,0.032903716,-0.02833931,0.029717801,111.43229,111.74504,106.5797,106.8643,11.111751
388,4905.735,1.00000,28.347,32.013,1,0.09691,-0.0004766618,-0.0026987216,0.12192811,0.07189424,0,0,0,0,0,966.9197,1207.6039,1567.5051,1884.7972,-0.026722053,0.032962862,-0.028150698,0.029496916,111.42297,111.75828,106.57057,106.87382,11.111751
389,4911.068,1.00000,28.465,32.154,1,0.09715,-0.00041892938,-0.0026483894,0.12455368,0.06975036,0,0,0,0,0,960.966,1216.3309,1558.9379,1893.7842,-0.02614686,0.03293383,-0.027908267,0.029200716,111.414,111.77126,106.56177,106.88304,11.111751
390,4916.463,1.00000,28.582,32.295,1,0.09741,-0.00034915417,-0.0026213303,0.12713715,0.06768636,0,0,0,0,0,952.2676,1224.9215,1550.5046,1902.5035,-0.026475456,0.032841336,-0.027648244,0.028843774,111.40266,111.784035,106.55317,106.89198,11.111751
391,4921.933,1.00000,28.699,32.435,1,0.09764,0.00029267152,-0.00186117,0.12912317,0.06616615,0,0,0,0,0,942.88116,1228.451,1549.0295,1904.6007,-0.027126012,0.030855117,-0.025854949,0.026748028,111.389854,111.79201,106.54898,106.89661,11.104902
392,4927.487,1.00000,28.816,32.576,1,0.09791,0.0008747534,-0.0012091,0.1309657,0.06486306,3,0,0,0,0,928.27106,1231.5813,1549.164,1905.2354,-0.02943013,0.028419739,-0.023660252,0.024082933,111.37176,111.79795,106.54735,106.89881,11.104902
393,4933.136,1.00000,28.936,32.718,1,0.09811,0.0025659946,0.0005648536,0.13171785,0.06450381,3,0,0,0,0,921.74756,1226.5537,1561.6764,1894.2617,-0.029277494,0.023031352,-0.018826991,0.018452786,111.35913,111.79555,106.55439,106.89276,11.104902
394,4938.876,1.00000,29.055,32.860,1,0.09834,0.0041086418,0.0018070613,0.13226202,0.06442766,3,0,0,0,0,915.3038,1222.4597,1575.2091,1882.5187,-0.028804177,0.017735094,-0.013826484,0.0124917,111.34841,111.79113,106.56516,106.88336,11.104902
395,4944.715,1.00000,29.175,33.002,1,0.09855,0.006274408,0.0028096242,0.13236347,0.06473108,3,0,0,0,0,917.45337,1218.1674,1590.6437,1868.8018,-0.0256727,0.012871137,-0.008765066,0.006464507,111.346245,111.78579,106.5786,106.87148,11.095412
396,4950.650,1.00000,29.295,33.143,1,0.09874,0.008321328,0.0029406352,0.13240543,0.06507385,3,0,0,0,0,920.6532,1217.4498,1602.1041,1858.4117,-0.022117222,0.009915656,-0.004970095,0.0018395067,111.34808,111.78343,106.59058,106.86082,11.095412
397,4956.675,1.00000,29.415,33.283,1,0.09892,0.010311702,0.0022410455,0.13248944,0.06534396,3,0,0,0,0,921.677,1220.8118,1607.8899,1852.6,-0.019490287,0.009263811,-0.0028799393,-0.0007927392,111.34948,111.78588,106.59861,106.85343,11.095412
398,4962.790,1.00000,29.534,33.423,1,0.09909,0.012275339,0.0009167325,0.13267472,0.06550841,3,0,0,0,0,919.72107,1227.7043,1608.0405,1850.7318,-0.018146295,0.010594272,-0.0024071743,-0.0015258864,111.34811,111.79325,106.60173,106.84971,11.095412
399,4969.000,1.00000,29.651,33.561,1,0.09929,0.014221598,-0.0007201946,0.13299352,0.06557724,3,0,0,0,0,915.1416,1237.1619,1603.5597,1852.4089,-0.017905839,0.013274006,-0.0031939712,-0.0011468926,111.343414,111.80472,106.600204,106.84935,11.095412
400,4975.311,1.00000,29.768,33.700,1,0.09952,0.016149776,-0.0023190281,0.1334595,0.065571465,3,0,0,0,0,908.70776,1248.2795,1595.9548,1856.6962,-0.018402085,0.016672691,-0.0047674323,-0.000086846245,111.33584,111.819145,106.59501,106.85182,11.072474
401,4981.731,1.00000,29.884,33.839,1,0.09980,0.018054908,-0.0035673243,0.13406938,0.06552072,3,0,0,0,0,901.2591,1260.0837,1586.6304,1862.1345,-0.019253442,0.020195743,-0.006700627,0.0014551907,111.32628,111.83527,106.587364,106.856125,11.072474
402,4988.268,1.00000,29.997,33.978,1,0.10013,0.019930517,-0.00425131,0.13480979,0.06545697,3,0,0,0,0,893.62085,1271.9651,1576.8805,1867.5072,-0.02011577,0.023451304,-0.008627869,0.003035393,111.315796,111.85209,106.57852,106.86106,11.072474
403,4994.927,1.00000,30.109,34.118,1,0.10053,0.021771222,-0.004289132,0.13566223,0.065400936,3,0,0,0,0,886.3661,1283.4086,1567.6523,1872.257,-0.020760268,0.026172888,-0.010295048,0.0043159924,111.3053,111.86876,106.56953,106.865814,11.072474
404,5001.710,1.00000,30.220,34.257,1,0.10098,0.023572767,-0.0037398068,0.13660751,0.0653577,3,0,0,0,0,879.84375,1294.2334,1559.5288,1876.0911,-0.021065623,0.02827679,-0.01156221,0.005172721,111.295425,111.88483,106.56113,106.86994,11.072474
405,5008.613,1.00000,30.329,34.397,1,0.10147,0.025331888,-0.0027772547,0.13762671,0.06532138,3,0,0,0,0,874.2058,1304.2913,1552.8282,1878.8739,-0.020998437,0.029746259,-0.012372324,0.005581149,111.286575,111.899994,106.55381,106.87319,11.062399
406,5015.627,1.00000,30.436,34.536,1,0.10199,0.027046554,-0.0016450323,0.13870223,0.06527922,3,0,0,0,0,869.449,1313.5944,1547.5916,1880.7045,-0.020589616,0.030643271,-0.012744055,0.005602622,111.278885,111.91416,106.54779,106.875534,11.062399
407,5022.740,1.00000,30.543,34.674,1,0.10252,0.028715307,-0.00059867726,0.13981941,0.065215394,3,0,0,0,0,865.4725,1322.2023,1543.7767,1881.6625,-0.01990724,0.031061286,-0.012721757,0.0053061885,111.27233,111.92735,106.54312,106.87701,11.062399
408,5029.938,1.00000,30.648,34.811,1,0.10304,0.030339213,0.00015055333,0.14096662,0.06511571,3,0,0,0,0,862.03265,1330.2374,1541.1646,1881.9525,-0.019063525,0.03111588,-0.012388765,0.004789797,111.26668,111.93967,106.5397,106.87775,11.062399
409,5037.205,1.00000,30.752,34.947,1,0.10355,0.03191838,0.00047694772,0.14213586,0.06496882,3,0,0,0,0,859.06866,1337.7515,1539.5427,1881.7195,-0.018109968,0.03089014,-0.011825043,0.0041329633,111.261795,111.9512,106.53735,106.87791,11.043353
410,5044.528,1.00000,30.856,35.081,1,0.10405,0.033456188,0.00035959456,0.14332144,0.06476892,3,0,0,0,0,856.3397,1344.8153,1538.7269,1881.1367,-0.017141027,0.030458095,-0.01109782,0.0034117147,111.25742,111.96204,106.53592,106.877625,11.043353
411,5051.894,1.00000,30.958,35.214,1,0.10452,0.034956004,-0.00007543858,0.1445199,0.06451577,3,0,0,0,0,853.74475,1346.2567,1538.4807,1880.2764,-0.01620548,0.027930962,-0.010279417,0.0026677633,111.25336,111.96737,106.53518,106.87701,11.043353
412,5059.294,1.00000,31.065,35.345,1,0.10481,0.03630402,0.0011481646,0.14494707,0.064664796,3,3,0,0,0,858.52466,1332.1184,1548.7183,1870.2955,-0.0130479485,0.01931748,-0.007174231,-0.0004196946,111.256134,111.956215,106.54123,106.87045,11.043353
413,5066.696,1.00000,31.181,35.476,1,0.10475,0.037413754,0.005921832,0.14374372,0.06574683,3,3,0,0,0,878.25275,1289.64,1579.7473,1841.1509,-0.005183608,-0.0005614563,0.00061240373,-0.0074026785,111.27492,111.91286,106.56262,106.850075,11.043353
414,5074.049,1.00000,31.297,35.604,1,0.10465,0.038479682,0.010372996,0.14226343,0.06703444,3,3,0,0,0,897.67566,1252.7949,1607.5332,1813.1129,0.0027383042,-0.016240386,0.009104142,-0.013956224,111.29919,111.86465,106.58794,106.82538,11.039935
415,5081.370,1.00000,31.417,35.730,1,0.10440,0.03955271,0.016367832,0.14024101,0.06855708,3,3,0,0,0,916.656,1224.6478,1633.3846,1785.2452,0.011188187,-0.026098985,0.01689959,-0.01991846,111.32565,111.82195,106.61337,106.799,11.039935
416,5088.672,1.00000,31.536,35.855,1,0.10413,0.040708274,0.021897258,0.1382999,0.06995888,3,3,0,0,0,930.0111,1206.2506,1651.2015,1765.1465,0.016976554,-0.031219998,0.0217318,-0.023617763,111.347466,111.7895,106.63371,106.77676,11.039935
417,5095.981,1.00000,31.656,35.980,1,0.10385,0.04196677,0.026967349,0.13654806,0.071147196,3,3,0,0,0,938.1523,1196.2087,1661.1923,1753.7427,0.019564522,-0.03257673,0.023438752,-0.024826296,111.36278,111.768166,106.647354,106.761314,11.039935
418,5103.319,1.00000,31.775,36.105,1,0.10356,0.043324977,0.031604107,0.13501322,0.07211642,3,3,0,0,0,942.3854,1192.8699,1665.2217,1749.859,0.019639438,-0.03114692,0.022756081,-0.02397137,111.37224,111.75695,106.6549,106.752975,11.025914
419,5110.707,1.00000,31.895,36.230,1,0.10329,0.0447707,0.035842437,0.13368574,0.072899126,3,3,0,0,0,944.1523,1194.2194,1665.3251,1751.4695,0.018171845,-0.02794421,0.020590318,-0.02171285,111.37738,111.75372,106.65783,106.75067,11.025914
420,5118.165,1.00000,32.014,36.356,1,0.10304,0.046289653,0.039715078,0.13253722,0.07353674,3,3,0,0,0,944.6891,1198.3578,1663.4327,1756.4314,0.016026923,-0.023864722,0.017776882,-0.018712454,111.37988,111.75602,106.65785,106.75269,11.025914
421,5125.710,1.00000,32.132,36.483,1,0.10280,0.04786915,0.04324966,0.13153636,0.07407032,3,3,0,0,0,944.8905,1203.6947,1660.9283,1762.8732,0.013827559,-0.019613303,0.014917806,-0.01552048,111.381134,111.761505,106.65643,106.75728,11.025914
422,5133.356,1.00000,32.251,36.610,1,0.10260,0.049498893,0.04646655,0.13065794,0.0745353,3,3,0,0,0,945.32886,1209.1177,1658.7699,1769.3915,0.011951052,-0.015656292,0.01239941,-0.012527788,111.38215,111.7683,106.654686,106.76291,11.013529
423,5141.117,1.00000,32.369,36.739,1,0.10242,0.051171068,0.049381293,0.1298838,0.07495897,3,3,0,0,0,946.31464,1213.8798,1657.4393,1775.0906,0.010575786,-0.012270914,0.0104016485,-0.009963939,111.38356,111.77505,106.65332,106.76847,11.013529
424,5149.008,1.00000,32.487,36.868,1,0.10228,0.052880198,0.052004807,0.12920377,0.075359866,3,3,0,0,0,947.8897,1217.6897,1657.0424,1779.5139,0.00971056,-0.009540511,0.008944654,-0.007924569,111.385635,111.78095,106.65266,106.77324,11.013529
425,5157.043,1.00000,32.605,36.999,1,0.10218,0.05462285,0.05434763,0.12861286,0.07574878,3,3,0,0,0,949.98566,1220.4268,1657.5962,1782.5399,0.009278585,-0.0074599357,0.00798902,-0.0064082784,111.388405,111.7856,106.652824,106.77688,11.013529
426,5165.233,1.00000,32.722,37.131,1,0.10212,0,0.056419846,0.12810932,0.07613103,3,3,0,0,0,0,1222.1786,1658.838,1784.283,-0.287803,-0.0059468574,0.007411608,-0.0053500147,110.43538,111.7889,106.65372,106.77931,11.006209
427,5173.591,1.00000,32.848,37.264,1,0.10229,0,0.057401333,0.12666644,0.07790675,3,3,0,0,0,0,1200.0542,1743.0579,1675.2566,-0.38050714,-0.014089221,0.028986095,-0.029121712,110.00362,111.76938,106.707634,106.71219,11.006209
428,5182.138,1.00000,32.974,37.400,1,0.10260,0,0.058078356,0.12406537,0.08113074,3,3,0,0,0,0,1185.6414,1839.6722,1538.0793,-0.38901588,-0.022006212,0.05657985,-0.060291857,110.00363,111.74897,106.78761,106.603195,11.006209
429,5190.967,1.00000,33.099,37.537,1,0.10302,0,0.05833617,0.121170685,0.08486467,3,3,0,0,0,0,1189.3246,1931.1432,1398.1619,-0.35967705,-0.023943143,0.08158484,-0.09060478,110.00365,111.74485,106.87366,106.4769,11.006209
430,5200.146,1.00000,33.225,37.676,1,0.10350,0,0.058142092,0.11833034,0.08867444,3,3,0,0,0,0,1214.2589,2011.9042,1267.8569,-0.31616333,-0.018033866,0.10092629,-0.11641501,110.00366,111.76599,106.9554,106.34968,11.012327
431,5209.693,1.00000,33.349,37.817,1,0.10399,0.03428941,0.057518866,0.115689546,0.09230037,3,3,0,0,0,772.92285,1259.6146,2076.1418,1163.3977,0.016073097,-0.004661207,0.11290868,-0.1430688,110.671295,111.81499,107.02542,106.23477,11.012327
432,5224.230,1.00000,33.442,38.035,1,0.10679,0.026409553,0.0551413,0.11945863,0.09411502,3,3,0,0,0,907.6504,1335.329,2059.5251,1159.1793,0.13992359,0.024286205,0.100722514,-0.13886651,111.07613,111.90366,107.039894,106.190674,11.012327
433,5239.360,1.00000,33.533,38.250,1,0.10945,0.021255951,0.052310426,0.12233673,0.09655471,3,3,3,0,0,944.35364,1413.3627,1997.6986,1187.122,0.19691797,0.059538532,0.07243738,-0.112725794,111.26589,112.00897,107.00652,106.19352,11.016
434,5267.879,1.00000,33.557,38.664,1,0.11828,0.02007593,0.049630012,0.13925798,0.097301185,3,3,3,0,0,942.79517,1482.7634,1939.9254,1225.9668,0.20677826,0.090922214,0.044326093,-0.09057092,111.33315,112.11139,106.95913,106.21558,11.016
435,5300.146,1.00000,33.570,39.090,1,0.12739,0.020074816,0.04714132,0.15281981,0.101950735,3,3,3,0,0,944.1388,1538.7511,1890.1229,1270.9166,0.188944,0.113803215,0.020860445,-0.07141826,111.35537,112.20006,106.91155,106.249825,11.016
436,5336.969,1.00000,33.586,39.453,1,0.13481,0.02031786,0.044901483,0.16290572,0.106709234,3,3,3,0,0,957.44257,1578.6594,1862.3303,1313.8622,0.16319129,0.12943503,0.0062877247,-0.054536026,111.373856,112.269966,106.87758,106.28835,11.016
437,5376.276,1.00000,33.604,39.769,1,0.14093,0.020684015,0.042919636,0.17125498,0.11060712,3,3,3,0,0,977.6445,1603.9697,1846.2067,1352.9746,0.13971604,0.13739684,-0.0018643435,-0.0400409,111.39943,112.31931,106.8555,106.32653,11.044083
438,5416.540,1.00000,33.625,40.048,1,0.14608,0.02120131,0.04115668,0.17844301,0.11371518,3,3,3,0,0,997.847,1621.0115,1836.2788,1388.3726,0.120711766,0.13623822,-0.005355817,-0.027711254,111.428696,112.3522,106.841644,106.3625,11.044083
439,5456.763,1.00000,33.648,40.299,1,0.15048,0.021923004,0.039553616,0.18475413,0.11619854,3,3,3,0,0,1012.1281,1635.2505,1831.1414,1420.3328,0.1074712,0.12791966,-0.0067247283,-0.017278478,111.45473,112.376274,106.83332,106.39565,11.044083
440,5496.300,1.00000,33.674,40.527,1,0.15428,0.022898901,0.038093455,0.19035105,0.11820377,3,3,3,0,0,1015.4299,1648.2386,1830.4739,1448.6036,0.09722815,0.11580654,-0.006689078,-0.008618731,111.46961,112.39639,106.82973,106.42552,11.044083
441,5534.755,1.00000,33.703,40.738,1,0.15760,0.024076182,0.03683626,0.19534075,0.119857945,3,3,3,0,0,1012.6723,1654.863,1834.1594,1472.3271,0.08626996,0.10467534,-0.005466275,-0.0017769528,111.47361,112.410805,106.8306,106.4514,11.070122
442,5571.908,1.00000,33.734,40.934,1,0.16054,0.025381995,0.04417088,0.19980818,0.12126977,3,3,3,0,0,1006.28656,817.9769,1841.2821,1490.8904,0.07463412,-0.2022323,-0.0033790888,0.0037664417,111.4699,111.63866,106.83526,106.472786,11.070122
443,5607.664,1.00000,33.771,41.118,1,0.16338,0.026670694,0,0.20424542,0.12252254,3,3,3,0,0,987.0917,0,1765.6862,1565.8683,0.056358933,-0.54910856,-0.019746037,0.024441343,111.450645,110.25638,106.78967,106.5284,11.070122
444,5641.469,1.00000,33.817,41.283,1,0.16597,0.02784957,0.052650362,0.20903403,0.12290474,3,3,3,0,0,963.2486,293.55984,1586.971,1708.0334,0.033006158,-0.6108033,-0.06000021,0.06435989,111.42124,110.33462,106.66227,106.63816,11.079397
445,5672.598,1.00000,33.869,41.421,1,0.16775,0.02880603,0.039199784,0.21390332,0.1216007,3,3,3,0,0,963.19653,1289.5758,1415.8628,1834.3588,0.017407237,-0.13545817,-0.098307565,0.100569904,111.41071,111.345406,106.51043,106.75667,11.079397
446,5700.981,1.00000,33.923,41.536,1,0.16862,0.02949296,0.03271026,0.21812193,0.11910856,3,3,3,0,0,997.71484,1464.4749,1358.4297,1873.7006,0.021541419,0.09957842,-0.1081577,0.109665185,111.44028,111.8648,106.41939,106.823364,11.079397
447,5727.299,1.00000,33.979,41.643,1,0.16918,0.030016452,0.029748669,0.22171491,0.11664102,3,3,3,0,0,1042.6904,1509.4214,1362.803,1857.7642,0.037883405,0.17653687,-0.1001663,0.09754292,111.49384,112.08586,106.3872,106.83746,11.079397
448,5756.770,1.00000,34.012,41.833,1,0.17207,0.03130319,0.029501976,0.22514954,0.11899793,3,3,3,3,0,1090.0283,1490.1929,1402.3123,1809.1083,0.057974044,0.18916564,-0.08288248,0.07331522,111.55741,112.14625,106.398125,106.81258,11.102454
449,5798.205,1.00000,33.987,42.234,1,0.18088,0.034377057,0.032216292,0.2289263,0.13282533,3,3,3,3,0,1140.0797,1467.9675,1457.2888,1745.9252,0.07856934,0.1625131,-0.06240819,0.044799298,111.62667,112.14188,106.43488,106.76472,11.102454
450,5845.008,1.00000,33.952,42.661,1,0.19020,0.037896916,0.03525504,0.23258957,0.14781018,3,3,3,3,0,1181.9811,1462.8453,1513.5743,1690.7507,0.09423004,0.12459886,-0.04286132,0.020002082,111.69016,112.13243,106.48249,106.713646,11.102454
451,5894.778,1.00000,33.917,43.078,1,0.19889,0.040957,0.03779122,0.23808096,0.1597039,3,3,3,3,0,1211.4513,1467.8113,1563.3896,1657.8989,0.10221249,0.09693347,-0.02637518,0.0040944107,111.74006,112.13554,106.530556,106.67529,11.10706
452,5946.804,1.00000,33.884,43.489,1,0.20718,0.044157345,0.040333692,0.24472417,0.1696321,3,3,3,3,0,1230.094,1464.6532,1604.7622,1636.7571,0.103145234,0.08126591,-0.013376202,-0.0047270097,111.77522,112.137665,106.573906,106.64867,11.10706
453,6000.598,1.00000,33.851,43.898,1,0.21521,0.047449127,0.04291939,0.25191095,0.17850333,3,3,3,3,0,1239.3357,1458.1299,1636.384,1623.4711,0.09851061,0.06879084,-0.00391864,-0.008544823,111.79661,112.13407,106.60966,106.63098,11.10706
454,6055.832,1.00000,33.819,44.306,1,0.22306,0.050779693,0.04551879,0.25934932,0.1867705,3,3,3,3,0,1240.7224,1450.7808,1658.3483,1618.0916,0.089821175,0.057895,0.0025707525,-0.009631547,111.805916,112.12686,106.636795,106.62102,11.10706
455,6112.285,1.00000,33.788,44.717,1,0.23079,0.054062597,0.04810931,0.26689556,0.19467562,3,3,3,3,0,1240.0869,1443.3079,1670.9738,1619.0801,0.08001661,0.04824195,0.0068745036,-0.00886401,111.809135,112.11789,106.65511,106.61777,11.123088
456,6169.813,1.00000,33.759,45.130,1,0.23841,0.057300415,0.050679095,0.2744684,0.20235835,3,3,3,3,0,1232.4972,1435.5537,1677.082,1624.7163,0.068111435,0.03955477,0.008764515,-0.006869567,111.80369,112.10786,106.665825,106.61989,11.123088
457,6228.322,1.00000,33.730,45.547,1,0.24596,0.060450025,0.05322291,0.2820144,0.20990679,3,3,3,3,0,1221.6414,1427.0413,1679.5079,1632.8057,0.05543502,0.03147766,0.009029539,-0.0043088063,111.79213,112.096634,106.67138,106.625565,11.123088
458,6287.755,1.00000,33.702,45.969,1,0.25344,0.06347231,0.05573651,0.28950024,0.21737988,3,3,3,3,0,1209.2058,1417.4507,1680.1074,1641.461,0.043025695,0.023734244,0.008466037,-0.0017292582,111.7769,112.083916,106.67388,106.63294,11.123088
459,6348.077,1.00000,33.676,46.396,1,0.26086,0.06633881,0.05821198,0.29690775,0.22481517,3,3,3,3,0,1196.2595,1406.7373,1679.8878,1649.4552,0.03152164,0.016208814,0.0075771455,0.0005691168,111.75985,112.06957,106.67475,106.640594,11.13236
460,6409.275,1.00000,33.650,46.828,1,0.26823,0.06902199,0.06063994,0.30422822,0.2322379,3,3,3,3,0,1184.3912,1395.0092,1679.41,1655.5587,0.021595236,0.00890172,0.0066420916,0.002611919,111.74308,112.05369,106.674835,106.647316,11.13236
461,6471.343,1.00000,33.626,47.265,1,0.27556,0.07151603,0.06300987,0.31145865,0.23966274,3,3,3,3,0,1173.1373,1382.551,1678.7937,1659.8063,0.013101681,0.0019159417,0.005752685,0.00400354,111.72692,112.036545,106.67454,106.65246,11.13236
462,6534.287,1.00000,33.602,47.709,1,0.28285,0.07383095,0.06531217,0.3186013,0.24709238,3,3,3,3,0,1161.3322,1369.2268,1677.9554,1662.6113,0.0054448573,-0.0041360706,0.0048986236,0.0047549577,111.71038,112.01834,106.67395,106.6561,11.131659
463,6598.119,1.00000,33.580,48.159,1,0.29009,0.075842,0.06773062,0.32554483,0.25464082,3,3,3,3,0,1150.0123,1354.4299,1677.0923,1663.9976,-0.0011611052,-0.009301283,0.004122333,0.0049276357,111.69412,111.99841,106.673225,106.6583,11.131659
464,6662.853,1.00000,33.558,48.615,1,0.29730,0.07739558,0.070458904,0.33216056,0.26243722,3,3,3,3,0,1138.6287,1338.9929,1676.4204,1663.9271,-0.005905904,-0.01418385,0.0034792013,0.0045724344,111.67822,111.97702,106.67257,106.65908,11.131659
465,6728.507,1.00000,33.537,49.078,1,0.30763,0.078518316,0.073398314,0.3448174,0.27043357,3,3,3,3,0,1127.5474,1323.6914,368.36655,1662.6558,-0.009752296,-0.01866353,-0.34434217,0.0038121534,111.66239,111.95514,105.838646,106.658585,11.131659
466,6796.339,1.00000,33.512,49.571,1,0.31367,0.07870565,0.07721408,0.3488293,0.27851233,3,3,3,3,0,1198.001,1204.65,1381.5834,1604.9316,0.014176787,-0.055399656,-0.11856818,-0.011749389,111.7216,111.83791,106.20172,106.62191,11.1363325
467,6864.209,1.00000,33.491,50.047,1,0.14355,0.07848175,0.080960974,0,0.2870998,3,3,3,3,0,1220.716,1143.4839,0,1591.6638,0.026531184,-0.075605355,-0.3920562,-0.016898785,111.76332,111.740486,105.0003,106.60104,11.1363325
468,6933.944,1.00000,33.465,50.556,1,0.14764,0.07775736,0.08497835,0,0.29527822,3,3,3,3,0,1314.2318,989.9261,0,1536.4624,0.061205145,-0.120782115,-0.47228196,-0.03042647,111.865295,111.564285,105.0003,106.55872,11.1363325
469,7004.650,1.00000,33.439,51.075,1,0.33936,0.0764284,0.08917578,0.3749966,0.30371577,3,3,3,3,0,1415.6545,840.5998,890.317,1494.7656,0.100804314,-0.1883971,-0.3989282,-0.041825153,111.99555,111.35673,105.1198,106.51729,11.133741
470,7075.573,1.00000,33.418,51.585,1,0.34345,0.074956104,0.09285667,0.37455845,0.3123335,3,3,3,3,0,1458.8606,784.73944,1360.8868,1521.8698,0.11570694,-0.22333768,-0.02238128,-0.0369078,112.08129,111.229935,105.9182,106.51884,11.133741
471,7146.767,1.00000,33.399,52.092,1,0.34871,0.073764056,0.09574971,0.37685555,0.32057366,3,3,3,3,0,1457.9177,781.6648,1564.0056,1601.0756,0.10612847,-0.21429864,0.10641024,-0.01691541,112.11068,111.18506,106.31524,106.568306,11.133741
472,7218.297,1.00000,33.381,52.599,1,0.35445,0.072760284,0.09820696,0.38046288,0.32844493,3,3,3,3,0,1434.9229,795.5441,1652.6777,1705.5992,0.08303184,-0.17752,0.1587859,0.011618375,112.10029,111.18489,106.518745,106.65134,11.133741
473,7290.212,1.00000,33.365,53.110,1,0.36049,0.07180524,0.10053766,0.3848765,0.3361041,3,3,3,3,0,1404.1931,806.5408,1660.8553,1808.9377,0.056095492,-0.13340673,0.17088272,0.04460344,112.06902,111.195854,106.60047,106.747375,11.13658
474,7362.591,1.00000,33.350,53.624,1,0.36668,0.070786156,0.10279254,0.38967553,0.3436869,3,3,3,3,0,1375.1244,817.59796,1647.9768,1900.5192,0.031745102,-0.0978956,0.15322275,0.07339795,112.03201,111.207245,106.620155,106.839905,11.13658
475,7435.491,1.00000,33.335,54.144,1,0.37290,0.06964352,0.10481101,0.39454848,0.3512574,3,3,3,3,0,1351.7418,846.85913,1640.2737,1977.6927,0.012831541,-0.075435385,0.12319384,0.09506598,111.9981,111.2327,106.62091,106.92194,11.13658
476,7508.953,1.00000,33.322,54.668,1,0.37910,0.06835526,0.10658636,0.39936605,0.35883728,3,3,3,3,0,1335.2325,878.91736,1635.8734,2038.9608,-0.00015003381,-0.056199335,0.09840912,0.10904598,111.971405,111.26939,106.620094,106.99025,11.13454
477,7583.018,1.00000,33.308,55.197,1,0.38786,0.066937126,0.108144715,0.40417087,0.3715577,3,3,3,3,0,1324.4968,911.6146,1619.0652,955.71564,-0.006820689,-0.03883751,0.08146141,-0.16389313,111.952805,111.311844,106.61221,106.332146,11.13454
478,7658.834,1.00000,33.292,55.748,1,0.20455,0.066246584,0.10861777,0.40910542,0,3,3,3,3,0,1234.2026,1005.056,1560.0219,0,-0.03607458,-0.0040608076,0.054791242,-0.45139402,111.863556,111.41224,106.57285,105.09216,11.13454
479,7736.727,1.00000,33.273,56.329,1,0.40264,0.06692121,0.107698895,0.41444245,0.39083895,3,3,3,3,0,1054.3665,1156.2612,1473.3016,1316.2303,-0.09418869,0.05721146,0.019177226,-0.18144535,111.66748,111.588875,106.50437,105.852,11.13454
480,7814.742,1.00000,33.258,56.893,1,0.40916,0.06692859,0.10754649,0.41964707,0.39866966,3,3,3,3,0,958.5783,1228.9686,1459.3107,750.27673,-0.12632832,0.093358286,0.0044937017,-0.23873524,111.50979,111.7193,106.47222,105.78024,11.138708
481,7894.197,1.00000,33.242,57.473,1,0.41318,0.06717321,0.10682955,0.4247349,0.4016152,3,3,3,3,0,863.1706,1308.0946,1456.6826,1778.9504,-0.16651286,0.12202414,-0.0012243846,0.051499248,111.35962,111.839455,106.4593,106.41679,11.138708
482,7973.696,1.00000,33.230,58.040,1,0.41775,0.066740476,0.10648082,0.4297701,0.4057366,3,3,3,3,0,858.5117,1321.2329,1510.6565,2051.7832,-0.16706638,0.123637185,0.011819583,0.1898039,111.30206,111.895294,106.489174,106.8128,11.138708
483,8053.596,1.00000,33.220,58.608,1,0.42292,0.065947525,0.106262416,0.43461215,0.41123638,3,3,3,3,0,886.1235,1307.5186,1588.015,2087.92,-0.13354647,0.10342969,0.035205636,0.25039166,111.30973,111.90154,106.548744,106.98482,11.139092
484,8134.061,1.00000,33.210,59.181,1,0.42844,0.065225944,0.105941325,0.43941817,0.4174623,3,3,3,3,0,918.57825,1285.6086,1665.995,2060.7756,-0.09406617,0.07919184,0.059628442,0.24521217,111.34159,111.88479,106.6191,107.02499,11.139092
485,8215.188,1.00000,33.201,59.761,1,0.43404,0.064624004,0.105411276,0.44431198,0.42377537,3,3,3,3,0,966.27985,1265.4497,1734.2814,2042.5946,-0.06513335,0.057258945,0.07980518,0.20731895,111.39195,111.86141,106.68724,107.0228,11.139092
486,8297.022,1.00000,33.192,60.346,1,0.43961,0.06431531,0.10471297,0.4492967,0.42992315,3,3,3,3,0,994.19794,1249.9932,1788.5875,2045.3763,-0.046602532,0.040007632,0.09352002,0.1636376,111.43416,111.839806,106.74589,107.02198,11.139092
487,8379.596,1.00000,33.184,60.938,1,0.44512,0.06458894,0.10398002,0.45429575,0.4359454,3,3,3,3,0,965.1114,1238.5209,1830.4626,2057.0962,-0.04908275,0.02721409,0.10114408,0.12536459,111.42268,111.82223,106.79345,107.02999,11.143574
488,8462.943,1.00000,33.177,61.535,1,0.45061,0.064996,0.103242956,0.459294,0.44192868,3,3,3,3,0,936.70306,1229.1978,1865.4849,2056.408,-0.054320697,0.017516073,0.104749106,0.09715386,111.393234,111.80779,106.83287,107.03584,11.143574
489,8547.113,1.00000,33.171,62.140,1,0.45614,0.06501706,0.10250259,0.4642787,0.4479949,3,3,3,3,0,953.45154,1222.2102,1895.2092,2024.4731,-0.045465328,0.010282683,0.10556441,0.07555561,111.39801,111.79648,106.8661,107.02181,11.143574
490,8632.175,1.00000,33.165,62.752,1,0.46169,0.064841725,0.10170644,0.46925902,0.45412108,3,3,3,3,0,982.33655,1219.8976,1915.9349,1979.3402,-0.03152224,0.0061269747,0.103166245,0.053626224,111.42544,111.790565,106.89143,106.98988,11.145611
491,8718.190,1.00000,33.158,63.372,1,0.46724,0.06472223,0.10087906,0.47424933,0.4602405,3,3,3,3,0,1012.28265,1222.9637,1926.2887,1931.1678,-0.017626792,0.005269431,0.09737523,0.032611202,111.46217,111.79151,106.90742,106.94888,11.145611
492,8805.213,1.00000,33.152,64.000,1,0.47278,0.06470348,0.10004425,0.47925833,0.46630302,3,3,3,3,0,1038.7261,1231.0502,1926.7687,1884.962,-0.0059159393,0.007346479,0.088569164,0.014000932,111.49945,111.7995,106.913826,106.905525,11.145611
493,8893.291,1.00000,33.146,64.636,1,0.47828,0.064832866,0.09919223,0.48428473,0.4722807,3,3,3,3,0,1059.492,1243.0343,1918.9628,1842.8839,0.0030914175,0.01156404,0.07751176,-0.0015143063,111.5321,111.81355,106.91158,106.86371,11.145611
494,8982.464,1.00000,33.140,65.281,1,0.48374,0.065136254,0.09832225,0.4893215,0.47816822,3,3,3,3,0,1072.7896,1257.6416,1904.9631,1802.705,0.00991212,0.017024057,0.06512536,-0.012288354,111.55672,111.83216,106.90233,106.82417,11.146916
495,9072.770,1.00000,33.133,65.935,1,0.48916,0.06561178,0.09743703,0.49435332,0.48397285,3,3,3,3,0,1079.8062,1273.6813,1888.6879,1764.4454,0.013516371,0.022919474,0.052782346,-0.020786947,111.57229,111.853714,106.88911,106.78595,11.146916
496,9162.281,1.00000,33.127,66.593,1,0.49450,0.06623061,0.09653475,0.49934405,0.4896546,3,3,3,3,0,1082.1178,1290.3485,1869.1841,1729.7041,0.0143086305,0.028677143,0.040539127,-0.02772802,111.580154,111.87689,106.872375,106.750114,11.146916
497,9250.779,1.00000,33.120,67.254,1,0.49973,0.06683279,0.09573161,0.5042201,0.49524885,3,3,3,3,0,1081.0167,1301.9266,1848.6711,1698.406,0.013124828,0.03200314,0.029001128,-0.03331848,111.58209,111.895905,106.85369,106.71722,11.144504
498,9338.509,1.00000,33.113,67.915,1,0.50486,0.067529425,0.0953301,0.5090392,0.5006779,3,3,3,3,0,1077.2509,1267.1909,1828.0724,1670.8654,0.010608843,0.017165804,0.018492777,-0.037602123,111.57943,111.87019,106.83422,106.68771,11.144504
499,9425.644,1.00000,33.106,68.578,1,0.50988,0.068313956,0.09519135,0.51384085,0.5059113,3,3,3,3,0,1070.7173,1211.0243,1803.52,1650.5164,0.006836747,-0.00815355,0.007981014,-0.039902765,111.57252,111.80927,106.81188,106.663925,11.144504
500,9512.308,1.00000,33.100,69.240,1,0.51480,0.06920363,0.09491655,0.51860315,0.5109869,3,3,3,3,0,1062.3684,1190.2168,1772.7935,1639.2645,0.0021455141,-0.018126784,-0.0030606498,-0.039853074,111.56235,111.7699,106.78464,106.647865,11.144504
501,9598.587,1.00000,33.093,69.902,1,0.51961,0.07015188,0.09442684,0.52331656,0.5159121,3,3,3,3,0,1054.165,1192.3116,1737.0891,1633.8506,-0.0021771383,-0.017487153,-0.012553798,-0.038303163,111.55126,111.75755,106.753075,106.63825,11.142409
502,9684.548,1.00000,33.086,70.563,1,0.52433,0.07112778,0.09380319,0.5279645,0.5206999,3,3,3,3,0,1047.0344,1201.4635,1701.4338,1630.6738,-0.0050934833,-0.013194667,-0.02097553,-0.036251925,111.54096,111.76092,106.719444,106.63243,11.142409
503,9770.234,1.00000,33.078,71.224,1,0.52894,0.07211036,0.09311594,0.53251755,0.5253677,3,3,3,3,0,1042.3605,1212.5762,1671.812,1627.0438,-0.0067345737,-0.008120252,-0.027333595,-0.03443999,111.53298,111.77189,106.68862,106.62779,11.142409
504,9855.672,1.00000,33.071,71.883,1,0.53345,0.07309218,0.09240865,0.53696656,0.5299345,3,3,3,3,0,1040.4678,1223.3073,1649.3627,1619.1494,-0.007143792,-0.0034596727,-0.031402748,-0.03377444,111.5283,111.78548,106.663155,106.62101,11.137383
505,9940.883,1.00000,33.063,72.542,1,0.53785,0.07406893,0.09170963,0.541316,0.5343924,3,3,3,3,0,1040.7346,1232.8579,1630.5295,1612.8507,-0.006618374,0.00041926396,-0.03411439,-0.032959938,111.526764,111.7991,106.64183,106.61451,11.137383
506,10025.877,1.00000,33.055,73.199,1,0.54216,0.07504417,0.09103848,0.54556686,0.53874356,3,3,3,3,0,1042.6655,1240.1969,1616.6066,1606.6458,-0.00543516,0.003792791,-0.035382178,-0.032182466,111.527885,111.811,106.625084,106.608154,11.137383
507,10110.658,1.00000,33.047,73.855,1,0.54637,0.076023586,0.09040764,0.54972243,0.54301333,3,3,3,3,0,1045.6937,1245.454,1607.1207,1594.1405,-0.0038690688,0.006183236,-0.03540145,-0.032877605,111.531006,111.820244,106.61279,106.59793,11.137383
508,10195.238,1.00000,33.038,74.509,1,0.55048,0.07702007,0.08980629,0.5537902,0.5471751,3,3,3,3,0,1048.682,1249.8075,1600.9088,1586.0134,-0.0023536386,0.007793246,-0.034547817,-0.03272024,111.53483,111.827644,106.60417,106.58908,11.134259
509,10279.614,1.00000,33.030,75.162,1,0.55450,0.07803847,0.08923336,0.5577766,0.55122674,3,3,3,3,0,1051.259,1253.671,1597.2736,1581.447,-0.0010723941,0.008898428,-0.033078097,-0.031677246,111.538574,111.83393,106.59854,106.58288,11.134259
510,10363.782,1.00000,33.021,75.813,1,0.55843,0.07908108,0.08868639,0.5616868,0.55517954,3,3,3,3,0,1053.2416,1257.2567,1595.5602,1577.2051,-0.00009725862,0.009690014,-0.031204967,-0.03052335,111.54176,111.839554,106.59524,106.57781,11.134259
511,10447.738,1.00000,33.013,76.463,1,0.56228,0.08014994,0.08816125,0.56552106,0.5590338,3,3,3,3,0,1054.3953,1260.7664,1596.617,1574.7559,0.00059596106,0.010315704,-0.028790025,-0.029025454,111.54403,111.84487,106.59453,106.57431,11.127117
512,10531.478,1.00000,33.004,77.111,1,0.56604,0.08124686,0.08765682,0.5692869,0.562788,3,3,3,3,0,1054.667,1264.3901,1599.0392,1575.6838,0.0009335621,0.010894618,-0.02616603,-0.02682396,111.54515,111.85019,106.59564,106.57349,11.127117
513,10614.995,1.00000,32.995,77.757,1,0.56972,0.08236713,0.08717489,0.5729911,0.56644785,3,3,3,3,0,1054.2529,1268.0948,1601.197,1578.5465,0.00090599206,0.0114447,-0.023745283,-0.02424583,111.5452,111.855576,106.59729,106.574844,11.127117
514,10698.286,1.00000,32.985,78.401,1,0.57333,0.08350547,0.0867177,0.5766359,0.57001954,3,3,3,3,0,1053.5106,1271.71,1603.6992,1582.5918,0.00067406474,0.011905308,-0.021422828,-0.021523232,111.54455,111.86091,106.59938,106.57775,11.127117
515,10781.346,1.00000,32.976,79.043,1,0.57687,0.0846575,0.0862868,0.58022296,0.57350886,3,3,3,3,0,1052.6366,1275.1893,1606.6042,1587.3235,0.00036874568,0.012249326,-0.01916544,-0.01880434,111.543526,111.8661,106.601906,106.58168,11.123331
516,10864.173,1.00000,32.967,79.683,1,0.58034,0.08581981,0.08588335,0.58375394,0.5769207,3,3,3,3,0,1051.7485,1278.4711,1609.9,1592.3523,0.00007184368,0.012456148,-0.016967332,-0.016193224,111.54236,111.87105,106.604836,106.5862,11.123331
517,10946.643,1.00000,32.957,80.322,1,0.58374,0.08699055,0.08550751,0.5872295,0.5802579,3,3,3,3,0,1050.8472,1281.5771,1613.4203,1597.4229,-0.00017097924,0.012541049,-0.014861387,-0.013751777,111.54113,111.87576,106.60807,106.59097,11.123331
518,11028.738,1.00000,32.947,80.958,1,0.58709,0.08816848,0.08515939,0.5906508,0.5835238,3,3,3,3,0,1049.958,1284.5004,1617.0977,1602.3131,-0.0003490274,0.012516639,-0.0128609855,-0.011525466,111.539894,111.88022,106.61152,106.59575,11.114885
519,11110.476,1.00000,32.937,81.591,1,0.59037,0.08935255,0.08483857,0.5940198,0.58672136,3,3,3,3,0,1049.1129,1287.2655,1620.8423,1606.9453,-0.0004891109,0.012405998,-0.01098175,-0.009522646,111.53867,111.884445,106.61509,106.60037,11.114885
520,11191.869,1.00000,32.927,82.223,1,0.59360,0.09054161,0.08454408,0.5973383,0.5898531,3,3,3,3,0,1048.3457,1289.9337,1624.5057,1611.2327,-0.0005894278,0.012245954,-0.009251546,-0.007748938,111.53753,111.8885,106.61867,106.60474,11.114885
521,11272.928,1.00000,32.916,82.851,1,0.59676,0.09173527,0.08427528,0.60060835,0.59292144,3,3,3,3,0,1047.6151,1292.4868,1628.0118,1615.1447,-0.0006663703,0.012043866,-0.007681783,-0.006196866,111.53644,111.89238,106.622154,106.60878,11.114885
522,11353.661,1.00000,32.906,83.478,1,0.59988,0.09293345,0.08403108,0.60383147,0.59592843,3,3,3,3,0,1046.878,1294.9747,1631.2966,1618.6755,-0.00073795865,0.01182427,-0.006278288,-0.004852532,111.53537,111.89615,106.62547,106.612465,11.11158
523,11434.074,1.00000,32.895,84.102,1,0.60294,0.094135486,0.08381057,0.6070093,0.59887606,3,3,3,3,0,1046.1953,1297.4205,1634.2965,1621.8677,-0.0007884294,0.011603607,-0.005045766,-0.0036915436,111.534355,111.899826,106.62856,106.61582,11.11158
524,11514.174,1.00000,32.884,84.724,1,0.60595,0.095341966,0.083613284,0.61014336,0.60176635,3,3,3,3,0,1045.4663,1299.7932,1636.9585,1624.6703,-0.0008487025,0.011374712,-0.003985963,-0.00271083,111.53332,111.90341,106.63136,106.61881,11.11158
525,11593.965,1.00000,32.873,85.344,1,0.60892,0.09655262,0.08343837,0.61323494,0.604601,3,3,3,3,0,1044.7426,1302.1359,1639.3026,1627.1385,-0.00090639136,0.011152573,-0.003083825,-0.0018863537,111.53227,111.90693,106.63386,106.62146,11.102364
526,11673.451,1.00000,32.861,85.961,1,0.61185,0.09776793,0.08328545,0.61630994,0.6073819,3,3,3,3,0,1043.9747,1304.4255,1633.6232,1629.308,-0.00097540626,0.01093178,-0.0040458306,-0.0011976582,111.5312,111.91038,106.63124,106.623795,11.102364
527,11752.646,1.00000,32.850,86.577,1,0.61482,0.09897118,0.08315986,0.619521,0.6101095,3,3,3,3,0,1043.6367,1306.0286,1570.5347,1630.8407,-0.0009078741,0.010474755,-0.017952528,-0.00071780075,111.53049,111.913155,106.591064,106.625626,11.102364
528,11831.624,1.00000,32.838,87.191,1,0.61783,0.10013048,0.08310759,0.62287307,0.61278456,3,3,3,3,0,1047.3868,1302.3988,1458.8856,1629.4535,0.0005014289,0.008051689,-0.04321622,-0.0010166712,111.53366,111.910805,106.507416,106.62543,11.102364
529,11910.468,1.00000,32.826,87.806,1,0.62077,0.10123294,0.08318633,0.62612987,0.6154166,3,3,3,3,0,1058.357,1289.1267,1388.9949,1623.2141,0.0049607856,0.0017784475,-0.058733165,-0.0026105552,111.54501,111.897675,106.43396,106.621475,11.1000805
530,11989.166,1.00000,32.813,88.420,1,0.62360,0.10227988,0.083390065,0.6291938,0.61801386,3,3,3,3,0,1074.1842,1268.2169,1373.086,1614.9287,0.011558769,-0.006582528,-0.06002478,-0.0048102094,111.56368,111.87404,106.3968,106.61491,11.1000805
531,12067.667,1.00000,32.800,89.032,1,0.62634,0.10328451,0.08367954,0.632108,0.6205685,3,3,3,3,0,1090.842,1243.7919,1377.4727,1609.1843,0.018309128,-0.014893196,-0.05507478,-0.0063879145,111.58566,111.84349,106.38488,106.608955,11.1000805
532,12145.935,1.00000,32.786,89.641,1,0.62899,0.1042714,0.08400791,0.63492006,0.6230678,3,3,3,3,0,1106.0298,1219.943,1390.7676,1608.631,0.023842113,-0.02228588,-0.047772143,-0.0066044573,111.60748,111.81068,106.38791,106.606415,11.090497
533,12223.943,1.00000,32.772,90.249,1,0.63158,0.105259165,0.08433448,0.6376643,0.62550354,3,3,3,3,0,1118.8082,1199.1365,1406.7811,1614.54,0.0275851,-0.027967166,-0.040100086,-0.005165155,111.62707,111.77965,106.39841,106.6091,11.090497
534,12301.667,1.00000,32.758,90.853,1,0.63412,0.10625914,0.084634915,0.6403632,0.6278734,3,3,3,3,0,1129.0828,1182.4247,1421.9556,1626.8212,0.02953941,-0.031639107,-0.03309577,-0.0021657292,111.64361,111.752884,106.41137,106.61764,11.090497
535,12379.088,1.00000,32.744,91.455,1,0.63661,0.107276104,0.0848995,0.64303035,0.6301802,3,3,3,3,0,1137.2969,1169.9177,1434.5347,1644.1448,0.030054929,-0.03339557,-0.027214184,0.0022522912,111.65721,111.73144,106.4238,106.631546,11.090497
536,12456.097,1.00000,32.729,92.053,1,0.63905,0.10831033,0.085129194,0.64567167,0.6324349,3,3,3,3,0,1144.0773,1161.0858,1443.9532,1662.537,0.02960505,-0.03357811,-0.022547757,0.0076040165,111.66849,111.715256,106.43418,106.64828,11.089783
537,12532.704,1.00000,32.715,92.649,1,0.64154,0.109351516,0.08531659,0.6482872,0.6347888,3,3,3,3,0,1149.819,1155.3567,1450.1829,1629.455,0.028561687,-0.032546807,-0.01902307,-0.00083830673,111.678,111.703835,106.44189,106.63318,11.089783
538,12608.979,1.00000,32.700,93.243,1,0.64407,0.11040466,0.0853999,0.65087897,0.6372679,3,3,3,3,0,1151.0044,1155.0289,1451.7688,1547.3315,0.025776682,-0.029730463,-0.016940886,-0.020530883,111.682655,111.699104,106.445724,106.57721,11.089783
539,12685.008,1.00000,32.685,93.836,1,0.64656,0.111516014,0.08533549,0.6534576,0.63965654,3,3,3,3,0,1143.8293,1162.8112,1447.633,1504.9554,0.01972368,-0.02434594,-0.016555414,-0.030942656,111.677826,111.704216,106.444595,106.53116,11.080056
540,12760.782,1.00000,32.670,94.428,1,0.64895,0.11271998,0.0851758,0.65602374,0.64187104,3,3,3,3,0,1131.1057,1176.1683,1440.9388,1510.4285,0.011391958,-0.017302074,-0.01704032,-0.028889965,111.664536,111.718,106.44007,106.51751,11.080056
541,12836.259,1.00000,32.654,95.017,1,0.65126,0.114007756,0.084996,0.6585636,0.6439561,3,3,3,3,0,1117.289,1190.8878,1435.8615,1532.8417,0.0029154872,-0.010205781,-0.017235061,-0.021765789,111.64728,111.736244,106.43529,106.5257,11.080056
542,12911.414,1.00000,32.637,95.604,1,0.65351,0.11535462,0.084849425,0.6610635,0.6459557,3,3,3,3,0,1104.6533,1204.3191,1434.8801,1562.0322,-0.0037809957,-0.004132304,-0.01643152,-0.013039316,111.62984,111.755035,106.4329,106.54627,11.080056
543,12986.225,1.00000,32.621,96.187,1,0.65571,0.11674681,0.08477016,0.6635156,0.6479011,3,3,3,3,0,1093.5676,1215.066,1438.9305,1592.4895,-0.008044808,0.000422809,-0.014393784,-0.0044446476,111.613785,111.7717,106.43447,106.57245,11.081745
544,13060.677,1.00000,32.604,96.767,1,0.65787,0.1181678,0.08477955,0.6659177,0.64981407,3,3,3,3,0,1085.3853,1222.1765,1447.8969,1620.6068,-0.010622638,0.0038257123,-0.011204245,0.0034207534,111.60052,111.78454,106.44051,106.599556,11.081745
545,13134.760,1.00000,32.587,97.344,1,0.65999,0.11959773,0.08488281,0.6682718,0.65171045,3,3,3,3,0,1080.4756,1226.1873,1460.8229,1643.3835,-0.011696935,0.0057049748,-0.007169914,0.010608622,111.59112,111.79299,106.45067,106.62406,11.081745
546,13208.470,1.00000,32.570,97.918,1,0.66209,0.12102491,0.08506379,0.6705834,0.6535968,3,3,3,3,0,1078.304,1228.4934,1476.0237,1661.704,-0.011589565,0.006382675,-0.0027642914,0.016043728,111.58558,111.79823,106.46377,106.64458,11.071555
547,13281.807,1.00000,32.553,98.488,1,0.66417,0.12244573,0.08530265,0.67285955,0.65547115,3,3,3,3,0,1078.1277,1230.1606,1491.8759,1676.9402,-0.010683275,0.006459286,0.001748529,0.01987927,111.58327,111.80172,106.478455,106.66167,11.071555
548,13354.774,1.00000,32.535,99.056,1,0.66622,0.123861656,0.0855836,0.6751082,0.6573299,3,3,3,3,0,1079.2318,1231.8232,1506.1476,1690.116,-0.00932642,0.006385792,0.006389351,0.022551026,111.58332,111.80458,106.49295,106.676216,11.071555
549,13427.376,1.00000,32.517,99.621,1,0.66825,0.12527592,0.085896425,0.6773355,0.6591706,3,3,3,3,0,1081.1627,1233.773,1518.4875,1701.7012,-0.0077487156,0.00640317,0.010273748,0.024371212,111.585014,111.80748,106.50601,106.68886,11.071555
550,13499.620,1.00000,32.499,100.183,1,0.67027,0.12669283,0.08623556,0.6795433,0.6609921,3,3,3,3,0,1083.5514,1236.1089,1529.1328,1712.0432,-0.006115772,0.0066035204,0.013246259,0.02556399,111.58775,111.81074,106.51745,106.700035,11.0750065
551,13571.512,1.00000,32.480,100.743,1,0.67226,0.1281157,0.08659835,0.68173206,0.6627934,3,3,3,3,0,1086.1454,1238.7693,1538.2523,1721.3907,-0.004533398,0.006971406,0.01538886,0.026287265,111.59109,111.81443,106.52734,106.71006,11.0750065
552,13642.999,1.00000,32.461,101.300,1,0.67424,0.12954785,0.0869837,0.6839019,0.6645743,3,3,3,3,0,1088.7676,1241.736,1545.886,1729.7872,-0.0030669987,0.007480741,0.016793717,0.02661792,111.59468,111.81855,106.53576,106.71906,11.0750065
553,13714.096,1.00000,32.441,101.854,1,0.67619,0.13099165,0.08739124,0.68605304,0.66633487,3,3,3,3,0,1091.3728,1244.944,1552.187,1737.3484,-0.0017297746,0.008086857,0.017578272,0.02662929,111.59837,111.823044,106.542816,106.72717,11.064501
554,13784.817,1.00000,32.421,102.406,1,0.67813,0.13244933,0.08782114,0.6881857,0.6680756,3,3,3,3,0,1093.8523,1248.2833,1557.2628,1743.9963,-0.000546982,0.008727409,0.017844016,0.026337506,111.602,111.82779,106.54861,106.73439,11.064501
555,13855.173,1.00000,32.401,102.955,1,0.68005,0.13392316,0.08827441,0.6903,0.66979706,3,3,3,3,0,1096.15,1251.7091,1561.2512,1749.8695,0.00053350243,0.009365254,0.017689161,0.02580349,111.60545,111.83271,106.55327,106.74079,11.064501
556,13925.173,1.00000,32.380,103.501,1,0.68195,0.13541615,0.08875289,0.69239604,0.67149985,3,3,3,3,0,1098.0602,1255.0573,1564.2479,1754.9124,0.0015578598,0.00992868,0.01719223,0.02504187,111.608536,111.83762,106.5569,106.74637,11.056749
557,13994.826,1.00000,32.358,104.045,1,0.68383,0.13693146,0.08925825,0.6944738,0.67318505,3,3,3,3,0,1099.6718,1258.3387,1566.4227,1759.0962,0.0023882403,0.010409834,0.016441163,0.024064094,111.61116,111.84247,106.55965,106.751114,11.056749
558,14064.139,1.00000,32.336,104.586,1,0.68569,0.13846874,0.08979193,0.6965335,0.67485315,3,3,3,3,0,1101.1652,1261.462,1567.8121,1762.4766,0.0030571027,0.010778441,0.015483243,0.02290298,111.6135,111.84715,106.56158,106.75505,11.056749
559,14133.121,1.00000,32.313,105.125,1,0.68754,0.14002883,0.09035501,0.6985751,0.67650497,3,3,3,3,0,1102.5165,1264.4252,1568.5901,1765.0917,0.0035770182,0.011034342,0.014390146,0.021589044,111.61561,111.85163,106.56282,106.75821,11.056749
560,14201.777,1.00000,32.290,105.661,1,0.68937,0.14161234,0.09094858,0.70059896,0.678141,3,3,3,3,0,1103.7191,1267.1602,1568.7443,1766.9863,0.0039607985,0.011160611,0.013183476,0.020151906,111.617485,111.85583,106.56342,106.76063,11.065055
561,14270.113,1.00000,32.266,106.195,1,0.69118,0.1432199,0.09157319,0.7026052,0.6797617,3,3,3,3,0,1104.8254,1269.7092,1568.3754,1768.2526,0.0042419336,0.011178805,0.011902854,0.018631509,111.6192,111.85975,106.56347,106.762375,11.065055
562,14338.135,1.00000,32.242,106.726,1,0.69298,0.14485265,0.092229836,0.70459414,0.6813675,3,3,3,3,0,1105.7704,1272.0109,1567.5249,1768.963,0.0044125426,0.011079787,0.010572988,0.017061686,111.62071,111.86334,106.562996,106.763535,11.065055
563,14404.874,1.00000,32.216,107.253,1,0.69476,0.14651212,0.0929193,0.7065597,0.68295234,3,3,3,3,0,1106.5681,1274.1127,1566.2959,1769.101,0.004484489,0.010888411,0.009230029,0.015448708,111.62202,111.86664,106.562096,106.764114,11.054714
564,14469.936,1.00000,32.191,107.774,1,0.69650,0.14548056,0.09226455,0.7084978,0.6845114,3,3,3,3,0,1107.202,1275.9976,1564.6687,1768.9131,0.0044622947,0.01061161,0.007877002,0.0138627915,111.62309,111.86963,106.56079,106.764275,11.054714
565,14533.531,1.00000,32.165,108.288,1,0.69822,0.14305449,0.09092813,0.7104058,0.6860417,3,3,3,3,0,1107.6151,1277.6565,1562.72,1768.3351,0.00433343,0.0102543,0.0065358644,0.01229925,111.623886,111.8723,106.55913,106.76403,11.054714
566,14595.812,1.00000,32.138,108.795,1,0.69991,0.14060047,0.089606375,0.7122821,0.6875418,3,3,3,3,0,1107.8235,1279.137,1560.5137,1767.5199,0.0041093375,0.009841541,0.005227323,0.010795891,111.62439,111.87469,106.557175,106.76348,11.054714
567,14656.894,1.00000,32.112,109.294,1,0.70157,0.13813962,0.08831586,0.7141266,0.6890123,3,3,3,3,0,1107.7856,1280.3231,1558.1212,1766.5272,0.0037853518,0.00934022,0.0039723986,0.009371765,111.62456,111.8767,106.55499,106.76271,11.065564
568,14716.860,1.00000,32.085,109.786,1,0.70320,0.13568945,0.08706926,0.7159391,0.6904541,3,3,3,3,0,1107.5938,1281.3262,1555.6097,1765.3418,0.0034027281,0.008790381,0.0027894482,0.008020656,111.624466,111.87841,106.55264,106.761734,11.065564
569,14775.775,1.00000,32.058,110.271,1,0.70479,0.13326682,0.085878335,0.71772015,0.69186825,3,3,3,3,0,1107.205,1282.0784,1553.0135,1764.0159,0.002960303,0.008180347,0.0016860944,0.0067496137,111.62411,111.879776,106.550186,106.76058,11.065564
570,14833.689,1.00000,32.030,110.749,1,0.70636,0.13088675,0.08475332,0.7194702,0.69325566,3,3,3,3,0,1106.6927,1282.6093,1550.3828,1762.5775,0.002490002,0.007522896,0.00067122566,0.0055615576,111.62353,111.88081,106.54765,106.7593,11.059485
571,14864.515,1.00000,32.003,111.195,1,0.70784,0.12856264,0.08370257,0.7211313,0.6945521,3,3,3,3,0,1106.0328,1282.9188,1547.766,1761.0397,0.001992579,0.006825134,-0.00022878102,0.004454409,111.622734,111.88152,106.545105,106.7579,11.059485
572,14875.553,1.00000,31.975,111.598,1,0.70920,0.12630618,0.082732186,0.7226736,0.69572455,3,3,3,3,0,1105.2555,1283.0692,1544.9613,1759.4542,0.0014815016,0.0061153136,-0.000932031,0.0034355817,111.62176,111.881966,106.54247,106.75642,11.059485
573,14885.357,1.00000,31.946,111.962,1,0.71045,0.1241283,0.0818481,0.72411215,0.6967897,3,3,3,3,0,1104.4193,1283.0475,1542.1017,1757.848,0.000982906,0.0053964513,-0.0015632766,0.0025077069,111.62065,111.88216,106.539734,106.75489,11.060358
574,14894.214,1.00000,31.918,112.291,1,0.71161,0.122038,0.0810543,0.72545826,0.6977602,3,3,3,3,0,1103.5186,1282.8433,1539.3252,1756.2355,0.00050003524,0.004666471,-0.0021299978,0.001668637,111.619446,111.88208,106.536995,106.75335,11.060358
575,14902.218,1.00000,31.889,112.588,1,0.71268,0.12004315,0.0803533,0.726722,0.6986474,3,3,3,3,0,1102.5481,1282.4844,1536.6316,1754.5972,0.000030134712,0.003936276,-0.002637067,0.0009059516,111.61813,111.88177,106.534294,106.75177,11.060358
576,14909.452,1.00000,31.860,112.856,1,0.71369,0.1181514,0.079746574,0.72791225,0.69946086,3,3,3,3,0,1101.4595,1282.0293,1534.1517,1753.0798,-0.00037861106,0.0032305806,-0.0030594275,0.00025019114,111.61669,111.88127,106.531746,106.75026,11.060358
577,14915.991,1.00000,31.830,113.099,1,0.71462,0.116087064,0.07923441,0.729037,0.70020944,3,3,3,3,0,1136.1971,1281.5048,1531.8276,1751.5747,0.012469935,0.0025637588,-0.0034123922,-0.00028794556,111.64857,111.880646,106.52934,106.74879,11.077675
578,14921.904,1.00000,31.800,113.318,1,0.71551,0.11344593,0.07874118,0.7301233,0.70088774,3,3,3,3,0,1216.8412,1281.7294,1526.4714,1753.9735,0.044602808,0.0023576936,-0.0044126245,0.00020230845,111.73482,111.88071,106.52511,106.74977,11.077675
579,14927.249,1.00000,31.767,113.517,1,0.71633,0.11085759,0.078147836,0.7311956,0.70147145,3,3,3,3,0,1242.2476,1283.3804,1513.2074,1766.2467,0.058089267,0.0031370423,-0.007179963,0.0035046756,111.78835,111.882385,106.51531,106.75792,11.077675
580,14932.082,1.00000,31.734,113.696,1,0.71711,0.10861445,0.07760646,0.7322425,0.70198464,3,3,3,3,0,1246.3015,1284.0431,1496.2449,1783.1836,0.05775687,0.0039390265,-0.010768232,0.0083533395,111.81099,111.88368,106.501236,106.771484,11.075002
581,14936.451,1.00000,31.701,113.858,1,0.71785,0.10668359,0.07719321,0.73325664,0.7024491,3,3,3,3,0,1244.551,1282.257,1479.0598,1800.8392,0.051849987,0.003799871,-0.014224808,0.013292848,111.81771,111.8825,106.48543,106.78743,11.075002
582,14940.401,1.00000,31.668,114.005,1,0.71856,0.10501205,0.076934114,0.73423415,0.7028792,3,3,3,3,0,1241.046,1277.635,1463.6934,1817.3967,0.044431433,0.002329288,-0.016990941,0.017528199,111.817276,111.87778,106.47005,106.80356,11.075002
583,14943.975,1.00000,31.634,114.137,1,0.71923,0.103563234,0.07682402,0.7351747,0.70328534,3,3,3,3,0,1237.4114,1271.7509,1450.7397,1831.9515,0.037243485,0.00010612376,-0.018920613,0.02071486,111.814156,111.87063,106.45627,106.818535,11.074804
584,14947.207,1.00000,31.600,114.257,1,0.71988,0.102320775,0.07619253,0.7360801,0.7036774,3,3,3,3,0,1234.2971,1341.3865,1440.55,1844.3195,0.03093226,0.025933994,-0.019982558,0.022823958,111.81049,111.93328,106.444756,106.83176,11.074804
585,14950.131,1.00000,31.564,114.365,1,0.72051,0.10129878,0.07542526,0.7369454,0.70406735,3,3,3,3,0,1232.7678,1401.0151,1440.3263,1849.0262,0.026220359,0.0526336,-0.018634224,0.022491721,111.80812,112.0106,106.44025,106.839516,11.074804
586,14952.776,1.00000,31.527,114.463,1,0.72111,0.10044775,0.075176485,0.7377641,0.70445436,3,3,3,3,0,1231.8722,1405.9672,1450.62,1846.2012,0.022881499,0.056719083,-0.014754426,0.01968279,111.80676,112.04197,106.44477,106.84061,11.074804
587,14955.165,1.00000,31.490,114.552,1,0.72169,0.099747635,0.07529465,0.73854375,0.704842,3,3,3,3,0,1229.7145,1397.7484,1465.4634,1840.3441,0.019833282,0.0498356,-0.00985009,0.015806044,111.80449,112.04546,106.455414,106.837456,11.092804
588,14957.325,1.00000,31.452,114.632,1,0.72226,0.099201314,0.07564136,0.7392954,0.7052272,3,3,3,3,0,1225.5498,1385.3162,1481.0726,1833.8729,0.016337523,0.039225973,-0.005018293,0.01189619,111.79994,112.03551,106.46886,106.832405,11.092804
589,14959.278,1.00000,31.415,114.705,1,0.72282,0.0988142,0.07614044,0.7400287,0.70560795,3,3,3,3,0,1219.1912,1371.6803,1495.2177,1827.9734,0.012114897,0.028155407,-0.0008796032,0.008488673,111.7925,112.0197,106.48251,106.827,11.092804
590,14961.484,1.00000,31.377,114.768,1,0.72336,0.09858841,0.07675041,0.740747,0.70597917,3,3,3,3,0,1210.92,1358.2689,1506.3,1823.0852,0.0072509567,0.01800596,0.0025609103,0.0057668495,111.78225,112.00197,106.49454,106.822075,11.087993
591,14962.504,1.00000,31.339,114.828,1,0.72391,0.09852273,0.07744865,0.74146485,0.70635265,3,3,3,3,0,1201.1663,1345.6255,1513.6278,1819.1469,0.0019917456,0.009234551,0.005043379,0.0036905291,111.76961,111.98419,106.50364,106.81789,11.087993
592,14963.115,1.00000,31.302,114.886,1,0.72446,0.098614044,0.07822264,0.74218637,0.70673263,3,3,3,3,0,1190.135,1333.839,1518.0588,1815.8949,-0.0030332028,0.0018585125,0.006355831,0.0021223738,111.755066,111.96711,106.50977,106.81437,11.087993
593,14963.592,1.00000,31.264,114.942,1,0.72502,0.09886208,0.079065524,0.74291134,0.7071211,3,3,3,3,0,1177.6187,1322.545,1520.3805,1813.0209,-0.0074544353,-0.0037914421,0.006743196,0.0009018298,111.73856,111.95086,106.5135,106.81132,11.087993
594,14963.998,1.00000,31.226,114.997,1,0.72558,0.099259555,0.07998113,0.7436388,0.70751977,3,3,3,3,0,1164.5767,1310.9586,1521.2008,1810.125,-0.011646945,-0.008052591,0.0064969426,-0.00014194266,111.72066,111.9346,106.515396,106.8084,11.100184
595,14964.357,1.00000,31.187,115.051,1,0.72615,0.09978932,0.08096052,0.744368,0.70792997,3,3,3,3,0,1151.7551,1299.9066,1520.9202,1806.8705,-0.015463081,-0.011633085,0.005837981,-0.00097347586,111.70236,111.91857,106.51595,106.80536,11.100184
596,14964.683,1.00000,31.149,115.104,1,0.72673,0.100433305,0.08198884,0.74509853,0.7083527,3,3,3,3,0,1139.6229,1289.7815,1519.8368,1803.1234,-0.018754117,-0.0145895425,0.0049269376,-0.0018001286,111.68452,111.9034,106.51551,106.80192,11.100184
597,14964.984,1.00000,31.111,115.157,1,0.72731,0.101174876,0.083051406,0.7458305,0.70878756,3,3,3,3,0,1128.4448,1280.8633,1518.0706,1799.0669,-0.021449193,-0.016884912,0.00385058,-0.0026434134,111.66769,111.8896,106.51428,106.79812,11.091345
598,14965.265,1.00000,31.072,115.208,1,0.72790,0.101998605,0.08413612,0.7465637,0.7092342,3,3,3,3,0,1118.3552,1273.1887,1515.9271,1794.7262,-0.02353484,-0.018546939,0.002721723,-0.0035002318,111.65219,111.87743,106.51252,106.79401,11.091345
599,14965.530,1.00000,31.033,115.260,1,0.72849,0.10288999,0.085231595,0.7472984,0.7096915,3,3,3,3,0,1109.4592,1266.8453,1513.5042,1790.2975,-0.025016323,-0.019594524,0.0015940272,-0.004325996,111.638275,111.86708,106.51039,106.78973,11.091345
600,14965.781,1.00000,30.994,115.310,1,0.72910,0.103837214,0.0863291,0.7480351,0.71015924,3,3,3,3,0,1101.6963,1261.7544,1510.8044,1785.6891,-0.02595334,-0.02009595,0.00047960118,-0.0051382766,111.62595,111.85852,106.50795,106.785255,11.084171
601,14966.021,1.00000,30.955,115.361,1,0.72970,0.104829244,0.087420575,0.74877375,0.71063626,3,3,3,3,0,1095.0427,1257.8782,1508.0504,1781.2003,-0.02639797,-0.020109098,-0.0004921876,-0.0058731628,111.61524,111.85174,106.50537,106.78079,11.084171
602,14966.250,1.00000,30.916,115.411,1,0.73032,0.10585665,0.088500045,0.7495152,0.71112204,3,3,3,3,0,1089.4056,1255.0834,1505.0284,1776.7926,-0.026419468,-0.019716464,-0.0012880876,-0.0065367166,111.60604,111.8466,106.502594,106.77638,11.084171
603,14966.470,1.00000,30.876,115.460,1,0.73094,0.10691124,0.08956206,0.75025964,0.71161586,3,3,3,3,0,1084.7017,1253.2993,1502.0177,1772.6321,-0.026082097,-0.018978773,-0.0020024164,-0.007096366,111.59825,111.842995,106.49971,106.77213,11.084171
604,14966.682,1.00000,30.836,115.509,1,0.73156,0.10798575,0.09060308,0.7510071,0.71211714,3,3,3,3,0,1080.8137,1252.3206,1499.1571,1768.7096,-0.025455758,-0.017992003,-0.0026281634,-0.007556859,111.59173,111.8407,106.496864,106.7681,11.094044
605,14966.887,1.00000,30.795,115.558,1,0.73219,0.10907378,0.09161988,0.7517575,0.71262544,3,3,3,3,0,1077.658,1252.0817,1496.5573,1765.0837,-0.02459619,-0.016806448,-0.0031453136,-0.007911961,111.58635,111.83957,106.49419,106.76431,11.094044
606,14967.084,1.00000,30.754,115.607,1,0.73283,0.11016937,0.09260968,0.7525109,0.71314037,3,3,3,3,0,1075.1292,1252.4617,1494.3496,1761.8392,-0.023560252,-0.015480173,-0.0035291375,-0.008148702,111.58197,111.83944,106.49181,106.76087,11.094044
607,14967.275,1.00000,30.713,115.656,1,0.73346,0.11126792,0.09357071,0.7532675,0.71366173,3,3,3,3,0,1073.1235,1253.3961,1492.5122,1758.982,-0.022400616,-0.0140506495,-0.0037901343,-0.008271652,111.578445,111.840195,106.48978,106.75778,11.082096
608,14967.459,1.00000,30.671,115.704,1,0.73411,0.11236539,0.09450198,0.75402755,0.71418923,3,3,3,3,0,1071.5153,1254.7399,1491.0226,1756.5115,-0.021172835,-0.01257544,-0.003942305,-0.008288542,111.5756,111.84166,106.48808,106.75507,11.082096
609,14967.638,1.00000,30.629,115.752,1,0.73476,0.11345797,0.09540205,0.75479096,0.71472263,3,3,3,3,0,1070.2643,1256.5033,1490.0056,1754.5266,-0.019901993,-0.011062236,-0.0039662556,-0.0081848325,111.57334,111.84378,106.48681,106.7528,11.082096
610,14967.810,1.00000,30.587,115.799,1,0.73541,0.11454338,0.096271515,0.7555582,0.7152622,3,3,3,3,0,1069.2375,1258.5168,1489.3044,1752.8843,-0.018636504,-0.009567828,-0.0039028388,-0.00799829,111.57152,111.846375,106.48588,106.75091,11.0717945
611,14967.978,1.00000,30.544,115.846,1,0.73607,0.115618415,0.097109616,0.7563293,0.71580774,3,3,3,3,0,1068.4287,1260.821,1488.9816,1751.6526,-0.01738494,-0.008086243,-0.003748338,-0.0077232337,111.570045,111.84942,106.48532,106.74941,11.0717945
612,14968.141,1.00000,30.500,115.894,1,0.73673,0.11668133,0.097917154,0.7571046,0.7163594,3,3,3,3,0,1067.7478,1263.2882,1488.9673,1750.784,-0.016175948,-0.006655848,-0.0035235842,-0.007375129,111.56884,111.85278,106.48509,106.74829,11.0717945
613,14968.300,1.00000,30.457,115.940,1,0.73740,0.11773539,0.09869511,0.75788426,0.71691734,3,3,3,3,0,1066.6727,1265.8794,1489.2698,1750.2332,-0.015174847,-0.0052908743,-0.003233522,-0.0069704982,111.56737,111.856384,106.485176,106.747505,11.0717945
614,14968.454,1.00000,30.412,115.987,1,0.73808,0.11877633,0.09944467,0.7586682,0.717482,3,3,3,3,0,1065.699,1268.572,1489.8778,1749.8679,-0.01423452,-0.003997225,-0.002885378,-0.0065441905,111.5659,111.860176,106.48557,106.746956,11.079703
615,14968.604,1.00000,30.368,116.033,1,0.73876,0.11980416,0.10016728,0.75945663,0.7180535,3,3,3,3,0,1064.7134,1271.3212,1490.7644,1749.6718,-0.013365386,-0.0027852647,-0.0024898322,-0.006105001,111.56444,111.86409,106.48626,106.74661,11.079703
616,14968.751,1.00000,30.323,116.079,1,0.73944,0.1208239,0.10086336,0.7602497,0.7186321,3,3,3,3,0,1062.8018,1274.08,1491.9346,1749.5994,-0.012851636,-0.0016657814,-0.0020501725,-0.0056646643,111.562126,111.868065,106.48723,106.74642,11.079703
617,14968.894,1.00000,30.277,116.125,1,0.74013,0.121824674,0.10153718,0.7610472,0.7192186,3,3,3,3,0,1061.9506,1276.8416,1493.3535,1749.459,-0.012083593,-0.0006382436,-0.0015775925,-0.0052671023,111.560486,111.87207,106.488464,106.74625,11.065427
618,14969.033,1.00000,30.231,116.170,1,0.74083,0.12281017,0.10218679,0.7618497,0.7198127,3,3,3,3,0,1060.5964,1279.5956,1494.9799,1749.367,-0.011485214,0.00033176577,-0.0010850409,-0.004888224,111.55861,111.87609,106.48992,106.74611,11.065427
619,14969.170,1.00000,30.185,116.215,1,0.74154,0.123774074,0.102815025,0.7626571,0.7204146,3,3,3,3,0,1059.8606,1282.1902,1496.842,1749.2894,-0.010752884,0.0013492219,-0.00056922995,-0.004531401,111.55723,111.88002,106.491615,106.745995,11.065427
620,14969.304,1.00000,30.138,116.260,1,0.74225,0.12472852,0.10342519,0.7634696,0.72102463,3,3,3,3,0,1059.3125,1284.6763,1498.6665,1749.1676,-0.009988377,0.00227856,-0.00009252645,-0.0042084623,111.55619,111.88378,106.49337,106.74587,11.065427
621,14969.435,1.00000,30.091,116.305,1,0.74296,0.12567891,0.10401769,0.76428723,0.7216426,3,3,3,3,0,1058.8588,1287.1506,1500.4852,1749.1566,-0.009238436,0.0031065696,0.00040901214,-0.0038839858,111.55537,111.88745,106.49517,106.745804,11.070313
622,14969.564,1.00000,30.043,116.350,1,0.74369,0.11932786,0.10100522,0.76510817,0.7222685,3,3,3,3,0,1058.3656,1289.6421,1504.4076,1749.2214,-0.008551727,0.003849652,0.0014894592,-0.0035618083,111.554596,111.891106,106.49832,106.74581,11.070313
623,14969.688,1.00000,29.995,116.394,1,0.74424,0.11308814,0.09800877,0.76570785,0.7227707,3,3,3,3,0,1057.5461,1292.4369,1651.392,1824.0863,-0.008021517,0.0046256767,0.040562313,0.015798604,111.55354,111.895035,106.5928,106.79324,11.070313
624,14969.616,1.00000,29.945,116.434,1,0.74476,0.10699948,0.09511957,0.76639056,0.7231349,3,3,3,3,0,1052.8951,1302.8624,1689.8258,1952.4226,-0.008751058,0.008188225,0.055696294,0.05276335,111.5489,111.906204,106.64965,106.89152,11.056656
625,14969.583,1.00000,29.896,116.472,1,0.74539,0.101101436,0.092411436,0.76714057,0.7236453,3,3,3,3,0,1054.1404,1310.9794,1703.2837,1988.1895,-0.0077244146,0.011259952,0.05819023,0.0660571,111.54838,111.9177,106.678474,106.94842,11.056656
626,14969.646,1.00000,29.846,116.508,1,0.74609,0.09534764,0.08981589,0.767933,0.724255,3,3,3,3,0,1058.8779,1317.62,1706.0032,1998.1926,-0.005393737,0.013389375,0.055123564,0.066502064,111.55246,111.927956,106.690956,106.975174,11.056656
627,14969.739,1.00000,29.796,116.545,1,0.74684,0.08977246,0.0873216,0.7687532,0.7249234,3,3,3,3,0,1065.4127,1323.3767,1701.9725,1995.7732,-0.0024647263,0.01478602,0.04937875,0.060906302,111.55982,111.937,106.69332,106.98366,11.048754
628,14969.846,1.00000,29.746,116.581,1,0.74761,0.08442871,0.084931634,0.7695927,0.7256264,3,3,3,3,0,1072.5873,1328.4043,1693.3384,1986.047,0.00057364965,0.015634857,0.042292118,0.05252597,111.569016,111.94496,106.68909,106.981,11.048754
629,14969.963,1.00000,29.696,116.618,1,0.74840,0.07936181,0.08265238,0.77044684,0.72634983,3,3,3,3,0,1079.0625,1332.7693,1681.4247,1971.9358,0.003747937,0.016058762,0.03457876,0.043036,111.578445,111.951935,106.680336,106.97152,11.048754
630,14970.086,1.00000,29.646,116.655,1,0.74920,0.07461723,0.08049518,0.7713119,0.7270848,3,3,3,3,0,1084.3608,1336.4357,1667.4102,1955.3496,0.0063625867,0.01611402,0.02674156,0.03337998,111.586784,111.957924,106.66858,106.95794,11.048754
631,14970.212,1.00000,29.595,116.692,1,0.75001,0.070228666,0.07847332,0.77218497,0.72782636,3,3,3,3,0,1088.601,1339.3666,1652.1448,1937.4175,0.0082091605,0.015830781,0.019118736,0.024067339,111.593704,111.96288,106.65491,106.94198,11.063059
632,14970.340,1.00000,29.545,116.730,1,0.75082,0.06622123,0.07659928,0.7730639,0.7285713,3,3,3,3,0,1091.8344,1341.4406,1636.2627,1918.9454,0.009320073,0.015193441,0.01193347,0.01539169,111.5992,111.966675,106.640114,106.92477,11.063059
633,14970.469,1.00000,29.495,116.768,1,0.75163,0.062614046,0.074882686,0.7739468,0.7293179,3,3,3,3,0,1094.1147,1342.7484,1620.2904,1900.4867,0.009785761,0.014255225,0.0053405273,0.007511887,111.6033,111.96934,106.62483,106.90706,11.063059
634,14970.597,1.00000,29.444,116.806,1,0.75245,0.059420306,0.07333273,0.7748323,0.73006517,3,3,3,3,0,1095.5303,1343.1675,1604.5889,1882.3865,0.009716061,0.01300299,-0.0005661957,0.00049154996,111.60612,111.97077,106.609505,106.88936,11.055807
635,14970.725,1.00000,29.394,116.845,1,0.75327,0.05664754,0.0719546,0.7757201,0.73081356,3,3,3,3,0,1096.1104,1342.8411,1588.3663,1864.0104,0.009194144,0.0115085635,-0.005053745,-0.0049722465,111.60771,111.97107,106.5941,106.87173,11.055807
636,14970.854,1.00000,29.344,116.884,1,0.75409,0.05429882,0.07075228,0.7766109,0.7315653,3,3,3,3,0,1095.9181,1341.6887,1571.9498,1845.1204,0.008302019,0.0097762635,-0.008906934,-0.009504757,111.608154,111.97019,106.57829,106.853615,11.055807
637,14970.982,1.00000,29.294,116.924,1,0.75491,0.05237123,0.06972602,0.77750254,0.73231906,3,3,3,3,0,1095.0216,1339.826,1556.4296,1826.9213,0.007116118,0.007867123,-0.012250489,-0.013480471,111.60754,111.96823,106.56278,106.83559,11.055807
638,14971.109,1.00000,29.244,116.964,1,0.75573,0.050820846,0.068962686,0.77837664,0.7330893,3,3,3,3,0,1093.5532,1337.2264,1542.2667,1809.9553,0.0057290257,0.0057987026,-0.015027156,-0.016863683,111.60602,111.96519,106.5482,106.81831,11.066451
639,14971.234,1.00000,29.195,117.004,1,0.75655,0.049364064,0.06904157,0.7791173,0.73398393,3,3,3,3,0,1091.9569,1333.7198,1530.2764,1794.0499,0.0043455185,0.0035238126,-0.017084135,-0.019726293,111.60405,111.960915,106.53528,106.80195,11.066451
640,14971.355,1.00000,29.145,117.045,1,0.75736,0.047952663,0.06982297,0.77973866,0.73498195,3,3,3,3,0,1090.3068,1328.7228,1520.5162,1779.3292,0.0030415745,0.00083154574,-0.018437287,-0.022080556,111.60187,111.9548,106.524345,106.78665,11.066451
641,14971.473,1.00000,29.096,117.086,1,0.75816,0.04655032,0.07116831,0.7802539,0.7360643,3,3,3,3,0,1088.5465,1322.9196,1512.6722,1766.1573,0.0018038081,-0.0017620211,-0.019203942,-0.023877436,111.599495,111.94738,106.51532,106.7727,11.059062
642,14971.586,1.00000,29.047,117.127,1,0.75894,0.04513181,0.07296437,0.7806748,0.73721415,3,3,3,3,0,1086.5671,1315.2961,1506.5607,1754.7416,0.000581162,-0.0043900115,-0.019475717,-0.025099756,111.596855,111.93783,106.50808,106.76033,11.059062
643,14971.696,1.00000,28.998,117.168,1,0.75971,0.04367937,0.075089574,0.7810122,0.7384174,3,3,3,3,0,1084.3457,1308.0848,1501.6069,1745.24,-0.0005742493,-0.0066917865,-0.019421887,-0.025746759,111.5939,111.927795,106.50223,106.74974,11.059062
644,14971.802,1.00000,28.950,117.209,1,0.76047,0.042183235,0.07743619,0.7812753,0.73966086,3,3,3,3,0,1081.705,1301.6829,1497.6692,1737.72,-0.0016003469,-0.008528261,-0.019112488,-0.025840903,111.590485,111.91826,106.49753,106.74103,11.053653
645,14971.903,1.00000,28.902,117.250,1,0.76120,0.04063789,0.07991634,0.78147215,0.7409339,3,3,3,3,0,1078.8424,1296.1394,1494.5873,1731.9369,-0.0026066264,-0.009898294,-0.018605504,-0.025475796,111.586655,111.90966,106.49379,106.73409,11.053653
646,14972.001,1.00000,28.854,117.291,1,0.76192,0.039040286,0.08245627,0.78160954,0.74222714,3,3,3,3,0,1075.965,1291.2721,1492.3357,1727.7141,-0.003552588,-0.010894008,-0.017923925,-0.024732055,111.582634,111.90201,106.49094,106.72879,11.053653
647,14972.096,1.00000,28.807,117.332,1,0.76261,0.03739139,0.0849933,0.7816935,0.7435324,3,3,3,3,0,1073.2047,1286.9938,1490.8774,1724.8014,-0.0043915836,-0.011584162,-0.01708824,-0.023699872,111.57865,111.89524,106.488914,106.724915,11.053653
648,14972.187,1.00000,28.760,117.372,1,0.76329,0.035696246,0.08747408,0.78172934,0.7448429,3,3,3,3,0,1070.6879,1283.2897,1490.0972,1722.9528,-0.0050821975,-0.012005727,-0.016135266,-0.022463435,111.57489,111.88931,106.48762,106.72223,11.064621
649,14972.275,1.00000,28.713,117.413,1,0.76394,0.033963554,0.08985446,0.7817216,0.7461524,3,3,3,3,0,1068.4482,1280.0875,1489.9603,1721.996,-0.005616344,-0.012205773,-0.015083673,-0.021084167,111.57146,111.884155,106.487,106.72056,11.064621
650,14972.360,1.00000,28.667,117.453,1,0.76456,0.032204602,0.092098035,0.7816744,0.74745566,3,3,3,3,0,1066.5443,1277.3846,1490.401,1721.758,-0.005984194,-0.012207371,-0.01395609,-0.019616984,111.56845,111.879745,106.48699,106.71972,11.064621
651,14972.442,1.00000,28.621,117.493,1,0.76517,0.03043323,0.09417623,0.7815914,0.748748,3,3,3,3,0,1064.972,1275.1351,1491.2427,1722.1271,-0.006196258,-0.012041804,-0.012799169,-0.018098747,111.5659,111.87602,106.48747,106.71957,11.060106
652,14972.521,1.00000,28.576,117.532,1,0.76575,0.028664816,0.096067384,0.7814758,0.75002533,3,3,3,3,0,1063.7467,1273.279,1492.5408,1722.9746,-0.0062593576,-0.011743497,-0.011607545,-0.016565606,111.563835,111.87291,106.48842,106.71998,11.060106
653,14972.598,1.00000,28.531,117.572,1,0.76631,0.026916316,0.09775534,0.78133047,0.7512843,3,3,3,3,0,1062.8207,1271.835,1494.0747,1724.1846,-0.0061994027,-0.011320352,-0.010432072,-0.015048432,111.56222,111.87041,106.489685,106.72083,11.060106
654,14972.673,1.00000,28.486,117.611,1,0.76684,0.025205525,0.099230126,0.78115803,0.7525219,3,3,3,3,0,1062.1667,1270.7234,1495.8584,1725.6687,-0.0060368963,-0.0108066,-0.009274452,-0.013569423,111.56102,111.86844,106.491234,106.72202,11.060106
655,14972.745,1.00000,28.442,117.649,1,0.76735,0.023550276,0.10048607,0.7809608,0.7537354,3,3,3,3,0,1061.794,1269.9756,1497.7996,1727.4207,-0.0057787057,-0.010203304,-0.008154427,-0.012130013,111.56023,111.867,106.49299,106.72352,11.072327
656,14972.816,1.00000,28.399,117.687,1,0.76783,0.021969339,0.10152294,0.7807408,0.7549229,3,3,3,3,0,1061.6254,1269.462,1499.8458,1729.2805,-0.0054564653,-0.009557159,-0.007083575,-0.010763523,111.55978,111.86597,106.49489,106.72519,11.072327
657,14972.884,1.00000,28.356,117.725,1,0.76829,0.020481264,0.10234412,0.78050005,0.75608236,3,3,3,3,0,1061.6747,1269.1927,1501.9728,1731.2736,-0.005074768,-0.008874269,-0.0060657393,-0.0094633885,111.55965,111.86532,106.4969,106.72702,11.072327
658,14972.951,1.00000,28.313,117.763,1,0.76873,0.019105699,0.102956586,0.7802404,0.7572123,3,3,3,3,0,1061.8905,1269.1595,1504.1173,1733.3041,-0.004654576,-0.00816038,-0.005112164,-0.008245922,111.55979,111.86503,106.49897,106.72894,11.073021
659,14973.016,1.00000,28.271,117.800,1,0.76914,0.017864155,0.10337243,0.7799637,0.75831103,3,3,3,3,0,1062.235,1269.23,1506.2968,1735.3849,-0.004213423,-0.007459816,-0.0042163692,-0.0071048704,111.560165,111.86497,106.501076,106.73093,11.073021
660,14973.079,1.00000,28.230,117.837,1,0.76952,0.01678028,0.10360808,0.77967167,0.7593776,3,3,3,3,0,1062.7136,1269.4591,1508.4625,1737.4053,-0.003753743,-0.006760394,-0.0033848805,-0.006059273,111.56074,111.86514,106.5032,106.7329,11.073021
661,14973.140,1.00000,28.189,117.873,1,0.76989,0.015886372,0.10368872,0.77936655,0.7604106,3,3,3,3,0,1063.2632,1269.7517,1510.5576,1739.3618,-0.0032971925,-0.0060900366,-0.0026273506,-0.0051058475,111.561455,111.86546,106.50528,106.73484,11.07826
662,14973.200,1.00000,28.149,117.909,1,0.77023,0.015239147,0.10365972,0.7790505,0.76140857,3,3,3,3,0,1063.8951,1270.1132,1512.675,1741.281,-0.0028433143,-0.005448816,-0.0019196189,-0.0042324592,111.5623,111.865906,106.50737,106.73674,11.07826
663,14973.259,1.00000,28.109,117.944,1,0.77055,0.015065794,0.10370265,0.77872735,0.7623693,3,3,3,3,0,1064.556,1270.5133,1514.6656,1743.0698,-0.0024089385,-0.0048440956,-0.0012891941,-0.003453217,111.563225,111.86643,106.50938,106.738556,11.07826
664,14973.315,1.00000,28.070,117.980,1,0.77085,0.015539146,0.103921615,0.7784067,0.76328516,3,3,3,3,0,1065.2139,1270.9559,1516.5654,1744.8466,-0.0020053468,-0.004273029,-0.00072649773,-0.002737328,111.56418,111.867035,106.51131,106.740326,11.07826
665,14973.371,1.00000,28.031,118.014,1,0.77113,0.016252821,0.10360281,0.77814263,0.7641076,3,3,3,3,0,1065.6732,1271.5961,1518.128,1746.7878,-0.001693611,-0.0036842288,-0.00028106975,-0.0020379338,111.564964,111.86784,106.51299,106.74219,11.097847
666,14973.425,1.00000,27.993,118.049,1,0.77139,0.017447356,0.10269354,0.7779728,0.7648042,3,3,3,3,0,1065.738,1272.5162,1519.1879,1749.079,-0.0015370959,-0.0030464558,0.000012335307,-0.0013077824,111.56532,111.86898,106.51429,106.7443,11.097847
667,14973.477,1.00000,27.955,118.082,1,0.77164,0.019094668,0.10109433,0.7778878,0.76538944,3,3,3,3,0,1065.5116,1302.1095,1519.8193,1751.6324,-0.0015001848,0.007614158,0.00021145903,-0.00056401343,111.56528,111.89687,106.51518,106.746666,11.097847
668,14973.529,1.00000,27.917,118.116,1,0.77188,0.021174038,0.09819501,0.77788013,0.76588255,3,3,3,3,0,1065.3986,1411.3687,1522.7256,1752.2183,-0.0013664826,0.050184578,0.0010014687,-0.00030750068,111.5652,112.00895,106.517365,106.7479,11.108041
669,14973.579,1.00000,27.879,118.149,1,0.77210,0.023620307,0.09505467,0.7779233,0.7662839,3,3,3,3,0,1066.245,1447.3964,1536.2892,1744.2078,-0.00058567134,0.06969056,0.0046804845,-0.0020377222,111.56605,112.08144,106.52675,106.74338,11.108041
670,14973.626,1.00000,27.841,118.182,1,0.77231,0.026390312,0.09197207,0.778009,0.7666188,3,3,3,3,0,1066.0369,1456.7928,1555.1833,1731.5176,0.00015940946,0.07176241,0.010066742,-0.0049026185,111.56624,112.11565,106.54198,106.73391,11.108041
671,14973.672,1.00000,27.804,118.214,1,0.77252,0.029450852,0.08891829,0.7781371,0.76689816,3,3,3,3,0,1063.4169,1458.4081,1575.4038,1717.491,0.00016621112,0.06639967,0.015700378,-0.007967309,111.56396,112.129585,106.56011,106.72178,11.108041
672,14973.717,1.00000,27.768,118.246,1,0.77272,0.032759007,0.08587978,0.77830744,0.76712793,3,3,3,3,0,1057.9705,1457.128,1594.8912,1703.9429,-0.0009172584,0.05858605,0.020706063,-0.01070157,111.55816,112.133835,106.578865,106.70891,11.1282015
673,14973.761,1.00000,27.732,118.277,1,0.77292,0.03602359,0.08294618,0.77849597,0.7673348,3,3,3,3,0,1063.2952,1454.8112,1612.9219,1691.6421,0.0014557361,0.050469235,0.024761623,-0.012898157,111.561,112.13367,106.59696,106.6965,11.1282015
674,14973.804,1.00000,27.697,118.308,1,0.77311,0.0384658,0.080201074,0.7786842,0.76753885,3,3,3,3,0,1152.8419,1452.5555,1628.1428,1682.1428,0.035854626,0.043050937,0.027522394,-0.014229234,111.645424,112.13195,106.61309,106.68596,11.1282015
675,14973.847,1.00000,27.661,118.339,1,0.77330,0.04136906,0.077580936,0.77889806,0.7677008,3,3,3,3,0,1185.9656,1452.4834,1633.1001,1685.6127,0.054069236,0.037599497,0.027050653,-0.012457299,111.70534,112.131744,106.62205,106.68416,11.141115
676,14973.886,1.00000,27.626,118.369,1,0.77348,0.044719648,0.07514155,0.7791232,0.7678342,3,3,3,3,0,1183.3357,1452.2961,1630.5336,1697.8713,0.053216122,0.033352543,0.023952575,-0.0084879445,111.72378,112.13188,106.62378,106.69092,11.141115
677,14973.923,1.00000,27.591,118.398,1,0.77365,0.04815753,0.07294309,0.7793466,0.76795864,3,3,3,3,0,1171.3987,1449.9102,1626.7434,1713.056,0.044158112,0.029018674,0.020260362,-0.0039021485,111.71947,112.12997,106.62221,106.70265,11.141115
678,14973.958,1.00000,27.557,118.427,1,0.77383,0.051502127,0.07101874,0.7795638,0.76808697,3,3,3,3,0,1156.6903,1444.6929,1621.6549,1727.5446,0.032785755,0.023917992,0.016435854,0.0002624909,111.70471,112.1246,106.618614,106.71586,11.154832
679,14973.994,1.00000,27.525,118.456,1,0.77400,0.054666348,0.06938483,0.7797666,0.7682282,3,3,3,3,0,1141.7491,1436.5416,1619.2855,1738.5739,0.021718048,0.017866762,0.013651085,0.0039351485,111.68601,112.11524,106.61599,106.72774,11.154832
680,14974.029,1.00000,27.493,118.484,1,0.77417,0.057608537,0.06804465,0.77995443,0.76838845,3,3,3,3,0,1127.5381,1426.0293,1618.0697,1745.4795,0.011929767,0.011114033,0.011646253,0.0063206283,111.666504,112.10226,106.61439,106.73644,11.154832
681,14974.066,1.00000,5.207,118.564,1,1.01462,1.0675555,0.9616797,1.0167379,0.992748,3,3,3,3,0,2386.991,2437.7053,2159.439,1879.3711,0.60000867,0.4719778,0.1590439,0.041918743,112.8803,113.07815,106.95968,106.82487,11.154832
682,14971.479,1.00000,5.050,118.646,1,1.01641,1.0699306,0.9628955,1.0164561,0.9925535,3,3,3,3,0,1556.629,1956.8899,2143.2227,2320.3706,0.44700584,0.44003966,0.1995759,0.1741947,112.50317,112.95964,107.074776,107.13977,11.105541
683,14971.309,1.00000,4.906,118.766,1,1.01785,1.07134,0.9643569,1.0160599,0.99257076,3,3,3,3,0,1301.8317,1738.8448,2148.713,2416.564,0.1736726,0.26073495,0.20257272,0.25568238,112.085915,112.676384,107.116425,107.31982,11.105541
684,14971.461,1.00000,4.751,118.919,1,1.01879,1.0731109,0.9644748,1.0157082,0.99235636,3,3,3,3,0,1280.702,1685.0504,2182.1985,2413.081,0.011124908,0.09618158,0.19570011,0.27242965,111.9227,112.514206,107.15064,107.37721,11.105541
685,14971.691,1.00000,4.596,119.100,1,1.01956,1.0748895,0.96423,1.0153438,0.99215317,3,3,3,3,0,1280.8136,1712.2617,2189.9082,2401.9749,-0.026529158,0.036502454,0.1747145,0.2478762,111.88926,112.49919,107.1661,107.38398,10.984337
686,14972.006,1.00000,4.444,119.305,1,1.01934,1.0756807,0.96300817,1.0149629,0.9919584,3,3,3,3,0,1260.0299,1712.7772,2198.0796,2405.145,-0.03612285,0.018259466,0.14829989,0.20819788,111.86558,112.50541,107.17605,107.38467,10.984337
687,14972.336,1.00000,4.294,119.528,1,1.01880,1.0761039,0.9615042,1.0145648,0.99177754,3,3,3,3,0,1231.9163,1695.5049,2207.2144,2415.3132,-0.043357488,0.005211787,0.1219167,0.16704924,111.83258,112.49515,107.185684,107.39064,10.984337
688,14972.675,1.00000,4.147,119.765,1,1.01824,1.0764524,0.96002877,1.0141516,0.9916144,3,3,3,3,0,1202.2173,1667.2706,2208.2607,2422.347,-0.05034105,-0.008309606,0.101365715,0.12842347,111.79363,112.46691,107.191925,107.39814,10.984337
689,14973.042,1.00000,4.004,120.014,1,1.01766,1.0767345,0.95859146,1.0137247,0.99147,3,3,3,3,0,1173.9304,1630.454,2188.9897,2415.8547,-0.0564477,-0.021771,0.084654845,0.09690328,111.75348,112.42391,107.184586,107.39964,10.984337
690,14973.460,1.00000,3.865,120.272,1,1.01708,1.0769669,0.9571837,1.0132902,0.99134237,3,3,3,3,0,1148.9885,1588.5175,2158.048,2376.0986,-0.061045546,-0.035785094,0.066760615,0.072373964,111.71578,112.37007,107.16342,107.37929,10.984337
691,14973.926,1.00000,3.731,120.536,1,1.01648,1.0771692,0.9557833,1.0128534,0.9912254,3,3,3,3,0,1126.5966,1545.3983,2118.5627,2317.7593,-0.06441189,-0.049228627,0.04762479,0.046321988,111.681206,112.31093,107.13144,107.33667,10.805814
692,14974.419,1.00000,3.601,120.806,1,1.01586,1.0773561,0.95437145,1.0124182,0.9911141,3,3,3,3,0,1105.7621,1503.8605,2072.608,2250.3735,-0.06698949,-0.061101314,0.027893113,0.019551048,111.64916,112.25113,107.09129,107.27955,10.805814
693,14974.928,1.00000,3.476,121.079,1,1.01524,1.0775381,0.95293236,1.0119869,0.9910046,3,3,3,3,0,1085.8698,1465.528,2021.8151,2179.4717,-0.06908237,-0.07085968,0.008176812,-0.005832924,111.618904,112.19391,107.04506,107.21477,10.805814
694,14975.442,1.00000,3.356,121.354,1,1.01459,1.0777235,0.9514519,1.011561,0.9908946,3,3,3,3,0,1066.5697,1431.139,1966.7559,2102.6575,-0.070861444,-0.07834962,-0.009815142,-0.026017413,111.58987,112.14114,106.994286,107.14459,10.805814
695,14975.962,1.00000,3.240,121.630,1,1.01392,1.0779203,0.94991344,1.0111418,0.9907817,3,3,3,3,0,1047.4722,1401.1074,1905.1016,2024.2571,-0.0724755,-0.08358892,-0.025222214,-0.044072513,111.561485,112.09394,106.93803,107.07019,10.805814
696,14976.488,1.00000,3.127,121.905,1,1.01322,1.078138,0.9483001,1.0107298,0.9906635,3,3,3,3,0,1028.7384,1375.0878,1841.1881,1948.7736,-0.07388541,-0.08685897,-0.03976415,-0.060082693,111.53369,112.052414,106.8776,106.99564,10.712389
697,14977.009,1.00000,3.018,122.181,1,1.01249,1.0783834,0.94660056,1.0103264,0.990539,3,3,3,3,0,1010.68567,1352.4187,1778.9044,1878.4188,-0.07498118,-0.088556856,-0.05293974,-0.0736972,111.50676,112.016014,106.81647,106.92409,10.712389
698,14977.515,1.00000,2.912,122.455,1,1.01173,1.0786566,0.94480735,1.0099307,0.99040794,3,3,3,3,0,993.6865,1332.5114,1720.6312,1814.3757,-0.07563736,-0.0890422,-0.06424031,-0.084769905,111.481094,111.98403,106.757454,106.85746,10.712389
699,14978.000,1.00000,2.808,122.652,1,1.01094,1.0789562,0.94291544,1.0095483,0.99026555,3,3,3,3,0,978.0576,1314.8708,1667.9705,1757.2124,-0.075757064,-0.088610895,-0.07336403,-0.093322404,111.45715,111.95575,106.70264,106.79688,10.712389
700,14978.377,1.00000,2.707,122.794,1,1.01010,1.079279,0.9409216,1.0091748,0.9901138,3,3,3,3,0,964.03107,1299.1769,1621.8778,1707.1635,-0.07528459,-0.087471165,-0.080197945,-0.09946622,111.4353,111.93064,106.65339,106.74293,10.640926
701,14978.669,1.00000,2.608,122.895,1,1.00922,1.0796194,0.938823,1.0088067,0.9899546,3,3,3,3,0,951.7591,1285.2278,1582.8002,1664.138,-0.07420182,-0.085764684,-0.08477268,-0.10338716,111.41581,111.9083,106.61053,106.69576,10.640926
702,14978.895,1.00000,2.511,122.968,1,1.00829,1.0799718,0.93661577,1.0084412,0.9897898,3,3,3,3,0,941.22894,1272.9111,1550.6274,1627.9056,-0.072550766,-0.08358439,-0.08725856,-0.10529772,111.39877,111.888504,106.574295,106.655334,10.640926
703,14979.069,1.00000,2.417,123.019,1,1.00731,1.080327,0.9342962,1.0080754,0.98962104,3,3,3,3,0,932.47766,1262.1909,1525.1398,1598.1655,-0.07036431,-0.08098546,-0.08785589,-0.10541531,111.38427,111.87111,106.544655,106.62143,10.590943
704,14979.201,1.00000,2.324,123.054,1,1.00627,1.0806735,0.9318604,1.0077063,0.9894502,3,3,3,3,0,925.41833,1253.0598,1505.7887,1574.4344,-0.06771105,-0.07800465,-0.0868292,-0.103984654,111.372246,111.85607,106.52127,106.5937,10.590943
705,14979.299,1.00000,2.234,123.078,1,1.00515,1.0809956,0.92930317,1.0073314,0.989279,3,3,3,3,0,919.99585,1245.5325,1492.0137,1556.2307,-0.06464991,-0.07466696,-0.08443621,-0.10123791,111.36263,111.843376,106.503685,106.57169,10.590943
706,14979.368,1.00000,2.146,123.092,1,1.00395,1.0812739,0.92661804,1.0069476,0.9891091,3,3,3,3,0,916.13605,1239.5515,1483.1788,1542.9562,-0.061240178,-0.07101714,-0.080934264,-0.09741726,111.35535,111.83298,106.49133,106.55489,10.54713
707,14979.415,1.00000,2.060,123.101,1,1.00264,1.0814835,0.9237978,1.0065523,0.9889423,3,3,3,3,0,913.7511,1235.0245,1478.6777,1534.0424,-0.05754139,-0.06711081,-0.07655784,-0.09274428,111.35028,111.82476,106.483635,106.542755,10.54713
708,14979.442,1.00000,1.978,123.104,1,1.00121,1.0815912,0.9208338,1.0061429,0.98878044,3,3,3,3,0,912.7802,1231.8577,1477.9369,1528.8536,-0.053600542,-0.06300212,-0.07151653,-0.08743926,111.34732,111.8186,106.48003,106.53469,10.54713
709,14979.454,1.00000,1.899,123.103,1,0.99964,1.0815535,0.91771704,1.0057162,0.9886254,3,3,3,3,0,913.14746,1229.9025,1480.3827,1526.7094,-0.049464602,-0.058758378,-0.06600407,-0.0817186,111.34639,111.81434,106.47994,106.53005,10.54713
710,14979.453,1.00000,1.823,123.099,1,0.99787,1.0813102,0.914438,1.0052695,0.9884792,3,3,3,3,0,914.8029,1228.9852,1485.6107,1527.1016,-0.045169383,-0.05445213,-0.060162563,-0.07574592,111.34738,111.81173,106.48292,106.5283,10.507169
711,14979.442,1.00000,1.935,123.135,1,1.03902,1.0988835,0.97915167,1.0061426,0.997455,3,3,3,3,0,910.75116,1292.9519,1443.3881,1578.377,-0.04293018,-0.03002478,-0.06522893,-0.05877588,111.3439,111.8692,106.45755,106.55931,10.507169
712,14979.519,1.00000,1.849,123.205,1,1.04172,1.1037936,0.9796492,1.0059026,0.99759865,3,3,3,3,0,919.93646,1309.5956,1444.742,1591.9897,-0.036797993,-0.019416176,-0.061395418,-0.050124757,111.351006,111.90445,106.44941,106.57845,10.507169
713,14979.586,1.00000,1.764,123.303,1,1.04427,1.1086175,0.9799291,1.0056039,0.99770975,3,3,3,3,0,933.97974,1314.9733,1458.5022,1595.6041,-0.028910866,-0.015095807,-0.053969037,-0.045247898,111.36619,111.92238,106.454605,106.587746,10.471989
714,14979.670,1.00000,1.678,123.424,1,1.04742,1.1146107,0.98023546,1.0053064,0.99782056,3,3,3,3,0,948.8961,1316.2244,1477.0095,1596.4172,-0.021041783,-0.01323326,-0.045547653,-0.041725967,111.38514,111.930435,106.4676,106.59181,10.471989
715,14979.773,1.00000,1.591,123.565,1,1.05141,1.1222612,0.9805629,1.0050106,0.9979298,3,3,3,3,0,962.2454,1316.2389,1496.4314,1597.8824,-0.014244181,-0.0121771535,-0.037365593,-0.03840665,111.40413,111.93367,106.48416,106.59429,10.471989
716,14979.894,1.00000,1.503,123.722,1,1.05659,1.1322764,0.98090655,1.0047157,0.9980368,3,3,3,3,0,972.81085,1316.4165,1514.5809,1601.7338,-0.008981977,-0.011196463,-0.030038984,-0.034756314,111.42071,111.93518,106.50138,106.597595,10.441083
717,14980.032,1.00000,1.415,123.892,1,1.06358,1.1458898,0.9812757,1.0044218,0.9981426,3,3,3,3,0,980.2463,1317.5313,1530.3539,1608.482,-0.0053160125,-0.00995107,-0.023824535,-0.03062693,111.433624,111.93683,106.51746,106.60294,10.441083
718,14980.185,1.00000,1.326,124.073,1,1.00687,1.032063,0.98168296,1.004129,0.99824864,3,3,3,3,0,984.81586,1319.614,1543.6381,1617.8792,-0.003048369,-0.008418272,-0.018697262,-0.026096508,111.44263,111.93937,106.53165,106.61067,10.441083
719,14980.350,1.00000,1.237,124.262,1,1.00110,0.8338787,0.9821401,1.0038373,0.99835604,3,3,3,3,0,987.16113,1322.4829,1554.5741,1629.1285,-0.0018394653,-0.006688275,-0.014545228,-0.021386217,111.4482,111.94292,106.54372,106.62043,10.441083
720,14980.524,1.00000,1.147,124.457,1,1.00101,0.63561493,0.9826578,1.0035465,0.9984655,3,3,3,3,0,988.0043,1325.7898,1563.7534,1641.2959,-0.0013305098,-0.004909833,-0.011154886,-0.016748589,111.45112,111.947235,106.55392,106.63152,10.441083
721,14980.705,1.00000,1.056,124.658,1,1.00092,0.4373772,0.98324525,1.0032562,0.9985773,3,3,3,3,0,988.08875,1329.1785,1571.7003,1653.5812,-0.0011819963,-0.0032278907,-0.008332244,-0.012391167,111.45237,111.95192,106.562675,106.64321,10.441083
722,14980.068,1.00000,0.967,124.857,1,1.00083,0.23920913,0.98389494,1.0029675,0.99868983,3,3,3,3,0,987.83295,1332.4921,1578.8679,1665.5281,-0.0011866755,-0.0017095039,-0.0059161335,-0.008424097,111.45267,111.95667,106.57041,106.65493,10.393883
723,14980.237,1.00000,0.877,125.059,1,1.00074,0.04107989,0.98433274,1.0026821,0.9988053,3,3,3,3,0,987.72394,1335.4167,1585.8046,1676.6168,-0.0011514319,-0.0004525857,-0.0037399249,-0.004951839,111.452736,111.96111,106.577614,106.66615,10.393883
724,14980.415,1.00000,0.787,125.262,1,1.00066,-0.15718192,0.98485214,1.0023983,0.9989225,3,3,3,3,0,988.1213,1337.7312,1592.5659,1686.1815,-0.00094087294,0.00054437295,-0.0017583952,-0.0021024398,111.453156,111.964905,106.5845,106.67627,10.393883
725,14980.594,1.00000,0.697,125.467,1,1.00058,-0.35571045,0.9855011,1.0021172,0.9990436,3,3,3,3,0,989.1095,1339.2219,1599.3306,1694.082,-0.0005251502,0.0012753898,0.00008318895,0.00011982991,111.45423,111.96773,106.591286,106.68496,10.393883
726,14980.774,1.00000,0.607,125.672,1,1.00050,-0.5547625,0.9862626,1.0018356,0.9991651,3,3,3,3,0,990.92084,1339.8323,1605.6477,1699.3434,0.00016635466,0.0015627897,0.002024428,0.001840178,111.45629,111.96935,106.59783,106.691574,10.393883
727,14980.954,1.00000,0.517,125.876,1,1.00042,-0.7543917,0.9871744,1.0015565,0.99928725,3,3,3,3,0,992.4137,1340.121,1610.3174,1702.8271,0.0008728616,0.0016010356,0.0035142545,0.0029853252,111.45845,111.97024,106.60319,106.69625,10.369715
728,14981.135,1.00000,0.427,126.080,1,1.00035,-0.9535998,0.9883628,1.0012864,0.99941444,3,3,3,3,0,993.5883,1340.2238,1613.7693,1705.0497,0.0014264368,0.0015123753,0.0044736527,0.0035931792,111.460335,111.97069,106.60732,106.69938,10.369715
729,14982.120,1.00000,0.339,126.287,1,1.00028,-0.9677773,0.98966885,1.0010221,0.9995351,3,3,3,3,0,996.93146,1338.5322,1618.2258,1703.1013,0.0026985838,0.00073878985,0.005515205,0.002939989,111.46414,111.9693,106.61166,106.699295,10.369715
730,14982.312,1.00000,0.252,126.492,1,1.00021,-0.97876495,0.99127495,1.0007576,0.99965364,3,3,3,3,0,1000.2498,1336.6768,1622.1895,1700.3495,0.0040189037,-0.00017676233,0.0063550323,0.001870719,111.46858,111.967125,106.61573,106.69758,10.369715
731,14982.493,1.00000,0.165,126.695,1,1.00013,-0.98744977,0.99339217,1.0004961,0.999773,3,3,3,3,0,1003.00104,1334.8619,1625.2731,1697.7201,0.005010459,-0.000857411,0.006842884,0.00084123574,111.47272,111.96477,106.61915,106.69535,10.350037
732,14982.668,1.00000,0.079,126.896,1,1.00007,-0.99440384,0.9962539,1.0002394,0.9998918,3,3,3,3,0,1005.38196,1333.0566,1627.6992,1695.162,0.005683625,-0.001410293,0.007034711,-0.00007195522,111.47641,111.962296,106.62193,106.69297,10.350037
733,14982.836,1.00000,0.013,127.036,1,1.00000,-1.0002387,0.91610765,0.99998546,1.0000074,3,3,3,3,0,1007.5475,1331.2847,1629.6676,1692.4307,0.006129485,-0.0018845731,0.0070202923,-0.0007773252,111.47977,111.959785,106.6242,106.690445,10.350037
734,14982.941,1.00000,0.091,127.130,1,0.99993,-1.0053514,0.71758574,0.9997359,1.0001204,3,3,3,3,0,1009.602,1329.4585,1631.3572,1689.4476,0.0064312136,-0.00232333,0.006884018,-0.00142611,111.48291,111.957214,106.62611,106.687675,10.336598
735,14982.997,1.00000,0.172,127.190,1,0.99986,-1.0100664,0.5175118,0.9994918,1.0002309,3,3,3,3,0,1011.6699,1327.5901,1632.9086,1686.2405,0.0066694603,-0.0027334096,0.0066918475,-0.0020741804,111.485985,111.95457,106.62781,106.68466,10.336598
736,14983.014,1.00000,0.252,127.225,1,0.99980,-1.014669,0.3158192,0.999254,1.0003388,3,3,3,3,0,1013.8639,1325.5764,1634.4547,1682.7478,0.0069123725,-0.0031511872,0.006497496,-0.002742153,111.48917,111.95177,106.62942,106.68137,10.336598
737,14982.998,1.00000,0.329,127.240,1,0.99973,-1.0194119,0.11247876,0.9990229,1.0004437,3,3,3,3,0,1016.275,1323.3956,1636.1085,1678.8688,0.007210462,-0.0035883314,0.006342254,-0.0034536012,111.492584,111.948746,106.63107,106.677734,10.324968
738,14982.953,1.00000,0.404,127.240,1,0.99967,-1.0245278,-0.09250545,0.99879915,1.0005453,3,3,3,3,0,1018.9577,1320.9995,1637.965,1674.5863,0.0075913956,-0.004059763,0.0062565072,-0.0042119124,111.49633,111.94546,106.63286,106.67372,10.324968
739,14982.880,1.00000,0.477,127.229,1,0.99961,-1.0302398,-0.2990813,0.99858373,1.0006434,3,3,3,3,0,1021.94006,1318.3431,1640.0964,1669.8876,0.008064742,-0.0045783888,0.0062597045,-0.0050167027,111.50048,111.94182,106.63487,106.669304,10.324968
740,14982.782,1.00000,0.545,127.208,1,0.99956,-1.0377764,-0.50721484,0.99838006,1.0007365,3,3,3,3,0,1025.5308,1315.2935,1642.7617,1664.3834,0.008738884,-0.0051834197,0.006416963,-0.0059509394,111.50534,111.937706,106.6373,106.66424,10.324968
741,14983.476,1.00000,0.609,127.193,1,0.99951,-1.0470802,-0.71679276,0.99819124,1.0008233,3,3,3,3,0,1029.781,1311.73,1645.9905,1657.9669,0.009640986,-0.0059100343,0.00673632,-0.0070382124,111.51106,111.93294,106.640236,106.65836,10.313536
742,14986.028,0.00000,0.669,127.159,1,0.99946,-1.0592068,-0.9271518,0.9980129,1.0009035,3,3,3,3,0,1034.4962,1307.7577,1649.7296,1650.8582,0.010683339,-0.00671882,0.007190895,-0.008220643,111.51752,111.92756,106.64366,106.651764,10.313536
743,14988.560,0.00000,0.724,127.108,1,1.02191,-1.0757359,-0.9680773,0.9978496,1.0009787,3,3,3,3,0,1039.8215,1303.4125,1654.072,1643.1066,0.011884479,-0.0075849337,0.0077878246,-0.009472994,111.524796,111.921616,106.64765,106.64449,10.313536
744,14991.057,0.00000,0.773,127.041,1,0.99937,-0.9156114,-0.97088826,0.9977022,1.0010468,3,3,3,3,0,1045.821,1298.6061,1659.1614,1634.6426,0.013257707,-0.008526641,0.008554496,-0.010802202,111.533005,111.91503,106.65232,106.63652,10.304646
745,14993.527,0.00000,0.817,126.958,1,0.99934,-0.7174366,-0.97298795,0.9975731,1.0011064,3,3,3,3,0,1052.6102,1293.2609,1665.1105,1625.2476,0.0148330415,-0.009563512,0.009512012,-0.012251436,111.54228,111.90772,106.65777,106.62771,10.304646
746,14995.979,0.00000,0.853,126.860,1,0.99931,-0.51475954,-0.9745939,0.9974652,1.0011566,3,3,3,3,0,1060.3265,1287.295,1672.0369,1614.8784,0.016649805,-0.010714888,0.010679512,-0.01382585,111.552795,111.89958,106.66412,106.61798,10.304646
747,14998.425,0.00000,0.881,126.749,1,0.99929,-0.30898964,-0.9758217,0.9973812,1.0011963,3,3,3,3,0,1069.0414,1280.673,1680.0154,1603.3949,0.018721346,-0.011983759,0.01206263,-0.015547363,111.56469,111.890526,106.67146,106.607216,10.304646
748,15000.000,0.00000,0.901,126.624,1,0.99927,-0.10133603,-0.97674406,0.99732256,1.0012239,3,3,3,3,0,1078.7709,1273.3798,1689.1438,1590.8046,0.021032577,-0.013363702,0.013669813,-0.017405301,111.57801,111.880516,106.679886,106.595375,10.296835
749,15000.000,0.00000,0.912,126.398,1,0.99927,0.10694241,-0.97737473,0.99729,1.0012411,3,3,3,3,0,1089.3671,1265.4703,1699.197,1577.2179,0.023501702,-0.01482563,0.015423585,-0.019363008,111.59266,111.86959,106.689285,106.58252,10.296835
750,15000.000,0.00000,0.913,126.144,1,0.99926,0.31398705,-0.97776186,0.997284,1.0012455,3,3,3,3,0,1100.6375,1257.1403,1709.9703,1562.961,0.026021337,-0.016295854,0.01724055,-0.021335518,111.60841,111.85794,106.69949,106.56886,10.296835
751,15000.000,0.00000,0.906,125.868,1,0.99927,0.51707673,-0.9779292,0.9973037,1.0012376,3,3,3,3,0,1112.2009,1248.622,1721.162,1548.4537,0.028417882,-0.017689276,0.019017823,-0.023217967,111.62484,111.84584,106.71026,106.55474,10.290619
752,15000.000,0.00000,0.890,125.575,1,0.99928,0.7120071,-0.97789776,0.99734735,1.0012183,3,3,3,3,0,1123.6344,1240.201,1732.2704,1534.335,0.03050235,-0.018910471,0.020604415,-0.02486205,111.641396,111.83366,106.72118,106.54069,10.290619
753,15000.000,0.00000,0.866,125.268,1,0.99930,0.89246047,-0.97768337,0.9974123,1.0011885,3,3,3,3,0,1134.5188,1232.2208,1742.9415,1521.1748,0.032101367,-0.019853558,0.021892065,-0.026141023,111.65752,111.82183,106.7319,106.52723,10.290619
754,15000.000,0.00000,0.837,124.952,1,0.99932,0.92198265,-0.9772889,0.99749595,1.00115,3,3,3,3,0,1144.4614,1225.0017,1752.7086,1509.532,0.033072278,-0.020428203,0.022761289,-0.026942644,111.672615,111.810814,106.74199,106.51492,10.290619
755,15000.000,0.00000,0.802,124.594,1,0.99935,0.93261504,-0.9767101,0.99759436,1.0011041,3,3,3,3,0,1153.1906,1218.6934,1761.3568,1499.8303,0.033339094,-0.020608377,0.023167757,-0.027194861,111.68626,111.80092,106.751144,106.504234,10.285306
756,14992.908,0.00000,0.762,124.191,1,0.99938,0.9402054,-0.97588986,0.9977067,1.001054,3,3,3,3,0,1160.5896,1213.4617,1768.7527,1492.2491,0.03290751,-0.02037507,0.023108862,-0.02689025,111.69815,111.79241,106.7592,106.495445,10.285306
757,14973.827,0.00000,0.719,123.742,1,0.99941,0.9456953,-0.9748281,0.99782807,1.0009981,3,3,3,3,0,1166.6301,1209.3401,1774.7396,1486.7806,0.031836316,-0.01975359,0.022584794,-0.026071092,111.70818,111.785416,106.76597,106.48867,10.285306
758,14954.551,0.00000,0.674,123.286,1,0.99945,0.9497282,-0.97344536,0.99795717,1.000937,3,3,3,3,0,1171.4219,1206.226,1779.5492,1483.3177,0.03024337,-0.01881598,0.021699226,-0.024804574,111.7164,111.77989,106.771545,106.48388,10.28094
759,14935.058,0.00000,0.625,122.825,1,0.99948,0.9527678,-0.97156596,0.9980939,1.0008724,3,3,3,3,0,1175.0825,1204.0563,1783.1981,1481.52,0.028252997,-0.017622054,0.02051146,-0.023207746,111.72293,111.77578,106.775955,106.480865,10.28094
760,14915.329,0.00000,0.576,122.363,1,0.99952,0.95512795,-0.9173368,0.9982376,1.0008051,3,3,3,3,0,1177.821,1202.5941,1785.8896,1481.0796,0.02601315,-0.016278734,0.019115312,-0.021387536,111.728,111.772835,106.77935,106.47936,10.28094
761,14895.345,0.00000,0.524,121.898,1,0.99956,0.9570131,-0.73676336,0.9983867,1.000736,3,3,3,3,0,1179.8083,1201.7147,1787.8158,1481.6495,0.023648968,-0.014854885,0.017600374,-0.019450484,111.73185,111.77087,106.78189,106.47905,10.28094
762,14875.090,0.00000,0.472,121.434,1,0.99960,0.95861953,-0.55410224,0.99854153,1.0006646,3,3,3,3,0,1181.186,1201.3707,1789.0295,1482.9468,0.021256823,-0.013382969,0.016010296,-0.017481005,111.73469,111.769745,106.78367,106.47965,10.2771845
763,14853.663,0.00000,0.420,120.966,1,0.99964,0.9598398,-0.3706504,0.99869347,1.0005924,3,3,3,3,0,1181.9015,1201.5209,1789.585,1485.069,0.018844338,-0.0118849175,0.014375106,-0.015469775,111.73654,111.76941,106.78475,106.48112,10.2771845
764,14831.943,0.00000,0.369,120.500,1,0.99968,0.91712517,-0.18743247,0.998847,1.0005217,3,3,3,3,0,1181.9568,1202.1278,1789.495,1487.8927,0.016416447,-0.010377759,0.0127085345,-0.013446503,111.73743,111.76978,106.78517,106.483345,10.2771845
765,14809.919,0.00000,0.318,120.036,1,0.99973,0.7554151,-0.0056704953,0.9990027,1.0004499,3,3,3,3,0,1181.7384,1202.9392,1789.0804,1490.828,0.014119823,-0.008944148,0.011101313,-0.011547175,111.73769,111.77061,106.78514,106.48593,10.273985
766,14787.583,0.00000,0.266,119.576,1,0.99977,0.58913726,0.17327547,0.99915963,1.0003772,3,3,3,3,0,1181.3431,1203.813,1788.3959,1493.7205,0.012014611,-0.0076341415,0.009581352,-0.009813109,111.737564,111.771675,106.78477,106.48864,10.273985
767,14764.927,0.00000,0.215,119.120,1,0.99981,0.42067626,0.3476201,0.99932003,1.0003064,3,3,3,3,0,1180.7761,1204.7307,1787.5161,1496.4435,0.010099155,-0.0064495034,0.008166011,-0.0082653705,111.73712,111.77288,106.78414,106.4913,10.273985
768,14741.944,0.00000,0.164,118.668,1,0.99985,0.25159708,0.5145405,0.9994771,1.0002327,3,3,3,3,0,1180.0663,1205.72,1786.3793,1498.9845,0.008365228,-0.0053703743,0.006832539,-0.006895703,111.73643,111.77421,106.78326,106.49384,10.271212
769,14718.630,0.00000,0.114,118.220,1,0.99990,0.08369283,0.6703787,0.9996369,1.0001622,3,3,3,3,0,1179.1312,1206.7485,1785.0111,1501.4425,0.0067623486,-0.0043941527,0.0055749123,-0.005668212,111.73541,111.77563,106.78213,106.496284,10.271212
770,14694.978,0.00000,0.065,117.777,1,0.99994,-0.081527494,0.8095393,0.9997939,1.0000913,3,3,3,3,0,1177.9579,1207.866,1783.363,1503.8457,0.0052600405,-0.0034955773,0.00437168,-0.0045621824,111.734055,111.77716,106.780716,106.49867,10.271212
771,14670.984,0.00000,0.016,117.339,1,0.99998,-0.24204886,0.9248721,0.99994814,1.0000209,3,3,3,3,0,1176.5107,1209.1508,1781.4097,1506.2987,0.0038273567,-0.0026393905,0.0032061418,-0.0035430994,111.73231,111.7789,106.779015,106.50107,10.271212
772,14646.644,0.00000,0.031,116.906,1,1.00003,-0.39518565,0.9983592,1.000102,0.9999536,3,3,3,3,0,1174.7628,1210.5852,1779.1641,1508.9338,0.0024397012,-0.001821988,0.0020745338,-0.0025712303,111.73013,111.78085,106.777016,106.503586,10.26884
773,14621.956,0.00000,0.077,116.478,1,1.00007,-0.5375992,0.9962273,1.000251,0.99988693,3,3,3,3,0,1172.7363,1212.2067,1776.6951,1511.7997,0.0010946018,-0.0010277057,0.000991059,-0.0016276835,111.72755,111.783066,106.774765,106.50629,10.26884
774,14596.916,0.00000,0.121,116.056,1,1.00011,-0.6646471,0.9940694,1.0003974,0.9998203,3,3,3,3,0,1171.3694,1213.4337,1774.9666,1513.9039,0.00013666946,-0.00043483498,0.00021031841,-0.00092928094,111.725426,111.785,106.772896,106.50859,10.26884
775,14571.524,0.00000,0.163,115.639,1,1.00015,-0.77087975,0.9917618,1.0005383,0.99975735,3,3,3,3,0,1170.7772,1214.1262,1774.1604,1515.0236,-0.0002956072,-0.0000947775,-0.00017035994,-0.00053233036,111.72418,111.78637,106.771736,106.51014,10.266652
776,14545.779,0.00000,0.203,115.228,1,1.00019,-0.850226,0.9515315,1.000673,0.99969745,3,3,3,3,0,1170.5262,1214.5327,1773.7856,1515.5656,-0.000418045,0.00009874335,-0.00029403227,-0.00032940123,111.72355,111.78728,106.771095,106.51106,10.266652
777,14519.685,0.00000,0.240,114.822,1,1.00022,-0.8971737,0.85352325,1.0008028,0.9996426,3,3,3,3,0,1170.2684,1214.837,1773.5161,1515.9833,-0.00048430235,0.00024402069,-0.0003504497,-0.00019178254,111.7231,111.78793,106.77068,106.51168,10.266652
778,14493.244,0.00000,0.275,114.422,1,1.00025,-0.9088247,0.7350373,1.0009203,0.99958843,3,3,3,3,0,1169.9585,1215.1556,1773.1937,1516.3995,-0.0005522523,0.00037136325,-0.00040601482,-0.00007196822,111.722664,111.7885,106.77033,106.512184,10.264782
779,14466.465,0.00000,0.306,114.026,1,1.00028,-0.88554764,0.602705,1.0010277,0.99953866,3,3,3,3,0,1169.5583,1215.4985,1772.8943,1516.9042,-0.0006423429,0.0004909793,-0.0004517399,0.00006455689,111.72216,111.78904,106.77001,106.51269,10.264782
780,14439.355,0.00000,0.334,113.637,1,1.00031,-0.83119655,0.46156764,1.0011234,0.9994906,3,3,3,3,0,1167.5182,1216.8245,1771.0402,1519.1664,-0.0012430457,0.0009629246,-0.0008390326,0.0006826816,111.72014,111.790504,106.76873,106.51431,10.264782
781,14411.928,0.00000,0.357,113.252,1,1.00033,-0.75164694,0.31549048,1.001208,0.9994429,3,3,3,3,0,1161.4962,1220.5903,1765.6438,1526.1636,-0.003119438,0.0023830347,-0.00202573,0.0026067917,111.71393,111.794556,106.764915,106.519325,10.264782
782,14384.196,0.00000,0.376,112.873,1,1.00034,-0.6534692,0.16748974,1.0012803,0.9993949,3,3,3,3,0,1149.9839,1227.7231,1755.5104,1539.9124,-0.0067505213,0.005146694,-0.004268931,0.0064299824,111.70121,111.80264,106.75723,106.529785,10.263016
783,14356.173,0.00000,0.390,112.500,1,1.00034,-0.5429588,0.020390658,1.0013347,0.9993548,3,3,3,3,0,1137.0563,1235.4459,1744.1776,1555.0223,-0.010777896,0.008177691,-0.0067254435,0.010682838,111.68486,111.812675,106.747406,106.54301,10.263016
784,14327.877,0.00000,0.398,112.131,1,1.00033,-0.42484567,-0.124152005,1.0013762,0.9992813,3,3,3,3,0,1124.9789,1242.6848,1733.5753,1569.0065,-0.014258132,0.010775109,-0.00884785,0.01435963,111.6679,111.822945,106.73721,106.55652,10.263016
785,14299.331,0.00000,0.405,111.768,1,1.00036,-0.3031442,-0.25832894,1.0014013,0.99931484,3,3,3,3,0,1113.5331,1249.3042,1723.9891,1582.3196,-0.017168403,0.012756489,-0.010534438,0.017419389,111.65123,111.832756,106.72747,106.569756,10.2615
786,14270.553,0.00000,0.405,111.410,1,1.00036,-0.18082194,-0.3827642,1.0014116,0.9993132,3,3,3,3,0,1104.1699,1254.8939,1716.3494,1593.3225,-0.019098528,0.01398582,-0.011599985,0.019472338,111.63651,111.84147,106.71908,106.58147,10.2615
787,14241.552,0.00000,0.400,111.058,1,1.00036,-0.06065297,-0.49174672,1.0014006,0.99931705,3,3,3,3,0,1096.7054,1259.5546,1710.5363,1602.2903,-0.02012922,0.014544988,-0.012098426,0.020596905,111.62421,111.84896,106.712296,106.591385,10.2615
788,14212.348,0.00000,0.392,110.710,1,1.00035,0.055152632,-0.5804635,1.0013738,0.9993295,3,3,3,3,0,1090.9253,1263.4049,1706.3145,1609.5009,-0.020415084,0.014570025,-0.012133659,0.020963756,111.6143,111.85528,106.70709,106.59957,10.2615
789,14182.957,0.00000,0.379,110.367,1,1.00034,0.16417554,-0.64452404,1.0013298,0.9993479,3,3,3,3,0,1086.5773,1266.6431,1703.3693,1615.2389,-0.020120103,0.014226085,-0.011824858,0.02075008,111.606575,111.86064,106.703255,106.60622,10.2601185
790,14153.392,0.00000,0.362,110.030,1,1.00033,0.26412386,-0.6804049,1.0012765,0.99937725,3,3,3,3,0,1083.3666,1269.3013,1701.3931,1619.6924,-0.01940905,0.0136070615,-0.011282059,0.020093262,111.60069,111.86512,106.70054,106.61151,10.2601185
791,14123.662,0.00000,0.342,109.697,1,1.00031,0.35208282,-0.686898,1.0012062,0.999409,3,3,3,3,0,1080.973,1271.5192,1700.0454,1623.1387,-0.018440977,0.012818556,-0.010613074,0.019134037,111.596245,111.86889,106.69863,106.615685,10.2601185
792,14093.776,0.00000,0.319,109.368,1,1.00029,0.42560983,-0.6646553,1.0011287,0.9994501,3,3,3,3,0,1079.2616,1273.3774,1699.1481,1625.7631,-0.017302807,0.011935716,-0.009880878,0.017976997,111.59295,111.87207,106.6973,106.61894,10.258993
793,14063.741,0.00000,0.293,109.044,1,1.00027,0.48199293,-0.61678755,1.0010388,0.99949414,3,3,3,3,0,1078.0212,1274.9336,1698.5344,1627.6837,-0.0160875,0.011009591,-0.009135714,0.016692195,111.59053,111.874756,106.69639,106.621414,10.258993
794,14033.563,0.00000,0.264,108.725,1,1.00024,0.5192903,-0.54751486,1.0009395,0.9995418,3,3,3,3,0,1077.1758,1276.2344,1698.0895,1629.0704,-0.014838786,0.010075265,-0.008410801,0.015350082,111.588806,111.87703,106.69573,106.62326,10.258993
795,14003.246,0.00000,0.233,108.410,1,1.00021,0.5364235,-0.46158698,1.0008326,0.9995929,3,3,3,3,0,1076.6085,1277.2769,1697.786,1629.9904,-0.013602414,0.00914177,-0.0077151144,0.013987819,111.58759,111.878914,106.69526,106.62459,10.258049
796,13972.796,0.00000,0.201,108.099,1,1.00018,0.5334345,-0.3636833,1.0007195,0.9996467,3,3,3,3,0,1076.3451,1278.1133,1697.6074,1630.4756,-0.012375937,0.008230682,-0.0070515764,0.012623191,111.58686,111.88046,106.69495,106.62545,10.258049
797,13942.214,0.00000,0.167,107.792,1,1.00015,0.5115648,-0.25807804,1.0006038,0.9997045,3,3,3,3,0,1076.363,1278.7552,1697.5754,1630.5912,-0.011165146,0.007349583,-0.0064134463,0.011277091,111.58656,111.8817,106.69478,106.6259,10.258049
798,13911.506,0.00000,0.133,107.489,1,1.00012,0.47281232,-0.14881517,1.000483,0.99976176,3,3,3,3,0,1076.6586,1279.1705,1697.7594,1630.3705,-0.00997062,0.0064854347,-0.0057826876,0.009961075,111.58669,111.882614,106.69481,106.625984,10.258049
799,13880.673,0.00000,0.099,107.189,1,1.00009,0.41988742,-0.039515,1.0003585,0.9998182,3,3,3,3,0,1077.1885,1279.3428,1698.162,1629.8151,-0.008804531,0.00562719,-0.0051559242,0.008675388,111.5872,111.88319,106.695045,106.625725,10.257243
800,13849.719,0.00000,0.065,106.893,1,1.00005,0.3558162,0.06640763,1.0002338,0.9998741,3,3,3,3,0,1078.0608,1279.339,1698.7838,1628.9441,-0.00763242,0.0047962144,-0.0045321686,0.0074226446,111.58815,111.88346,106.6955,106.62513,10.257243
801,13818.648,0.00000,0.031,106.600,1,1.00002,0.283662,0.1657173,1.0001134,0.9999329,3,3,3,3,0,1079.1677,1279.0907,1699.7206,1627.7933,-0.006483498,0.003969861,-0.003889567,0.00621018,111.58949,111.8834,106.696236,106.624245,10.257243
802,13787.464,0.00000,0.002,106.310,1,0.99999,0.2061666,0.254978,0.99999475,0.99998933,3,3,3,3,0,1080.5845,1278.6511,1700.9203,1626.3508,-0.0053364486,0.0031617393,-0.0032382468,0.0050331377,111.59127,111.88304,106.69723,106.623055,10.256618
803,13756.171,0.00000,0.034,106.023,1,0.99996,0.12607047,0.33110616,0.9998815,1.0000457,3,3,3,3,0,1082.3037,1278.0485,1702.4543,1624.6572,-0.004190178,0.0023838996,-0.0025637995,0.0038984872,111.59348,111.882416,106.69854,106.6216,10.256618
804,13724.776,0.00000,0.063,105.739,1,0.99993,0.045729034,0.3910897,0.9997691,1.0000956,3,3,3,3,0,1084.2828,1277.2256,1704.2739,1622.7172,-0.0030575756,0.001615454,-0.0018768235,0.0028055296,111.5961,111.88149,106.70014,106.61988,10.256618
805,13693.282,0.00000,0.091,105.458,1,0.99991,-0.03221022,0.43286684,0.99966717,1.0001451,3,3,3,3,0,1086.7238,1276.1033,1706.5792,1620.3066,-0.0018759168,0.0008206045,-0.0011344843,0.0016913856,111.5993,111.88017,106.702156,106.61777,10.256618
806,13661.699,0.00000,0.117,105.179,1,0.99988,-0.1055645,0.45500055,0.9995738,1.0001901,3,3,3,3,0,1088.8884,1275.1637,1708.6432,1618.2861,-0.0008720099,0.00017284125,-0.00049782865,0.0007733202,111.60245,111.87888,106.70418,106.61576,10.256145
807,13630.032,0.00000,0.140,104.903,1,0.99986,-0.17218098,0.4572339,0.9994882,1.0002289,3,3,3,3,0,1090.1895,1274.6301,1709.7312,1617.0543,-0.00024862846,-0.0001906355,-0.00014104687,0.00018594884,111.60481,111.87798,106.7056,106.61429,10.256145
808,13598.291,0.00000,0.160,104.628,1,0.99984,-0.22992137,0.44052625,0.9994128,1.000263,3,3,3,3,0,1090.7968,1274.3247,1710.1123,1616.4308,0.0000523097,-0.00033160223,-0.0000030765727,-0.000107470514,111.60627,111.877426,106.70637,106.61337,10.256145
809,13566.486,0.00000,0.178,104.356,1,0.99982,-0.27698112,0.40678057,0.9993482,1.0002928,3,3,3,3,0,1091.0977,1274.1058,1710.2098,1615.9637,0.00021831972,-0.00039554486,0.00004097867,-0.0002423555,111.60714,111.87705,106.70673,106.61276,10.255757
810,13534.625,0.00000,0.192,104.086,1,0.99981,-0.31198344,0.35855508,0.9992939,1.0003175,3,3,3,3,0,1091.3741,1273.8846,1710.2556,1615.4813,0.00033848168,-0.00044237016,0.00005731849,-0.00034855414,111.60775,111.87673,106.70691,106.612236,10.255757
811,13502.720,0.00000,0.204,103.817,1,0.99980,-0.33396217,0.29887342,0.9992527,1.0003388,3,3,3,3,0,1091.601,1273.6238,1710.2917,1615.0204,0.0004172832,-0.00049430906,0.00006317924,-0.00043914694,111.608215,111.876396,106.707,106.61175,10.255757
812,13470.780,0.00000,0.212,103.551,1,0.99978,-0.34277755,0.23068841,0.9992183,1.0003512,3,3,3,3,0,1091.7948,1273.3677,1710.2478,1614.5018,0.00046574115,-0.0005406111,0.00004442467,-0.00053451996,111.60859,111.87607,106.707016,106.61125,10.255757
813,13438.818,0.00000,0.217,103.286,1,0.99978,-0.33844507,0.15731971,0.9992003,1.0003629,3,3,3,3,0,1091.9401,1273.1477,1710.1959,1614.0682,0.0004836015,-0.00057066383,0.000019224477,-0.000604941,111.60889,111.87576,106.706985,106.610794,10.25543
814,13406.845,0.00000,0.219,103.023,1,0.99978,-0.32207382,0.081568904,0.999189,1.0003681,3,3,3,3,0,1092.949,1272.3353,1710.9717,1612.5762,0.00081340334,-0.00078206195,0.00021380185,-0.00090381317,111.60996,111.87493,106.70747,106.609695,10.25543
815,13374.866,0.00000,0.218,102.761,1,0.99978,-0.29480484,0.00615863,0.99919,1.0003617,3,3,3,3,0,1094.4038,1271.1359,1712.1492,1610.3252,0.0013553081,-0.0011226727,0.0005431182,-0.0013767012,111.611725,111.87356,106.7084,106.607895,10.25543
816,13342.888,0.00000,0.215,102.501,1,0.99977,-0.2584866,-0.06602249,0.9991945,1.0003499,3,3,3,3,0,1097.505,1268.7289,1714.6552,1605.6031,0.0025105814,-0.0018306532,0.0012228668,-0.0023861127,111.61525,111.87089,106.71031,106.60431,10.255168
817,13310.919,0.00000,0.210,102.242,1,0.99977,-0.21440539,-0.13254608,0.999219,1.0003281,3,3,3,3,0,1103.4545,1264.1936,1719.5122,1596.4432,0.0047677835,-0.003196682,0.002537271,-0.0043735025,111.622055,111.8658,106.714066,106.597305,10.255168
818,13278.970,0.00000,0.202,101.984,1,0.99980,-0.16443661,-0.18980087,0.9992628,1.0003392,3,3,3,3,0,1111.7289,1257.6892,1726.1884,1583.1962,0.007947532,-0.0051526586,0.004345991,-0.0072404263,111.63216,111.85803,106.71962,106.58653,10.255168
819,13247.053,0.00000,0.193,101.728,1,0.99982,-0.111000866,-0.23728144,0.99930686,1.0003295,3,3,3,3,0,1119.2169,1251.4445,1732.1283,1570.2844,0.0107561415,-0.0069333035,0.005894258,-0.009925407,111.642685,111.84954,106.725334,106.574585,10.25494
820,13215.170,0.00000,0.182,101.473,1,0.99983,-0.056183446,-0.27319613,0.9993477,1.0003108,3,3,3,3,0,1125.1577,1246.1232,1736.6401,1559.1973,0.012620885,-0.008233584,0.0068614585,-0.011986882,111.65195,111.84158,106.73022,106.563286,10.25494
821,13183.326,0.00000,0.169,101.219,1,0.99984,-0.0017187574,-0.29637477,0.99939394,1.000292,3,3,3,3,0,1129.406,1241.9613,1739.6359,1550.5328,0.013434825,-0.008979974,0.007208764,-0.0132867675,111.65922,111.834854,106.73387,106.55368,10.25494
822,13151.521,0.00000,0.156,100.966,1,0.99986,0.050373632,-0.3066065,0.99944127,1.0002689,3,3,3,3,0,1132.1465,1239.0588,1741.1583,1544.3684,0.013341204,-0.0091829505,0.0069958516,-0.013848394,111.66441,111.8297,106.73617,106.54623,10.25494
823,13119.754,0.00000,0.142,100.715,1,0.99987,0.09838952,-0.3040501,0.999492,1.0002456,3,3,3,3,0,1133.6774,1237.2142,1741.5488,1540.421,0.012575271,-0.0089581935,0.006377342,-0.013792136,111.66778,111.826065,106.73728,106.54092,10.254739
824,13088.025,0.00000,0.127,100.464,1,0.99988,0.14070736,-0.28956506,0.9995443,1.0002209,3,3,3,3,0,1134.2798,1236.2253,1741.1257,1538.3287,0.011366371,-0.008425944,0.0055082645,-0.013258138,111.66964,111.823784,106.73746,106.53756,10.254739
825,13056.334,0.00000,0.112,100.214,1,0.99990,0.17603363,-0.26439887,0.9995995,1.0001965,3,3,3,3,0,1134.2323,1235.8479,1740.1711,1537.6163,0.009919598,-0.007708713,0.0045203087,-0.012403314,111.67037,111.82255,106.73696,106.53579,10.254739
826,13024.680,0.00000,0.096,99.965,1,0.99991,0.20328815,-0.23022917,0.9996555,1.0001715,3,3,3,3,0,1133.8588,1235.9441,1738.903,1537.8235,0.008430631,-0.0068844697,0.003511334,-0.011371515,111.670395,111.82215,106.73603,106.53519,10.254511
827,12993.062,0.00000,0.081,99.717,1,0.99993,0.22174507,-0.18897183,0.9997104,1.000145,3,3,3,3,0,1133.2112,1236.3252,1737.4882,1538.6686,0.006972968,-0.0060328874,0.0025493992,-0.0102546895,111.66991,111.82232,106.73483,106.53542,10.254511
828,12961.481,0.00000,0.066,99.469,1,0.99994,0.23106515,-0.14265849,0.99976224,1.000116,3,3,3,3,0,1132.4808,1236.8484,1736.0514,1539.8827,0.005633964,-0.005212234,0.0016787375,-0.009129038,111.66915,111.82284,106.733536,106.53622,10.254511
829,12929.935,0.00000,0.051,99.223,1,0.99995,0.2315174,-0.09320291,0.9998173,1.0000896,3,3,3,3,0,1131.6621,1237.446,1734.666,1541.2969,0.00442236,-0.0044489233,0.0009207745,-0.008041145,111.668205,111.82357,106.732216,106.537346,10.254284
830,12898.424,0.00000,0.037,98.977,1,0.99997,0.22342427,-0.042660195,0.9998705,1.0000648,3,3,3,3,0,1130.8738,1238.1432,1733.2886,1542.7615,0.0033724261,-0.0037331847,0.00025900867,-0.0070264786,111.66721,111.82447,106.730896,106.53864,10.254284
831,12866.950,0.00000,0.023,98.731,1,0.99998,0.2075998,0.0069690337,0.999923,1.0000398,3,3,3,3,0,1130.0243,1238.8129,1731.9551,1544.3169,0.0024435332,-0.0030984571,-0.00027080395,-0.0060744216,111.666145,111.82542,106.72961,106.54006,10.254284
832,12835.511,0.00000,0.011,98.487,1,0.99999,0.18497932,0.05389945,0.9999711,1.0000161,3,3,3,3,0,1129.1692,1239.5829,1730.5027,1545.8666,0.0016343037,-0.0025018293,-0.00068080495,-0.00520025,111.66503,111.82648,106.72826,106.541534,10.254284
833,12804.109,0.00000,0.008,98.243,1,1.00001,0.1569814,0.096548714,1.000022,0.9999971,3,3,3,3,0,1128.1294,1240.4266,1728.9136,1547.6287,0.0008664763,-0.0019413907,-0.0010692738,-0.00435088,111.66372,111.82765,106.72678,106.54316,10.254053
834,12772.745,0.00000,0.017,97.999,1,1.00002,0.12473756,0.13334629,1.0000682,0.9999787,3,3,3,3,0,1126.9712,1241.3734,1727.2417,1549.5768,0.00014086085,-0.00140428,-0.0014414728,-0.0035240497,111.66223,111.82896,106.7252,106.54496,10.254053
835,12741.417,0.00000,0.028,97.756,1,1.00004,0.08972905,0.16302797,1.0001122,0.9999589,3,3,3,3,0,1126.2234,1242.1464,1726.2377,1551.2931,-0.00030205675,-0.0009735025,-0.0016319358,-0.0028110011,111.66107,111.83016,106.72399,106.546684,10.254053
836,12710.127,0.00000,0.037,97.514,1,1.00005,0.0532546,0.18475923,1.0001509,0.99993956,3,3,3,3,0,1125.8724,1242.656,1726.0505,1552.689,-0.00046597043,-0.0006789567,-0.0016014628,-0.0022332536,111.66038,111.83109,106.72343,106.54819,10.253832
